<?xml version="1.0" encoding="UTF-8"?>
<con:soapui-workspace name="OrdersMain" cid="af29ef29-1d20-4289-be0b-6f557e067bed" soapui-version="6.0.0" xmlns:con="http://eviware.com/soapui/config">
  <con:settings/>
  <con:project name="TokenProjectPingFederate" lastOpened="2018-10-25T10:32:14.759-04:00">C:/SoapUi_Projects/OrdersMain/TokenProjectPingFederateXX1.xml</con:project>
  <con:project name="AnaData" lastOpened="2018-10-25T08:44:45.175-04:00">C:/SoapUi_Projects/OrdersMain/GetAnaUserData.xml</con:project>
  <con:project name="Others" lastOpened="2018-10-24T14:04:22.152-04:00">C:/SoapUi_Projects/OrdersMain/Others.xml</con:project>
  <con:project name="API_Me" lastOpened="2018-10-17T16:56:59.224-04:00">C:/SoapUi_Projects/OrdersMain/API_Me.xml</con:project>
  <con:project name="API_OrdersIdShipments" lastOpened="2018-10-16T10:41:06.191-04:00">C:/SoapUi_Projects/OrdersMain/API_OrdersIdShipments.xml</con:project>
  <con:project name="TestsFiltering" lastOpened="2018-10-16T08:33:46.641-04:00">C:/SoapUi_Projects/OrdersMain/TestsFiltering.xml</con:project>
  <con:project name="API_OrdersProperties" lastOpened="2018-10-20T09:45:05.803-04:00">C:/SoapUi_Projects/OrdersMain/API_OrdersProperties.xml</con:project>
  <con:project name="TestsSorting" lastOpened="2018-10-20T12:29:22.130-04:00">C:/SoapUi_Projects/OrdersMain/TestsSorting.xml</con:project>
  <con:project name="TestsOrders" lastOpened="2018-10-25T09:11:46.503-04:00">C:/SoapUi_Projects/OrdersMain/TestsOrders.xml</con:project>
  <con:project name="API_Manufacturers" lastOpened="2018-10-25T08:46:19.899-04:00">C:/SoapUi_Projects/OrdersMain/API_Manufacturers.xml</con:project>
  <con:project name="API_CatalogAccessoriesId" lastOpened="2018-10-18T08:54:29.559-04:00">C:/SoapUi_Projects/OrdersMain/API_CatalogAccessoriesId.xml</con:project>
  <con:project name="API_OrdersPropertiesOnOff_SFE15041" lastOpened="2018-10-16T10:36:33.058-04:00">C:/SoapUi_Projects/OrdersMain/API_OrdersPropertiesOnOff_SFE15041.xml</con:project>
  <con:project name="ApproveOrRejectOrder" lastOpened="2018-10-24T16:29:34.747-04:00">C:/SoapUi_Projects/OrdersMain/ApproveOrRejectOrder.xml</con:project>
  <con:project name="AnaData" lastOpened="2018-10-25T08:44:45.175-04:00">C:/SoapUi_Projects/OrdersMain/GetAnaUserData.xml</con:project>
  <con:project name="API_RegionsId" lastOpened="2018-09-20T08:14:51.035-04:00">C:/SoapUi_Projects/OrdersMain/API_RegionsId.xml</con:project>
  <con:project name="API_VendorsId" lastOpened="2018-09-27T07:29:56.383-04:00">C:/SoapUi_Projects/OrdersMain/API_VendorsId.xml</con:project>
  <con:project name="SFD113088" lastOpened="2018-09-17T13:29:54.925-04:00">C:/SoapUi_Projects/OrdersMain/SFD113088.xml</con:project>
  <con:project name="SFD114912" lastOpened="2018-10-11T13:13:51.396-04:00">C:/SoapUi_Projects/OrdersMain/SFD114912.xml</con:project>
  <con:project name="API_OrdersPostTransferServiceIn" lastOpened="2018-10-17T08:52:59.952-04:00">C:/SoapUi_Projects/OrdersMain/API_OrdersPostTransferServiceInAcknowledgements.xml</con:project>
  <con:recentItemCollection>
    <con:moduleId>SoapUiNGModule</con:moduleId>
    <con:itemId>708b2397-3f53-4b09-b374-f53d8a434e10</con:itemId>
    <con:itemId>6a180bd9-bccd-4bcc-b79f-f4dcde8dbcb8</con:itemId>
    <con:itemId>547c79aa-1ecc-43d5-b8fe-a0ee3b52ee45</con:itemId>
  </con:recentItemCollection>
  <con:recentItemCollection>
    <con:moduleId>ProjectsModule</con:moduleId>
    <con:itemId>65187192-fbb2-4992-b2ad-dd7f3414107f</con:itemId>
    <con:itemId>62f7f8b2-9301-40b3-b951-f41a990dc1c7</con:itemId>
    <con:itemId>f8a0aad7-3860-4060-b854-45908b55b290</con:itemId>
    <con:itemId>e54d3157-1d84-4e03-8aff-76b71b5f32b4</con:itemId>
    <con:itemId>c2427316-2530-456d-ae5f-b03a6cbcc6da</con:itemId>
  </con:recentItemCollection>
  <con:navigatorNodeCollection>
    <con:rootNodeLabel>SoapUI</con:rootNodeLabel>
    <con:expandNodeState>
      <con:id>de76148f-fd55-428c-b8ea-acf1de5f8659</con:id>
      <con:expandState>true</con:expandState>
    </con:expandNodeState>
    <con:expandNodeState>
      <con:id>7c968d42-d0b8-4ec3-bae6-e9dbfad22073</con:id>
      <con:expandState>true</con:expandState>
    </con:expandNodeState>
    <con:expandNodeState>
      <con:id>afd4f01b-1c66-4168-b75e-0ae2cd5aa4f2</con:id>
      <con:expandState>true</con:expandState>
    </con:expandNodeState>
    <con:expandNodeState>
      <con:id>1aa41219-9ad6-4f05-bbab-b1aa6c531725</con:id>
      <con:expandState>true</con:expandState>
    </con:expandNodeState>
    <con:expandNodeState>
      <con:id>708b2397-3f53-4b09-b374-f53d8a434e10</con:id>
      <con:expandState>true</con:expandState>
    </con:expandNodeState>
    <con:expandNodeState>
      <con:id>bda3d6f7-3924-4e94-a07e-6988376d2b0e</con:id>
      <con:expandState>false</con:expandState>
    </con:expandNodeState>
    <con:expandNodeState>
      <con:id>b55994ce-082b-4a93-b9e4-54b242c2c91c</con:id>
      <con:expandState>false</con:expandState>
    </con:expandNodeState>
    <con:expandNodeState>
      <con:id>c98b8f4a-f064-4ac6-b4f4-0f07c97e9dd8</con:id>
      <con:expandState>false</con:expandState>
    </con:expandNodeState>
    <con:expandNodeState>
      <con:id>76b639ae-15f6-4419-850e-b9861a6c5dd5</con:id>
      <con:expandState>false</con:expandState>
    </con:expandNodeState>
    <con:expandNodeState>
      <con:id>1e0d78c7-6656-41cf-90fa-31123c2f630b</con:id>
      <con:expandState>true</con:expandState>
    </con:expandNodeState>
    <con:expandNodeState>
      <con:id>b601c51e-3dd4-4bc1-b7f3-96af8a5a105f</con:id>
      <con:expandState>true</con:expandState>
    </con:expandNodeState>
    <con:expandNodeState>
      <con:id>7f8386a0-7bbe-45c1-85e5-e517869bdde9</con:id>
      <con:expandState>false</con:expandState>
    </con:expandNodeState>
    <con:expandNodeState>
      <con:id>d568f35a-cdb2-4e8f-bf57-e8d68e68f318</con:id>
      <con:expandState>false</con:expandState>
    </con:expandNodeState>
    <con:expandNodeState>
      <con:id>38d91ee5-336d-4841-abe2-bf16f7764ff8</con:id>
      <con:expandState>true</con:expandState>
    </con:expandNodeState>
    <con:expandNodeState>
      <con:id>e684acdd-8cb0-4d04-99f6-c5e4a6f3c448</con:id>
      <con:expandState>false</con:expandState>
    </con:expandNodeState>
    <con:expandNodeState>
      <con:id>00cf2e16-894f-4894-a4bc-01187eaea52a</con:id>
      <con:expandState>false</con:expandState>
    </con:expandNodeState>
    <con:expandNodeState>
      <con:id>6b0bbbc0-3cd1-44dc-ad77-64aad3da84ef</con:id>
      <con:expandState>false</con:expandState>
    </con:expandNodeState>
    <con:expandNodeState>
      <con:id>18b6b6ef-460f-40e2-b668-1a3f4cc1f35c</con:id>
      <con:expandState>false</con:expandState>
    </con:expandNodeState>
    <con:expandNodeState>
      <con:id>ab31ef80-ceee-4757-8929-fb6d0aaf5ce8</con:id>
      <con:expandState>true</con:expandState>
    </con:expandNodeState>
    <con:expandNodeState>
      <con:id>0705ee19-8e37-4f2e-a032-90ff33b01634</con:id>
      <con:expandState>false</con:expandState>
    </con:expandNodeState>
    <con:expandNodeState>
      <con:id>7de985bb-533b-4540-ae7d-85b1edf3bcfc</con:id>
      <con:expandState>false</con:expandState>
    </con:expandNodeState>
    <con:expandNodeState>
      <con:id>89dac00d-db77-4fe7-b7e1-9ac35c290cfb</con:id>
      <con:expandState>false</con:expandState>
    </con:expandNodeState>
    <con:expandNodeState>
      <con:id>6ea02324-e461-47bd-81a7-cc62225933c3</con:id>
      <con:expandState>false</con:expandState>
    </con:expandNodeState>
    <con:expandNodeState>
      <con:id>459678ab-2c85-4646-9a5d-d1dbec488c64</con:id>
      <con:expandState>false</con:expandState>
    </con:expandNodeState>
    <con:expandNodeState>
      <con:id>8b413da1-c508-432e-89e4-a823b6ac62b0</con:id>
      <con:expandState>false</con:expandState>
    </con:expandNodeState>
    <con:expandNodeState>
      <con:id>a76f5526-9b3e-42c6-ab8d-b5e3e5406399</con:id>
      <con:expandState>true</con:expandState>
    </con:expandNodeState>
    <con:expandNodeState>
      <con:id>f56b565a-2647-4b30-939e-e01b2f05c551</con:id>
      <con:expandState>true</con:expandState>
    </con:expandNodeState>
    <con:expandNodeState>
      <con:id>ca1a3c08-23a9-4c8f-a434-3a3bdf881c27</con:id>
      <con:expandState>false</con:expandState>
    </con:expandNodeState>
    <con:expandNodeState>
      <con:id>13cc59a8-ae40-4a2d-852c-c5570844e617</con:id>
      <con:expandState>false</con:expandState>
    </con:expandNodeState>
    <con:expandNodeState>
      <con:id>4c650dc9-fa26-4693-99bb-baa6b79a930a</con:id>
      <con:expandState>false</con:expandState>
    </con:expandNodeState>
    <con:expandNodeState>
      <con:id>e80e7134-abcb-4abd-9c04-dda0607c4a2a</con:id>
      <con:expandState>false</con:expandState>
    </con:expandNodeState>
    <con:expandNodeState>
      <con:id>31ea92ac-6ece-4d10-b02c-00c70c549319</con:id>
      <con:expandState>false</con:expandState>
    </con:expandNodeState>
    <con:expandNodeState>
      <con:id>dd88f6e0-ee5d-4a1c-974c-cf49a23d278b</con:id>
      <con:expandState>false</con:expandState>
    </con:expandNodeState>
    <con:expandNodeState>
      <con:id>2af5911d-6001-4f68-9dce-959739a9815e</con:id>
      <con:expandState>false</con:expandState>
    </con:expandNodeState>
    <con:expandNodeState>
      <con:id>06af46d8-fedb-4ed0-8869-8675c5ea59e9</con:id>
      <con:expandState>false</con:expandState>
    </con:expandNodeState>
    <con:expandNodeState>
      <con:id>2ec3b497-23d0-4b59-b7be-c02c3fba0ff7</con:id>
      <con:expandState>false</con:expandState>
    </con:expandNodeState>
    <con:expandNodeState>
      <con:id>f222f42a-9261-45d9-a983-f720ea244ba8</con:id>
      <con:expandState>true</con:expandState>
    </con:expandNodeState>
    <con:expandNodeState>
      <con:id>b4014b4a-ab9a-4819-ad02-6530cd2a0240</con:id>
      <con:expandState>false</con:expandState>
    </con:expandNodeState>
    <con:expandNodeState>
      <con:id>b6da1778-4cdd-4fc1-986c-fe617c2e3fd3</con:id>
      <con:expandState>false</con:expandState>
    </con:expandNodeState>
    <con:expandNodeState>
      <con:id>ec1b6368-bb94-4396-9361-6cedcbd6b7aa</con:id>
      <con:expandState>false</con:expandState>
    </con:expandNodeState>
    <con:expandNodeState>
      <con:id>42471a71-4d59-4cce-9633-f52fff6bce6d</con:id>
      <con:expandState>false</con:expandState>
    </con:expandNodeState>
    <con:expandNodeState>
      <con:id>a3d5c853-cc5f-4c1b-8003-f5477fd78439</con:id>
      <con:expandState>false</con:expandState>
    </con:expandNodeState>
    <con:expandNodeState>
      <con:id>214747a9-af13-48ea-8d73-635c2fc77a02</con:id>
      <con:expandState>false</con:expandState>
    </con:expandNodeState>
    <con:expandNodeState>
      <con:id>7266acda-787f-409a-813e-00f982e34bd8</con:id>
      <con:expandState>false</con:expandState>
    </con:expandNodeState>
    <con:expandNodeState>
      <con:id>d32587ce-58df-4441-9065-69271e0d7f64</con:id>
      <con:expandState>false</con:expandState>
    </con:expandNodeState>
    <con:expandNodeState>
      <con:id>4a96c314-817f-492d-a9f0-22f8de06eca5</con:id>
      <con:expandState>false</con:expandState>
    </con:expandNodeState>
    <con:expandNodeState>
      <con:id>45569724-0fb1-4d68-835a-58059ed5865a</con:id>
      <con:expandState>true</con:expandState>
    </con:expandNodeState>
    <con:expandNodeState>
      <con:id>8e519ad6-dbf5-455d-8dda-4fb0eff41cf8</con:id>
      <con:expandState>false</con:expandState>
    </con:expandNodeState>
    <con:expandNodeState>
      <con:id>92db5aa9-0fb7-4e91-ad32-c8e8f012db10</con:id>
      <con:expandState>false</con:expandState>
    </con:expandNodeState>
    <con:expandNodeState>
      <con:id>24583d16-3cd6-452f-b44d-b4aa6213cd0e</con:id>
      <con:expandState>true</con:expandState>
    </con:expandNodeState>
    <con:expandNodeState>
      <con:id>9ef68f0b-321d-404c-ae59-0f179491d37d</con:id>
      <con:expandState>false</con:expandState>
    </con:expandNodeState>
    <con:expandNodeState>
      <con:id>3d01b9de-c740-42f0-9c00-d0c6ac4b5919</con:id>
      <con:expandState>false</con:expandState>
    </con:expandNodeState>
    <con:expandNodeState>
      <con:id>37f0d03f-db2a-4f2b-98b7-0ffd72c9323b</con:id>
      <con:expandState>false</con:expandState>
    </con:expandNodeState>
    <con:expandNodeState>
      <con:id>d2d40f63-35f9-466f-bbd7-229e0b9f5996</con:id>
      <con:expandState>false</con:expandState>
    </con:expandNodeState>
    <con:expandNodeState>
      <con:id>bf4439e5-ec8e-46a8-8f3e-529db6866974</con:id>
      <con:expandState>false</con:expandState>
    </con:expandNodeState>
    <con:expandNodeState>
      <con:id>952aeb7e-60ee-4032-955d-fc6a4008bbac</con:id>
      <con:expandState>true</con:expandState>
    </con:expandNodeState>
    <con:expandNodeState>
      <con:id>c9ca1039-2b62-4e96-b643-fabe71a0f6a8</con:id>
      <con:expandState>false</con:expandState>
    </con:expandNodeState>
    <con:expandNodeState>
      <con:id>89fc3347-9aaf-487d-a149-e02dd4f16d4c</con:id>
      <con:expandState>false</con:expandState>
    </con:expandNodeState>
    <con:expandNodeState>
      <con:id>3592e555-ce9a-4fdf-9101-f8ff1a6b27a0</con:id>
      <con:expandState>false</con:expandState>
    </con:expandNodeState>
    <con:expandNodeState>
      <con:id>7059b3c1-901d-4e6b-8d81-801d4b440ef2</con:id>
      <con:expandState>false</con:expandState>
    </con:expandNodeState>
    <con:expandNodeState>
      <con:id>57417139-47c1-4ef4-9fb2-8a352c72a595</con:id>
      <con:expandState>false</con:expandState>
    </con:expandNodeState>
    <con:expandNodeState>
      <con:id>ee348bc3-297d-477f-986a-90568f1af050</con:id>
      <con:expandState>false</con:expandState>
    </con:expandNodeState>
    <con:expandNodeState>
      <con:id>c966dd9c-9565-4966-b36b-20e88eea48b9</con:id>
      <con:expandState>false</con:expandState>
    </con:expandNodeState>
    <con:expandNodeState>
      <con:id>9e841751-2ae2-40b6-b6cc-88c2c70a242d</con:id>
      <con:expandState>false</con:expandState>
    </con:expandNodeState>
    <con:expandNodeState>
      <con:id>a768bf15-744f-4bec-90d3-5f654f72d1ac</con:id>
      <con:expandState>false</con:expandState>
    </con:expandNodeState>
    <con:expandNodeState>
      <con:id>38b72ccd-f423-47c2-970b-22f89e779045</con:id>
      <con:expandState>false</con:expandState>
    </con:expandNodeState>
    <con:expandNodeState>
      <con:id>d8940ede-5deb-48fb-bd23-87d635268ba3</con:id>
      <con:expandState>false</con:expandState>
    </con:expandNodeState>
    <con:expandNodeState>
      <con:id>5aa25c67-f01d-4cfb-b38f-5834376cbef6</con:id>
      <con:expandState>false</con:expandState>
    </con:expandNodeState>
    <con:expandNodeState>
      <con:id>3e9f859d-b61f-4560-a60f-99f54584f159</con:id>
      <con:expandState>false</con:expandState>
    </con:expandNodeState>
    <con:expandNodeState>
      <con:id>c07e264e-c794-4d40-8977-52f9572453bd</con:id>
      <con:expandState>false</con:expandState>
    </con:expandNodeState>
    <con:expandNodeState>
      <con:id>01a02be7-74c4-4ea5-938b-c4157c6517a0</con:id>
      <con:expandState>false</con:expandState>
    </con:expandNodeState>
    <con:expandNodeState>
      <con:id>d6522ee8-98ae-4fc0-86b4-ef4d0ed2534d</con:id>
      <con:expandState>false</con:expandState>
    </con:expandNodeState>
    <con:expandNodeState>
      <con:id>c7ac5f6d-1fa7-467b-b942-c020b708e583</con:id>
      <con:expandState>false</con:expandState>
    </con:expandNodeState>
    <con:expandNodeState>
      <con:id>f4dc9798-72b9-41db-aaa7-fcc4118e8ef6</con:id>
      <con:expandState>false</con:expandState>
    </con:expandNodeState>
    <con:expandNodeState>
      <con:id>d8a0ecd9-cb78-4c5b-8430-2502f8b90d23</con:id>
      <con:expandState>false</con:expandState>
    </con:expandNodeState>
    <con:expandNodeState>
      <con:id>ff93b826-e97b-4a4d-9647-dfbf67fa7eae</con:id>
      <con:expandState>false</con:expandState>
    </con:expandNodeState>
    <con:expandNodeState>
      <con:id>b8072da7-b10c-4208-a7c2-262eccf97d44</con:id>
      <con:expandState>false</con:expandState>
    </con:expandNodeState>
    <con:expandNodeState>
      <con:id>e767d765-0b49-45d3-88a2-fb7906447d48</con:id>
      <con:expandState>false</con:expandState>
    </con:expandNodeState>
    <con:expandNodeState>
      <con:id>c6ed8a67-f6c8-4218-be63-31cd61122f03</con:id>
      <con:expandState>false</con:expandState>
    </con:expandNodeState>
    <con:expandNodeState>
      <con:id>7dce2aef-8fcb-479d-a1c6-b0781be7f970</con:id>
      <con:expandState>false</con:expandState>
    </con:expandNodeState>
    <con:expandNodeState>
      <con:id>ba194902-262b-4338-81ed-8007bc97cb76</con:id>
      <con:expandState>false</con:expandState>
    </con:expandNodeState>
    <con:expandNodeState>
      <con:id>d4886645-ea7e-4c08-bce7-81a159fbf17f</con:id>
      <con:expandState>false</con:expandState>
    </con:expandNodeState>
    <con:expandNodeState>
      <con:id>593f1eba-fc76-4c72-b6d4-ef74d17299ea</con:id>
      <con:expandState>false</con:expandState>
    </con:expandNodeState>
    <con:expandNodeState>
      <con:id>903b0d84-9467-492e-89af-d7560a0ac247</con:id>
      <con:expandState>false</con:expandState>
    </con:expandNodeState>
    <con:expandNodeState>
      <con:id>0f1f324d-a861-49a3-a1f2-7cd100fdce02</con:id>
      <con:expandState>false</con:expandState>
    </con:expandNodeState>
    <con:expandNodeState>
      <con:id>3250e277-586a-46bd-9871-dc45cab720d2</con:id>
      <con:expandState>false</con:expandState>
    </con:expandNodeState>
    <con:expandNodeState>
      <con:id>9a770776-09b4-441f-998f-0e12903c963a</con:id>
      <con:expandState>false</con:expandState>
    </con:expandNodeState>
    <con:expandNodeState>
      <con:id>c00e5e9e-1ef0-455f-beb5-293c381e40c0</con:id>
      <con:expandState>false</con:expandState>
    </con:expandNodeState>
    <con:expandNodeState>
      <con:id>0c878b13-139c-4b07-8117-edba1f63dc45</con:id>
      <con:expandState>false</con:expandState>
    </con:expandNodeState>
    <con:expandNodeState>
      <con:id>d68a4462-6c3d-4a30-b4fd-5c120ba1fc04</con:id>
      <con:expandState>false</con:expandState>
    </con:expandNodeState>
    <con:expandNodeState>
      <con:id>c088f4a5-2fa2-42b2-b4d5-85949fbc915f</con:id>
      <con:expandState>false</con:expandState>
    </con:expandNodeState>
    <con:expandNodeState>
      <con:id>3dc08918-8151-4251-93e7-8ffce6235b8c</con:id>
      <con:expandState>false</con:expandState>
    </con:expandNodeState>
    <con:expandNodeState>
      <con:id>f3027ca1-2946-43d0-b884-472afdbd0beb</con:id>
      <con:expandState>false</con:expandState>
    </con:expandNodeState>
    <con:expandNodeState>
      <con:id>978c92db-7cb0-4a57-920f-b6e65a9eece2</con:id>
      <con:expandState>false</con:expandState>
    </con:expandNodeState>
    <con:expandNodeState>
      <con:id>636bd153-51fb-401e-aaca-468e47f20fdd</con:id>
      <con:expandState>false</con:expandState>
    </con:expandNodeState>
    <con:expandNodeState>
      <con:id>345d04ed-e6cf-4aa4-ad65-0c12cc9e9e89</con:id>
      <con:expandState>false</con:expandState>
    </con:expandNodeState>
    <con:expandNodeState>
      <con:id>8bd97220-dc3b-40a0-a0d4-647a029f2fbc</con:id>
      <con:expandState>false</con:expandState>
    </con:expandNodeState>
    <con:expandNodeState>
      <con:id>9a846a55-0bf9-4196-b83d-8598b1e4c20a</con:id>
      <con:expandState>false</con:expandState>
    </con:expandNodeState>
    <con:expandNodeState>
      <con:id>0a194138-0b30-4a24-ad61-eb1aa2746a6b</con:id>
      <con:expandState>true</con:expandState>
    </con:expandNodeState>
    <con:expandNodeState>
      <con:id>a27f8cd3-d292-4375-9788-e4db98f5d08c</con:id>
      <con:expandState>false</con:expandState>
    </con:expandNodeState>
    <con:expandNodeState>
      <con:id>21563232-9c5a-4ce5-9d4e-e615add26e1b</con:id>
      <con:expandState>true</con:expandState>
    </con:expandNodeState>
    <con:expandNodeState>
      <con:id>7cb1b1d0-6796-4371-ae7b-bfd436c8bac8</con:id>
      <con:expandState>false</con:expandState>
    </con:expandNodeState>
    <con:expandNodeState>
      <con:id>aef838d2-2251-4115-a508-f7a7e085304f</con:id>
      <con:expandState>false</con:expandState>
    </con:expandNodeState>
    <con:expandNodeState>
      <con:id>04a747fc-f43f-403d-a913-ec5d6ac39cba</con:id>
      <con:expandState>false</con:expandState>
    </con:expandNodeState>
    <con:expandNodeState>
      <con:id>d4223403-1755-4fca-8247-218d57d8813f</con:id>
      <con:expandState>false</con:expandState>
    </con:expandNodeState>
    <con:expandNodeState>
      <con:id>68d2b1a7-c3ad-4b21-890a-be812b0385d6</con:id>
      <con:expandState>false</con:expandState>
    </con:expandNodeState>
    <con:expandNodeState>
      <con:id>2780ceee-c588-448e-b00d-252092cbaf18</con:id>
      <con:expandState>false</con:expandState>
    </con:expandNodeState>
    <con:expandNodeState>
      <con:id>73307b88-d239-4604-8e9a-ef9e04ada809</con:id>
      <con:expandState>true</con:expandState>
    </con:expandNodeState>
    <con:expandNodeState>
      <con:id>21e9e6af-5a0a-40ee-bdb1-da620c221933</con:id>
      <con:expandState>false</con:expandState>
    </con:expandNodeState>
    <con:expandNodeState>
      <con:id>82e653b1-541d-4752-a6a7-ff58871d537a</con:id>
      <con:expandState>false</con:expandState>
    </con:expandNodeState>
    <con:expandNodeState>
      <con:id>4c394ebb-a04c-43f7-9538-ad2787cc3c5c</con:id>
      <con:expandState>false</con:expandState>
    </con:expandNodeState>
    <con:expandNodeState>
      <con:id>ab51828a-fde9-4755-a1cc-b725c0642086</con:id>
      <con:expandState>true</con:expandState>
    </con:expandNodeState>
    <con:expandNodeState>
      <con:id>3e44b956-bb81-4e49-9f49-4d666cfbdb3e</con:id>
      <con:expandState>true</con:expandState>
    </con:expandNodeState>
    <con:expandNodeState>
      <con:id>7c19c94d-1df9-48ac-b488-576e0b3a202f</con:id>
      <con:expandState>true</con:expandState>
    </con:expandNodeState>
    <con:expandNodeState>
      <con:id>d6eb69f6-1a9a-4ae8-b490-03b5636160fd</con:id>
      <con:expandState>false</con:expandState>
    </con:expandNodeState>
    <con:expandNodeState>
      <con:id>fb598311-ab07-4e9d-9b5c-e711fc9cdc62</con:id>
      <con:expandState>true</con:expandState>
    </con:expandNodeState>
    <con:expandNodeState>
      <con:id>c7e66328-536b-47fb-86f8-488cc2736d57</con:id>
      <con:expandState>true</con:expandState>
    </con:expandNodeState>
    <con:expandNodeState>
      <con:id>91197469-684e-47a3-9a7f-5b8d475bb687</con:id>
      <con:expandState>false</con:expandState>
    </con:expandNodeState>
    <con:expandNodeState>
      <con:id>6d2fd92e-af65-432a-994a-837746066afc</con:id>
      <con:expandState>true</con:expandState>
    </con:expandNodeState>
    <con:expandNodeState>
      <con:id>1c1524a6-6d34-45d4-9da8-63169dd1c4a8</con:id>
      <con:expandState>true</con:expandState>
    </con:expandNodeState>
    <con:expandNodeState>
      <con:id>8fecbef5-2a6e-4464-b3f8-74eb17e1d093</con:id>
      <con:expandState>true</con:expandState>
    </con:expandNodeState>
    <con:expandNodeState>
      <con:id>0974bb3c-cff8-4539-adef-f91adf2df255</con:id>
      <con:expandState>true</con:expandState>
    </con:expandNodeState>
    <con:expandNodeState>
      <con:id>ae9c6a82-f6cc-4600-9401-9d4aefbe48b3</con:id>
      <con:expandState>true</con:expandState>
    </con:expandNodeState>
    <con:expandNodeState>
      <con:id>06b9b2a2-71d5-4921-a35c-7de5e20e7eaf</con:id>
      <con:expandState>true</con:expandState>
    </con:expandNodeState>
    <con:expandNodeState>
      <con:id>ad2a406b-aff2-4e5e-9554-090c2953870d</con:id>
      <con:expandState>true</con:expandState>
    </con:expandNodeState>
    <con:expandNodeState>
      <con:id>9e848050-9d45-4fdc-9cff-eb90236847b1</con:id>
      <con:expandState>true</con:expandState>
    </con:expandNodeState>
    <con:expandNodeState>
      <con:id>5f4c7250-785c-40e0-858e-42adbee41ae0</con:id>
      <con:expandState>false</con:expandState>
    </con:expandNodeState>
    <con:expandNodeState>
      <con:id>305a3c56-5c08-4e87-8b1f-b784342beb21</con:id>
      <con:expandState>true</con:expandState>
    </con:expandNodeState>
    <con:expandNodeState>
      <con:id>6010e888-54e0-48be-8352-ad774bf29265</con:id>
      <con:expandState>true</con:expandState>
    </con:expandNodeState>
    <con:expandNodeState>
      <con:id>de97eb1f-ef52-4b42-8a69-769e6da8bdaa</con:id>
      <con:expandState>false</con:expandState>
    </con:expandNodeState>
    <con:expandNodeState>
      <con:id>8ce2d35c-64d1-40ca-bdf2-d51d64e2f8a6</con:id>
      <con:expandState>true</con:expandState>
    </con:expandNodeState>
    <con:expandNodeState>
      <con:id>e127c2a5-d30b-4d47-9128-089e36023268</con:id>
      <con:expandState>false</con:expandState>
    </con:expandNodeState>
    <con:expandNodeState>
      <con:id>26c07e38-f883-45a7-ba7d-dafeeba83781</con:id>
      <con:expandState>true</con:expandState>
    </con:expandNodeState>
    <con:expandNodeState>
      <con:id>69b69fda-390e-44cd-a9c5-8b017b3bd18f</con:id>
      <con:expandState>true</con:expandState>
    </con:expandNodeState>
    <con:expandNodeState>
      <con:id>c377fe19-d692-46a3-9178-5f2a244b11fd</con:id>
      <con:expandState>false</con:expandState>
    </con:expandNodeState>
    <con:expandNodeState>
      <con:id>8ceaa36d-a3ed-481c-907d-c3312205873d</con:id>
      <con:expandState>true</con:expandState>
    </con:expandNodeState>
    <con:expandNodeState>
      <con:id>fa308f9f-03a5-4cf8-838c-9018d1307c84</con:id>
      <con:expandState>true</con:expandState>
    </con:expandNodeState>
    <con:expandNodeState>
      <con:id>e8a5e6c9-4ffa-4f1a-983f-b8f406e4f820</con:id>
      <con:expandState>false</con:expandState>
    </con:expandNodeState>
    <con:expandNodeState>
      <con:id>114bed4e-4321-45f4-af6f-80cbf8a5d09a</con:id>
      <con:expandState>true</con:expandState>
    </con:expandNodeState>
    <con:expandNodeState>
      <con:id>44ad216c-6f77-4cb8-8658-d53932e810db</con:id>
      <con:expandState>true</con:expandState>
    </con:expandNodeState>
    <con:expandNodeState>
      <con:id>896aead0-245c-41a7-a039-c7e9cd75ead2</con:id>
      <con:expandState>false</con:expandState>
    </con:expandNodeState>
    <con:expandNodeState>
      <con:id>8b80068b-af52-4272-af4a-0dffd1635af9</con:id>
      <con:expandState>false</con:expandState>
    </con:expandNodeState>
    <con:expandNodeState>
      <con:id>de6b0de9-e8a2-483e-9f32-ed960c3969bd</con:id>
      <con:expandState>true</con:expandState>
    </con:expandNodeState>
    <con:expandNodeState>
      <con:id>21e2598f-a47d-494c-aef8-08b44ac7626f</con:id>
      <con:expandState>true</con:expandState>
    </con:expandNodeState>
    <con:expandNodeState>
      <con:id>79ef85d5-e8fd-4820-a00d-c7001977b3ff</con:id>
      <con:expandState>true</con:expandState>
    </con:expandNodeState>
    <con:expandNodeState>
      <con:id>3952dde3-0dc2-47b5-86e8-f2cdc99e4ff0</con:id>
      <con:expandState>true</con:expandState>
    </con:expandNodeState>
    <con:expandNodeState>
      <con:id>d7aa4003-cb69-4a85-a453-c11dd023b01d</con:id>
      <con:expandState>false</con:expandState>
    </con:expandNodeState>
    <con:expandNodeState>
      <con:id>6d0625df-1f63-4e18-ae46-875ce5f28f48</con:id>
      <con:expandState>false</con:expandState>
    </con:expandNodeState>
    <con:expandNodeState>
      <con:id>69c43702-35ab-425e-8067-c0fc974e2458</con:id>
      <con:expandState>false</con:expandState>
    </con:expandNodeState>
    <con:expandNodeState>
      <con:id>795f8a14-b123-43a7-984b-356df344935a</con:id>
      <con:expandState>false</con:expandState>
    </con:expandNodeState>
    <con:expandNodeState>
      <con:id>81d57465-fa31-4a67-ae41-383e016fe976</con:id>
      <con:expandState>false</con:expandState>
    </con:expandNodeState>
    <con:expandNodeState>
      <con:id>d5741b54-75da-4fd7-ae3d-6aa14a8a3092</con:id>
      <con:expandState>false</con:expandState>
    </con:expandNodeState>
    <con:expandNodeState>
      <con:id>0e38651a-b034-49fc-83f5-8683112fd2bd</con:id>
      <con:expandState>false</con:expandState>
    </con:expandNodeState>
    <con:expandNodeState>
      <con:id>16d31d50-5b47-4abb-8981-3ec7f5800a4b</con:id>
      <con:expandState>false</con:expandState>
    </con:expandNodeState>
    <con:expandNodeState>
      <con:id>c8e9853f-797b-4243-8e17-20d827d78698</con:id>
      <con:expandState>false</con:expandState>
    </con:expandNodeState>
    <con:expandNodeState>
      <con:id>44122ded-2c69-4be4-9bc4-5412f6c5b0b5</con:id>
      <con:expandState>true</con:expandState>
    </con:expandNodeState>
    <con:expandNodeState>
      <con:id>83ea8fd5-873c-418f-aaf6-31c2fbf7b493</con:id>
      <con:expandState>true</con:expandState>
    </con:expandNodeState>
    <con:expandNodeState>
      <con:id>ed3ffee4-aaf9-4ae9-b698-986f2b5de963</con:id>
      <con:expandState>false</con:expandState>
    </con:expandNodeState>
    <con:expandNodeState>
      <con:id>b3e61d10-511e-4ebf-aee1-aa1a2bf1d19e</con:id>
      <con:expandState>false</con:expandState>
    </con:expandNodeState>
    <con:expandNodeState>
      <con:id>418ceae3-1b43-441e-979e-87e31a47ded7</con:id>
      <con:expandState>false</con:expandState>
    </con:expandNodeState>
    <con:expandNodeState>
      <con:id>62a6c33d-fb68-4cee-8b6f-6e3cc0d140f5</con:id>
      <con:expandState>false</con:expandState>
    </con:expandNodeState>
    <con:expandNodeState>
      <con:id>62f74193-2cb8-4639-a430-c3c918f2d46f</con:id>
      <con:expandState>false</con:expandState>
    </con:expandNodeState>
    <con:expandNodeState>
      <con:id>2f2d77bc-f8b3-4843-8c5a-695b66d515d8</con:id>
      <con:expandState>false</con:expandState>
    </con:expandNodeState>
    <con:expandNodeState>
      <con:id>76d1ef0b-8eb3-498a-9b6f-4b4eee8bbe96</con:id>
      <con:expandState>false</con:expandState>
    </con:expandNodeState>
    <con:expandNodeState>
      <con:id>87ed3067-2794-44b8-a2ee-f202a4aa7b4c</con:id>
      <con:expandState>false</con:expandState>
    </con:expandNodeState>
    <con:expandNodeState>
      <con:id>ad631f44-9df5-4d77-ae27-e32212b679e2</con:id>
      <con:expandState>false</con:expandState>
    </con:expandNodeState>
    <con:expandNodeState>
      <con:id>4467c7f0-6b61-4ccc-9995-64bb8426e318</con:id>
      <con:expandState>false</con:expandState>
    </con:expandNodeState>
    <con:expandNodeState>
      <con:id>6f02bb76-8fc7-41ca-a6f0-c278c068fc2a</con:id>
      <con:expandState>false</con:expandState>
    </con:expandNodeState>
    <con:expandNodeState>
      <con:id>169708e0-637e-43af-bfac-6b4dc1effc26</con:id>
      <con:expandState>false</con:expandState>
    </con:expandNodeState>
    <con:expandNodeState>
      <con:id>c97941cd-4d5f-4153-8539-ed30eea891a5</con:id>
      <con:expandState>false</con:expandState>
    </con:expandNodeState>
    <con:expandNodeState>
      <con:id>6257ded3-e310-4e84-a66f-a0d5f3f4ffc0</con:id>
      <con:expandState>false</con:expandState>
    </con:expandNodeState>
    <con:expandNodeState>
      <con:id>c989c040-a603-450a-9908-483394d11377</con:id>
      <con:expandState>false</con:expandState>
    </con:expandNodeState>
    <con:expandNodeState>
      <con:id>ebeb4078-e924-4139-a9db-33846666f3e2</con:id>
      <con:expandState>false</con:expandState>
    </con:expandNodeState>
    <con:expandNodeState>
      <con:id>87cc1646-679e-4990-aeb5-b27d3bd9c8e6</con:id>
      <con:expandState>false</con:expandState>
    </con:expandNodeState>
    <con:expandNodeState>
      <con:id>51f2de76-b4dd-4d41-aa18-6426838e37b3</con:id>
      <con:expandState>false</con:expandState>
    </con:expandNodeState>
    <con:expandNodeState>
      <con:id>ff5a33b2-2109-4509-af6e-97e6b3e37ee7</con:id>
      <con:expandState>false</con:expandState>
    </con:expandNodeState>
    <con:expandNodeState>
      <con:id>7948d8ae-9139-473a-b3c6-8dabe72ce235</con:id>
      <con:expandState>false</con:expandState>
    </con:expandNodeState>
    <con:expandNodeState>
      <con:id>155d5b24-f359-4c6b-9bfe-5f419b4c8f62</con:id>
      <con:expandState>false</con:expandState>
    </con:expandNodeState>
    <con:expandNodeState>
      <con:id>52ee2c5c-77e7-42ac-8176-69c41c9d38e9</con:id>
      <con:expandState>false</con:expandState>
    </con:expandNodeState>
    <con:expandNodeState>
      <con:id>a20d5fd2-6aaa-456a-aaab-d37ed26c2ddb</con:id>
      <con:expandState>false</con:expandState>
    </con:expandNodeState>
    <con:expandNodeState>
      <con:id>4a150639-e87b-4398-bf6a-d21d5b217a06</con:id>
      <con:expandState>false</con:expandState>
    </con:expandNodeState>
    <con:expandNodeState>
      <con:id>8eb0c173-68b7-44e0-a0f6-e819a55b36eb</con:id>
      <con:expandState>false</con:expandState>
    </con:expandNodeState>
    <con:expandNodeState>
      <con:id>aeca7f12-e010-4ab9-b803-3907dd867e1b</con:id>
      <con:expandState>false</con:expandState>
    </con:expandNodeState>
    <con:expandNodeState>
      <con:id>7e5ef24d-6178-45dd-b7d2-dbd270573ed3</con:id>
      <con:expandState>false</con:expandState>
    </con:expandNodeState>
    <con:expandNodeState>
      <con:id>3b4592db-b543-4c57-bb60-72c999fec086</con:id>
      <con:expandState>false</con:expandState>
    </con:expandNodeState>
    <con:expandNodeState>
      <con:id>20bb694a-a39f-4809-8a72-bc023f51bd75</con:id>
      <con:expandState>false</con:expandState>
    </con:expandNodeState>
    <con:expandNodeState>
      <con:id>cf99187e-07e7-42ab-ae2f-291c7c0d2fbc</con:id>
      <con:expandState>false</con:expandState>
    </con:expandNodeState>
    <con:expandNodeState>
      <con:id>78aecf81-8d4b-40b5-8e67-ed5a62b1be6e</con:id>
      <con:expandState>false</con:expandState>
    </con:expandNodeState>
    <con:expandNodeState>
      <con:id>ac121854-16ab-48f3-9c77-c4adcc734747</con:id>
      <con:expandState>false</con:expandState>
    </con:expandNodeState>
    <con:expandNodeState>
      <con:id>bc1f2524-0080-4982-91b3-a7e1ca6b2e0b</con:id>
      <con:expandState>false</con:expandState>
    </con:expandNodeState>
    <con:expandNodeState>
      <con:id>922faa29-8fdd-492b-83fb-38fe8cef3f3b</con:id>
      <con:expandState>false</con:expandState>
    </con:expandNodeState>
    <con:expandNodeState>
      <con:id>5a4ecb2c-df95-4753-b8a3-63fdb1922f58</con:id>
      <con:expandState>false</con:expandState>
    </con:expandNodeState>
    <con:expandNodeState>
      <con:id>e7ecb239-fef4-4a2d-a426-17a159a1bf6f</con:id>
      <con:expandState>false</con:expandState>
    </con:expandNodeState>
    <con:expandNodeState>
      <con:id>6879e622-c542-4065-96a7-d61969f5c1aa</con:id>
      <con:expandState>true</con:expandState>
    </con:expandNodeState>
    <con:expandNodeState>
      <con:id>b7f93394-7a51-4a65-941f-43df65ceb46b</con:id>
      <con:expandState>false</con:expandState>
    </con:expandNodeState>
    <con:expandNodeState>
      <con:id>1a815b5b-289a-40ed-9ec7-db2658dad127</con:id>
      <con:expandState>false</con:expandState>
    </con:expandNodeState>
    <con:expandNodeState>
      <con:id>6a28b1b3-7a45-492c-8179-c23e3f54ca77</con:id>
      <con:expandState>false</con:expandState>
    </con:expandNodeState>
    <con:expandNodeState>
      <con:id>33b2eb01-bf7c-4e61-994e-c31a908b3b11</con:id>
      <con:expandState>false</con:expandState>
    </con:expandNodeState>
    <con:expandNodeState>
      <con:id>5a67119a-c556-4015-8cd0-e431345ea66b</con:id>
      <con:expandState>false</con:expandState>
    </con:expandNodeState>
    <con:expandNodeState>
      <con:id>24e477c5-8157-4711-8ff1-6a8e253a207d</con:id>
      <con:expandState>false</con:expandState>
    </con:expandNodeState>
    <con:expandNodeState>
      <con:id>225899bd-2f43-49d3-b920-989ec3921e9c</con:id>
      <con:expandState>false</con:expandState>
    </con:expandNodeState>
    <con:expandNodeState>
      <con:id>d0cd507d-25e4-47ef-bf17-aa548c6203f2</con:id>
      <con:expandState>false</con:expandState>
    </con:expandNodeState>
    <con:expandNodeState>
      <con:id>e3fe85c7-a378-49f3-8754-7213dc8d6509</con:id>
      <con:expandState>false</con:expandState>
    </con:expandNodeState>
    <con:expandNodeState>
      <con:id>bc0d48f9-d0ef-4400-95e3-53e747a90e4e</con:id>
      <con:expandState>false</con:expandState>
    </con:expandNodeState>
    <con:expandNodeState>
      <con:id>46828d6d-9a9f-48ab-9b1d-2d6c9094f6ef</con:id>
      <con:expandState>false</con:expandState>
    </con:expandNodeState>
    <con:expandNodeState>
      <con:id>3a22d771-4a0d-4711-9e67-f59eb5320fd4</con:id>
      <con:expandState>false</con:expandState>
    </con:expandNodeState>
    <con:expandNodeState>
      <con:id>e625336d-6633-4f28-bcb1-3973749c7fcf</con:id>
      <con:expandState>false</con:expandState>
    </con:expandNodeState>
    <con:expandNodeState>
      <con:id>1ed2a272-d10b-4d15-b039-65132e00b267</con:id>
      <con:expandState>false</con:expandState>
    </con:expandNodeState>
    <con:expandNodeState>
      <con:id>7621a1fe-129d-4c7d-9f8a-77007325ef6e</con:id>
      <con:expandState>false</con:expandState>
    </con:expandNodeState>
    <con:expandNodeState>
      <con:id>9836c34a-184c-4ec3-abe6-9ed8557309ea</con:id>
      <con:expandState>true</con:expandState>
    </con:expandNodeState>
    <con:expandNodeState>
      <con:id>58099031-4041-438a-9243-333d8c9f26f0</con:id>
      <con:expandState>true</con:expandState>
    </con:expandNodeState>
    <con:expandNodeState>
      <con:id>a19bb83e-c9e2-4a19-bbf1-a856794d4e3d</con:id>
      <con:expandState>false</con:expandState>
    </con:expandNodeState>
    <con:expandNodeState>
      <con:id>1331af77-8641-494b-85dd-29d24fded12f</con:id>
      <con:expandState>false</con:expandState>
    </con:expandNodeState>
    <con:expandNodeState>
      <con:id>6f8062ba-4e7a-44ce-87d6-1b719e01a8d6</con:id>
      <con:expandState>false</con:expandState>
    </con:expandNodeState>
    <con:expandNodeState>
      <con:id>fd138302-53c6-4599-ab2f-0a3c95b87c54</con:id>
      <con:expandState>false</con:expandState>
    </con:expandNodeState>
    <con:expandNodeState>
      <con:id>a640af9d-4a12-4207-b8fe-5d78019674a0</con:id>
      <con:expandState>false</con:expandState>
    </con:expandNodeState>
    <con:expandNodeState>
      <con:id>8b22e93c-74f6-43da-b7b7-6d0a2f1e0735</con:id>
      <con:expandState>false</con:expandState>
    </con:expandNodeState>
    <con:expandNodeState>
      <con:id>7b48fac9-503f-45a2-b48c-1aa76cc09dce</con:id>
      <con:expandState>true</con:expandState>
    </con:expandNodeState>
    <con:expandNodeState>
      <con:id>b98136ca-b9d4-4817-9091-8c6cd72028c7</con:id>
      <con:expandState>false</con:expandState>
    </con:expandNodeState>
    <con:expandNodeState>
      <con:id>2ef36a54-5e54-4957-86a5-fab92afc65b4</con:id>
      <con:expandState>false</con:expandState>
    </con:expandNodeState>
    <con:expandNodeState>
      <con:id>fe4013cf-8d47-4325-b80b-1a21f82e3fe5</con:id>
      <con:expandState>false</con:expandState>
    </con:expandNodeState>
    <con:expandNodeState>
      <con:id>c8d79540-6075-4d1d-b585-eeed13a73694</con:id>
      <con:expandState>false</con:expandState>
    </con:expandNodeState>
    <con:expandNodeState>
      <con:id>faed6dd2-74cb-4480-b791-a3a578c66e2f</con:id>
      <con:expandState>false</con:expandState>
    </con:expandNodeState>
    <con:expandNodeState>
      <con:id>ece116ac-d385-49b1-a02f-a4ec893c77be</con:id>
      <con:expandState>false</con:expandState>
    </con:expandNodeState>
    <con:expandNodeState>
      <con:id>dbf04799-f39f-4725-8531-ccfd68b7019f</con:id>
      <con:expandState>false</con:expandState>
    </con:expandNodeState>
    <con:expandNodeState>
      <con:id>83eee305-14d2-4bfa-8f8f-1813f700c78b</con:id>
      <con:expandState>false</con:expandState>
    </con:expandNodeState>
    <con:expandNodeState>
      <con:id>3150ebad-7302-4558-a288-dc7261ba1239</con:id>
      <con:expandState>false</con:expandState>
    </con:expandNodeState>
    <con:expandNodeState>
      <con:id>2e19bc08-2995-4c2e-ab65-476377a024ed</con:id>
      <con:expandState>false</con:expandState>
    </con:expandNodeState>
    <con:expandNodeState>
      <con:id>2c2d647c-0e09-4993-a1dd-0935778ef78a</con:id>
      <con:expandState>false</con:expandState>
    </con:expandNodeState>
    <con:expandNodeState>
      <con:id>7028fabd-ed81-49d5-aece-9bbb79a96fa3</con:id>
      <con:expandState>false</con:expandState>
    </con:expandNodeState>
    <con:expandNodeState>
      <con:id>3cd2b261-3a77-41ca-b6e5-08180b3a12c3</con:id>
      <con:expandState>false</con:expandState>
    </con:expandNodeState>
    <con:expandNodeState>
      <con:id>2e65d924-1e79-4960-a83b-26c7c7a5c5ef</con:id>
      <con:expandState>false</con:expandState>
    </con:expandNodeState>
    <con:expandNodeState>
      <con:id>d7dabb6e-79b5-4166-a380-63473995a756</con:id>
      <con:expandState>false</con:expandState>
    </con:expandNodeState>
    <con:expandNodeState>
      <con:id>9cf51936-428e-45a0-9968-e1cb609459e6</con:id>
      <con:expandState>false</con:expandState>
    </con:expandNodeState>
    <con:expandNodeState>
      <con:id>bf108e73-6d67-4496-b33f-6b9c2801087e</con:id>
      <con:expandState>false</con:expandState>
    </con:expandNodeState>
    <con:expandNodeState>
      <con:id>b6dd6999-c18e-460b-99ce-a5421ed8193a</con:id>
      <con:expandState>false</con:expandState>
    </con:expandNodeState>
    <con:expandNodeState>
      <con:id>439a6c2d-bc9e-4d34-be88-8a04656a0c09</con:id>
      <con:expandState>false</con:expandState>
    </con:expandNodeState>
    <con:expandNodeState>
      <con:id>a7dd3022-2558-4823-9712-fed2760f313e</con:id>
      <con:expandState>false</con:expandState>
    </con:expandNodeState>
    <con:expandNodeState>
      <con:id>15f4910d-86bc-4e1d-b8df-3326cd2d2c9d</con:id>
      <con:expandState>false</con:expandState>
    </con:expandNodeState>
    <con:expandNodeState>
      <con:id>669a27cc-3c4c-4e79-9f9e-e68c73db60f1</con:id>
      <con:expandState>false</con:expandState>
    </con:expandNodeState>
    <con:expandNodeState>
      <con:id>f8c02d87-43cf-4524-a5a7-025793f4d7dd</con:id>
      <con:expandState>false</con:expandState>
    </con:expandNodeState>
    <con:expandNodeState>
      <con:id>9a6471fd-8798-4091-af19-acb4411cd5c2</con:id>
      <con:expandState>false</con:expandState>
    </con:expandNodeState>
    <con:expandNodeState>
      <con:id>fea990e5-4c57-4a4d-a930-7518d0a3424f</con:id>
      <con:expandState>false</con:expandState>
    </con:expandNodeState>
    <con:expandNodeState>
      <con:id>c2536593-f924-4cf9-ab51-7bcc7ce8ba41</con:id>
      <con:expandState>false</con:expandState>
    </con:expandNodeState>
    <con:expandNodeState>
      <con:id>a3a067d0-e1a7-41ca-adfa-f60369cd8e51</con:id>
      <con:expandState>true</con:expandState>
    </con:expandNodeState>
    <con:expandNodeState>
      <con:id>30660656-fc32-494d-8322-228695862fe3</con:id>
      <con:expandState>true</con:expandState>
    </con:expandNodeState>
    <con:expandNodeState>
      <con:id>88de13ee-7a1f-42c0-b4bc-cac38ab6365b</con:id>
      <con:expandState>true</con:expandState>
    </con:expandNodeState>
    <con:expandNodeState>
      <con:id>9a1508bc-953e-4f42-9c0a-aa30e9481c6b</con:id>
      <con:expandState>true</con:expandState>
    </con:expandNodeState>
    <con:expandNodeState>
      <con:id>6f17b16e-b020-4349-9a1a-7c8ac515aae0</con:id>
      <con:expandState>true</con:expandState>
    </con:expandNodeState>
    <con:expandNodeState>
      <con:id>af382056-d3c1-49f3-8351-e1274fd9ee85</con:id>
      <con:expandState>false</con:expandState>
    </con:expandNodeState>
    <con:expandNodeState>
      <con:id>16cd372d-43ba-48dd-b4d0-30e0b7cefaec</con:id>
      <con:expandState>false</con:expandState>
    </con:expandNodeState>
    <con:expandNodeState>
      <con:id>8b95b789-9b66-45fc-b6b0-79d5fcab3bba</con:id>
      <con:expandState>false</con:expandState>
    </con:expandNodeState>
    <con:expandNodeState>
      <con:id>af74bb53-e8c9-4579-a524-4ce0ecae6340</con:id>
      <con:expandState>true</con:expandState>
    </con:expandNodeState>
    <con:expandNodeState>
      <con:id>12d6dc3d-a698-46fb-a684-80bb46b8eb91</con:id>
      <con:expandState>false</con:expandState>
    </con:expandNodeState>
    <con:expandNodeState>
      <con:id>c67563b9-b247-464f-94c0-20f06b749671</con:id>
      <con:expandState>true</con:expandState>
    </con:expandNodeState>
    <con:expandNodeState>
      <con:id>8b7e1e1d-fd90-418a-8fd4-7f92238c32f4</con:id>
      <con:expandState>false</con:expandState>
    </con:expandNodeState>
    <con:expandNodeState>
      <con:id>51e38a33-a0af-4fdc-b1ba-47c8eb074bf4</con:id>
      <con:expandState>false</con:expandState>
    </con:expandNodeState>
    <con:expandNodeState>
      <con:id>3bcd60fa-a6e4-44b0-a2ce-b3a53aa6bedd</con:id>
      <con:expandState>true</con:expandState>
    </con:expandNodeState>
    <con:expandNodeState>
      <con:id>916295b2-23e0-49b6-930f-9d070d89f216</con:id>
      <con:expandState>true</con:expandState>
    </con:expandNodeState>
    <con:expandNodeState>
      <con:id>7481a53a-c430-4787-8a87-0ebe63944898</con:id>
      <con:expandState>true</con:expandState>
    </con:expandNodeState>
    <con:expandNodeState>
      <con:id>15641d04-2186-4485-8031-95b4cccc1d9f</con:id>
      <con:expandState>false</con:expandState>
    </con:expandNodeState>
    <con:expandNodeState>
      <con:id>65187192-fbb2-4992-b2ad-dd7f3414107f</con:id>
      <con:expandState>false</con:expandState>
    </con:expandNodeState>
    <con:expandNodeState>
      <con:id>62f7f8b2-9301-40b3-b951-f41a990dc1c7</con:id>
      <con:expandState>false</con:expandState>
    </con:expandNodeState>
  </con:navigatorNodeCollection>
  <con:navigatorNodeCollection>
    <con:rootNodeLabel>Projects</con:rootNodeLabel>
    <con:expandNodeState>
      <con:id>afd4f01b-1c66-4168-b75e-0ae2cd5aa4f2</con:id>
      <con:expandState>false</con:expandState>
    </con:expandNodeState>
    <con:expandNodeState>
      <con:id>76b639ae-15f6-4419-850e-b9861a6c5dd5</con:id>
      <con:expandState>false</con:expandState>
    </con:expandNodeState>
    <con:expandNodeState>
      <con:id>d568f35a-cdb2-4e8f-bf57-e8d68e68f318</con:id>
      <con:expandState>false</con:expandState>
    </con:expandNodeState>
    <con:expandNodeState>
      <con:id>8b413da1-c508-432e-89e4-a823b6ac62b0</con:id>
      <con:expandState>false</con:expandState>
    </con:expandNodeState>
    <con:expandNodeState>
      <con:id>2ec3b497-23d0-4b59-b7be-c02c3fba0ff7</con:id>
      <con:expandState>false</con:expandState>
    </con:expandNodeState>
    <con:expandNodeState>
      <con:id>de76148f-fd55-428c-b8ea-acf1de5f8659</con:id>
      <con:expandState>false</con:expandState>
    </con:expandNodeState>
    <con:expandNodeState>
      <con:id>a27f8cd3-d292-4375-9788-e4db98f5d08c</con:id>
      <con:expandState>false</con:expandState>
    </con:expandNodeState>
    <con:expandNodeState>
      <con:id>2780ceee-c588-448e-b00d-252092cbaf18</con:id>
      <con:expandState>false</con:expandState>
    </con:expandNodeState>
    <con:expandNodeState>
      <con:id>d6eb69f6-1a9a-4ae8-b490-03b5636160fd</con:id>
      <con:expandState>true</con:expandState>
    </con:expandNodeState>
    <con:expandNodeState>
      <con:id>5f4c7250-785c-40e0-858e-42adbee41ae0</con:id>
      <con:expandState>false</con:expandState>
    </con:expandNodeState>
    <con:expandNodeState>
      <con:id>e127c2a5-d30b-4d47-9128-089e36023268</con:id>
      <con:expandState>false</con:expandState>
    </con:expandNodeState>
    <con:expandNodeState>
      <con:id>c377fe19-d692-46a3-9178-5f2a244b11fd</con:id>
      <con:expandState>true</con:expandState>
    </con:expandNodeState>
    <con:expandNodeState>
      <con:id>e8a5e6c9-4ffa-4f1a-983f-b8f406e4f820</con:id>
      <con:expandState>true</con:expandState>
    </con:expandNodeState>
    <con:expandNodeState>
      <con:id>896aead0-245c-41a7-a039-c7e9cd75ead2</con:id>
      <con:expandState>false</con:expandState>
    </con:expandNodeState>
    <con:expandNodeState>
      <con:id>8b80068b-af52-4272-af4a-0dffd1635af9</con:id>
      <con:expandState>true</con:expandState>
    </con:expandNodeState>
    <con:expandNodeState>
      <con:id>c8e9853f-797b-4243-8e17-20d827d78698</con:id>
      <con:expandState>false</con:expandState>
    </con:expandNodeState>
    <con:expandNodeState>
      <con:id>c966dd9c-9565-4966-b36b-20e88eea48b9</con:id>
      <con:expandState>false</con:expandState>
    </con:expandNodeState>
    <con:expandNodeState>
      <con:id>9e841751-2ae2-40b6-b6cc-88c2c70a242d</con:id>
      <con:expandState>false</con:expandState>
    </con:expandNodeState>
    <con:expandNodeState>
      <con:id>a768bf15-744f-4bec-90d3-5f654f72d1ac</con:id>
      <con:expandState>false</con:expandState>
    </con:expandNodeState>
    <con:expandNodeState>
      <con:id>38b72ccd-f423-47c2-970b-22f89e779045</con:id>
      <con:expandState>false</con:expandState>
    </con:expandNodeState>
    <con:expandNodeState>
      <con:id>d8940ede-5deb-48fb-bd23-87d635268ba3</con:id>
      <con:expandState>false</con:expandState>
    </con:expandNodeState>
    <con:expandNodeState>
      <con:id>5aa25c67-f01d-4cfb-b38f-5834376cbef6</con:id>
      <con:expandState>false</con:expandState>
    </con:expandNodeState>
    <con:expandNodeState>
      <con:id>3e9f859d-b61f-4560-a60f-99f54584f159</con:id>
      <con:expandState>false</con:expandState>
    </con:expandNodeState>
    <con:expandNodeState>
      <con:id>c07e264e-c794-4d40-8977-52f9572453bd</con:id>
      <con:expandState>false</con:expandState>
    </con:expandNodeState>
    <con:expandNodeState>
      <con:id>01a02be7-74c4-4ea5-938b-c4157c6517a0</con:id>
      <con:expandState>false</con:expandState>
    </con:expandNodeState>
    <con:expandNodeState>
      <con:id>d6522ee8-98ae-4fc0-86b4-ef4d0ed2534d</con:id>
      <con:expandState>false</con:expandState>
    </con:expandNodeState>
    <con:expandNodeState>
      <con:id>c7ac5f6d-1fa7-467b-b942-c020b708e583</con:id>
      <con:expandState>false</con:expandState>
    </con:expandNodeState>
    <con:expandNodeState>
      <con:id>f4dc9798-72b9-41db-aaa7-fcc4118e8ef6</con:id>
      <con:expandState>false</con:expandState>
    </con:expandNodeState>
    <con:expandNodeState>
      <con:id>d8a0ecd9-cb78-4c5b-8430-2502f8b90d23</con:id>
      <con:expandState>false</con:expandState>
    </con:expandNodeState>
    <con:expandNodeState>
      <con:id>ff93b826-e97b-4a4d-9647-dfbf67fa7eae</con:id>
      <con:expandState>false</con:expandState>
    </con:expandNodeState>
    <con:expandNodeState>
      <con:id>bc1f2524-0080-4982-91b3-a7e1ca6b2e0b</con:id>
      <con:expandState>true</con:expandState>
    </con:expandNodeState>
    <con:expandNodeState>
      <con:id>922faa29-8fdd-492b-83fb-38fe8cef3f3b</con:id>
      <con:expandState>false</con:expandState>
    </con:expandNodeState>
    <con:expandNodeState>
      <con:id>62f74193-2cb8-4639-a430-c3c918f2d46f</con:id>
      <con:expandState>false</con:expandState>
    </con:expandNodeState>
    <con:expandNodeState>
      <con:id>2f2d77bc-f8b3-4843-8c5a-695b66d515d8</con:id>
      <con:expandState>false</con:expandState>
    </con:expandNodeState>
    <con:expandNodeState>
      <con:id>76d1ef0b-8eb3-498a-9b6f-4b4eee8bbe96</con:id>
      <con:expandState>false</con:expandState>
    </con:expandNodeState>
    <con:expandNodeState>
      <con:id>87ed3067-2794-44b8-a2ee-f202a4aa7b4c</con:id>
      <con:expandState>false</con:expandState>
    </con:expandNodeState>
    <con:expandNodeState>
      <con:id>ad631f44-9df5-4d77-ae27-e32212b679e2</con:id>
      <con:expandState>false</con:expandState>
    </con:expandNodeState>
    <con:expandNodeState>
      <con:id>4467c7f0-6b61-4ccc-9995-64bb8426e318</con:id>
      <con:expandState>false</con:expandState>
    </con:expandNodeState>
    <con:expandNodeState>
      <con:id>a85d891d-d17f-4db1-9a91-cd60d07d56dd</con:id>
      <con:expandState>false</con:expandState>
    </con:expandNodeState>
    <con:expandNodeState>
      <con:id>8e11b71c-fe6a-414d-ae3e-017299c47e69</con:id>
      <con:expandState>true</con:expandState>
    </con:expandNodeState>
    <con:expandNodeState>
      <con:id>00d5ad1d-51f8-4a2f-9033-25262365b385</con:id>
      <con:expandState>true</con:expandState>
    </con:expandNodeState>
    <con:expandNodeState>
      <con:id>784b6088-810a-4be3-83db-4072eae64a46</con:id>
      <con:expandState>true</con:expandState>
    </con:expandNodeState>
    <con:expandNodeState>
      <con:id>fc8e2377-fc3e-41c4-ac96-5b0ad4637202</con:id>
      <con:expandState>true</con:expandState>
    </con:expandNodeState>
    <con:expandNodeState>
      <con:id>73953664-71be-41fe-b328-2c060717cfd0</con:id>
      <con:expandState>true</con:expandState>
    </con:expandNodeState>
    <con:expandNodeState>
      <con:id>20a29199-586e-4a39-9b1e-148b3429f386</con:id>
      <con:expandState>true</con:expandState>
    </con:expandNodeState>
    <con:expandNodeState>
      <con:id>6a7ae32c-0758-4a35-a128-812170fec81e</con:id>
      <con:expandState>true</con:expandState>
    </con:expandNodeState>
    <con:expandNodeState>
      <con:id>a597c3c8-21ad-4b9d-9de8-6ddffc811144</con:id>
      <con:expandState>true</con:expandState>
    </con:expandNodeState>
    <con:expandNodeState>
      <con:id>8b64cdb2-55b9-4bab-9479-0cdb40865820</con:id>
      <con:expandState>true</con:expandState>
    </con:expandNodeState>
    <con:expandNodeState>
      <con:id>1a4f2a73-8c3f-4989-adf4-aba337506377</con:id>
      <con:expandState>true</con:expandState>
    </con:expandNodeState>
    <con:expandNodeState>
      <con:id>56c9b150-0290-4630-917f-663d26fb45db</con:id>
      <con:expandState>true</con:expandState>
    </con:expandNodeState>
    <con:expandNodeState>
      <con:id>e1ab27fd-8442-47be-9dff-ea5deff61aa6</con:id>
      <con:expandState>true</con:expandState>
    </con:expandNodeState>
    <con:expandNodeState>
      <con:id>08c71cc3-c709-4353-ad27-3b3141ab45ae</con:id>
      <con:expandState>true</con:expandState>
    </con:expandNodeState>
    <con:expandNodeState>
      <con:id>86334688-e550-4ea6-812b-78c9686aa40e</con:id>
      <con:expandState>true</con:expandState>
    </con:expandNodeState>
    <con:expandNodeState>
      <con:id>6a28b1b3-7a45-492c-8179-c23e3f54ca77</con:id>
      <con:expandState>false</con:expandState>
    </con:expandNodeState>
    <con:expandNodeState>
      <con:id>89fc3347-9aaf-487d-a149-e02dd4f16d4c</con:id>
      <con:expandState>false</con:expandState>
    </con:expandNodeState>
    <con:expandNodeState>
      <con:id>3592e555-ce9a-4fdf-9101-f8ff1a6b27a0</con:id>
      <con:expandState>false</con:expandState>
    </con:expandNodeState>
    <con:expandNodeState>
      <con:id>7059b3c1-901d-4e6b-8d81-801d4b440ef2</con:id>
      <con:expandState>false</con:expandState>
    </con:expandNodeState>
    <con:expandNodeState>
      <con:id>57417139-47c1-4ef4-9fb2-8a352c72a595</con:id>
      <con:expandState>false</con:expandState>
    </con:expandNodeState>
    <con:expandNodeState>
      <con:id>ee348bc3-297d-477f-986a-90568f1af050</con:id>
      <con:expandState>false</con:expandState>
    </con:expandNodeState>
    <con:expandNodeState>
      <con:id>12aa4d76-7bba-4cef-bebc-94163dcd558b</con:id>
      <con:expandState>false</con:expandState>
    </con:expandNodeState>
    <con:expandNodeState>
      <con:id>b7f93394-7a51-4a65-941f-43df65ceb46b</con:id>
      <con:expandState>true</con:expandState>
    </con:expandNodeState>
    <con:expandNodeState>
      <con:id>1a815b5b-289a-40ed-9ec7-db2658dad127</con:id>
      <con:expandState>false</con:expandState>
    </con:expandNodeState>
    <con:expandNodeState>
      <con:id>33b2eb01-bf7c-4e61-994e-c31a908b3b11</con:id>
      <con:expandState>false</con:expandState>
    </con:expandNodeState>
    <con:expandNodeState>
      <con:id>7621a1fe-129d-4c7d-9f8a-77007325ef6e</con:id>
      <con:expandState>true</con:expandState>
    </con:expandNodeState>
    <con:expandNodeState>
      <con:id>5a67119a-c556-4015-8cd0-e431345ea66b</con:id>
      <con:expandState>false</con:expandState>
    </con:expandNodeState>
    <con:expandNodeState>
      <con:id>6b815212-49d8-4d59-aa3d-cd2cda444b5d</con:id>
      <con:expandState>true</con:expandState>
    </con:expandNodeState>
    <con:expandNodeState>
      <con:id>1d239c4f-27c5-4f43-80db-683e4eeed6b3</con:id>
      <con:expandState>true</con:expandState>
    </con:expandNodeState>
    <con:expandNodeState>
      <con:id>2e19bc08-2995-4c2e-ab65-476377a024ed</con:id>
      <con:expandState>false</con:expandState>
    </con:expandNodeState>
    <con:expandNodeState>
      <con:id>24e477c5-8157-4711-8ff1-6a8e253a207d</con:id>
      <con:expandState>false</con:expandState>
    </con:expandNodeState>
    <con:expandNodeState>
      <con:id>225899bd-2f43-49d3-b920-989ec3921e9c</con:id>
      <con:expandState>false</con:expandState>
    </con:expandNodeState>
    <con:expandNodeState>
      <con:id>d0cd507d-25e4-47ef-bf17-aa548c6203f2</con:id>
      <con:expandState>false</con:expandState>
    </con:expandNodeState>
    <con:expandNodeState>
      <con:id>81d57465-fa31-4a67-ae41-383e016fe976</con:id>
      <con:expandState>true</con:expandState>
    </con:expandNodeState>
    <con:expandNodeState>
      <con:id>d5741b54-75da-4fd7-ae3d-6aa14a8a3092</con:id>
      <con:expandState>true</con:expandState>
    </con:expandNodeState>
    <con:expandNodeState>
      <con:id>3150ebad-7302-4558-a288-dc7261ba1239</con:id>
      <con:expandState>false</con:expandState>
    </con:expandNodeState>
    <con:expandNodeState>
      <con:id>2c2d647c-0e09-4993-a1dd-0935778ef78a</con:id>
      <con:expandState>false</con:expandState>
    </con:expandNodeState>
    <con:expandNodeState>
      <con:id>9cf51936-428e-45a0-9968-e1cb609459e6</con:id>
      <con:expandState>false</con:expandState>
    </con:expandNodeState>
    <con:expandNodeState>
      <con:id>bf108e73-6d67-4496-b33f-6b9c2801087e</con:id>
      <con:expandState>false</con:expandState>
    </con:expandNodeState>
    <con:expandNodeState>
      <con:id>e3fe85c7-a378-49f3-8754-7213dc8d6509</con:id>
      <con:expandState>false</con:expandState>
    </con:expandNodeState>
    <con:expandNodeState>
      <con:id>bc0d48f9-d0ef-4400-95e3-53e747a90e4e</con:id>
      <con:expandState>false</con:expandState>
    </con:expandNodeState>
    <con:expandNodeState>
      <con:id>46828d6d-9a9f-48ab-9b1d-2d6c9094f6ef</con:id>
      <con:expandState>false</con:expandState>
    </con:expandNodeState>
    <con:expandNodeState>
      <con:id>439a6c2d-bc9e-4d34-be88-8a04656a0c09</con:id>
      <con:expandState>false</con:expandState>
    </con:expandNodeState>
    <con:expandNodeState>
      <con:id>b6594583-1f07-4354-abe1-756846467376</con:id>
      <con:expandState>true</con:expandState>
    </con:expandNodeState>
    <con:expandNodeState>
      <con:id>da3dac2e-6a03-4333-b4c5-e186169e546a</con:id>
      <con:expandState>true</con:expandState>
    </con:expandNodeState>
    <con:expandNodeState>
      <con:id>83eee305-14d2-4bfa-8f8f-1813f700c78b</con:id>
      <con:expandState>false</con:expandState>
    </con:expandNodeState>
    <con:expandNodeState>
      <con:id>d3dbf0f7-2ed4-4627-80fd-cd157c11c14a</con:id>
      <con:expandState>true</con:expandState>
    </con:expandNodeState>
    <con:expandNodeState>
      <con:id>8ae49628-601c-459b-82a9-651fe697288d</con:id>
      <con:expandState>true</con:expandState>
    </con:expandNodeState>
    <con:expandNodeState>
      <con:id>7028fabd-ed81-49d5-aece-9bbb79a96fa3</con:id>
      <con:expandState>false</con:expandState>
    </con:expandNodeState>
    <con:expandNodeState>
      <con:id>2ef36a54-5e54-4957-86a5-fab92afc65b4</con:id>
      <con:expandState>false</con:expandState>
    </con:expandNodeState>
    <con:expandNodeState>
      <con:id>932dc88e-cd10-4cbd-b5f8-f6019bb0bc46</con:id>
      <con:expandState>true</con:expandState>
    </con:expandNodeState>
    <con:expandNodeState>
      <con:id>6e71194d-9b58-4c33-9e12-9e6b58d1d862</con:id>
      <con:expandState>true</con:expandState>
    </con:expandNodeState>
    <con:expandNodeState>
      <con:id>4d464330-d636-43b7-a905-76a499064701</con:id>
      <con:expandState>true</con:expandState>
    </con:expandNodeState>
    <con:expandNodeState>
      <con:id>58efb50f-8ef3-43b9-bb4a-d858cb47042f</con:id>
      <con:expandState>true</con:expandState>
    </con:expandNodeState>
    <con:expandNodeState>
      <con:id>9465c459-9cc3-44cc-b02e-3c42d50e88f3</con:id>
      <con:expandState>true</con:expandState>
    </con:expandNodeState>
    <con:expandNodeState>
      <con:id>2e65d924-1e79-4960-a83b-26c7c7a5c5ef</con:id>
      <con:expandState>false</con:expandState>
    </con:expandNodeState>
    <con:expandNodeState>
      <con:id>8a8765b3-0f28-42ce-b500-6908224cc3e2</con:id>
      <con:expandState>true</con:expandState>
    </con:expandNodeState>
    <con:expandNodeState>
      <con:id>5de6aec5-ae4a-4639-b029-c18a4d52af45</con:id>
      <con:expandState>true</con:expandState>
    </con:expandNodeState>
    <con:expandNodeState>
      <con:id>d7dabb6e-79b5-4166-a380-63473995a756</con:id>
      <con:expandState>false</con:expandState>
    </con:expandNodeState>
    <con:expandNodeState>
      <con:id>13dcbb89-feab-46bd-b9ed-2ea38747a0f9</con:id>
      <con:expandState>true</con:expandState>
    </con:expandNodeState>
    <con:expandNodeState>
      <con:id>72609846-6a7d-4c16-9e69-d0bc22283a93</con:id>
      <con:expandState>true</con:expandState>
    </con:expandNodeState>
    <con:expandNodeState>
      <con:id>9a6471fd-8798-4091-af19-acb4411cd5c2</con:id>
      <con:expandState>false</con:expandState>
    </con:expandNodeState>
    <con:expandNodeState>
      <con:id>fea990e5-4c57-4a4d-a930-7518d0a3424f</con:id>
      <con:expandState>false</con:expandState>
    </con:expandNodeState>
    <con:expandNodeState>
      <con:id>5c0c56f4-5169-41d2-8c13-614c485b7614</con:id>
      <con:expandState>true</con:expandState>
    </con:expandNodeState>
    <con:expandNodeState>
      <con:id>e1b3dd1c-cae1-4b5c-a99e-edf64f9924f7</con:id>
      <con:expandState>true</con:expandState>
    </con:expandNodeState>
    <con:expandNodeState>
      <con:id>6f02bb76-8fc7-41ca-a6f0-c278c068fc2a</con:id>
      <con:expandState>false</con:expandState>
    </con:expandNodeState>
    <con:expandNodeState>
      <con:id>169708e0-637e-43af-bfac-6b4dc1effc26</con:id>
      <con:expandState>false</con:expandState>
    </con:expandNodeState>
    <con:expandNodeState>
      <con:id>c97941cd-4d5f-4153-8539-ed30eea891a5</con:id>
      <con:expandState>true</con:expandState>
    </con:expandNodeState>
    <con:expandNodeState>
      <con:id>6257ded3-e310-4e84-a66f-a0d5f3f4ffc0</con:id>
      <con:expandState>false</con:expandState>
    </con:expandNodeState>
    <con:expandNodeState>
      <con:id>c989c040-a603-450a-9908-483394d11377</con:id>
      <con:expandState>false</con:expandState>
    </con:expandNodeState>
    <con:expandNodeState>
      <con:id>ebeb4078-e924-4139-a9db-33846666f3e2</con:id>
      <con:expandState>false</con:expandState>
    </con:expandNodeState>
    <con:expandNodeState>
      <con:id>87cc1646-679e-4990-aeb5-b27d3bd9c8e6</con:id>
      <con:expandState>false</con:expandState>
    </con:expandNodeState>
    <con:expandNodeState>
      <con:id>884b8d8a-2613-41b6-8bf5-2307f92b3bb3</con:id>
      <con:expandState>false</con:expandState>
    </con:expandNodeState>
    <con:expandNodeState>
      <con:id>4452fb53-283a-4073-af2f-10005d86632b</con:id>
      <con:expandState>false</con:expandState>
    </con:expandNodeState>
    <con:expandNodeState>
      <con:id>3a22d771-4a0d-4711-9e67-f59eb5320fd4</con:id>
      <con:expandState>false</con:expandState>
    </con:expandNodeState>
    <con:expandNodeState>
      <con:id>e625336d-6633-4f28-bcb1-3973749c7fcf</con:id>
      <con:expandState>false</con:expandState>
    </con:expandNodeState>
    <con:expandNodeState>
      <con:id>1ed2a272-d10b-4d15-b039-65132e00b267</con:id>
      <con:expandState>false</con:expandState>
    </con:expandNodeState>
    <con:expandNodeState>
      <con:id>03550fd9-6246-4912-b0eb-f3d4980ae7fa</con:id>
      <con:expandState>false</con:expandState>
    </con:expandNodeState>
    <con:expandNodeState>
      <con:id>cafa3471-f49e-4c90-94c1-331ef8f3b3b5</con:id>
      <con:expandState>false</con:expandState>
    </con:expandNodeState>
    <con:expandNodeState>
      <con:id>da134149-ce4f-4c95-8a93-b52ba0a309e3</con:id>
      <con:expandState>false</con:expandState>
    </con:expandNodeState>
    <con:expandNodeState>
      <con:id>43e6a6bf-2a99-41d3-b06c-cd3d6e8e02aa</con:id>
      <con:expandState>false</con:expandState>
    </con:expandNodeState>
    <con:expandNodeState>
      <con:id>bf77a39e-461c-4f95-a9da-6e0ff93f55db</con:id>
      <con:expandState>false</con:expandState>
    </con:expandNodeState>
    <con:expandNodeState>
      <con:id>fe4013cf-8d47-4325-b80b-1a21f82e3fe5</con:id>
      <con:expandState>false</con:expandState>
    </con:expandNodeState>
    <con:expandNodeState>
      <con:id>c8d79540-6075-4d1d-b585-eeed13a73694</con:id>
      <con:expandState>false</con:expandState>
    </con:expandNodeState>
    <con:expandNodeState>
      <con:id>faed6dd2-74cb-4480-b791-a3a578c66e2f</con:id>
      <con:expandState>false</con:expandState>
    </con:expandNodeState>
    <con:expandNodeState>
      <con:id>ece116ac-d385-49b1-a02f-a4ec893c77be</con:id>
      <con:expandState>false</con:expandState>
    </con:expandNodeState>
    <con:expandNodeState>
      <con:id>dbf04799-f39f-4725-8531-ccfd68b7019f</con:id>
      <con:expandState>false</con:expandState>
    </con:expandNodeState>
    <con:expandNodeState>
      <con:id>7210dae0-0d02-474a-bf4d-9bf171110478</con:id>
      <con:expandState>true</con:expandState>
    </con:expandNodeState>
    <con:expandNodeState>
      <con:id>9bf115a3-c946-4f97-86ce-48e655b8595f</con:id>
      <con:expandState>false</con:expandState>
    </con:expandNodeState>
    <con:expandNodeState>
      <con:id>9a6bdf70-a827-47f5-ab8f-c806edb830bf</con:id>
      <con:expandState>false</con:expandState>
    </con:expandNodeState>
    <con:expandNodeState>
      <con:id>5cd26210-1d7f-4804-9b8c-ff306bd2c793</con:id>
      <con:expandState>false</con:expandState>
    </con:expandNodeState>
    <con:expandNodeState>
      <con:id>3cd2b261-3a77-41ca-b6e5-08180b3a12c3</con:id>
      <con:expandState>false</con:expandState>
    </con:expandNodeState>
    <con:expandNodeState>
      <con:id>430aad4a-5be6-4f5d-a345-c24dffd6eb44</con:id>
      <con:expandState>false</con:expandState>
    </con:expandNodeState>
    <con:expandNodeState>
      <con:id>d9269e76-6c90-4aa8-91d0-1e147b3bda5f</con:id>
      <con:expandState>false</con:expandState>
    </con:expandNodeState>
    <con:expandNodeState>
      <con:id>1f5b27a6-f06c-47f8-89bd-6bd9169640b2</con:id>
      <con:expandState>false</con:expandState>
    </con:expandNodeState>
    <con:expandNodeState>
      <con:id>b6dd6999-c18e-460b-99ce-a5421ed8193a</con:id>
      <con:expandState>false</con:expandState>
    </con:expandNodeState>
    <con:expandNodeState>
      <con:id>a7dd3022-2558-4823-9712-fed2760f313e</con:id>
      <con:expandState>false</con:expandState>
    </con:expandNodeState>
    <con:expandNodeState>
      <con:id>15f4910d-86bc-4e1d-b8df-3326cd2d2c9d</con:id>
      <con:expandState>false</con:expandState>
    </con:expandNodeState>
    <con:expandNodeState>
      <con:id>669a27cc-3c4c-4e79-9f9e-e68c73db60f1</con:id>
      <con:expandState>false</con:expandState>
    </con:expandNodeState>
    <con:expandNodeState>
      <con:id>f8c02d87-43cf-4524-a5a7-025793f4d7dd</con:id>
      <con:expandState>false</con:expandState>
    </con:expandNodeState>
    <con:expandNodeState>
      <con:id>903d461f-4778-423b-ad75-ef9b899ccb7c</con:id>
      <con:expandState>false</con:expandState>
    </con:expandNodeState>
    <con:expandNodeState>
      <con:id>c2536593-f924-4cf9-ab51-7bcc7ce8ba41</con:id>
      <con:expandState>false</con:expandState>
    </con:expandNodeState>
    <con:expandNodeState>
      <con:id>51e38a33-a0af-4fdc-b1ba-47c8eb074bf4</con:id>
      <con:expandState>false</con:expandState>
    </con:expandNodeState>
    <con:expandNodeState>
      <con:id>5adf65f0-d476-4431-a228-98293cf31bc9</con:id>
      <con:expandState>true</con:expandState>
    </con:expandNodeState>
    <con:expandNodeState>
      <con:id>7f1485b0-fc1e-41bc-9d6c-5af2a5553907</con:id>
      <con:expandState>true</con:expandState>
    </con:expandNodeState>
    <con:expandNodeState>
      <con:id>ac4e3fd5-7a06-4582-b50f-ad78bf453258</con:id>
      <con:expandState>true</con:expandState>
    </con:expandNodeState>
    <con:expandNodeState>
      <con:id>87d63fcd-765d-4f4b-9c53-50c07742f39b</con:id>
      <con:expandState>true</con:expandState>
    </con:expandNodeState>
    <con:expandNodeState>
      <con:id>25fd7ef6-6a1c-4aa5-9613-b39cdf03f490</con:id>
      <con:expandState>true</con:expandState>
    </con:expandNodeState>
    <con:expandNodeState>
      <con:id>f71bf9b0-3819-448f-a7f9-f9c4de9e28c9</con:id>
      <con:expandState>true</con:expandState>
    </con:expandNodeState>
    <con:expandNodeState>
      <con:id>da852d1e-c1a5-464b-9b0b-1bdc16369baf</con:id>
      <con:expandState>true</con:expandState>
    </con:expandNodeState>
    <con:expandNodeState>
      <con:id>f0689022-3e86-42c0-8f30-b47a16bced8d</con:id>
      <con:expandState>false</con:expandState>
    </con:expandNodeState>
    <con:expandNodeState>
      <con:id>9e4119a2-3c05-40ce-a852-40da99f8b8a0</con:id>
      <con:expandState>false</con:expandState>
    </con:expandNodeState>
    <con:expandNodeState>
      <con:id>1cbdec0d-6441-4767-aeb3-18c2abfc51a3</con:id>
      <con:expandState>false</con:expandState>
    </con:expandNodeState>
    <con:expandNodeState>
      <con:id>e6962c88-6007-47d1-a73c-131c1ac1c5ed</con:id>
      <con:expandState>true</con:expandState>
    </con:expandNodeState>
    <con:expandNodeState>
      <con:id>65187192-fbb2-4992-b2ad-dd7f3414107f</con:id>
      <con:expandState>true</con:expandState>
    </con:expandNodeState>
    <con:expandNodeState>
      <con:id>99b9290b-d90c-4d50-8632-bc2d8feaf38a</con:id>
      <con:expandState>true</con:expandState>
    </con:expandNodeState>
    <con:expandNodeState>
      <con:id>59afb249-5f47-434f-a362-623c13d1bb88</con:id>
      <con:expandState>true</con:expandState>
    </con:expandNodeState>
    <con:expandNodeState>
      <con:id>9f45556c-d983-4197-ab45-147b45fb35bc</con:id>
      <con:expandState>false</con:expandState>
    </con:expandNodeState>
    <con:expandNodeState>
      <con:id>62f7f8b2-9301-40b3-b951-f41a990dc1c7</con:id>
      <con:expandState>true</con:expandState>
    </con:expandNodeState>
    <con:expandNodeState>
      <con:id>e54d3157-1d84-4e03-8aff-76b71b5f32b4</con:id>
      <con:expandState>true</con:expandState>
    </con:expandNodeState>
    <con:expandNodeState>
      <con:id>f8a0aad7-3860-4060-b854-45908b55b290</con:id>
      <con:expandState>true</con:expandState>
    </con:expandNodeState>
  </con:navigatorNodeCollection>
  <con:navigatorNodeCollection>
    <con:rootNodeLabel>LoadUI</con:rootNodeLabel>
    <con:expandNodeState>
      <con:id>afd4f01b-1c66-4168-b75e-0ae2cd5aa4f2</con:id>
      <con:expandState>false</con:expandState>
    </con:expandNodeState>
    <con:expandNodeState>
      <con:id>76b639ae-15f6-4419-850e-b9861a6c5dd5</con:id>
      <con:expandState>false</con:expandState>
    </con:expandNodeState>
    <con:expandNodeState>
      <con:id>7621a1fe-129d-4c7d-9f8a-77007325ef6e</con:id>
      <con:expandState>false</con:expandState>
    </con:expandNodeState>
    <con:expandNodeState>
      <con:id>d568f35a-cdb2-4e8f-bf57-e8d68e68f318</con:id>
      <con:expandState>false</con:expandState>
    </con:expandNodeState>
    <con:expandNodeState>
      <con:id>e127c2a5-d30b-4d47-9128-089e36023268</con:id>
      <con:expandState>false</con:expandState>
    </con:expandNodeState>
    <con:expandNodeState>
      <con:id>8b413da1-c508-432e-89e4-a823b6ac62b0</con:id>
      <con:expandState>false</con:expandState>
    </con:expandNodeState>
    <con:expandNodeState>
      <con:id>2ec3b497-23d0-4b59-b7be-c02c3fba0ff7</con:id>
      <con:expandState>false</con:expandState>
    </con:expandNodeState>
    <con:expandNodeState>
      <con:id>de76148f-fd55-428c-b8ea-acf1de5f8659</con:id>
      <con:expandState>false</con:expandState>
    </con:expandNodeState>
    <con:expandNodeState>
      <con:id>a27f8cd3-d292-4375-9788-e4db98f5d08c</con:id>
      <con:expandState>false</con:expandState>
    </con:expandNodeState>
    <con:expandNodeState>
      <con:id>5f4c7250-785c-40e0-858e-42adbee41ae0</con:id>
      <con:expandState>false</con:expandState>
    </con:expandNodeState>
    <con:expandNodeState>
      <con:id>d6eb69f6-1a9a-4ae8-b490-03b5636160fd</con:id>
      <con:expandState>false</con:expandState>
    </con:expandNodeState>
    <con:expandNodeState>
      <con:id>2780ceee-c588-448e-b00d-252092cbaf18</con:id>
      <con:expandState>false</con:expandState>
    </con:expandNodeState>
    <con:expandNodeState>
      <con:id>c2536593-f924-4cf9-ab51-7bcc7ce8ba41</con:id>
      <con:expandState>false</con:expandState>
    </con:expandNodeState>
    <con:expandNodeState>
      <con:id>c377fe19-d692-46a3-9178-5f2a244b11fd</con:id>
      <con:expandState>false</con:expandState>
    </con:expandNodeState>
    <con:expandNodeState>
      <con:id>e8a5e6c9-4ffa-4f1a-983f-b8f406e4f820</con:id>
      <con:expandState>false</con:expandState>
    </con:expandNodeState>
    <con:expandNodeState>
      <con:id>896aead0-245c-41a7-a039-c7e9cd75ead2</con:id>
      <con:expandState>false</con:expandState>
    </con:expandNodeState>
    <con:expandNodeState>
      <con:id>8b80068b-af52-4272-af4a-0dffd1635af9</con:id>
      <con:expandState>false</con:expandState>
    </con:expandNodeState>
    <con:expandNodeState>
      <con:id>c8e9853f-797b-4243-8e17-20d827d78698</con:id>
      <con:expandState>false</con:expandState>
    </con:expandNodeState>
  </con:navigatorNodeCollection>
  <con:dashboardTileCollection>
    <con:dashboardTiles>
      <con:dashboardTile tileId="79a767a9-9d3d-4901-803d-7d100e908a21" tileType="NEW_TEST"/>
      <con:dashboardTile tileId="73c4d8fc-e13d-4a27-9b81-51585b9d6279" tileType="TEST_SUITE_STATUS">
        <con:settings xsi:type="con:TestStatusTileSettings" xmlns:xsi="http://www.w3.org/2001/XMLSchema-instance">
          <con:mode>
            <con:today>true</con:today>
          </con:mode>
          <con:filter>
            <con:failed>true</con:failed>
            <con:passed>true</con:passed>
            <con:unknown>true</con:unknown>
          </con:filter>
        </con:settings>
      </con:dashboardTile>
      <con:dashboardTile tileId="6ab1b9a3-4136-406e-bbc8-099a9ee9821b" tileType="TEST_CASE_STATUS_TILE">
        <con:settings xsi:type="con:TestCaseStatusTileSettings" xmlns:xsi="http://www.w3.org/2001/XMLSchema-instance">
          <con:mode>
            <con:today>true</con:today>
          </con:mode>
          <con:filter>
            <con:failed>true</con:failed>
            <con:passed>true</con:passed>
            <con:unknown>true</con:unknown>
          </con:filter>
        </con:settings>
      </con:dashboardTile>
      <con:dashboardTile tileId="6e8bb3f3-cb85-4530-a0dd-af174bae6ac1" tileType="SECURE_TILE">
        <con:settings xsi:type="con:SecureTileSettings" xmlns:xsi="http://www.w3.org/2001/XMLSchema-instance">
          <con:mode>
            <con:today>true</con:today>
          </con:mode>
          <con:scan>All Scans</con:scan>
          <con:project>All Projects</con:project>
          <con:filter>
            <con:failed>true</con:failed>
            <con:passed>true</con:passed>
            <con:standby>true</con:standby>
          </con:filter>
        </con:settings>
      </con:dashboardTile>
      <con:dashboardTile tileId="c97acf06-ea16-4078-ac9c-9aa015fd239a" tileType="LOADUI_HISTORY_TILE">
        <con:settings xsi:type="con:LoadHistoryTileSettings" xmlns:xsi="http://www.w3.org/2001/XMLSchema-instance">
          <con:mode>
            <con:today>true</con:today>
          </con:mode>
          <con:project>All Projects</con:project>
          <con:filter>
            <con:avg>true</con:avg>
            <con:duration>true</con:duration>
            <con:failures>true</con:failures>
          </con:filter>
        </con:settings>
      </con:dashboardTile>
      <con:dashboardTile tileId="b6e8a190-e6c4-4cc9-b1fa-7e6ff58399a7" tileType="SERVICEV">
        <con:settings xsi:type="con:ServiceVTileSettings" xmlns:xsi="http://www.w3.org/2001/XMLSchema-instance">
          <con:tableSettings>
            <con:column>Name</con:column>
            <con:column>Status</con:column>
            <con:column>Location</con:column>
            <con:column>Port</con:column>
          </con:tableSettings>
          <con:searchSettings>
            <con:searchType>All</con:searchType>
          </con:searchSettings>
        </con:settings>
      </con:dashboardTile>
    </con:dashboardTiles>
    <con:recentDashboardTiles/>
  </con:dashboardTileCollection>
</con:soapui-workspace>