<?xml version="1.0" encoding="UTF-8"?>
<con:soapui-workspace name="Hacking" soapui-version="6.0.0" xmlns:con="http://eviware.com/soapui/config">
  <con:settings/>
  <con:recentItemCollection>
    <con:moduleId>StarterPageModule</con:moduleId>
    <con:itemId>ab51828a-fde9-4755-a1cc-b725c0642086</con:itemId>
  </con:recentItemCollection>
  <con:recentItemCollection>
    <con:moduleId>SoapUiNGModule</con:moduleId>
    <con:itemId>9ae2ab08-8d2b-45f0-97f6-b735dbc78227</con:itemId>
    <con:itemId>01431de9-22ca-4a24-b337-658275eafa19</con:itemId>
    <con:itemId>b4c8e9ed-8877-4c87-abc0-df118058e193</con:itemId>
    <con:itemId>6a180bd9-bccd-4bcc-b79f-f4dcde8dbcb8</con:itemId>
    <con:itemId>f95daab7-140c-4429-a1a3-4bf00ad4a308</con:itemId>
  </con:recentItemCollection>
  <con:recentItemCollection>
    <con:moduleId>ProjectsModule</con:moduleId>
    <con:itemId>1b791526-3b40-4421-a560-fd8573621420</con:itemId>
    <con:itemId>04ab717f-2c24-456d-8c50-f89605378468</con:itemId>
    <con:itemId>d669cbfb-2116-4070-bc15-36e11beb6aa8</con:itemId>
    <con:itemId>2a081068-b82d-46e4-b4f8-a8b683aa6b49</con:itemId>
    <con:itemId>78225f30-ac27-4fc1-b283-2688b59cb02f</con:itemId>
  </con:recentItemCollection>
  <con:navigatorNodeCollection>
    <con:rootNodeLabel>SoapUI NG</con:rootNodeLabel>
    <con:expandNodeState>
      <con:id>ab51828a-fde9-4755-a1cc-b725c0642086</con:id>
      <con:expandState>false</con:expandState>
    </con:expandNodeState>
    <con:expandNodeState>
      <con:id>3e44b956-bb81-4e49-9f49-4d666cfbdb3e</con:id>
      <con:expandState>true</con:expandState>
    </con:expandNodeState>
    <con:expandNodeState>
      <con:id>7c19c94d-1df9-48ac-b488-576e0b3a202f</con:id>
      <con:expandState>true</con:expandState>
    </con:expandNodeState>
    <con:expandNodeState>
      <con:id>afd4f01b-1c66-4168-b75e-0ae2cd5aa4f2</con:id>
      <con:expandState>false</con:expandState>
    </con:expandNodeState>
    <con:expandNodeState>
      <con:id>1aa41219-9ad6-4f05-bbab-b1aa6c531725</con:id>
      <con:expandState>true</con:expandState>
    </con:expandNodeState>
    <con:expandNodeState>
      <con:id>708b2397-3f53-4b09-b374-f53d8a434e10</con:id>
      <con:expandState>true</con:expandState>
    </con:expandNodeState>
    <con:expandNodeState>
      <con:id>e3ede794-f15a-4ccc-96cb-fd513be14362</con:id>
      <con:expandState>false</con:expandState>
    </con:expandNodeState>
    <con:expandNodeState>
      <con:id>5ed04a33-e6b7-481c-8861-2ac78769bb55</con:id>
      <con:expandState>false</con:expandState>
    </con:expandNodeState>
    <con:expandNodeState>
      <con:id>4ee56b36-7e11-4857-bb71-d0ea1ef54d68</con:id>
      <con:expandState>false</con:expandState>
    </con:expandNodeState>
    <con:expandNodeState>
      <con:id>c130cccb-b2dd-422f-8cd8-79bb6a6448ae</con:id>
      <con:expandState>false</con:expandState>
    </con:expandNodeState>
    <con:expandNodeState>
      <con:id>ee88d1bc-b782-4d18-8aef-e20fabb17a48</con:id>
      <con:expandState>true</con:expandState>
    </con:expandNodeState>
    <con:expandNodeState>
      <con:id>7b92872c-bf35-4a0f-98bb-f79a17489540</con:id>
      <con:expandState>true</con:expandState>
    </con:expandNodeState>
    <con:expandNodeState>
      <con:id>26601d7e-0184-4046-b222-601d5e651af4</con:id>
      <con:expandState>false</con:expandState>
    </con:expandNodeState>
    <con:expandNodeState>
      <con:id>06c03165-5fad-4b5b-9515-782678247545</con:id>
      <con:expandState>false</con:expandState>
    </con:expandNodeState>
    <con:expandNodeState>
      <con:id>4c177587-ca94-4316-add3-6f6a43f8e4ac</con:id>
      <con:expandState>true</con:expandState>
    </con:expandNodeState>
    <con:expandNodeState>
      <con:id>1f2891e5-d0b5-405a-b884-61bfeaa21311</con:id>
      <con:expandState>true</con:expandState>
    </con:expandNodeState>
    <con:expandNodeState>
      <con:id>7059b3c1-901d-4e6b-8d81-801d4b440ef2</con:id>
      <con:expandState>false</con:expandState>
    </con:expandNodeState>
    <con:expandNodeState>
      <con:id>57417139-47c1-4ef4-9fb2-8a352c72a595</con:id>
      <con:expandState>false</con:expandState>
    </con:expandNodeState>
    <con:expandNodeState>
      <con:id>ee348bc3-297d-477f-986a-90568f1af050</con:id>
      <con:expandState>false</con:expandState>
    </con:expandNodeState>
    <con:expandNodeState>
      <con:id>89fc3347-9aaf-487d-a149-e02dd4f16d4c</con:id>
      <con:expandState>false</con:expandState>
    </con:expandNodeState>
    <con:expandNodeState>
      <con:id>3592e555-ce9a-4fdf-9101-f8ff1a6b27a0</con:id>
      <con:expandState>false</con:expandState>
    </con:expandNodeState>
    <con:expandNodeState>
      <con:id>b297404b-bd83-427b-9062-ee145625ded1</con:id>
      <con:expandState>false</con:expandState>
    </con:expandNodeState>
    <con:expandNodeState>
      <con:id>3276e3bc-e873-42eb-85ac-4f74160423e0</con:id>
      <con:expandState>false</con:expandState>
    </con:expandNodeState>
    <con:expandNodeState>
      <con:id>f3a56f59-8c8f-486b-b120-244fb0e090c4</con:id>
      <con:expandState>true</con:expandState>
    </con:expandNodeState>
    <con:expandNodeState>
      <con:id>deee38d4-d631-431f-8ab4-18cfe4853c2b</con:id>
      <con:expandState>true</con:expandState>
    </con:expandNodeState>
    <con:expandNodeState>
      <con:id>6bf03b37-348a-4b6b-98d6-ec32f537b077</con:id>
      <con:expandState>true</con:expandState>
    </con:expandNodeState>
    <con:expandNodeState>
      <con:id>f7ae53c5-7b63-4c61-818b-b587872476cf</con:id>
      <con:expandState>false</con:expandState>
    </con:expandNodeState>
    <con:expandNodeState>
      <con:id>db33978c-bf32-48ef-875d-a2b462cf0590</con:id>
      <con:expandState>true</con:expandState>
    </con:expandNodeState>
    <con:expandNodeState>
      <con:id>ffce1f93-6287-4bf9-beb2-41bf7125bce5</con:id>
      <con:expandState>true</con:expandState>
    </con:expandNodeState>
    <con:expandNodeState>
      <con:id>e19c668c-1e2e-4167-9dfe-14a3f47934e5</con:id>
      <con:expandState>false</con:expandState>
    </con:expandNodeState>
  </con:navigatorNodeCollection>
  <con:navigatorNodeCollection>
    <con:rootNodeLabel>Projects</con:rootNodeLabel>
    <con:expandNodeState>
      <con:id>ab51828a-fde9-4755-a1cc-b725c0642086</con:id>
      <con:expandState>true</con:expandState>
    </con:expandNodeState>
    <con:expandNodeState>
      <con:id>e3ede794-f15a-4ccc-96cb-fd513be14362</con:id>
      <con:expandState>true</con:expandState>
    </con:expandNodeState>
    <con:expandNodeState>
      <con:id>1b791526-3b40-4421-a560-fd8573621420</con:id>
      <con:expandState>true</con:expandState>
    </con:expandNodeState>
    <con:expandNodeState>
      <con:id>f82e25ec-16b0-47bd-90d2-aba93851b8b2</con:id>
      <con:expandState>true</con:expandState>
    </con:expandNodeState>
    <con:expandNodeState>
      <con:id>9fbb15a3-defd-44d6-b452-06d00eed3b3d</con:id>
      <con:expandState>true</con:expandState>
    </con:expandNodeState>
    <con:expandNodeState>
      <con:id>c130cccb-b2dd-422f-8cd8-79bb6a6448ae</con:id>
      <con:expandState>true</con:expandState>
    </con:expandNodeState>
    <con:expandNodeState>
      <con:id>2a15646b-342b-4681-b3ff-26d576e19a65</con:id>
      <con:expandState>true</con:expandState>
    </con:expandNodeState>
    <con:expandNodeState>
      <con:id>1501cce3-6968-4b35-bfd5-61c18216ae12</con:id>
      <con:expandState>true</con:expandState>
    </con:expandNodeState>
    <con:expandNodeState>
      <con:id>afd4f01b-1c66-4168-b75e-0ae2cd5aa4f2</con:id>
      <con:expandState>false</con:expandState>
    </con:expandNodeState>
    <con:expandNodeState>
      <con:id>7059b3c1-901d-4e6b-8d81-801d4b440ef2</con:id>
      <con:expandState>false</con:expandState>
    </con:expandNodeState>
    <con:expandNodeState>
      <con:id>57417139-47c1-4ef4-9fb2-8a352c72a595</con:id>
      <con:expandState>false</con:expandState>
    </con:expandNodeState>
    <con:expandNodeState>
      <con:id>ee348bc3-297d-477f-986a-90568f1af050</con:id>
      <con:expandState>false</con:expandState>
    </con:expandNodeState>
    <con:expandNodeState>
      <con:id>a3f61477-998d-4571-9922-659921fdb6d3</con:id>
      <con:expandState>false</con:expandState>
    </con:expandNodeState>
    <con:expandNodeState>
      <con:id>78225f30-ac27-4fc1-b283-2688b59cb02f</con:id>
      <con:expandState>false</con:expandState>
    </con:expandNodeState>
    <con:expandNodeState>
      <con:id>5ed04a33-e6b7-481c-8861-2ac78769bb55</con:id>
      <con:expandState>false</con:expandState>
    </con:expandNodeState>
    <con:expandNodeState>
      <con:id>4ee56b36-7e11-4857-bb71-d0ea1ef54d68</con:id>
      <con:expandState>false</con:expandState>
    </con:expandNodeState>
    <con:expandNodeState>
      <con:id>8014639c-0436-499a-83a4-12dc1e56e4f8</con:id>
      <con:expandState>false</con:expandState>
    </con:expandNodeState>
    <con:expandNodeState>
      <con:id>26601d7e-0184-4046-b222-601d5e651af4</con:id>
      <con:expandState>false</con:expandState>
    </con:expandNodeState>
    <con:expandNodeState>
      <con:id>113c2715-5778-4abe-a72c-569e5b4de4e7</con:id>
      <con:expandState>true</con:expandState>
    </con:expandNodeState>
    <con:expandNodeState>
      <con:id>8bf10945-c94f-41a6-b71d-ad9785cb44e7</con:id>
      <con:expandState>true</con:expandState>
    </con:expandNodeState>
    <con:expandNodeState>
      <con:id>89fc3347-9aaf-487d-a149-e02dd4f16d4c</con:id>
      <con:expandState>false</con:expandState>
    </con:expandNodeState>
    <con:expandNodeState>
      <con:id>2dd25251-82f1-45b4-95bc-9bfa80d3e206</con:id>
      <con:expandState>true</con:expandState>
    </con:expandNodeState>
    <con:expandNodeState>
      <con:id>59977cb5-74a7-448c-abfc-a33ec4949901</con:id>
      <con:expandState>true</con:expandState>
    </con:expandNodeState>
    <con:expandNodeState>
      <con:id>3592e555-ce9a-4fdf-9101-f8ff1a6b27a0</con:id>
      <con:expandState>true</con:expandState>
    </con:expandNodeState>
    <con:expandNodeState>
      <con:id>335ef82c-c9a3-49d8-8e58-f5abd0831e32</con:id>
      <con:expandState>true</con:expandState>
    </con:expandNodeState>
    <con:expandNodeState>
      <con:id>4254682e-2fb9-424f-abfd-75c869a348db</con:id>
      <con:expandState>true</con:expandState>
    </con:expandNodeState>
    <con:expandNodeState>
      <con:id>06c03165-5fad-4b5b-9515-782678247545</con:id>
      <con:expandState>false</con:expandState>
    </con:expandNodeState>
    <con:expandNodeState>
      <con:id>ecb25062-5f39-48a1-bd40-b9701aa735aa</con:id>
      <con:expandState>false</con:expandState>
    </con:expandNodeState>
    <con:expandNodeState>
      <con:id>b297404b-bd83-427b-9062-ee145625ded1</con:id>
      <con:expandState>true</con:expandState>
    </con:expandNodeState>
    <con:expandNodeState>
      <con:id>3276e3bc-e873-42eb-85ac-4f74160423e0</con:id>
      <con:expandState>true</con:expandState>
    </con:expandNodeState>
    <con:expandNodeState>
      <con:id>46a94dc8-b36f-4476-8575-9fbbd9a59697</con:id>
      <con:expandState>true</con:expandState>
    </con:expandNodeState>
    <con:expandNodeState>
      <con:id>a2a1d0f2-0681-445b-9dea-d19be33d3b27</con:id>
      <con:expandState>true</con:expandState>
    </con:expandNodeState>
    <con:expandNodeState>
      <con:id>04ab717f-2c24-456d-8c50-f89605378468</con:id>
      <con:expandState>false</con:expandState>
    </con:expandNodeState>
    <con:expandNodeState>
      <con:id>e622389a-49bb-4539-92ef-8a5f3238ab00</con:id>
      <con:expandState>false</con:expandState>
    </con:expandNodeState>
    <con:expandNodeState>
      <con:id>f3a56f59-8c8f-486b-b120-244fb0e090c4</con:id>
      <con:expandState>false</con:expandState>
    </con:expandNodeState>
    <con:expandNodeState>
      <con:id>d140c54e-ae76-4971-bbdb-d29aebbc7924</con:id>
      <con:expandState>true</con:expandState>
    </con:expandNodeState>
    <con:expandNodeState>
      <con:id>8aa943fd-c687-4d49-8d74-0f145ca8d334</con:id>
      <con:expandState>true</con:expandState>
    </con:expandNodeState>
    <con:expandNodeState>
      <con:id>d3950a5f-b3ef-42ec-b00a-521c49eff909</con:id>
      <con:expandState>true</con:expandState>
    </con:expandNodeState>
    <con:expandNodeState>
      <con:id>9d8cd78b-7d44-48db-8b3d-1049c4eba530</con:id>
      <con:expandState>true</con:expandState>
    </con:expandNodeState>
    <con:expandNodeState>
      <con:id>c0173ee4-012f-4ea1-9e94-6fbb19cd2712</con:id>
      <con:expandState>true</con:expandState>
    </con:expandNodeState>
    <con:expandNodeState>
      <con:id>6225c693-e7f7-4593-bdfb-f18f2c882a8f</con:id>
      <con:expandState>true</con:expandState>
    </con:expandNodeState>
    <con:expandNodeState>
      <con:id>c603936d-603a-41c2-8f12-4ee103229e2d</con:id>
      <con:expandState>false</con:expandState>
    </con:expandNodeState>
    <con:expandNodeState>
      <con:id>e19c668c-1e2e-4167-9dfe-14a3f47934e5</con:id>
      <con:expandState>false</con:expandState>
    </con:expandNodeState>
    <con:expandNodeState>
      <con:id>74ea3970-0742-4875-b15e-be70576fe40b</con:id>
      <con:expandState>true</con:expandState>
    </con:expandNodeState>
    <con:expandNodeState>
      <con:id>d669cbfb-2116-4070-bc15-36e11beb6aa8</con:id>
      <con:expandState>true</con:expandState>
    </con:expandNodeState>
    <con:expandNodeState>
      <con:id>2a081068-b82d-46e4-b4f8-a8b683aa6b49</con:id>
      <con:expandState>false</con:expandState>
    </con:expandNodeState>
  </con:navigatorNodeCollection>
  <con:collectInfoForSupport>false</con:collectInfoForSupport>
</con:soapui-workspace>