<?xml version="1.0" encoding="UTF-8"?>
<con:soapui-project id="8b80068b-af52-4272-af4a-0dffd1635af9" created="2.3.0" activeEnvironment="Default environment" name="SFD114912" updated="2.4.0 2018-06-08T12:50:23Z" encryptionMode="Not encrypted" resourceRoot="" xmlns:con="http://eviware.com/soapui/config">
  <con:settings/>
  <con:interface xsi:type="con:RestService" id="03550fd9-6246-4912-b0eb-f3d4980ae7fa" wadlVersion="http://wadl.dev.java.net/2009/02" name="/assets/devices/{id}" type="rest" xmlns:xsi="http://www.w3.org/2001/XMLSchema-instance">
    <con:settings/>
    <con:definitionCache type="TEXT" rootPart=""/>
    <con:endpoints/>
    <con:resource name="/assets/devices/{id}" path="/assets/devices/{id}" id="b0ae43e8-eba4-483e-8c62-2ba450bdc193">
      <con:settings/>
      <con:parameters>
        <con:parameter>
          <con:name>id</con:name>
          <con:value/>
          <con:style>TEMPLATE</con:style>
          <con:default/>
          <con:description xsi:nil="true"/>
        </con:parameter>
        <con:parameter>
          <con:name>X-TNGO-TENANT</con:name>
          <con:value/>
          <con:style>HEADER</con:style>
          <con:default/>
          <con:description xsi:nil="true"/>
        </con:parameter>
        <con:parameter>
          <con:name>Authorization</con:name>
          <con:value/>
          <con:style>HEADER</con:style>
          <con:default/>
          <con:description xsi:nil="true"/>
        </con:parameter>
        <con:parameter>
          <con:name>client_id</con:name>
          <con:value/>
          <con:style>HEADER</con:style>
          <con:default/>
          <con:description xsi:nil="true"/>
        </con:parameter>
        <con:parameter>
          <con:name>client_secret</con:name>
          <con:value/>
          <con:style>HEADER</con:style>
          <con:default/>
          <con:description xsi:nil="true"/>
        </con:parameter>
      </con:parameters>
      <con:method name="Devices" id="24686275-dd5b-4fef-930d-17374dc1670e" method="GET">
        <con:settings/>
        <con:parameters/>
        <con:representation type="RESPONSE">
          <con:mediaType>application/json;charset=UTF-8</con:mediaType>
          <con:status>200</con:status>
          <con:params/>
          <con:element xmlns:ns="https://tngo-qa-mobproc.cloudhub.io/mobproc/v1.qa/assets/devices/36819056">ns:Response</con:element>
        </con:representation>
        <con:representation type="FAULT">
          <con:mediaType>application/json</con:mediaType>
          <con:status>500</con:status>
          <con:params/>
          <con:element xmlns:ns="https://tngo-qa-mobproc.cloudhub.io/mobproc/v1.qa/assets/devices/36819056">ns:Fault</con:element>
        </con:representation>
        <con:request name="Request 1" id="440f0fc3-e30f-46bf-9470-20a80a15c921" mediaType="application/json">
          <con:settings/>
          <con:request/>
          <con:credentials>
            <con:selectedAuthProfile>No Authorization</con:selectedAuthProfile>
            <con:authType>No Authorization</con:authType>
          </con:credentials>
          <con:jmsConfig JMSDeliveryMode="PERSISTENT"/>
          <con:parameters/>
          <con:parameterOrder>
            <con:entry>X-TNGO-TENANT</con:entry>
            <con:entry>Authorization</con:entry>
            <con:entry>client_id</con:entry>
            <con:entry>client_secret</con:entry>
            <con:entry>id</con:entry>
          </con:parameterOrder>
        </con:request>
      </con:method>
    </con:resource>
  </con:interface>
  <con:interface xsi:type="con:RestService" id="cafa3471-f49e-4c90-94c1-331ef8f3b3b5" wadlVersion="http://wadl.dev.java.net/2009/02" name="/assets/services/{id}" type="rest" xmlns:xsi="http://www.w3.org/2001/XMLSchema-instance">
    <con:settings/>
    <con:definitionCache type="TEXT" rootPart=""/>
    <con:endpoints/>
    <con:resource name="/assets/services/{id}" path="/assets/services/{id}" id="400c100d-a46f-48e9-b37b-ba449feffdad">
      <con:settings/>
      <con:parameters>
        <con:parameter>
          <con:name>id</con:name>
          <con:value/>
          <con:style>TEMPLATE</con:style>
          <con:default/>
          <con:description xsi:nil="true"/>
        </con:parameter>
        <con:parameter>
          <con:name>X-TNGO-TENANT</con:name>
          <con:value/>
          <con:style>HEADER</con:style>
          <con:default/>
          <con:description xsi:nil="true"/>
        </con:parameter>
        <con:parameter>
          <con:name>Authorization</con:name>
          <con:value/>
          <con:style>HEADER</con:style>
          <con:default/>
          <con:description xsi:nil="true"/>
        </con:parameter>
        <con:parameter>
          <con:name>client_id</con:name>
          <con:value/>
          <con:style>HEADER</con:style>
          <con:default/>
          <con:description xsi:nil="true"/>
        </con:parameter>
        <con:parameter>
          <con:name>client_secret</con:name>
          <con:value/>
          <con:style>HEADER</con:style>
          <con:default/>
          <con:description xsi:nil="true"/>
        </con:parameter>
      </con:parameters>
      <con:method name="Services" id="f5d83e67-1ea5-4756-b1b9-443a44fc42b9" method="GET">
        <con:settings/>
        <con:parameters/>
        <con:representation type="RESPONSE">
          <con:mediaType>application/json;charset=UTF-8</con:mediaType>
          <con:status>200</con:status>
          <con:params/>
          <con:element xmlns:ns="https://tngo-qa-mobproc.cloudhub.io/mobproc/v1.qa/assets/devices/36819056">ns:Response</con:element>
        </con:representation>
        <con:representation type="FAULT">
          <con:mediaType>application/json</con:mediaType>
          <con:status>500</con:status>
          <con:params/>
          <con:element xmlns:ns="https://tngo-qa-mobproc.cloudhub.io/mobproc/v1.qa/assets/devices/36819056">ns:Fault</con:element>
        </con:representation>
        <con:representation type="RESPONSE">
          <con:mediaType xsi:nil="true"/>
          <con:status>0</con:status>
          <con:params/>
          <con:element>data</con:element>
        </con:representation>
        <con:request name="Request 1" id="712a08ad-ba58-4fd3-86c8-e83b3967249c" mediaType="application/json">
          <con:settings/>
          <con:request/>
          <con:credentials>
            <con:selectedAuthProfile>No Authorization</con:selectedAuthProfile>
            <con:authType>No Authorization</con:authType>
          </con:credentials>
          <con:jmsConfig JMSDeliveryMode="PERSISTENT"/>
          <con:parameters/>
          <con:parameterOrder>
            <con:entry>X-TNGO-TENANT</con:entry>
            <con:entry>Authorization</con:entry>
            <con:entry>client_id</con:entry>
            <con:entry>client_secret</con:entry>
            <con:entry>id</con:entry>
          </con:parameterOrder>
        </con:request>
      </con:method>
    </con:resource>
  </con:interface>
  <con:interface xsi:type="con:RestService" id="da134149-ce4f-4c95-8a93-b52ba0a309e3" wadlVersion="http://wadl.dev.java.net/2009/02" name="/orders POST" type="rest" xmlns:xsi="http://www.w3.org/2001/XMLSchema-instance">
    <con:settings/>
    <con:definitionCache type="TEXT" rootPart=""/>
    <con:endpoints>
      <con:endpoint>http://tg-mobility.cloudhub.io</con:endpoint>
    </con:endpoints>
    <con:resource name="/orders POST" path="/orders" id="4a6836db-33d5-46df-8ded-6da408032efe">
      <con:settings/>
      <con:parameters>
        <con:parameter>
          <con:name>X-TNGO-TENANT</con:name>
          <con:value/>
          <con:style>HEADER</con:style>
          <con:default/>
          <con:description xsi:nil="true"/>
        </con:parameter>
        <con:parameter>
          <con:name>confirm</con:name>
          <con:value/>
          <con:style>QUERY</con:style>
          <con:default/>
          <con:description xsi:nil="true"/>
        </con:parameter>
        <con:parameter>
          <con:name>Authorization</con:name>
          <con:value/>
          <con:style>HEADER</con:style>
          <con:default/>
          <con:description xsi:nil="true"/>
        </con:parameter>
        <con:parameter>
          <con:name>X-TNGO-CONTEXT-COMPANYEMPLOYEEID</con:name>
          <con:value/>
          <con:style>HEADER</con:style>
          <con:default/>
          <con:description xsi:nil="true"/>
        </con:parameter>
        <con:parameter>
          <con:name>client_id</con:name>
          <con:value/>
          <con:style>HEADER</con:style>
          <con:default/>
          <con:description xsi:nil="true"/>
        </con:parameter>
        <con:parameter>
          <con:name>client_secret</con:name>
          <con:value/>
          <con:style>HEADER</con:style>
          <con:default/>
          <con:description xsi:nil="true"/>
        </con:parameter>
      </con:parameters>
      <con:method name="PostOrders" id="49d948b5-3d18-46ac-90b0-80b01de7fc8f" method="POST">
        <con:settings/>
        <con:parameters/>
        <con:representation type="FAULT">
          <con:mediaType>application/json</con:mediaType>
          <con:status>403 400 500</con:status>
          <con:params/>
          <con:element xmlns:dev="http://tg-mobility.cloudhub.io/mobility/v1/assets/devices">dev:Fault</con:element>
        </con:representation>
        <con:representation type="RESPONSE">
          <con:mediaType>application/json;charset=UTF-8</con:mediaType>
          <con:status>200</con:status>
          <con:params/>
          <con:element xmlns:dev="http://tg-mobility.cloudhub.io/mobility/v1/assets/devices">dev:Response</con:element>
        </con:representation>
        <con:representation type="RESPONSE">
          <con:mediaType xsi:nil="true"/>
          <con:status>0</con:status>
          <con:params/>
          <con:element>data</con:element>
        </con:representation>
        <con:representation type="REQUEST">
          <con:mediaType>application/json</con:mediaType>
          <con:params/>
        </con:representation>
        <con:representation type="RESPONSE">
          <con:mediaType>application/json</con:mediaType>
          <con:status>200</con:status>
          <con:params/>
        </con:representation>
        <con:representation type="FAULT">
          <con:mediaType xsi:nil="true"/>
          <con:status>404</con:status>
          <con:params/>
          <con:element>data</con:element>
        </con:representation>
        <con:representation type="RESPONSE">
          <con:mediaType xsi:nil="true"/>
          <con:status>0</con:status>
          <con:params/>
          <con:element>data</con:element>
        </con:representation>
        <con:representation type="RESPONSE">
          <con:mediaType xsi:nil="true"/>
          <con:status>0</con:status>
          <con:params/>
          <con:element>data</con:element>
        </con:representation>
        <con:representation type="RESPONSE">
          <con:mediaType xsi:nil="true"/>
          <con:status>0</con:status>
          <con:params/>
          <con:element>data</con:element>
        </con:representation>
        <con:representation type="RESPONSE">
          <con:mediaType xsi:nil="true"/>
          <con:status>0</con:status>
          <con:params/>
          <con:element>data</con:element>
        </con:representation>
        <con:representation type="RESPONSE">
          <con:mediaType xsi:nil="true"/>
          <con:status>0</con:status>
          <con:params/>
          <con:element>data</con:element>
        </con:representation>
        <con:representation type="RESPONSE">
          <con:mediaType xsi:nil="true"/>
          <con:status>0</con:status>
          <con:params/>
          <con:element>data</con:element>
        </con:representation>
        <con:representation type="RESPONSE">
          <con:mediaType xsi:nil="true"/>
          <con:status>0</con:status>
          <con:params/>
          <con:element>data</con:element>
        </con:representation>
        <con:representation type="RESPONSE">
          <con:mediaType xsi:nil="true"/>
          <con:status>0</con:status>
          <con:params/>
          <con:element>data</con:element>
        </con:representation>
        <con:representation type="RESPONSE">
          <con:mediaType xsi:nil="true"/>
          <con:status>0</con:status>
          <con:params/>
          <con:element>data</con:element>
        </con:representation>
        <con:representation type="RESPONSE">
          <con:mediaType xsi:nil="true"/>
          <con:status>0</con:status>
          <con:params/>
          <con:element>data</con:element>
        </con:representation>
        <con:representation type="RESPONSE">
          <con:mediaType xsi:nil="true"/>
          <con:status>0</con:status>
          <con:params/>
          <con:element>data</con:element>
        </con:representation>
        <con:request name="PostOrders" id="602ef663-7dc0-4e0e-ad53-ae0f454040f7" mediaType="application/json" postQueryString="false">
          <con:settings>
            <con:setting id="com.eviware.soapui.impl.wsdl.WsdlRequest@request-headers">&lt;xml-fragment/></con:setting>
          </con:settings>
          <con:endpoint>NoData</con:endpoint>
          <con:request>{
  "orderRequest": {
    "externalOrderNumber": ${#TestCase#ExternalOrderNumber},
    "transactionType": "DEACTIVATE",
    "serviceId": ${#TestCase#serviceID},
    "accountHolderCompanyEmployeeId":  ${#TestCase#CompanyEmployeeId},
    "properties": [
      {
        "groupId": "MISCELLANEOUS",
        "fields": [
          {
            "id": "CONTACT_NUMBER",
            "type": "TEXT",
            "text": "2038599360"
          },
          {
            "id": "ADDITIONAL_INSTRUCTIONS",
            "type": "TEXT",
            "text": ${#TestCase#Instructions}
          },
          {
            "id": "PREFERRED_DEACTIVATION_DATE",
            "type": "DATE",
            "date": ${#TestCase#PreferredDeactivationDate}
          },
          {
            "id": "SERVICE_NUMBER",
            "type": "TEXT",
            "text": ${#TestCase#ServiceNumber}
          }
        ]
      }
    ]
  }
}</con:request>
          <con:originalUri>http://tg-mobility.cloudhub.io/mobility/v1/assets/devices</con:originalUri>
          <con:credentials>
            <con:selectedAuthProfile>No Authorization</con:selectedAuthProfile>
            <con:authType>No Authorization</con:authType>
          </con:credentials>
          <con:jmsConfig JMSDeliveryMode="PERSISTENT"/>
          <con:jmsPropertyConfig/>
          <con:parameters>
            <con:entry key="companyEmployeeId" value="Dudley.Doright2.XX1"/>
            <con:entry key="Authorize" value="Bearer 555"/>
          </con:parameters>
          <con:parameterOrder>
            <con:entry>X-TNGO-CONTEXT-COMPANYEMPLOYEEID</con:entry>
            <con:entry>X-TNGO-TENANT</con:entry>
            <con:entry>confirm</con:entry>
            <con:entry>Authorization</con:entry>
            <con:entry>client_id</con:entry>
            <con:entry>client_secret</con:entry>
          </con:parameterOrder>
        </con:request>
      </con:method>
    </con:resource>
  </con:interface>
  <con:interface xsi:type="con:RestService" id="43e6a6bf-2a99-41d3-b06c-cd3d6e8e02aa" wadlVersion="http://wadl.dev.java.net/2009/02" name="/orders/{id}" type="rest" xmlns:xsi="http://www.w3.org/2001/XMLSchema-instance">
    <con:settings/>
    <con:definitionCache type="TEXT" rootPart=""/>
    <con:endpoints>
      <con:endpoint>https://tngo-dev-mobproc-cmd.cloudhub.io</con:endpoint>
    </con:endpoints>
    <con:resource name="/orders/{id}" path="/orders/{id}" id="49352118-a202-4d80-99dc-240b9202bccb">
      <con:settings/>
      <con:parameters>
        <con:parameter>
          <con:name>X-TNGO-TENANT</con:name>
          <con:value/>
          <con:style>HEADER</con:style>
          <con:default/>
          <con:description xsi:nil="true"/>
        </con:parameter>
        <con:parameter>
          <con:name>Authorization</con:name>
          <con:value/>
          <con:style>HEADER</con:style>
          <con:default/>
          <con:description xsi:nil="true"/>
        </con:parameter>
        <con:parameter>
          <con:name>client_id</con:name>
          <con:value/>
          <con:style>HEADER</con:style>
          <con:default/>
          <con:description xsi:nil="true"/>
        </con:parameter>
        <con:parameter>
          <con:name>client_secret</con:name>
          <con:value/>
          <con:style>HEADER</con:style>
          <con:default/>
          <con:description xsi:nil="true"/>
        </con:parameter>
        <con:parameter>
          <con:name>id</con:name>
          <con:style>TEMPLATE</con:style>
        </con:parameter>
        <con:parameter>
          <con:name>X-TNGO-CONTEXT-ACTIVITYID</con:name>
          <con:value/>
          <con:style>HEADER</con:style>
          <con:default/>
          <con:description xsi:nil="true"/>
        </con:parameter>
      </con:parameters>
      <con:method name="/orders/{id}" id="d81c6206-6da8-4d08-8ddd-5e4f66ca969b" method="GET">
        <con:settings/>
        <con:parameters/>
        <con:representation type="RESPONSE">
          <con:mediaType>application/json;charset=UTF-8</con:mediaType>
          <con:status>200</con:status>
          <con:params/>
          <con:element xmlns:ven="https://tngo-qa-mobproc-cmd.cloudhub.io/mobproc/v1.qa/vendors">ven:Response</con:element>
        </con:representation>
        <con:request name="Request 1" id="b78376fa-2703-4eab-9cd2-84c95c40be3a" mediaType="application/json">
          <con:settings>
            <con:setting id="com.eviware.soapui.impl.wsdl.WsdlRequest@request-headers">&lt;xml-fragment/></con:setting>
          </con:settings>
          <con:endpoint>None</con:endpoint>
          <con:request/>
          <con:credentials>
            <con:selectedAuthProfile>No Authorization</con:selectedAuthProfile>
            <con:authType>No Authorization</con:authType>
          </con:credentials>
          <con:jmsConfig JMSDeliveryMode="PERSISTENT"/>
          <con:parameters/>
          <con:parameterOrder>
            <con:entry>X-TNGO-TENANT</con:entry>
            <con:entry>Authorization</con:entry>
            <con:entry>client_id</con:entry>
            <con:entry>client_secret</con:entry>
            <con:entry>id</con:entry>
            <con:entry>X-TNGO-CONTEXT-ACTIVITYID</con:entry>
          </con:parameterOrder>
        </con:request>
      </con:method>
    </con:resource>
  </con:interface>
  <con:interface xsi:type="con:RestService" id="4d464330-d636-43b7-a905-76a499064701" wadlVersion="http://wadl.dev.java.net/2009/02" name="Assets Services" type="rest" xmlns:xsi="http://www.w3.org/2001/XMLSchema-instance">
    <con:settings/>
    <con:definitionCache type="TEXT" rootPart=""/>
    <con:endpoints>
      <con:endpoint>https://tngo-dev-mobproc-cmd.cloudhub.io</con:endpoint>
    </con:endpoints>
    <con:resource name="Services" path="/assets/services" id="58efb50f-8ef3-43b9-bb4a-d858cb47042f">
      <con:settings/>
      <con:parameters>
        <con:parameter>
          <con:name>sortAscending</con:name>
          <con:value>true</con:value>
          <con:style>QUERY</con:style>
          <con:default>true</con:default>
          <con:path xsi:nil="true"/>
          <con:description xsi:nil="true"/>
        </con:parameter>
        <con:parameter>
          <con:name>offset</con:name>
          <con:value>0</con:value>
          <con:style>QUERY</con:style>
          <con:default>0</con:default>
          <con:path xsi:nil="true"/>
          <con:description xsi:nil="true"/>
        </con:parameter>
        <con:parameter>
          <con:name>limit</con:name>
          <con:value>10</con:value>
          <con:style>QUERY</con:style>
          <con:default>10</con:default>
          <con:path xsi:nil="true"/>
          <con:description xsi:nil="true"/>
        </con:parameter>
        <con:parameter>
          <con:name>companyEmployeeId</con:name>
          <con:value/>
          <con:style>QUERY</con:style>
          <con:default/>
          <con:description xsi:nil="true"/>
        </con:parameter>
        <con:parameter>
          <con:name>department</con:name>
          <con:value/>
          <con:style>QUERY</con:style>
          <con:default/>
          <con:description xsi:nil="true"/>
        </con:parameter>
        <con:parameter>
          <con:name>employee</con:name>
          <con:value/>
          <con:style>QUERY</con:style>
          <con:default/>
          <con:description xsi:nil="true"/>
        </con:parameter>
        <con:parameter>
          <con:name>includeSubDepartments</con:name>
          <con:value/>
          <con:style>QUERY</con:style>
          <con:default/>
          <con:description xsi:nil="true"/>
        </con:parameter>
        <con:parameter>
          <con:name>serviceNumber</con:name>
          <con:value/>
          <con:style>QUERY</con:style>
          <con:default/>
          <con:description xsi:nil="true"/>
        </con:parameter>
        <con:parameter>
          <con:name>status</con:name>
          <con:value/>
          <con:style>QUERY</con:style>
          <con:default/>
          <con:description xsi:nil="true"/>
        </con:parameter>
        <con:parameter>
          <con:name>transactionType</con:name>
          <con:value/>
          <con:style>QUERY</con:style>
          <con:default/>
          <con:description xsi:nil="true"/>
        </con:parameter>
        <con:parameter>
          <con:name>vendor</con:name>
          <con:value/>
          <con:style>QUERY</con:style>
          <con:default/>
          <con:description xsi:nil="true"/>
        </con:parameter>
        <con:parameter>
          <con:name>X-TNGO-TENANT</con:name>
          <con:value/>
          <con:style>HEADER</con:style>
          <con:default/>
          <con:description xsi:nil="true"/>
        </con:parameter>
        <con:parameter>
          <con:name>Authorization</con:name>
          <con:value/>
          <con:style>HEADER</con:style>
          <con:default/>
          <con:description xsi:nil="true"/>
        </con:parameter>
        <con:parameter>
          <con:name>client_id</con:name>
          <con:value/>
          <con:style>HEADER</con:style>
          <con:default/>
          <con:description xsi:nil="true"/>
        </con:parameter>
        <con:parameter>
          <con:name>client_secret</con:name>
          <con:value/>
          <con:style>HEADER</con:style>
          <con:default/>
          <con:description xsi:nil="true"/>
        </con:parameter>
        <con:parameter>
          <con:name>dateTimeUpdated</con:name>
          <con:value/>
          <con:style>QUERY</con:style>
          <con:default/>
          <con:description xsi:nil="true"/>
        </con:parameter>
      </con:parameters>
      <con:method name="Services" id="9465c459-9cc3-44cc-b02e-3c42d50e88f3" method="GET">
        <con:settings/>
        <con:parameters/>
        <con:representation type="RESPONSE">
          <con:mediaType>application/json;charset=UTF-8</con:mediaType>
          <con:status>200</con:status>
          <con:params/>
          <con:element xmlns:ser="https://tngo-qa-mobproc-cmd.cloudhub.io/mobproc/v1.qa/assets/services">ser:Response</con:element>
        </con:representation>
        <con:representation type="FAULT">
          <con:mediaType>application/json</con:mediaType>
          <con:status>403</con:status>
          <con:params/>
        </con:representation>
        <con:request name="Request 1" id="bf77a39e-461c-4f95-a9da-6e0ff93f55db" mediaType="application/json">
          <con:settings>
            <con:setting id="com.eviware.soapui.impl.wsdl.WsdlRequest@request-headers">&lt;xml-fragment/></con:setting>
          </con:settings>
          <con:endpoint>None</con:endpoint>
          <con:request/>
          <con:credentials>
            <con:selectedAuthProfile>No Authorization</con:selectedAuthProfile>
            <con:authType>No Authorization</con:authType>
          </con:credentials>
          <con:jmsConfig JMSDeliveryMode="PERSISTENT"/>
          <con:parameters>
            <con:entry key="sortAscending" value=""/>
            <con:entry key="offset" value=""/>
            <con:entry key="limit" value=""/>
          </con:parameters>
          <con:parameterOrder>
            <con:entry>X-TNGO-TENANT</con:entry>
            <con:entry>Authorization</con:entry>
            <con:entry>client_id</con:entry>
            <con:entry>client_secret</con:entry>
            <con:entry>sortAscending</con:entry>
            <con:entry>offset</con:entry>
            <con:entry>limit</con:entry>
            <con:entry>companyEmployeeId</con:entry>
            <con:entry>department</con:entry>
            <con:entry>employee</con:entry>
            <con:entry>includeSubDepartments</con:entry>
            <con:entry>serviceNumber</con:entry>
            <con:entry>status</con:entry>
            <con:entry>transactionType</con:entry>
            <con:entry>vendor</con:entry>
            <con:entry>dateTimeUpdated</con:entry>
          </con:parameterOrder>
        </con:request>
      </con:method>
    </con:resource>
  </con:interface>
  <con:testSuite id="79ef85d5-e8fd-4820-a00d-c7001977b3ff" name="TS_SFD114912">
    <con:settings/>
    <con:runType>SEQUENTIAL</con:runType>
    <con:testCase id="3952dde3-0dc2-47b5-86e8-f2cdc99e4ff0" failOnError="true" failTestCaseOnErrors="true" keepSession="false" maxResults="0" name="TC_OrdersPostDeactivate_SFD114912" searchProperties="true">
      <con:settings/>
      <con:savedRecentRuns>1</con:savedRecentRuns>
      <con:testStep type="groovy" name="SetupPropertiesOrderPostDeactivate" id="341d968b-734c-4187-857a-16901ee53f9d">
        <con:settings/>
        <con:config>
          <script>// /////////////////////////////////////////////
// This sets up all of the test case properties
// /////////////////////////////////////////////

def groovyUtils = new com.eviware.soapui.support.GroovyUtils( context ); 
def projectPath = groovyUtils.projectPath //gets the path of the project root

// this is sanity check with a simple call. all this does is verify a simple connection 
// to the external clases by logging a message in log window.
soapUIScripts.CommonMethods.StaticMethod(log) 

// setup test case properties stored in 'DudleyDorightDataActions' class.
soapUIScripts.DudleyDorightDataActions.SetupTestCaseProperties(log, testRunner) 

// read in token pair and put in test case properties.
// NOTE: token pair must be in same folder as project
//       token pair must be up to date (not expired)
assert(soapUIScripts.CommonMethods.ReadTokenPair(projectPath + "\\" + "TokenPair.txt", log, testRunner) == true)

/* Reads user Ids and assigns to test case properties. */
def UrlIdsFileName = projectPath + "\\" + "DudleyDoright.txt"
assert soapUIScripts.CommonMethods.ReadUserIdsURL(UrlIdsFileName, log, testRunner) == true

def userIdsFileName = projectPath + "\\" + "AnaUserData.txt"
assert soapUIScripts.CommonMethods.ReadUserIdsURL(userIdsFileName, log, testRunner) == true


// Generate a new External Order Number
String externalOrderNumber = soapUIScripts.CommonMethods.GenerateExternalOrderNumber()

def deviceId = testRunner.testCase.getPropertyValue("DeviceId")
def serviceId = testRunner.testCase.getPropertyValue("ServiceId")
def serviceNumber = testRunner.testCase.getPropertyValue("ServiceNumber")
def cmpEmployeeId = testRunner.testCase.getPropertyValue("CompanyEmployeeId")
def instructions = "This is a message Sent By QA"
def deactivationDate = "2099-10-28T00:00:00-05:00"

testRunner.testCase.setPropertyValue( "ServiceIdRequest", "\"" + serviceId + "\"")
testRunner.testCase.setPropertyValue( "InstructionsRequest", "\"" + instructions + "\"")
testRunner.testCase.setPropertyValue( "CompanyEmployeeIdRequest", "\"" + cmpEmployeeId + "\"")
testRunner.testCase.setPropertyValue( "PreferredDeactivationDateRequest", "\"" + deactivationDate + "\"")
testRunner.testCase.setPropertyValue( "ServiceNumberRequest", "\"" + serviceNumber + "\"")
testRunner.testCase.setPropertyValue( "ExternalOrderNumberRequest", "\"" + externalOrderNumber + "\"")


/* Service Number and Service Id with no quotes, to be used on step 'VerifyJsonResponseOrderDeactivate'  */
testRunner.testCase.setPropertyValue( "serviceNumber", serviceNumber)
testRunner.testCase.setPropertyValue( "serviceId", serviceId)
testRunner.testCase.setPropertyValue( "deviceId", deviceId)
testRunner.testCase.setPropertyValue( "extOrderNumber", externalOrderNumber)
testRunner.testCase.setPropertyValue( "Instructions", instructions)
testRunner.testCase.setPropertyValue( "PreferredDeactivationDate", deactivationDate)


/* Reads administrator Ids and assigns to test case properties. */
def adminInfoFileName = projectPath + "\\" + "AdministratorInformation.txt"
assert soapUIScripts.CommonMethods.ReadUserIds(adminInfoFileName, log, testRunner) == true

/* Set up context variables for the admin info that is read from file. */
context.AdminFirstName = testRunner.testCase.getPropertyValue("AdminFirstName")
context.AdminLastName = testRunner.testCase.getPropertyValue("AdminLastName")
context.AdminId = testRunner.testCase.getPropertyValue("AdminId")
context.AdminCompanyEmployeeId = testRunner.testCase.getPropertyValue("AdminCompanyEmployeeId")
context.AdminDepartmentName = testRunner.testCase.getPropertyValue("AdminDepartmentName")
context.AdminDepartmentId = testRunner.testCase.getPropertyValue("AdminDepartmentId")
context.AdminEmail = testRunner.testCase.getPropertyValue("AdminEmail")
context.AdminStatus = testRunner.testCase.getPropertyValue("AdminStatus")
context.AdminPhone = testRunner.testCase.getPropertyValue("AdminPhone")

log.info "External Order Number: " + externalOrderNumber</script>
        </con:config>
      </con:testStep>
      <con:testStep type="restrequest" name="GetAssetsServices" id="20baf383-2a0f-4174-b459-f4ad25c7f0ae">
        <con:settings/>
        <con:config service="Assets Services" resourcePath="/assets/services" methodName="Services" xsi:type="con:RestRequestStep" xmlns:xsi="http://www.w3.org/2001/XMLSchema-instance">
          <con:restRequest name="GetAssetsServices" id="bf77a39e-461c-4f95-a9da-6e0ff93f55db" mediaType="application/json">
            <con:settings>
              <con:setting id="com.eviware.soapui.impl.wsdl.WsdlRequest@request-headers">&lt;xml-fragment/></con:setting>
            </con:settings>
            <con:endpoint>${#TestCase#URL}</con:endpoint>
            <con:request/>
            <con:originalUri>https://tngo-qa-mobproc.cloudhub.io/mobproc/v1.qa/assets/services</con:originalUri>
            <con:assertion type="Valid HTTP Status Codes" id="0dceda26-dacd-41dc-bcec-399994051024" name="Valid HTTP Status Codes">
              <con:settings/>
              <con:configuration>
                <codes>200</codes>
              </con:configuration>
            </con:assertion>
            <con:credentials>
              <con:selectedAuthProfile>Inherit From Parent</con:selectedAuthProfile>
              <con:authType>No Authorization</con:authType>
            </con:credentials>
            <con:jmsConfig JMSDeliveryMode="PERSISTENT"/>
            <con:parameters>
              <con:entry key="Authorization" value="Bearer ${#TestCase#AccessToken}"/>
              <con:entry key="sortAscending" value=""/>
              <con:entry key="X-TNGO-TENANT" value="${#TestCase#Tenant}"/>
              <con:entry key="limit" value="100"/>
              <con:entry key="client_secret" value="${#TestCase#clientSecret}"/>
              <con:entry key="companyEmployeeId" value="ana.pace.xx1"/>
              <con:entry key="client_id" value="${#TestCase#clientId}"/>
              <con:entry key="status" value="ACTIVE"/>
            </con:parameters>
            <con:parameterOrder>
              <con:entry>X-TNGO-TENANT</con:entry>
              <con:entry>Authorization</con:entry>
              <con:entry>client_id</con:entry>
              <con:entry>client_secret</con:entry>
              <con:entry>sortAscending</con:entry>
              <con:entry>offset</con:entry>
              <con:entry>limit</con:entry>
              <con:entry>companyEmployeeId</con:entry>
              <con:entry>department</con:entry>
              <con:entry>employee</con:entry>
              <con:entry>includeSubDepartments</con:entry>
              <con:entry>serviceNumber</con:entry>
              <con:entry>status</con:entry>
              <con:entry>transactionType</con:entry>
              <con:entry>vendor</con:entry>
              <con:entry>dateTimeUpdated</con:entry>
            </con:parameterOrder>
          </con:restRequest>
        </con:config>
      </con:testStep>
      <con:testStep type="groovy" name="GetAssetServiceId" id="ec07feff-adea-426c-aca6-c30e9fcc9349">
        <con:settings/>
        <con:config>
          <script>import groovy.json.JsonSlurper 
def groovyUtils = new com.eviware.soapui.support.GroovyUtils( context ); 
def testCase = context.testCase; 
def testStep = testCase.getTestStepByName("GetAssetsServices") 

// get response of last test step run.
def response = testStep.testRequest.messageExchange.response.responseContent
def slurper = new JsonSlurper()
def json = slurper.parseText response


testRunner.testCase.setPropertyValue("serviceId", json.services.items[0].id)
testRunner.testCase.setPropertyValue("serviceIdRequest", "\"" + json.services.items[0].id + "\"")

log.info testRunner.testCase.getPropertyValue("serviceId")
log.info testRunner.testCase.getPropertyValue("serviceIdRequest")</script>
        </con:config>
      </con:testStep>
      <con:testStep type="restrequest" name="GetAssetServiceById" id="68f3919f-b797-4fb8-8e04-0c880d2955ea">
        <con:settings/>
        <con:config service="/assets/services/{id}" resourcePath="/assets/services/{id}" methodName="Services" xsi:type="con:RestRequestStep" xmlns:xsi="http://www.w3.org/2001/XMLSchema-instance">
          <con:restRequest name="GetAssetServiceById" id="712a08ad-ba58-4fd3-86c8-e83b3967249c" mediaType="application/json">
            <con:settings>
              <con:setting id="com.eviware.soapui.impl.wsdl.WsdlRequest@request-headers">&lt;xml-fragment/></con:setting>
            </con:settings>
            <con:endpoint>${#TestCase#URL}</con:endpoint>
            <con:request/>
            <con:originalUri>https://tngo-qa-mobproc.cloudhub.io/mobproc/v1.qa/assets/services/31647595</con:originalUri>
            <con:assertion type="Valid HTTP Status Codes" id="3a47ebe3-abb7-4e70-80bf-eb35fab66e62" name="Valid HTTP Status Codes">
              <con:settings/>
              <con:configuration>
                <codes>200</codes>
              </con:configuration>
            </con:assertion>
            <con:credentials>
              <con:selectedAuthProfile>Inherit From Parent</con:selectedAuthProfile>
              <con:authType>No Authorization</con:authType>
            </con:credentials>
            <con:jmsConfig JMSDeliveryMode="PERSISTENT"/>
            <con:parameters>
              <con:entry key="Authorization" value="Bearer ${#TestCase#AccessToken}"/>
              <con:entry key="X-TNGO-TENANT" value="${#TestCase#Tenant}"/>
              <con:entry key="client_secret" value="${#TestCase#clientSecret}"/>
              <con:entry key="id" value="${#TestCase#serviceId}"/>
              <con:entry key="client_id" value="${#TestCase#clientId}"/>
            </con:parameters>
            <con:parameterOrder>
              <con:entry>X-TNGO-TENANT</con:entry>
              <con:entry>Authorization</con:entry>
              <con:entry>client_id</con:entry>
              <con:entry>client_secret</con:entry>
              <con:entry>id</con:entry>
            </con:parameterOrder>
          </con:restRequest>
        </con:config>
      </con:testStep>
      <con:testStep type="groovy" name="GetAssetData" id="83017eea-4f5e-404d-9145-ad4f7a019951">
        <con:settings/>
        <con:config>
          <script>import groovy.json.JsonSlurper 
def groovyUtils = new com.eviware.soapui.support.GroovyUtils( context ); 
def testCase = context.testCase; 
def testStep = testCase.getTestStepByName("GetAssetServiceById") 

// get response of last test step run.
def response = testStep.testRequest.messageExchange.response.responseContent
def slurper = new JsonSlurper()
def json = slurper.parseText response

String servNum = json.serviceNumber.split(",")[1]

testRunner.testCase.setPropertyValue("serviceNumber", servNum)
testRunner.testCase.setPropertyValue("serviceNumberRequest", "\"" + servNum + "\"")

log.info testRunner.testCase.getPropertyValue("serviceNumber")
log.info testRunner.testCase.getPropertyValue("serviceNumberRequest")</script>
        </con:config>
      </con:testStep>
      <con:testStep type="restrequest" name="OrderPostDeactivate_ErrorServNumberMismatch" id="964d2f6c-4f8b-4b96-9c01-3d2b5ffb8c5a">
        <con:settings/>
        <con:config service="/orders POST" resourcePath="/orders" methodName="PostOrders" xsi:type="con:RestRequestStep" xmlns:xsi="http://www.w3.org/2001/XMLSchema-instance">
          <con:restRequest name="OrderPostDeactivate_ErrorServNumberMismatch" id="78225f30-ac27-4fc1-b283-2688b59cb02f" mediaType="application/json" postQueryString="false">
            <con:settings>
              <con:setting id="com.eviware.soapui.impl.wsdl.WsdlRequest@request-headers">&lt;xml-fragment/></con:setting>
            </con:settings>
            <con:endpoint>${#TestCase#URL}</con:endpoint>
            <con:request>{
  "orderRequest": {
    "externalOrderNumber": ${#TestCase#ExternalOrderNumberRequest},
    "transactionType": "DEACTIVATE",
    "serviceId": ${#TestCase#serviceIdRequest},
    "accountHolderCompanyEmployeeId": ${#TestCase#CompanyEmployeeIdRequest},
    "properties": [
      {
        "groupId": "MISCELLANEOUS",
        "fields": [
          {
            "id": "CONTACT_NUMBER",
            "type": "TEXT",
            "text": "2038599360"
          },
          {
            "id": "ADDITIONAL_INSTRUCTIONS",
            "type": "TEXT",
            "text": ${#TestCase#InstructionsRequest}
          },
      
          {
            "id": "SERVICE_NUMBER",
            "type": "TEXT",
            "text": "5146669988"
          },
          {
            "id": "Reason",
            "type": "CHOICE",
            "choice": {
                "id": "1"
           }
          }
        ]
      }
    ]
  }
}</con:request>
            <con:originalUri>http://tg-mobility.cloudhub.io/mobility/v1/assets/devices</con:originalUri>
            <con:assertion type="Valid HTTP Status Codes" id="d15757a2-45b2-49f8-8bbd-da945d181315" name="Valid HTTP Status Codes - 200">
              <con:settings/>
              <con:configuration>
                <codes>200</codes>
              </con:configuration>
            </con:assertion>
            <con:assertion type="JsonPath Match" id="7e136a68-d3dc-47fd-8919-60759271fb6b" name="Match content of [devMessage]">
              <con:configuration>
                <path>$['errors'][0]['devMessage']</path>
                <content>Error: Service number in order properties must match the service number in the order components.</content>
                <allowWildcards>false</allowWildcards>
                <ignoreNamspaceDifferences>false</ignoreNamspaceDifferences>
                <ignoreComments>false</ignoreComments>
              </con:configuration>
            </con:assertion>
            <con:assertion type="JsonPath Match" id="ac19ae8b-0f70-41ac-8132-cf17ec128db8" name="Match content of [status]">
              <con:configuration>
                <path>$['status']</path>
                <content>ERROR</content>
                <allowWildcards>false</allowWildcards>
                <ignoreNamspaceDifferences>false</ignoreNamspaceDifferences>
                <ignoreComments>false</ignoreComments>
              </con:configuration>
            </con:assertion>
            <con:assertion type="Simple NotContains" id="0d069b25-5568-4c2e-be9b-1c6e8b88fc87" name="Not Contains">
              <con:configuration>
                <token>TIMEOUT_EXCEEDED</token>
                <ignoreCase>false</ignoreCase>
                <useRegEx>false</useRegEx>
              </con:configuration>
            </con:assertion>
            <con:credentials>
              <con:selectedAuthProfile>No Authorization</con:selectedAuthProfile>
              <con:authType>No Authorization</con:authType>
            </con:credentials>
            <con:jmsConfig JMSDeliveryMode="PERSISTENT"/>
            <con:jmsPropertyConfig/>
            <con:parameters>
              <con:entry key="Authorization" value="Bearer ${#TestCase#AccessToken}"/>
              <con:entry key="confirm" value="true"/>
              <con:entry key="X-TNGO-CONTEXT-COMPANYEMPLOYEEID" value="${#TestCase#CompanyEmployeeId}"/>
              <con:entry key="X-TNGO-TENANT" value="${#TestCase#Tenant}"/>
              <con:entry key="companyEmployeeId" value="Dudley.Doright2.XX1"/>
              <con:entry key="client_secret" value="${#TestCase#clientSecret}"/>
              <con:entry key="client_id" value="${#TestCase#clientId}"/>
            </con:parameters>
            <con:parameterOrder>
              <con:entry>X-TNGO-CONTEXT-COMPANYEMPLOYEEID</con:entry>
              <con:entry>X-TNGO-TENANT</con:entry>
              <con:entry>Authorization</con:entry>
              <con:entry>client_id</con:entry>
              <con:entry>client_secret</con:entry>
              <con:entry>confirm</con:entry>
            </con:parameterOrder>
          </con:restRequest>
        </con:config>
      </con:testStep>
      <con:testStep type="restrequest" name="OrderPostDeactivate_NoDeactivationDate" id="a45bb8db-e8f2-44a9-b2cf-2b5b82e32f09">
        <con:settings/>
        <con:config service="/orders POST" resourcePath="/orders" methodName="PostOrders" xsi:type="con:RestRequestStep" xmlns:xsi="http://www.w3.org/2001/XMLSchema-instance">
          <con:restRequest name="OrderPostDeactivate_NoDeactivationDate" id="78225f30-ac27-4fc1-b283-2688b59cb02f" mediaType="application/json" postQueryString="false">
            <con:settings>
              <con:setting id="com.eviware.soapui.impl.wsdl.WsdlRequest@request-headers">&lt;xml-fragment/></con:setting>
            </con:settings>
            <con:endpoint>${#TestCase#URL}</con:endpoint>
            <con:request>{
  "orderRequest": {
    "externalOrderNumber": ${#TestCase#ExternalOrderNumberRequest},
    "transactionType": "DEACTIVATE",
    "serviceId": ${#TestCase#serviceIdRequest},
    "accountHolderCompanyEmployeeId": ${#TestCase#CompanyEmployeeIdRequest},
    "properties": [
      {
        "groupId": "MISCELLANEOUS",
        "fields": [
          {
            "id": "CONTACT_NUMBER",
            "type": "TEXT",
            "text": "2038599360"
          },
          {
            "id": "ADDITIONAL_INSTRUCTIONS",
            "type": "TEXT",
            "text": ${#TestCase#InstructionsRequest}
          },
      
          {
            "id": "SERVICE_NUMBER",
            "type": "TEXT",
            "text": ${#TestCase#serviceNumberRequest}
          },
          {
            "id": "Reason",
            "type": "CHOICE",
            "choice": {
                "id": "1"
           }
          }
        ]
      }
    ]
  }
}</con:request>
            <con:originalUri>http://tg-mobility.cloudhub.io/mobility/v1/assets/devices</con:originalUri>
            <con:assertion type="Valid HTTP Status Codes" id="d15757a2-45b2-49f8-8bbd-da945d181315" name="Valid HTTP Status Codes - 200">
              <con:settings/>
              <con:configuration>
                <codes>200</codes>
              </con:configuration>
            </con:assertion>
            <con:assertion type="Simple NotContains" id="373f79bb-990b-49d8-b3fa-024635997f20" name="Not Contains ERROR">
              <con:configuration>
                <token>ERROR</token>
                <ignoreCase>false</ignoreCase>
                <useRegEx>false</useRegEx>
              </con:configuration>
            </con:assertion>
            <con:assertion type="Simple NotContains" id="0d069b25-5568-4c2e-be9b-1c6e8b88fc87" name="Not Contains">
              <con:configuration>
                <token>TIMEOUT_EXCEEDED</token>
                <ignoreCase>false</ignoreCase>
                <useRegEx>false</useRegEx>
              </con:configuration>
            </con:assertion>
            <con:credentials>
              <con:selectedAuthProfile>No Authorization</con:selectedAuthProfile>
              <con:authType>No Authorization</con:authType>
            </con:credentials>
            <con:jmsConfig JMSDeliveryMode="PERSISTENT"/>
            <con:jmsPropertyConfig/>
            <con:parameters>
              <con:entry key="Authorization" value="Bearer ${#TestCase#AccessToken}"/>
              <con:entry key="confirm" value="true"/>
              <con:entry key="X-TNGO-CONTEXT-COMPANYEMPLOYEEID" value="${#TestCase#CompanyEmployeeId}"/>
              <con:entry key="X-TNGO-TENANT" value="${#TestCase#Tenant}"/>
              <con:entry key="companyEmployeeId" value="Dudley.Doright2.XX1"/>
              <con:entry key="client_secret" value="${#TestCase#clientSecret}"/>
              <con:entry key="client_id" value="${#TestCase#clientId}"/>
            </con:parameters>
            <con:parameterOrder>
              <con:entry>X-TNGO-CONTEXT-COMPANYEMPLOYEEID</con:entry>
              <con:entry>X-TNGO-TENANT</con:entry>
              <con:entry>Authorization</con:entry>
              <con:entry>client_id</con:entry>
              <con:entry>client_secret</con:entry>
              <con:entry>confirm</con:entry>
            </con:parameterOrder>
          </con:restRequest>
        </con:config>
      </con:testStep>
      <con:testStep type="restrequest" name="OrderPostDeactivate" id="0c478d2c-da83-451d-bd06-27d854e28769">
        <con:settings/>
        <con:config service="/orders POST" resourcePath="/orders" methodName="PostOrders" xsi:type="con:RestRequestStep" xmlns:xsi="http://www.w3.org/2001/XMLSchema-instance">
          <con:restRequest name="OrderPostDeactivate" id="78225f30-ac27-4fc1-b283-2688b59cb02f" mediaType="application/json" postQueryString="false">
            <con:settings>
              <con:setting id="com.eviware.soapui.impl.wsdl.WsdlRequest@request-headers">&lt;xml-fragment/></con:setting>
            </con:settings>
            <con:endpoint>${#TestCase#URL}</con:endpoint>
            <con:request>{
  "orderRequest": {
    "externalOrderNumber": ${#TestCase#ExternalOrderNumberRequest},
    "transactionType": "DEACTIVATE",
    "serviceId": ${#TestCase#serviceIdRequest},
    "accountHolderCompanyEmployeeId": ${#TestCase#CompanyEmployeeIdRequest},
    "properties": [
      {
        "groupId": "MISCELLANEOUS",
        "fields": [
          {
            "id": "CONTACT_NUMBER",
            "type": "TEXT",
            "text": "2038599360"
          },
          {
            "id": "ADDITIONAL_INSTRUCTIONS",
            "type": "TEXT",
            "text": ${#TestCase#InstructionsRequest}
          },
          {
            "id": "PREFERRED_DEACTIVATION_DATE",
            "type": "DATE",
            "date": ${#TestCase#PreferredDeactivationDateRequest}
          },
          {
            "id": "SERVICE_NUMBER",
            "type": "TEXT",
            "text": ${#TestCase#serviceNumberRequest}
          },
          {
            "id": "Reason",
            "type": "CHOICE",
            "choice": {
                "id": "1"
           }
          }
        ]
      }
    ]
  }
}</con:request>
            <con:originalUri>http://tg-mobility.cloudhub.io/mobility/v1/assets/devices</con:originalUri>
            <con:assertion type="Simple NotContains" id="0d069b25-5568-4c2e-be9b-1c6e8b88fc87" name="Not Contains">
              <con:configuration>
                <token>TIMEOUT_EXCEEDED</token>
                <ignoreCase>false</ignoreCase>
                <useRegEx>false</useRegEx>
              </con:configuration>
            </con:assertion>
            <con:assertion type="Valid HTTP Status Codes" id="d15757a2-45b2-49f8-8bbd-da945d181315" name="Valid HTTP Status Codes - 200">
              <con:settings/>
              <con:configuration>
                <codes>200</codes>
              </con:configuration>
            </con:assertion>
            <con:credentials>
              <con:selectedAuthProfile>No Authorization</con:selectedAuthProfile>
              <con:authType>No Authorization</con:authType>
            </con:credentials>
            <con:jmsConfig JMSDeliveryMode="PERSISTENT"/>
            <con:jmsPropertyConfig/>
            <con:parameters>
              <con:entry key="Authorization" value="Bearer ${#TestCase#AccessToken}"/>
              <con:entry key="confirm" value="true"/>
              <con:entry key="X-TNGO-CONTEXT-COMPANYEMPLOYEEID" value="${#TestCase#CompanyEmployeeId}"/>
              <con:entry key="X-TNGO-TENANT" value="${#TestCase#Tenant}"/>
              <con:entry key="companyEmployeeId" value="Dudley.Doright2.XX1"/>
              <con:entry key="client_secret" value="${#TestCase#clientSecret}"/>
              <con:entry key="client_id" value="${#TestCase#clientId}"/>
            </con:parameters>
            <con:parameterOrder>
              <con:entry>X-TNGO-CONTEXT-COMPANYEMPLOYEEID</con:entry>
              <con:entry>X-TNGO-TENANT</con:entry>
              <con:entry>Authorization</con:entry>
              <con:entry>client_id</con:entry>
              <con:entry>client_secret</con:entry>
              <con:entry>confirm</con:entry>
            </con:parameterOrder>
          </con:restRequest>
        </con:config>
      </con:testStep>
      <con:testStep type="restrequest" name="OrderPostDeactivateSubmit" id="cbcecce7-0117-4502-98e9-50c8fcc0a692" disabled="true">
        <con:settings/>
        <con:config service="/orders POST" resourcePath="/orders" methodName="PostOrders" xsi:type="con:RestRequestStep" xmlns:xsi="http://www.w3.org/2001/XMLSchema-instance">
          <con:restRequest name="OrderPostDeactivateSubmit" id="78225f30-ac27-4fc1-b283-2688b59cb02f" mediaType="application/json" postQueryString="false">
            <con:settings>
              <con:setting id="com.eviware.soapui.impl.wsdl.WsdlRequest@request-headers">&lt;xml-fragment/></con:setting>
            </con:settings>
            <con:endpoint>${#TestCase#URL}</con:endpoint>
            <con:request>{
  "orderRequest": {
    "externalOrderNumber": ${#TestCase#ExternalOrderNumberRequest},
    "transactionType": "DEACTIVATE",
    "serviceId": ${#TestCase#ServiceIdRequest},
    "accountHolderCompanyEmployeeId": ${#TestCase#CompanyEmployeeIdRequest},
    "properties": [
      {
        "groupId": "MISCELLANEOUS",
        "fields": [
          {
            "id": "CONTACT_NUMBER",
            "type": "TEXT",
            "text": "2038599360"
          },
          {
            "id": "ADDITIONAL_INSTRUCTIONS",
            "type": "TEXT",
            "text": ${#TestCase#InstructionsRequest}
          },
          {
            "id": "PREFERRED_DEACTIVATION_DATE",
            "type": "DATE",
            "date": ${#TestCase#PreferredDeactivationDateRequest}
          },
          {
            "id": "SERVICE_NUMBER",
            "type": "TEXT",
            "text": ${#TestCase#ServiceNumberRequest}
          },
          {
            "id": "Reason",
            "type": "CHOICE",
            "choice": {
                "id": "1"
           }
          }
        ]
      }
    ]
  }
}</con:request>
            <con:originalUri>http://tg-mobility.cloudhub.io/mobility/v1/assets/devices</con:originalUri>
            <con:assertion type="Valid HTTP Status Codes" id="eac86868-9cda-448f-a7ab-080cb87c19bd" name="Valid HTTP Status Codes - 200">
              <con:settings/>
              <con:configuration>
                <codes>200</codes>
              </con:configuration>
            </con:assertion>
            <con:credentials>
              <con:selectedAuthProfile>No Authorization</con:selectedAuthProfile>
              <con:authType>No Authorization</con:authType>
            </con:credentials>
            <con:jmsConfig JMSDeliveryMode="PERSISTENT"/>
            <con:jmsPropertyConfig/>
            <con:parameters>
              <con:entry key="confirm" value="false"/>
              <con:entry key="Authorization" value="Bearer ${#TestCase#AccessToken}"/>
              <con:entry key="X-TNGO-CONTEXT-COMPANYEMPLOYEEID" value="${#TestCase#CompanyEmployeeId}"/>
              <con:entry key="X-TNGO-TENANT" value="${#TestCase#Tenant}"/>
              <con:entry key="companyEmployeeId" value="Dudley.Doright2.XX1"/>
              <con:entry key="client_secret" value="${#TestCase#clientSecret}"/>
              <con:entry key="client_id" value="${#TestCase#clientId}"/>
              <con:entry key="Authorize" value="Bearer 555"/>
            </con:parameters>
            <con:parameterOrder>
              <con:entry>X-TNGO-CONTEXT-COMPANYEMPLOYEEID</con:entry>
              <con:entry>X-TNGO-TENANT</con:entry>
              <con:entry>Authorization</con:entry>
              <con:entry>client_id</con:entry>
              <con:entry>client_secret</con:entry>
              <con:entry>confirm</con:entry>
            </con:parameterOrder>
          </con:restRequest>
        </con:config>
      </con:testStep>
      <con:properties>
        <con:property>
          <con:name>Instructions</con:name>
          <con:value>This is a message Sent By QA</con:value>
        </con:property>
        <con:property>
          <con:name>serviceID</con:name>
          <con:value>31647595</con:value>
        </con:property>
        <con:property>
          <con:name>ExternalOrderNumber</con:name>
          <con:value>"QAOrderNumber1502389670094"</con:value>
        </con:property>
        <con:property>
          <con:name>CompanyEmployeeId</con:name>
          <con:value>ana.pace.xx1</con:value>
        </con:property>
        <con:property>
          <con:name>ServiceNumber</con:name>
          <con:value>7162897827</con:value>
        </con:property>
        <con:property>
          <con:name>PreferredDeactivationDate</con:name>
          <con:value>2099-10-28T00:00:00-05:00</con:value>
        </con:property>
        <con:property>
          <con:name>PreferredDeactivationDateExpected</con:name>
          <con:value>2099-10-28T00:00:00Z</con:value>
        </con:property>
        <con:property>
          <con:name>AccessToken</con:name>
          <con:value>dCbyRLfpHPdMVOdJvUqt5SwWcYh8</con:value>
        </con:property>
        <con:property>
          <con:name>RefreshToken</con:name>
          <con:value>ZoIJcKYHV7yCmeh7IPN6lshWJawZuFpESy1OcKIk2n</con:value>
        </con:property>
        <con:property>
          <con:name>ConfirmState</con:name>
          <con:value>false</con:value>
        </con:property>
        <con:property>
          <con:name>Tenant</con:name>
          <con:value>XX1</con:value>
        </con:property>
        <con:property>
          <con:name>limit</con:name>
          <con:value>10</con:value>
        </con:property>
        <con:property>
          <con:name>offset</con:name>
          <con:value>0</con:value>
        </con:property>
        <con:property>
          <con:name>DeviceId</con:name>
          <con:value>37948380</con:value>
        </con:property>
        <con:property>
          <con:name>EmployeeId</con:name>
          <con:value>28691388</con:value>
        </con:property>
        <con:property>
          <con:name>DepartmentId</con:name>
          <con:value>11569020385</con:value>
        </con:property>
        <con:property>
          <con:name>LogoUrl</con:name>
          <con:value>https://qa1cmd.tangoe.com/</con:value>
        </con:property>
        <con:property>
          <con:name>svcNumber</con:name>
          <con:value>7818834749</con:value>
        </con:property>
        <con:property>
          <con:name>svcId</con:name>
          <con:value>38457007</con:value>
        </con:property>
        <con:property>
          <con:name>extOrderNumber</con:name>
          <con:value>QAOrderNumber1537207261029</con:value>
        </con:property>
        <con:property>
          <con:name>AdminFirstName</con:name>
          <con:value>AnaLaura</con:value>
        </con:property>
        <con:property>
          <con:name>AdminLastName</con:name>
          <con:value>Pace</con:value>
        </con:property>
        <con:property>
          <con:name>AdminId</con:name>
          <con:value>28691388</con:value>
        </con:property>
        <con:property>
          <con:name>AdminCompanyEmployeeId</con:name>
          <con:value>ana.pace.xx1</con:value>
        </con:property>
        <con:property>
          <con:name>AdminDepartmentName</con:name>
          <con:value>Development</con:value>
        </con:property>
        <con:property>
          <con:name>AdminDepartmentId</con:name>
          <con:value>11569020385</con:value>
        </con:property>
        <con:property>
          <con:name>client_id</con:name>
          <con:value>3c276cecdc674aabb5456f54b605bbbf</con:value>
        </con:property>
        <con:property>
          <con:name>client_secret</con:name>
          <con:value>c513c4a67492405d95CE4DB4B40B73FF</con:value>
        </con:property>
        <con:property>
          <con:name>URL</con:name>
          <con:value>https://tngo-qa-mobproc.cloudhub.io/mobproc/v1.qa</con:value>
        </con:property>
        <con:property>
          <con:name>cmpEmployeeId</con:name>
          <con:value>Dudley.Doright2.XX1</con:value>
        </con:property>
        <con:property>
          <con:name>additionalInstructions</con:name>
          <con:value>This is a message Sent By QA</con:value>
        </con:property>
        <con:property>
          <con:name>clientID</con:name>
          <con:value>392d0283466b4e00be8e8b8062db5f9f</con:value>
        </con:property>
        <con:property>
          <con:name>clientSecret</con:name>
          <con:value>3c684c3220e740ef92E7177A32AE978D</con:value>
        </con:property>
        <con:property>
          <con:name>FirstName</con:name>
          <con:value>AnaLaura</con:value>
        </con:property>
        <con:property>
          <con:name>LastName</con:name>
          <con:value>Pace</con:value>
        </con:property>
        <con:property>
          <con:name>DepartmentName</con:name>
          <con:value>Development</con:value>
        </con:property>
        <con:property>
          <con:name>OfficePhone</con:name>
          <con:value>5169999876</con:value>
        </con:property>
        <con:property>
          <con:name>Email</con:name>
          <con:value>ana@test.com</con:value>
        </con:property>
        <con:property>
          <con:name>DeviceId2</con:name>
          <con:value>37948480</con:value>
        </con:property>
        <con:property>
          <con:name>ServiceId2</con:name>
          <con:value>41769058</con:value>
        </con:property>
        <con:property>
          <con:name>ServiceNumber2</con:name>
          <con:value>5551231478</con:value>
        </con:property>
        <con:property>
          <con:name>DeviceId3</con:name>
          <con:value>37948382</con:value>
        </con:property>
        <con:property>
          <con:name>ServiceId3</con:name>
          <con:value>41741085</con:value>
        </con:property>
        <con:property>
          <con:name>ServiceNumber3</con:name>
          <con:value>1472582588</con:value>
        </con:property>
        <con:property>
          <con:name>ServiceIdRequest</con:name>
          <con:value>"31647595"</con:value>
        </con:property>
        <con:property>
          <con:name>InstructionsRequest</con:name>
          <con:value>"This is a message Sent By QA"</con:value>
        </con:property>
        <con:property>
          <con:name>CompanyEmployeeIdRequest</con:name>
          <con:value>"ana.pace.xx1"</con:value>
        </con:property>
        <con:property>
          <con:name>PreferredDeactivationDateRequest</con:name>
          <con:value>"2099-10-28T00:00:00-05:00"</con:value>
        </con:property>
        <con:property>
          <con:name>ServiceNumberRequest</con:name>
          <con:value>"7162897827"</con:value>
        </con:property>
        <con:property>
          <con:name>ExternalOrderNumberRequest</con:name>
          <con:value>"QAOrderNumber1537207261029"</con:value>
        </con:property>
        <con:property>
          <con:name>AdminEmail</con:name>
          <con:value>ana@test.com</con:value>
        </con:property>
        <con:property>
          <con:name>AdminStatus</con:name>
          <con:value>ACTIVE</con:value>
        </con:property>
        <con:property>
          <con:name>AdminPhone</con:name>
          <con:value>5169999876</con:value>
        </con:property>
        <con:property>
          <con:name>DeviceId4</con:name>
          <con:value>37948381</con:value>
        </con:property>
        <con:property>
          <con:name>ServiceId4</con:name>
          <con:value>41741084</con:value>
        </con:property>
        <con:property>
          <con:name>ServiceNumber4</con:name>
          <con:value>2581471477</con:value>
        </con:property>
        <con:property>
          <con:name>Vendor1</con:name>
          <con:value>Verizon Wireless</con:value>
        </con:property>
        <con:property>
          <con:name>Vendor2</con:name>
          <con:value>Verizon Wireless</con:value>
        </con:property>
        <con:property>
          <con:name>Vendor3</con:name>
          <con:value>Sprint</con:value>
        </con:property>
        <con:property>
          <con:name>Vendor4</con:name>
          <con:value>AT&amp;T Mobility</con:value>
        </con:property>
        <con:property>
          <con:name>OrderId</con:name>
          <con:value>13296452</con:value>
        </con:property>
      </con:properties>
      <con:reportParameters/>
      <con:breakPoints>
        <con:testStepId>2c002e89-b589-458e-b95f-93eccf5c9582</con:testStepId>
        <con:status>NONE</con:status>
        <con:properties/>
      </con:breakPoints>
      <con:breakPoints>
        <con:testStepId>14ab659d-2078-4895-90d0-90156aa35f3a</con:testStepId>
        <con:status>NONE</con:status>
        <con:properties/>
      </con:breakPoints>
      <con:breakPoints>
        <con:testStepId>60a3505e-2117-4b8e-b75e-c1605684ac4b</con:testStepId>
        <con:status>NONE</con:status>
        <con:properties/>
      </con:breakPoints>
      <con:breakPoints>
        <con:testStepId>add359b7-bb76-4bc7-806e-2ce9d78eb53a</con:testStepId>
        <con:status>NONE</con:status>
        <con:properties/>
      </con:breakPoints>
      <con:breakPoints>
        <con:testStepId>bb63c670-72ab-477f-8693-2ebdcd877e6d</con:testStepId>
        <con:status>NONE</con:status>
        <con:properties/>
      </con:breakPoints>
      <con:breakPoints>
        <con:testStepId>38f4776f-0f44-404b-b8c6-115ee3f146da</con:testStepId>
        <con:status>NONE</con:status>
        <con:properties/>
      </con:breakPoints>
      <con:breakPoints>
        <con:testStepId>264571a4-9daf-48a5-9751-f7914b8f5bb1</con:testStepId>
        <con:status>NONE</con:status>
        <con:properties/>
      </con:breakPoints>
      <con:breakPoints>
        <con:testStepId>67386776-7f9a-439c-be1c-a12d089c5164</con:testStepId>
        <con:status>NONE</con:status>
        <con:properties/>
      </con:breakPoints>
      <con:breakPoints>
        <con:testStepId>9c0913eb-84dd-44be-a3d9-3367c9cca261</con:testStepId>
        <con:status>NONE</con:status>
        <con:properties/>
      </con:breakPoints>
      <con:breakPoints>
        <con:testStepId>25451abf-296e-4fec-bda0-c92f8fa04404</con:testStepId>
        <con:status>NONE</con:status>
        <con:properties/>
      </con:breakPoints>
      <con:breakPoints>
        <con:testStepId>1a2e0dba-9f47-4af5-b7a4-421751db8607</con:testStepId>
        <con:status>NONE</con:status>
        <con:properties/>
      </con:breakPoints>
      <con:breakPoints>
        <con:testStepId>ef2445fe-a5bf-4ab7-8e5f-bb0a2833eb09</con:testStepId>
        <con:status>NONE</con:status>
        <con:properties/>
      </con:breakPoints>
      <con:breakPoints>
        <con:testStepId>77c6716d-079a-44f4-8552-3b0add22202a</con:testStepId>
        <con:status>NONE</con:status>
        <con:properties/>
      </con:breakPoints>
      <con:breakPoints>
        <con:testStepId>ac77a0a8-975c-4417-bf77-9558abc4359e</con:testStepId>
        <con:status>NONE</con:status>
        <con:properties/>
      </con:breakPoints>
      <con:breakPoints>
        <con:testStepId>626b6357-5845-4251-a778-4452fb569d4c</con:testStepId>
        <con:status>NONE</con:status>
        <con:properties/>
      </con:breakPoints>
      <con:breakPoints>
        <con:testStepId>b31d0951-28f0-4a41-89f3-a5f4ed39d6b1</con:testStepId>
        <con:status>NONE</con:status>
        <con:properties/>
      </con:breakPoints>
      <con:breakPoints>
        <con:testStepId>ec07feff-adea-426c-aca6-c30e9fcc9349</con:testStepId>
        <con:status>NONE</con:status>
        <con:properties/>
      </con:breakPoints>
      <con:breakPoints>
        <con:testStepId>83017eea-4f5e-404d-9145-ad4f7a019951</con:testStepId>
        <con:status>NONE</con:status>
        <con:properties/>
      </con:breakPoints>
      <con:breakPoints>
        <con:testStepId>a45bb8db-e8f2-44a9-b2cf-2b5b82e32f09</con:testStepId>
        <con:status>NONE</con:status>
        <con:properties/>
      </con:breakPoints>
      <con:breakPoints>
        <con:testStepId>964d2f6c-4f8b-4b96-9c01-3d2b5ffb8c5a</con:testStepId>
        <con:status>NONE</con:status>
        <con:properties/>
      </con:breakPoints>
    </con:testCase>
    <con:properties/>
    <con:reportParameters/>
  </con:testSuite>
  <con:savedRecentRuns>1</con:savedRecentRuns>
  <con:requirements/>
  <con:properties/>
  <con:wssContainer/>
  <con:databaseConnectionContainer/>
  <con:jmsConnectionContainer/>
  <con:oAuth2ProfileContainer/>
  <con:oAuth1ProfileContainer/>
  <con:reporting>
    <con:reportTemplates/>
    <con:xmlTemplates/>
    <con:xmlTemplates/>
    <con:parameters/>
    <con:parameters/>
  </con:reporting>
  <con:reporting/>
  <con:authRepository/>
  <con:tags/>
</con:soapui-project>
