<?xml version="1.0" encoding="UTF-8"?>
<con:soapui-project id="896aead0-245c-41a7-a039-c7e9cd75ead2" activeEnvironment="Default environment" name="SFD113088" lastOpened="2017-10-06T12:14:12.866-03:00" soapui-version="6.0.0" resourceRoot="" updated="2.4.0 2018-06-08T12:50:23Z" encryptionMode="Not encrypted" xmlns:con="http://eviware.com/soapui/config">
  <con:settings/>
  <con:interface xsi:type="con:RestService" id="0e38651a-b034-49fc-83f5-8683112fd2bd" wadlVersion="http://wadl.dev.java.net/2009/02" name="/assets/services" type="rest" xmlns:xsi="http://www.w3.org/2001/XMLSchema-instance">
    <con:settings/>
    <con:definitionCache type="TEXT" rootPart=""/>
    <con:endpoints/>
    <con:resource name="Services" path="/assets/services" id="c75c81ac-f8c4-45a9-8586-2dc73c6a9338">
      <con:settings/>
      <con:parameters>
        <con:parameter>
          <con:name>X-TNGO-TENANT</con:name>
          <con:value/>
          <con:style>HEADER</con:style>
          <con:default/>
          <con:description xsi:nil="true"/>
        </con:parameter>
        <con:parameter>
          <con:name>limit</con:name>
          <con:value/>
          <con:style>QUERY</con:style>
          <con:default/>
          <con:description xsi:nil="true"/>
        </con:parameter>
        <con:parameter>
          <con:name>offset</con:name>
          <con:value/>
          <con:style>QUERY</con:style>
          <con:default/>
          <con:description xsi:nil="true"/>
        </con:parameter>
        <con:parameter>
          <con:name>Authorization</con:name>
          <con:value/>
          <con:style>HEADER</con:style>
          <con:default/>
          <con:description xsi:nil="true"/>
        </con:parameter>
        <con:parameter>
          <con:name>client_id</con:name>
          <con:value/>
          <con:style>HEADER</con:style>
          <con:default/>
          <con:description xsi:nil="true"/>
        </con:parameter>
        <con:parameter>
          <con:name>client_secret</con:name>
          <con:value/>
          <con:style>HEADER</con:style>
          <con:default/>
          <con:description xsi:nil="true"/>
        </con:parameter>
        <con:parameter>
          <con:name>X-TNGO-CONTEXT-COMPANYEMPLOYEEID</con:name>
          <con:value/>
          <con:style>HEADER</con:style>
          <con:default/>
          <con:description xsi:nil="true"/>
        </con:parameter>
        <con:parameter>
          <con:name>companyEmployeeId</con:name>
          <con:value/>
          <con:style>QUERY</con:style>
          <con:default/>
          <con:description xsi:nil="true"/>
        </con:parameter>
      </con:parameters>
      <con:method name="Services" id="68ca3695-8006-4871-8d92-54d06ce605b3" method="GET">
        <con:settings/>
        <con:parameters/>
        <con:representation type="FAULT">
          <con:mediaType>application/json</con:mediaType>
          <con:status>500 403</con:status>
          <con:params/>
        </con:representation>
        <con:representation type="RESPONSE">
          <con:mediaType>application/json;charset=UTF-8</con:mediaType>
          <con:status>200</con:status>
          <con:params/>
          <con:element xmlns:ser="https://tngo-qa-mobproc.cloudhub.io/mobproc/v1.qa/assets/services">ser:Response</con:element>
        </con:representation>
        <con:request name="/assets/services" id="f1f5c742-6410-4afb-b2e5-868c16bfbd48" mediaType="application/json">
          <con:settings>
            <con:setting id="com.eviware.soapui.impl.wsdl.WsdlRequest@request-headers">&lt;xml-fragment/></con:setting>
          </con:settings>
          <con:request/>
          <con:credentials>
            <con:selectedAuthProfile>No Authorization</con:selectedAuthProfile>
            <con:authType>No Authorization</con:authType>
          </con:credentials>
          <con:jmsConfig JMSDeliveryMode="PERSISTENT"/>
          <con:parameters/>
          <con:parameterOrder>
            <con:entry>X-TNGO-CONTEXT-COMPANYEMPLOYEEID</con:entry>
            <con:entry>X-TNGO-TENANT</con:entry>
            <con:entry>Authorization</con:entry>
            <con:entry>client_id</con:entry>
            <con:entry>client_secret</con:entry>
            <con:entry>companyEmployeeId</con:entry>
            <con:entry>offset</con:entry>
            <con:entry>limit</con:entry>
          </con:parameterOrder>
        </con:request>
      </con:method>
    </con:resource>
    <con:resource name="Devices" path="/assets/devices" id="6f53bd6a-a552-4d2a-b5c2-940ed8832dbc">
      <con:settings/>
      <con:parameters>
        <con:parameter>
          <con:name>X-TNGO-TENANT</con:name>
          <con:value/>
          <con:style>HEADER</con:style>
          <con:default/>
          <con:description xsi:nil="true"/>
        </con:parameter>
        <con:parameter>
          <con:name>limit</con:name>
          <con:value/>
          <con:style>QUERY</con:style>
          <con:default/>
          <con:description xsi:nil="true"/>
        </con:parameter>
        <con:parameter>
          <con:name>offset</con:name>
          <con:value/>
          <con:style>QUERY</con:style>
          <con:default/>
          <con:description xsi:nil="true"/>
        </con:parameter>
        <con:parameter>
          <con:name>Authorization</con:name>
          <con:value/>
          <con:style>HEADER</con:style>
          <con:default/>
          <con:description xsi:nil="true"/>
        </con:parameter>
        <con:parameter>
          <con:name>client_id</con:name>
          <con:value/>
          <con:style>HEADER</con:style>
          <con:default/>
          <con:description xsi:nil="true"/>
        </con:parameter>
        <con:parameter>
          <con:name>client_secret</con:name>
          <con:value/>
          <con:style>HEADER</con:style>
          <con:default/>
          <con:description xsi:nil="true"/>
        </con:parameter>
        <con:parameter>
          <con:name>X-TNGO-CONTEXT-COMPANYEMPLOYEEID</con:name>
          <con:value/>
          <con:style>HEADER</con:style>
          <con:default/>
          <con:description xsi:nil="true"/>
        </con:parameter>
        <con:parameter>
          <con:name>companyEmployeeId</con:name>
          <con:value/>
          <con:style>QUERY</con:style>
          <con:default/>
          <con:description xsi:nil="true"/>
        </con:parameter>
      </con:parameters>
      <con:method name="Devices" id="68ca3695-8006-4871-8d92-54d06ce605b3" method="GET">
        <con:settings/>
        <con:parameters/>
        <con:representation type="FAULT">
          <con:mediaType>application/json</con:mediaType>
          <con:status>500 403</con:status>
          <con:params/>
        </con:representation>
        <con:representation type="RESPONSE">
          <con:mediaType>application/json;charset=UTF-8</con:mediaType>
          <con:status>200</con:status>
          <con:params/>
          <con:element xmlns:ser="https://tngo-qa-mobproc.cloudhub.io/mobproc/v1.qa/assets/services">ser:Response</con:element>
        </con:representation>
        <con:request name="/assets/devices" id="f1f5c742-6410-4afb-b2e5-868c16bfbd48" mediaType="application/json">
          <con:settings>
            <con:setting id="com.eviware.soapui.impl.wsdl.WsdlRequest@request-headers">&lt;xml-fragment/></con:setting>
          </con:settings>
          <con:request/>
          <con:credentials>
            <con:selectedAuthProfile>No Authorization</con:selectedAuthProfile>
            <con:authType>No Authorization</con:authType>
          </con:credentials>
          <con:jmsConfig JMSDeliveryMode="PERSISTENT"/>
          <con:parameters/>
          <con:parameterOrder>
            <con:entry>X-TNGO-CONTEXT-COMPANYEMPLOYEEID</con:entry>
            <con:entry>X-TNGO-TENANT</con:entry>
            <con:entry>Authorization</con:entry>
            <con:entry>client_id</con:entry>
            <con:entry>client_secret</con:entry>
            <con:entry>companyEmployeeId</con:entry>
            <con:entry>offset</con:entry>
            <con:entry>limit</con:entry>
          </con:parameterOrder>
        </con:request>
      </con:method>
    </con:resource>
  </con:interface>
  <con:interface xsi:type="con:RestService" id="16d31d50-5b47-4abb-8981-3ec7f5800a4b" wadlVersion="http://wadl.dev.java.net/2009/02" name="/as/token.oauth2" type="rest" xmlns:xsi="http://www.w3.org/2001/XMLSchema-instance">
    <con:settings/>
    <con:definitionCache type="TEXT" rootPart=""/>
    <con:endpoints/>
    <con:resource name="Access_token" path="/as/token.oauth2" id="713400b2-d880-4339-bbf2-2f5b9e8e50df">
      <con:settings/>
      <con:parameters>
        <con:parameter>
          <con:name>client_id</con:name>
          <con:value/>
          <con:style>QUERY</con:style>
          <con:default/>
          <con:description xsi:nil="true"/>
        </con:parameter>
        <con:parameter>
          <con:name>client_secret</con:name>
          <con:value/>
          <con:style>QUERY</con:style>
          <con:default/>
          <con:description xsi:nil="true"/>
        </con:parameter>
        <con:parameter>
          <con:name>grant_type</con:name>
          <con:value/>
          <con:style>QUERY</con:style>
          <con:default/>
          <con:description xsi:nil="true"/>
        </con:parameter>
        <con:parameter>
          <con:name>scope</con:name>
          <con:value/>
          <con:style>QUERY</con:style>
          <con:default/>
          <con:description xsi:nil="true"/>
        </con:parameter>
        <con:parameter>
          <con:name>username</con:name>
          <con:value/>
          <con:style>QUERY</con:style>
          <con:default/>
          <con:description xsi:nil="true"/>
        </con:parameter>
        <con:parameter>
          <con:name>password</con:name>
          <con:value/>
          <con:style>QUERY</con:style>
          <con:default/>
          <con:description xsi:nil="true"/>
        </con:parameter>
      </con:parameters>
      <con:method name="/as/token.oauth2" id="5cb4710e-668f-4307-82bc-3dfa5c613a13" method="POST">
        <con:settings/>
        <con:parameters/>
        <con:representation type="FAULT">
          <con:mediaType>application/json</con:mediaType>
          <con:status>400</con:status>
          <con:params/>
          <con:element xmlns:acc="https://tngo-qa-mobproc.cloudhub.io/mobproc/v1.qa/access_token">acc:Fault</con:element>
        </con:representation>
        <con:representation type="REQUEST">
          <con:mediaType>application/json</con:mediaType>
          <con:params/>
        </con:representation>
        <con:representation type="FAULT">
          <con:mediaType>text/html; charset=UTF-8</con:mediaType>
          <con:status>404</con:status>
          <con:params/>
          <con:element>html</con:element>
        </con:representation>
        <con:representation type="RESPONSE">
          <con:mediaType>application/json; charset=UTF-8</con:mediaType>
          <con:status>200</con:status>
          <con:params/>
          <con:element xmlns:acc="https://tngo-qa-mobproc.cloudhub.io/mobproc/v1.qa/access_token">acc:Response</con:element>
        </con:representation>
        <con:representation type="FAULT">
          <con:mediaType>application/json; charset=UTF-8</con:mediaType>
          <con:status>400</con:status>
          <con:params/>
          <con:element xmlns:acc="https://tngo-qa-mobproc.cloudhub.io/mobproc/v1.qa/access_token">acc:Fault</con:element>
        </con:representation>
        <con:request name="RequestToken" id="cd70089d-157f-48d4-83a0-f3959d716a9a" mediaType="application/json" postQueryString="false">
          <con:settings>
            <con:setting id="com.eviware.soapui.impl.wsdl.WsdlRequest@request-headers">&lt;xml-fragment/></con:setting>
          </con:settings>
          <con:endpoint>https://oauthqa.tangoe.com</con:endpoint>
          <con:request/>
          <con:credentials>
            <con:selectedAuthProfile>No Authorization</con:selectedAuthProfile>
            <con:authType>No Authorization</con:authType>
          </con:credentials>
          <con:jmsConfig JMSDeliveryMode="PERSISTENT"/>
          <con:parameters/>
          <con:parameterOrder>
            <con:entry>client_id</con:entry>
            <con:entry>client_secret</con:entry>
            <con:entry>grant_type</con:entry>
            <con:entry>scope</con:entry>
            <con:entry>username</con:entry>
            <con:entry>password</con:entry>
          </con:parameterOrder>
        </con:request>
      </con:method>
    </con:resource>
  </con:interface>
  <con:testSuite id="de6b0de9-e8a2-483e-9f32-ed960c3969bd" name="TS_SFD113088_From_Qa5_Bad">
    <con:settings/>
    <con:runType>SEQUENTIAL</con:runType>
    <con:testCase id="21e2598f-a47d-494c-aef8-08b44ac7626f" discardOkResults="true" failOnError="true" failTestCaseOnErrors="true" keepSession="false" name="TC_SFD113088" searchProperties="true" timeout="0">
      <con:settings/>
      <con:savedRecentRuns>1</con:savedRecentRuns>
      <con:testStep type="groovy" name="SetupScript" id="7b149a05-ecf5-481c-abf8-30fe5b270bc2">
        <con:settings/>
        <con:config>
          <script>// /////////////////////////////////////////////
// This sets up all of the test case properties
// /////////////////////////////////////////////

def groovyUtils = new com.eviware.soapui.support.GroovyUtils( context ); 
def projectPath = groovyUtils.projectPath //gets the path of the project root

// this is sanity check with a simple call. all this does is verify a simple connection 
// to the external clases by logging a message in log window.
soapUIScripts.CommonMethods.StaticMethod(log) 

// setup test case properties stored in 'DudleyDorightDataActions' class.
//soapUIScripts.DudleyDorightDataActions.SetupTestCaseProperties(log, testRunner) 

// read in token pair and put in test case properties.
// NOTE: token pair must be in same folder as project
//       token pair must be up to date (not expired)
assert(soapUIScripts.CommonMethods.ReadTokenPair(projectPath + "\\" + "TokenPair.txt", log, testRunner) == true)

// read user Ids and assign to test case properties 
//def userIdsFileName = projectPath + "\\" + "DudleyDoright.txt"
//assert soapUIScripts.CommonMethods.ReadUserIdsURL(userIdsFileName, log, testRunner) == true


testRunner.testCase.setPropertyValue("offset", "0")
testRunner.testCase.setPropertyValue("limit", "10")

testRunner.testCase.setPropertyValue("Tenant", "CPT")
testRunner.testCase.setPropertyValue("clientID", "9a88edbaff674fa283acf824b618adf0")
testRunner.testCase.setPropertyValue("clientSecret", "3145b7C32d80408bacf646e04412519B")</script>
        </con:config>
      </con:testStep>
      <con:testStep type="datasource" name="DataSource" id="ada5383a-49ef-486e-9259-9bef74214ab1">
        <con:settings/>
        <con:config xsi:type="con:DataSourceStep" xmlns:xsi="http://www.w3.org/2001/XMLSchema-instance">
          <con:dataSource type="Grid">
            <con:configuration>
              <check><![CDATA[<xml-fragment><con:entry xmlns:con="http://eviware.com/soapui/config">true</con:entry><con:entry xmlns:con="http://eviware.com/soapui/config">true</con:entry><con:entry xmlns:con="http://eviware.com/soapui/config">true</con:entry><con:entry xmlns:con="http://eviware.com/soapui/config">true</con:entry><con:entry xmlns:con="http://eviware.com/soapui/config">true</con:entry><con:entry xmlns:con="http://eviware.com/soapui/config">true</con:entry></xml-fragment>]]></check>
              <row><![CDATA[<xml-fragment><con:entry xmlns:con="http://eviware.com/soapui/config">command://api.account.cpt</con:entry><con:entry xmlns:con="http://eviware.com/soapui/config">tngo777</con:entry><con:entry xmlns:con="http://eviware.com/soapui/config">TTR986</con:entry><con:entry xmlns:con="http://eviware.com/soapui/config"/><con:entry xmlns:con="http://eviware.com/soapui/config">403</con:entry><con:entry xmlns:con="http://eviware.com/soapui/config"/></xml-fragment>]]></row>
              <row><![CDATA[<xml-fragment><con:entry xmlns:con="http://eviware.com/soapui/config">command://ttr986@cpt.com</con:entry><con:entry xmlns:con="http://eviware.com/soapui/config">tngo123</con:entry><con:entry xmlns:con="http://eviware.com/soapui/config">TTR986</con:entry><con:entry xmlns:con="http://eviware.com/soapui/config"/><con:entry xmlns:con="http://eviware.com/soapui/config">200</con:entry><con:entry xmlns:con="http://eviware.com/soapui/config"/></xml-fragment>]]></row>
              <row><![CDATA[<xml-fragment><con:entry xmlns:con="http://eviware.com/soapui/config">command://api.account.cpt</con:entry><con:entry xmlns:con="http://eviware.com/soapui/config">tngo777</con:entry><con:entry xmlns:con="http://eviware.com/soapui/config">TTR986</con:entry><con:entry xmlns:con="http://eviware.com/soapui/config">TTR986</con:entry><con:entry xmlns:con="http://eviware.com/soapui/config">403</con:entry><con:entry xmlns:con="http://eviware.com/soapui/config"/></xml-fragment>]]></row>
              <row><![CDATA[<xml-fragment><con:entry xmlns:con="http://eviware.com/soapui/config">command://ttr986@cpt.com</con:entry><con:entry xmlns:con="http://eviware.com/soapui/config">tngo123</con:entry><con:entry xmlns:con="http://eviware.com/soapui/config">TTR986</con:entry><con:entry xmlns:con="http://eviware.com/soapui/config">TTR986</con:entry><con:entry xmlns:con="http://eviware.com/soapui/config">200</con:entry><con:entry xmlns:con="http://eviware.com/soapui/config"/></xml-fragment>]]></row>
              <row><![CDATA[<xml-fragment><con:entry xmlns:con="http://eviware.com/soapui/config">command://api.account.cpt </con:entry><con:entry xmlns:con="http://eviware.com/soapui/config">tngo777</con:entry><con:entry xmlns:con="http://eviware.com/soapui/config"/><con:entry xmlns:con="http://eviware.com/soapui/config">TTR986</con:entry><con:entry xmlns:con="http://eviware.com/soapui/config">200</con:entry><con:entry xmlns:con="http://eviware.com/soapui/config"/></xml-fragment>]]></row>
              <row><![CDATA[<xml-fragment><con:entry xmlns:con="http://eviware.com/soapui/config">command://ttr986@cpt.com</con:entry><con:entry xmlns:con="http://eviware.com/soapui/config">tngo123</con:entry><con:entry xmlns:con="http://eviware.com/soapui/config"/><con:entry xmlns:con="http://eviware.com/soapui/config">TTR986</con:entry><con:entry xmlns:con="http://eviware.com/soapui/config">200</con:entry><con:entry xmlns:con="http://eviware.com/soapui/config"/></xml-fragment>]]></row>
              <recognizeAsPlainText>true</recognizeAsPlainText>
            </con:configuration>
          </con:dataSource>
          <con:property>username</con:property>
          <con:property>password</con:property>
          <con:property>companyEmployeeIdHeader</con:property>
          <con:property>companyEmployeeIdFilter</con:property>
          <con:property>statusCodeExpected</con:property>
          <con:completeLastOperation>true</con:completeLastOperation>
          <con:restartOnRun>true</con:restartOnRun>
        </con:config>
      </con:testStep>
      <con:testStep type="restrequest" name="GenerateToken" id="f3d00435-5c7b-4a73-beb8-f66db610d2c1">
        <con:settings/>
        <con:config service="/as/token.oauth2" resourcePath="/as/token.oauth2" methodName="/as/token.oauth2" xsi:type="con:RestRequestStep" xmlns:xsi="http://www.w3.org/2001/XMLSchema-instance">
          <con:restRequest name="GenerateToken" id="cd70089d-157f-48d4-83a0-f3959d716a9a" mediaType="application/json" postQueryString="false">
            <con:settings>
              <con:setting id="com.eviware.soapui.impl.wsdl.WsdlRequest@request-headers">&lt;xml-fragment/></con:setting>
            </con:settings>
            <con:endpoint>https://oauthqa.tangoe.com</con:endpoint>
            <con:request/>
            <con:originalUri>https://tngo-qa-mobproc.cloudhub.io/mobproc/v1.qa/access_token</con:originalUri>
            <con:assertion type="Valid HTTP Status Codes" id="e5311088-7808-4fd5-b832-41172a371cd5" name="Valid HTTP Status Codes">
              <con:settings/>
              <con:configuration>
                <codes>200</codes>
              </con:configuration>
            </con:assertion>
            <con:credentials>
              <con:selectedAuthProfile>Inherit From Parent</con:selectedAuthProfile>
              <con:authType>No Authorization</con:authType>
            </con:credentials>
            <con:jmsConfig JMSDeliveryMode="PERSISTENT"/>
            <con:parameters>
              <con:entry key="password" value="${DataSource#password}"/>
              <con:entry key="grant_type" value="password"/>
              <con:entry key="scope" value="MOBPROC"/>
              <con:entry key="client_secret" value="${#TestCase#clientSecret}"/>
              <con:entry key="client_id" value="${#TestCase#clientID}"/>
              <con:entry key="username" value="${DataSource#username}"/>
            </con:parameters>
            <con:parameterOrder>
              <con:entry>client_id</con:entry>
              <con:entry>client_secret</con:entry>
              <con:entry>grant_type</con:entry>
              <con:entry>scope</con:entry>
              <con:entry>username</con:entry>
              <con:entry>password</con:entry>
            </con:parameterOrder>
          </con:restRequest>
        </con:config>
      </con:testStep>
      <con:testStep type="groovy" name="GetAccessToken" id="b7d35124-f256-4cb8-87c1-deb6752d886d">
        <con:settings/>
        <con:config>
          <script>import groovy.json.JsonSlurper 

def groovyUtils = new com.eviware.soapui.support.GroovyUtils( context ); 
def testCase = context.testCase; 
def testStep = testCase.getTestStepByName("GenerateToken") 

//  need for external call.
testRunner = new com.eviware.soapui.impl.wsdl.testcase.WsdlTestCaseRunner(testCase, null); 
testStepContext = new com.eviware.soapui.impl.wsdl.testcase.WsdlTestRunContext(testStep); 

// get response of last test step run.
def response = testStep.testRequest.messageExchange.response.responseContent
def slurper = new JsonSlurper()
def json = slurper.parseText response

def accessToken = json.access_token

testRunner.testCase.setPropertyValue("accessToken", accessToken)</script>
        </con:config>
      </con:testStep>
      <con:testStep type="restrequest" name="GetServices" id="678be825-7ba6-420f-b57e-e484b3cb2633">
        <con:settings/>
        <con:config service="/assets/services" methodName="Services" resourcePath="/assets/services" xsi:type="con:RestRequestStep" xmlns:xsi="http://www.w3.org/2001/XMLSchema-instance">
          <con:restRequest name="GetServices" id="2d707c96-5c86-4cb8-9e2c-6f7a01ff8599" mediaType="application/json">
            <con:settings>
              <con:setting id="com.eviware.soapui.impl.wsdl.WsdlRequest@request-headers">&lt;xml-fragment/></con:setting>
            </con:settings>
            <con:encoding>UTF-8</con:encoding>
            <con:endpoint>${#TestCase#URL}</con:endpoint>
            <con:request/>
            <con:originalUri>https://tngo-qa-mobproc.cloudhub.io/mobproc/v1.qa/assets/services</con:originalUri>
            <con:assertion type="Valid HTTP Status Codes" id="e1adf77f-5e39-4e70-8b6e-af5f066f4438" name="Valid HTTP Status Codes">
              <con:settings/>
              <con:configuration>
                <codes>${DataSource#statusCodeExpected}</codes>
              </con:configuration>
            </con:assertion>
            <con:credentials>
              <con:selectedAuthProfile>Inherit From Parent</con:selectedAuthProfile>
              <con:authType>No Authorization</con:authType>
            </con:credentials>
            <con:jmsConfig JMSDeliveryMode="PERSISTENT"/>
            <con:parameters>
              <con:entry key="Authorization" value="Bearer ${#TestCase#accessToken}"/>
              <con:entry key="X-TNGO-CONTEXT-COMPANYEMPLOYEEID" value="${DataSource#companyEmployeeIdHeader}"/>
              <con:entry key="offset" value="${#TestCase#offset}"/>
              <con:entry key="X-TNGO-TENANT" value="${#TestCase#Tenant}"/>
              <con:entry key="limit" value="${#TestCase#limit}"/>
              <con:entry key="client_secret" value="${#TestCase#clientSecret}"/>
              <con:entry key="companyEmployeeId" value="${DataSource#companyEmployeeIdFilter}"/>
              <con:entry key="client_id" value="${#TestCase#clientID}"/>
            </con:parameters>
            <con:parameterOrder>
              <con:entry>X-TNGO-CONTEXT-COMPANYEMPLOYEEID</con:entry>
              <con:entry>X-TNGO-TENANT</con:entry>
              <con:entry>Authorization</con:entry>
              <con:entry>client_id</con:entry>
              <con:entry>client_secret</con:entry>
              <con:entry>companyEmployeeId</con:entry>
              <con:entry>offset</con:entry>
              <con:entry>limit</con:entry>
            </con:parameterOrder>
          </con:restRequest>
        </con:config>
      </con:testStep>
      <con:testStep type="groovy" name="VerifyResponseServices" id="d41466dc-3ad2-4523-8adc-463eaf50d475">
        <con:settings/>
        <con:config>
          <script>import groovy.json.JsonSlurper 

def groovyUtils = new com.eviware.soapui.support.GroovyUtils( context ); 
def testCase = context.testCase; 
def testStep = testCase.getTestStepByName("GetServices") 
def dataSource = testCase.getTestStepByName("DataSource")

//  need for external call.
testRunner = new com.eviware.soapui.impl.wsdl.testcase.WsdlTestCaseRunner(testCase, null); 
testStepContext = new com.eviware.soapui.impl.wsdl.testcase.WsdlTestRunContext(testStep); 

// get response of last test step run.
def response = testStep.testRequest.messageExchange.response.responseContent
def slurper = new JsonSlurper()
def json = slurper.parseText response

log.info "Status Code Expected: " + dataSource.getPropertyValue("statusCodeExpected")

if (dataSource.getPropertyValue("statusCodeExpected").equals("200")) {

	int totalCount = Integer.parseInt(json.services._meta.totalCount.toString())

	log.info "Total Count Services: " + totalCount
	
	assert(totalCount >= 0) 
	
}</script>
        </con:config>
      </con:testStep>
      <con:testStep type="restrequest" name="GetDevices" id="d543a8e3-1e12-40a4-b80a-20762bf2515b">
        <con:settings/>
        <con:config service="/assets/services" resourcePath="/assets/devices" methodName="Devices" xsi:type="con:RestRequestStep" xmlns:xsi="http://www.w3.org/2001/XMLSchema-instance">
          <con:restRequest name="GetDevices" id="f1f5c742-6410-4afb-b2e5-868c16bfbd48" mediaType="application/json">
            <con:settings>
              <con:setting id="com.eviware.soapui.impl.wsdl.WsdlRequest@request-headers">&lt;xml-fragment/></con:setting>
            </con:settings>
            <con:endpoint>${#TestCase#URL}</con:endpoint>
            <con:request/>
            <con:originalUri>https://tngo-qa-mobproc.cloudhub.io/mobproc/v1.qa/assets/devices</con:originalUri>
            <con:assertion type="Valid HTTP Status Codes" id="5846416c-f727-4340-86d7-f3270decceac" name="Valid HTTP Status Codes">
              <con:settings/>
              <con:configuration>
                <codes>${DataSource#statusCodeExpected}</codes>
              </con:configuration>
            </con:assertion>
            <con:credentials>
              <con:selectedAuthProfile>Inherit From Parent</con:selectedAuthProfile>
              <con:authType>No Authorization</con:authType>
            </con:credentials>
            <con:jmsConfig JMSDeliveryMode="PERSISTENT"/>
            <con:parameters>
              <con:entry key="Authorization" value="Bearer ${#TestCase#accessToken}"/>
              <con:entry key="X-TNGO-CONTEXT-COMPANYEMPLOYEEID" value="${DataSource#companyEmployeeIdHeader}"/>
              <con:entry key="offset" value="${#TestCase#offset}"/>
              <con:entry key="X-TNGO-TENANT" value="${#TestCase#Tenant}"/>
              <con:entry key="limit" value="${#TestCase#limit}"/>
              <con:entry key="client_secret" value="${#TestCase#clientSecret}"/>
              <con:entry key="companyEmployeeId" value="${DataSource#companyEmployeeIdFilter}"/>
              <con:entry key="client_id" value="${#TestCase#clientID}"/>
            </con:parameters>
            <con:parameterOrder>
              <con:entry>X-TNGO-CONTEXT-COMPANYEMPLOYEEID</con:entry>
              <con:entry>X-TNGO-TENANT</con:entry>
              <con:entry>Authorization</con:entry>
              <con:entry>client_id</con:entry>
              <con:entry>client_secret</con:entry>
              <con:entry>companyEmployeeId</con:entry>
              <con:entry>offset</con:entry>
              <con:entry>limit</con:entry>
            </con:parameterOrder>
          </con:restRequest>
        </con:config>
      </con:testStep>
      <con:testStep type="groovy" name="VerifyResponseDevices" id="4d49fc62-0c88-4330-a0dd-d7bdde596bae">
        <con:settings/>
        <con:config>
          <script>import groovy.json.JsonSlurper 

def groovyUtils = new com.eviware.soapui.support.GroovyUtils( context ); 
def testCase = context.testCase; 
def testStep = testCase.getTestStepByName("GetDevices") 
def dataSource = testCase.getTestStepByName("DataSource")

//  need for external call.
testRunner = new com.eviware.soapui.impl.wsdl.testcase.WsdlTestCaseRunner(testCase, null); 
testStepContext = new com.eviware.soapui.impl.wsdl.testcase.WsdlTestRunContext(testStep); 

// get response of last test step run.
def response = testStep.testRequest.messageExchange.response.responseContent
def slurper = new JsonSlurper()
def json = slurper.parseText response

log.info "Status Code Expected: " + dataSource.getPropertyValue("statusCodeExpected")

if (dataSource.getPropertyValue("statusCodeExpected").equals("200")) {

	int totalCount = Integer.parseInt(json.devices._meta.totalCount.toString())

	log.info "Total Count Devices: " + totalCount
	
	assert(totalCount >= 0) 
	
}</script>
        </con:config>
      </con:testStep>
      <con:testStep type="datasourceloop" name="DataSource Loop" id="aea8acfe-5b88-4a7f-abcc-1440d6a61c08">
        <con:settings/>
        <con:config>
          <dataSourceStep>DataSource</dataSourceStep>
          <targetStep>GenerateToken</targetStep>
        </con:config>
      </con:testStep>
      <con:properties>
        <con:property>
          <con:name>Tenant</con:name>
          <con:value>CPT</con:value>
        </con:property>
        <con:property>
          <con:name>limit</con:name>
          <con:value>10</con:value>
        </con:property>
        <con:property>
          <con:name>offset</con:name>
          <con:value>0</con:value>
        </con:property>
        <con:property>
          <con:name>companyEmployeeId</con:name>
          <con:value>Dudley.Doright2.XX1</con:value>
        </con:property>
        <con:property>
          <con:name>AccessToken</con:name>
          <con:value>dCbyRLfpHPdMVOdJvUqt5SwWcYh8</con:value>
        </con:property>
        <con:property>
          <con:name>RefreshToken</con:name>
          <con:value>ZoIJcKYHV7yCmeh7IPN6lshWJawZuFpESy1OcKIk2n</con:value>
        </con:property>
        <con:property>
          <con:name>clientID</con:name>
          <con:value>9a88edbaff674fa283acf824b618adf0</con:value>
        </con:property>
        <con:property>
          <con:name>clientSecret</con:name>
          <con:value>3145b7C32d80408bacf646e04412519B</con:value>
        </con:property>
        <con:property>
          <con:name>DeviceId</con:name>
          <con:value>36819015</con:value>
        </con:property>
        <con:property>
          <con:name>ServiceId</con:name>
          <con:value>39968735</con:value>
        </con:property>
        <con:property>
          <con:name>EmployeeId</con:name>
          <con:value>28720153</con:value>
        </con:property>
        <con:property>
          <con:name>DepartmentId</con:name>
          <con:value>11569020350</con:value>
        </con:property>
        <con:property>
          <con:name>LogoUrl</con:name>
          <con:value>https://qa1cmd.tangoe.com/</con:value>
        </con:property>
        <con:property>
          <con:name>URL</con:name>
          <con:value>https://tngo-qa-mobproc.cloudhub.io/mobproc/v1.qa</con:value>
        </con:property>
        <con:property>
          <con:name>regionId</con:name>
          <con:value>70144640</con:value>
        </con:property>
        <con:property>
          <con:name>AdminUser</con:name>
          <con:value>command://api.account.cpt</con:value>
        </con:property>
        <con:property>
          <con:name>AdminPassword</con:name>
          <con:value>tngo777</con:value>
        </con:property>
        <con:property>
          <con:name>Non-AdminUser</con:name>
          <con:value>command://ttr986@cpt.com</con:value>
        </con:property>
        <con:property>
          <con:name>Non-AdminPassword</con:name>
          <con:value>tngo123</con:value>
        </con:property>
        <con:property>
          <con:name>companyEmployeeIdHeader</con:name>
          <con:value>TTR986</con:value>
        </con:property>
        <con:property>
          <con:name>companyEmployeeIdFilter</con:name>
          <con:value>TTR986</con:value>
        </con:property>
        <con:property>
          <con:name>NonAdminUser</con:name>
          <con:value>command://ttr986@cpt.com</con:value>
        </con:property>
        <con:property>
          <con:name>NonAdminPassword</con:name>
          <con:value>tngo123</con:value>
        </con:property>
      </con:properties>
      <con:reportParameters/>
      <con:breakPoints>
        <con:testStepId>678be825-7ba6-420f-b57e-e484b3cb2633</con:testStepId>
        <con:status>NONE</con:status>
        <con:properties/>
      </con:breakPoints>
      <con:breakPoints>
        <con:testStepId>f3d00435-5c7b-4a73-beb8-f66db610d2c1</con:testStepId>
        <con:status>NONE</con:status>
        <con:properties/>
      </con:breakPoints>
      <con:breakPoints>
        <con:testStepId>b7d35124-f256-4cb8-87c1-deb6752d886d</con:testStepId>
        <con:status>NONE</con:status>
        <con:properties/>
      </con:breakPoints>
      <con:breakPoints>
        <con:testStepId>aea8acfe-5b88-4a7f-abcc-1440d6a61c08</con:testStepId>
        <con:status>NONE</con:status>
        <con:properties/>
      </con:breakPoints>
      <con:breakPoints>
        <con:testStepId>d543a8e3-1e12-40a4-b80a-20762bf2515b</con:testStepId>
        <con:status>NONE</con:status>
        <con:properties/>
      </con:breakPoints>
      <con:breakPoints>
        <con:testStepId>4d49fc62-0c88-4330-a0dd-d7bdde596bae</con:testStepId>
        <con:status>NONE</con:status>
        <con:properties/>
      </con:breakPoints>
      <con:breakPoints>
        <con:testStepId>d41466dc-3ad2-4523-8adc-463eaf50d475</con:testStepId>
        <con:status>NONE</con:status>
        <con:properties/>
      </con:breakPoints>
    </con:testCase>
    <con:properties/>
    <con:reportParameters/>
  </con:testSuite>
  <con:savedRecentRuns>1</con:savedRecentRuns>
  <con:requirements/>
  <con:properties/>
  <con:wssContainer/>
  <con:databaseConnectionContainer/>
  <con:jmsConnectionContainer/>
  <con:oAuth2ProfileContainer/>
  <con:oAuth1ProfileContainer/>
  <con:reporting>
    <con:reportTemplates/>
    <con:xmlTemplates/>
    <con:xmlTemplates/>
    <con:parameters/>
    <con:parameters/>
  </con:reporting>
  <con:reporting/>
  <con:authRepository/>
  <con:tags/>
</con:soapui-project>
