<?xml version="1.0" encoding="UTF-8"?>
<con:soapui-project id="bfe8a790-5e34-43b9-88cc-2a151b264d6f" activeEnvironment="Default environment" name="API_OrdersFilterSort" resourceRoot="" soapui-version="6.0.0" lastOpened="2016-04-04T12:11:32.074-04:00" abortOnError="false" runType="SEQUENTIAL" xmlns:con="http://eviware.com/soapui/config"><con:settings><con:setting id="com.eviware.soapui.impl.wsdl.actions.iface.tools.soapui.ProTestRunnerAction@values-local"><![CDATA[<xml-fragment xmlns:con="http://eviware.com/soapui/config">
  <con:entry key="Report Format(s)" value=""/>
  <con:entry key="Host:Port" value=""/>
  <con:entry key="Export JUnit Results" value="false"/>
  <con:entry key="Export All" value="false"/>
  <con:entry key="Save After" value="false"/>
  <con:entry key="Add Settings" value="false"/>
  <con:entry key="WSS Password Type" value=""/>
  <con:entry key="TestSuite" value="APIOrders"/>
  <con:entry key="Endpoint" value=""/>
  <con:entry key="Select Report Type" value="TestSuite Report"/>
  <con:entry key="System Properties" value=""/>
  <con:entry key="Run in-process" value="false"/>
  <con:entry key="Password" value=""/>
  <con:entry key="Print Report" value="false"/>
  <con:entry key="Open Report" value="false"/>
  <con:entry key="Export JUnit Results with test properties" value="false"/>
  <con:entry key="Global Properties" value=""/>
  <con:entry key="Project Properties" value=""/>
  <con:entry key="Project Password" value=""/>
  <con:entry key="TestCase" value="&lt;all>"/>
  <con:entry key="Username" value=""/>
  <con:entry key="user-settings.xml Password" value=""/>
  <con:entry key="TestRunner Path" value=""/>
  <con:entry key="Environment" value="Default environment"/>
  <con:entry key="Coverage Report" value="false"/>
  <con:entry key="Enable UI" value="false"/>
  <con:entry key="Root Folder" value=""/>
  <con:entry key="Ignore Errors" value="false"/>
  <con:entry key="Domain" value=""/>
  <con:entry key="Tool Args" value=""/>
  <con:entry key="Save Project" value="false"/>
</xml-fragment>]]></con:setting></con:settings><con:interface xsi:type="con:RestService" id="b0929398-443d-4762-a420-002945cdf0a7" wadlVersion="http://wadl.dev.java.net/2009/02" name="https://tg-mobility.cloudhub.io" type="rest" xmlns:xsi="http://www.w3.org/2001/XMLSchema-instance"><con:settings/><con:definitionCache type="TEXT" rootPart=""/><con:endpoints><con:endpoint>https://tg-mobility.cloudhub.io</con:endpoint></con:endpoints><con:resource name="" path="/orders?" id="afdb460c-2fda-4cb9-ad62-5b09247f20f6"><con:settings/><con:parameters><con:parameter><con:name>X-TNGO-TENANT</con:name><con:value/><con:style>HEADER</con:style><con:default/><con:description xsi:nil="true"/></con:parameter><con:parameter><con:name>Authorization</con:name><con:value/><con:style>HEADER</con:style><con:default/><con:description xsi:nil="true"/></con:parameter><con:parameter><con:name>limit</con:name><con:value/><con:style>QUERY</con:style><con:default/><con:description xsi:nil="true"/></con:parameter><con:parameter><con:name>offset</con:name><con:value/><con:style>QUERY</con:style><con:default/><con:description xsi:nil="true"/></con:parameter><con:parameter><con:name>accountHolderCompanyEmployeeId</con:name><con:value/><con:style>QUERY</con:style><con:default/><con:description xsi:nil="true"/></con:parameter><con:parameter><con:name>accountHolderFirstName</con:name><con:value/><con:style>QUERY</con:style><con:default/><con:description xsi:nil="true"/></con:parameter><con:parameter><con:name>accountHolderLastName</con:name><con:value/><con:style>QUERY</con:style><con:default/><con:description xsi:nil="true"/></con:parameter><con:parameter><con:name>externalOrderNumber</con:name><con:value/><con:style>QUERY</con:style><con:default/><con:description xsi:nil="true"/></con:parameter><con:parameter><con:name>serviceNumber</con:name><con:value/><con:style>QUERY</con:style><con:default/><con:description xsi:nil="true"/></con:parameter><con:parameter><con:name>sortBy</con:name><con:value/><con:style>QUERY</con:style><con:default/><con:description xsi:nil="true"/></con:parameter><con:parameter><con:name>sortAscending</con:name><con:value/><con:style>QUERY</con:style><con:default/><con:description xsi:nil="true"/></con:parameter><con:parameter><con:name>client_id</con:name><con:value/><con:style>HEADER</con:style><con:default/><con:description xsi:nil="true"/></con:parameter><con:parameter><con:name>client_secret</con:name><con:value/><con:style>HEADER</con:style><con:default/><con:description xsi:nil="true"/></con:parameter></con:parameters><con:method name="" id="e9ad8790-439e-42f5-91f9-fc384b2126a0" method="GET"><con:settings/><con:parameters/><con:representation type="FAULT"><con:mediaType>application/json</con:mediaType><con:status>403 400 500</con:status><con:params/><con:element xmlns:ord="https://tg-mobility.cloudhub.io/mobility/v1/orders">ord:Fault</con:element></con:representation><con:representation type="RESPONSE"><con:mediaType>application/json;charset=UTF-8</con:mediaType><con:status>200</con:status><con:params/><con:element xmlns:ord="https://tg-mobility.cloudhub.io/mobility/v1/orders">ord:Response</con:element></con:representation><con:representation type="RESPONSE"><con:mediaType xsi:nil="true"/><con:status>0</con:status><con:params/><con:element>data</con:element></con:representation><con:representation type="RESPONSE"><con:mediaType xsi:nil="true"/><con:status>0</con:status><con:params/><con:element>data</con:element></con:representation><con:representation type="FAULT"><con:mediaType>text/html</con:mediaType><con:status>404</con:status><con:params/><con:element>html</con:element></con:representation><con:representation type="RESPONSE"><con:mediaType xsi:nil="true"/><con:status>0</con:status><con:params/><con:element>data</con:element></con:representation><con:representation type="RESPONSE"><con:mediaType xsi:nil="true"/><con:status>0</con:status><con:params/><con:element>data</con:element></con:representation><con:representation type="RESPONSE"><con:mediaType xsi:nil="true"/><con:status>0</con:status><con:params/><con:element>data</con:element></con:representation><con:representation type="RESPONSE"><con:mediaType xsi:nil="true"/><con:status>0</con:status><con:params/><con:element>data</con:element></con:representation><con:request name="Request 1" id="68f008dc-8bd8-477c-9b6f-ed04e3c23836" mediaType="application/json"><con:settings><con:setting id="com.eviware.soapui.impl.wsdl.WsdlRequest@request-headers">&lt;xml-fragment/></con:setting></con:settings><con:endpoint>None</con:endpoint><con:request/><con:originalUri>https://tg-mobility.cloudhub.io/mobility/v1/orders</con:originalUri><con:credentials><con:selectedAuthProfile>No Authorization</con:selectedAuthProfile><con:authType>No Authorization</con:authType></con:credentials><con:jmsConfig JMSDeliveryMode="PERSISTENT"/><con:parameters>
  <con:entry key="accountHolderFirstName" value="name"/>
  <con:entry key="serviceNumber" value="ser"/>
  <con:entry key="offset" value="0"/>
  <con:entry key="X-TNGO-TENANT" value="XX1"/>
  <con:entry key="accountHolderCompanyEmployeeId" value="name"/>
  <con:entry key="accountHolderLastName" value="name"/>
  <con:entry key="client_id" value="nn"/>
  <con:entry key="Authorization" value="Bearer 123"/>
  <con:entry key="sortAscending" value="false"/>
  <con:entry key="limit" value="10"/>
  <con:entry key="externalOrderNumber" value="number"/>
  <con:entry key="sortBy" value="sort"/>
  <con:entry key="client_secret" value="nn"/>
</con:parameters><con:parameterOrder><con:entry>X-TNGO-TENANT</con:entry><con:entry>Authorization</con:entry><con:entry>limit</con:entry><con:entry>offset</con:entry><con:entry>accountHolderCompanyEmployeeId</con:entry><con:entry>accountHolderFirstName</con:entry><con:entry>accountHolderLastName</con:entry><con:entry>externalOrderNumber</con:entry><con:entry>serviceNumber</con:entry><con:entry>sortBy</con:entry><con:entry>sortAscending</con:entry><con:entry>client_id</con:entry><con:entry>client_secret</con:entry></con:parameterOrder></con:request></con:method></con:resource></con:interface><con:testSuite id="0098e519-0f31-4355-941d-ce464bf9ed4b" name="APIOrders"><con:settings/><con:runType>SEQUENTIAL</con:runType><con:testCase id="d87611bb-eae9-4620-b5d1-a54e71bb5430" discardOkResults="true" failOnError="true" failTestCaseOnErrors="true" keepSession="false" name="TestCaseOne" searchProperties="true" maxResults="0"><con:description>ScriptVerifyHrefs - this tests the hrefs when the offset is changed through various values.
ScriptVerifyAscendDescend - this tests  ascend and descend.
ScriptCheckOffsets - this "will" test the actual response info when the offset is working. 
	       Example: set the limit to five and offset to 13. Will see items in the third block of five. It has not been decided how this will work. I found errors and notified michael.


</con:description><con:settings><con:setting id="IncludeOverview">true</con:setting><con:setting id="IncludeResults">true</con:setting><con:setting id="FlowLayout">false</con:setting><con:setting id="ErrorDetails">true</con:setting><con:setting id="IncludeCoverage">true</con:setting></con:settings><con:savedRecentRuns>1</con:savedRecentRuns><con:testStep type="groovy" name="ScriptSetup" id="e5377d7a-55d0-4811-b142-014f39b83cec"><con:settings/><con:config><script>// /////////////////////////////////////////////
// This sets up all of the test case properties
// /////////////////////////////////////////////

def groovyUtils = new com.eviware.soapui.support.GroovyUtils( context ); 
def projectPath = groovyUtils.projectPath //gets the path of the project root

// this is sanity check with a simple call. all this does is verify a simple connection 
// to the external clases by logging a message in log window.
soapUIScripts.CommonMethods.StaticMethod(log) 

// setup test case properties stored in 'DudleyDorightDataActions' class.
soapUIScripts.DudleyDorightDataActions.SetupTestCaseProperties(log, testRunner) 

// read in token pair and put in test case properties.
// NOTE: token pair must be in same folder as project
//       token pair must be up to date (not expired)
assert(soapUIScripts.CommonMethods.ReadTokenPair(projectPath + "\\" + "TokenPair.txt", log, testRunner) == true)

// read user Ids and assign to test case properties.
def userIdsFileName = projectPath + "\\" + "DudleyDoright.txt"
//assert soapUIScripts.CommonMethods.ReadUserIds(userIdsFileName, log, testRunner) == true
assert soapUIScripts.CommonMethods.ReadUserIdsURL(userIdsFileName, log, testRunner) == true

// this is for keeping track of test loops. -- THIS IS OLD
context.testRunsComplete = 1

// need to create additional test case properties here for the query parameters.
testRunner.testCase.setPropertyValue("LastName","")
testRunner.testCase.setPropertyValue("FirstName","")
testRunner.testCase.setPropertyValue("ExternalOrderNumber","")
testRunner.testCase.setPropertyValue("ServiceNumber","")
testRunner.testCase.setPropertyValue("SortBy","")
testRunner.testCase.setPropertyValue("sortAscending","false") 
testRunner.testCase.setPropertyValue("CompanyEmployeeId","") 
testRunner.testCase.setPropertyValue("limit","1")  // set limit to one. first need to get total count.

// large amount of results needed.
context.MaxResultsNeeded = "50"

// new for looping
context.LoopCounter = 0


</script></con:config></con:testStep><con:testStep type="restrequest" name="RequestOrders" id="ecf80c24-4563-46a6-a50e-db015a33c652" disabled="true"><con:settings/><con:config service="https://tg-mobility.cloudhub.io" resourcePath="/orders?" methodName="" xsi:type="con:RestRequestStep" xmlns:xsi="http://www.w3.org/2001/XMLSchema-instance"><con:restRequest name="RequestOrders" id="68f008dc-8bd8-477c-9b6f-ed04e3c23836" mediaType="application/json"><con:settings><con:setting id="com.eviware.soapui.impl.wsdl.WsdlRequest@request-headers">&lt;xml-fragment/></con:setting></con:settings><con:endpoint>https://tg-mobility.cloudhub.io</con:endpoint><con:request/><con:originalUri>https://tg-mobility.cloudhub.io/mobility/v1/orders</con:originalUri><con:assertion type="Valid HTTP Status Codes" id="1da009da-5b14-407c-84d3-3c4919981c36" name="Valid HTTP Status Codes"><con:settings/><con:configuration><codes>200</codes></con:configuration></con:assertion><con:credentials><con:selectedAuthProfile>No Authorization</con:selectedAuthProfile><con:authType>No Authorization</con:authType></con:credentials><con:jmsConfig JMSDeliveryMode="PERSISTENT"/><con:parameters>
  <con:entry key="accountHolderFirstName" value="${#TestCase#FirstName}"/>
  <con:entry key="serviceNumber" value="${#TestCase#ServiceNumber}"/>
  <con:entry key="offset" value="${#TestCase#offset}"/>
  <con:entry key="X-TNGO-TENANT" value="${#TestCase#Tenant}"/>
  <con:entry key="accountHolderCompanyEmployeeId" value="${#TestCase#companyEmployeeId}"/>
  <con:entry key="accountHolderLastName" value="${#TestCase#LastName}"/>
  <con:entry key="client_id" value=""/>
  <con:entry key="Authorization" value="Bearer ${#TestCase#AccessToken}"/>
  <con:entry key="sortAscending" value="${#TestCase#sortAscending}"/>
  <con:entry key="limit" value="${#TestCase#Limit}"/>
  <con:entry key="externalOrderNumber" value="${#TestCase#ExternalOrderNumber}"/>
  <con:entry key="sortBy" value="${#TestCase#SortBy}"/>
  <con:entry key="client_secret" value=""/>
</con:parameters><con:parameterOrder><con:entry>X-TNGO-TENANT</con:entry><con:entry>Authorization</con:entry><con:entry>limit</con:entry><con:entry>offset</con:entry><con:entry>accountHolderCompanyEmployeeId</con:entry><con:entry>accountHolderFirstName</con:entry><con:entry>accountHolderLastName</con:entry><con:entry>externalOrderNumber</con:entry><con:entry>serviceNumber</con:entry><con:entry>sortBy</con:entry><con:entry>sortAscending</con:entry><con:entry>client_id</con:entry><con:entry>client_secret</con:entry></con:parameterOrder></con:restRequest></con:config></con:testStep><con:testStep type="groovy" name="ScriptVerifyHrefs" id="43af28d3-be32-489b-8e83-88dc1942e652" disabled="true"><con:settings/><con:config><script>import groovy.json.JsonSlurper 
def groovyUtils = new com.eviware.soapui.support.GroovyUtils( context ); 

// setup for calling the RequestOrders request test step.
def testCase = context.testCase; 
def testStep = testCase.getTestStepByName("RequestOrders");  
testRunner = new com.eviware.soapui.impl.wsdl.testcase.WsdlTestCaseRunner(testCase, null); 
testStepContext = new com.eviware.soapui.impl.wsdl.testcase.WsdlTestRunContext(testStep); 
def slurper = new JsonSlurper()

//  point to test step to be run.
testRunner = new com.eviware.soapui.impl.wsdl.testcase.WsdlTestCaseRunner(testCase, null); 
testStepContext = new com.eviware.soapui.impl.wsdl.testcase.WsdlTestRunContext(testStep); 

// get response of RequestOrders request that was run at test case start.
def response = testStep.testRequest.messageExchange.response.responseContent
def json = slurper.parseText response

// at some point will want to use a request that will get a larger than 
// normal size. this holds the required size
int neededAmountOfResults = context.MaxResultsNeeded as int

// this is the number of requests we need to test the href
int neededAmountOfHrefResults = 25 

// get the total count and make sure the size defined above is there.
int totalCount = json.orders._meta.totalCount

if(totalCount  &lt; neededAmountOfResults)
{
	log.info "Request results don't have enough orders for proceeding tests, Test case is stopped in test step 'ScriptVerifyHrefs'."
	throw new RuntimeException("Request results don't have enough orders for proceeding tests, Test case is stopped in test step 'ScriptVerifyHrefs'.")
}

// this sets up limit, offset, and service number query values. the value given to service number should give  
// enough result items to do test. all other query items are left empty.  the empty items were done in the 
// "ScriptSetup" test step. there has to be one query item (Service Number) to test the part (query item = some value)
// in the href link.
testRunner.testCase.setPropertyValue("ServiceNumber","*8*") 
testRunner.testCase.setPropertyValue("limit","5") 
testRunner.testCase.setPropertyValue("offset","3") 

// ///////////
// Run Test 
// ///////////
testStep.run(testRunner, testStepContext);
response = testStep.testRequest.messageExchange.response.responseContent
json = slurper.parseText response

// get the total count and make sure the size defined further above is there.
totalCount = json.orders._meta.totalCount

if(totalCount  &lt; neededAmountOfHrefResults)
{
	log.info "Request results don't have enough orders for proceeding Href tests, Test case is stopped in test step 'ScriptVerifyHrefs'."
	throw new RuntimeException("Request results don't have enough orders for proceeding Href tests, Test case is stopped in test step 'ScriptVerifyHrefs'.")
}

VerifyHrefResults(testRunner, json) // limit 5 and offset 3

// now change offset to be equal to limit.
testRunner.testCase.setPropertyValue("offset","5") 

// ///////////
// Run Test 
// ///////////
testStep.run(testRunner, testStepContext);
response = testStep.testRequest.messageExchange.response.responseContent
json = slurper.parseText response
VerifyHrefResults(testRunner, json)

// now change offset to be greater than limit.
testRunner.testCase.setPropertyValue("offset","7") 

// ///////////
// Run Test 
// ///////////
testStep.run(testRunner, testStepContext);
response = testStep.testRequest.messageExchange.response.responseContent
json = slurper.parseText response
VerifyHrefResults(testRunner, json)  // limit 5 and offset 7

// now change limit to be greater than offset.
testRunner.testCase.setPropertyValue("limit","10") 

// ///////////
// Run Test 
// ///////////
testStep.run(testRunner, testStepContext);
response = testStep.testRequest.messageExchange.response.responseContent
json = slurper.parseText response
VerifyHrefResults(testRunner, json)  // limit 10 and offset 7

// now change offset to be greater than two pages with limit = 10.
testRunner.testCase.setPropertyValue("offset","37") 

// ///////////
// Run Test 
// ///////////
testStep.run(testRunner, testStepContext);
response = testStep.testRequest.messageExchange.response.responseContent
json = slurper.parseText response
VerifyHrefResults(testRunner, json) // limit 10 and offset 37 


// /////////////////////////////////////////////////////////////////////////////////////////////////////
// //////////////////////////////////////////// Methods ////////////////////////////////////////////////
// /////////////////////////////////////////////////////////////////////////////////////////////////////

// /////////////////////////////////////////////////////////////////////////////////////////////////////
// this verifies the href responses for _metaHref, _metaHrefNext, _metaHrefStart, _metaHrefEnd.
// the hrefs being tested consist of limit, offset, the main endpoint for the href, sort type, query
// type, query value, and expected number of ampersands. common method 'VerifyHrefPathAndParams' is 
// used to verify each href type.
// /////////////////////////////////////////////////////////////////////////////////////////////////////
void VerifyHrefResults(testRunner, json)
{
	// this sets up variables for testing href links. 
	def limit = testRunner.testCase.getPropertyValue("limit")
	def offset = testRunner.testCase.getPropertyValue("offset") 
	def hrefLink = "https://tg-mobility.cloudhub.io/mobility/v1/orders?"
	def sortType = testRunner.testCase.getPropertyValue("sortAscending") 
	def queryType = "serviceNumber"
	def queryValue = testRunner.testCase.getPropertyValue("ServiceNumber") 
	def expectedNumAmpersands = 3
	
	hrefJson = json.orders._meta.href // _metaHref
	soapUIScripts.CommonMethods.VerifyHrefPathAndParams(hrefLink, limit, offset, sortType, queryType, queryValue, expectedNumAmpersands, hrefJson, log)

	hrefJson = json.orders._meta.hrefNext // _metaHrefNext
	def offsetVal = (limit as int) + (offset as int)
	
	soapUIScripts.CommonMethods.VerifyHrefPathAndParams(hrefLink, limit, offsetVal, sortType, queryType, queryValue, expectedNumAmpersands, hrefJson, log)

	hrefJson = json.orders._meta.hrefStart // _metaHrefStart
	offsetVal = 0
	soapUIScripts.CommonMethods.VerifyHrefPathAndParams(hrefLink, limit, offsetVal, sortType, queryType, queryValue, expectedNumAmpersands, hrefJson, log)

	hrefJson = json.orders._meta.hrefEnd // _metaHrefEnd
	offsetVal = soapUIScripts.CommonMethods.GetOffsetValueForHrefEnd(limit, json.orders._meta.totalCount, log) // this gets the expected offset value.
	soapUIScripts.CommonMethods.VerifyHrefPathAndParams(hrefLink, limit, offsetVal, sortType, queryType, queryValue, expectedNumAmpersands, hrefJson, log)

	hrefJson = json.orders._meta.hrefPrevious // _metaHrefPrevious
	int intOffset = offset as int 
	int intLimit = limit as int

	// offset for metaHrefPrevious is offset - limit. if result is negative, offset = 0.
	if(intOffset - intLimit &lt;= 0)
	{
		offsetVal = "0"
	}
	else
	{
		int tempInt = intOffset - intLimit	
		offsetVal = tempInt as String
	}

	soapUIScripts.CommonMethods.VerifyHrefPathAndParams(hrefLink, limit, offsetVal, sortType, queryType, queryValue, expectedNumAmpersands, hrefJson, log)
}	
	
	
	

</script></con:config></con:testStep><con:testStep type="groovy" name="Script_MAIN_TestController" id="0a2c19ce-bd3f-4052-8f63-df4a03c80adf"><con:settings/><con:config><script>def groovyUtils = new com.eviware.soapui.support.GroovyUtils(context); 
def projectPath = groovyUtils.projectPath //gets the path of the project root

testRunner.testCase.setPropertyValue("CompanyEmployeeId","") 
testRunner.testCase.setPropertyValue("limit","5")  

// each time this step is run this gets inceremented.
context.LoopCounter++ 

// log.info "Loop Counter Value after increment = " + context.LoopCounter

if(context.LoopCounter == 3)
{
	log.info "All testing done. Setting limit to 3."
	testRunner.testCase.setPropertyValue("limit","3") //this will cause the GoToTest to continue to end of test case.
	return
}

if(context.LoopCounter == 1)
{
	log.info "Sort Test One OrderId descending."
	testRunner.testCase.setPropertyValue("SortBy","") // default is orderId
	testRunner.testCase.setPropertyValue("sortAscending","false") 
	
	def dataOutToFile = "descendOrderId"
	assert (SetupFiles(projectPath, dataOutToFile)) == true
	def proc = "cmd /c C:\\LichPublic\\BoneYard\\___NonMavenConversion\\CmdNoMavStartConvertR15\\DemoSelenium\\RunSorting.bat".execute()
	proc.waitForProcessOutput(System.out, System.err);
	assert (new File(projectPath + "/" + "JavaErrorFile.txt").exists()) == false
	log.info "Loop One setup complete"
}

if(context.LoopCounter == 2)
{
	log.info "Sort Test Two OrderId ascending."
	testRunner.testCase.setPropertyValue("SortBy","") // default is orderId
	testRunner.testCase.setPropertyValue("sortAscending","true") 
	
	dataOutToFile = "ascendOrderId"
	assert (SetupFiles(projectPath, dataOutToFile)) == true
	proc = "cmd /c C:\\LichPublic\\BoneYard\\___NonMavenConversion\\CmdNoMavStartConvertR15\\DemoSelenium\\RunSorting.bat".execute()
	proc.waitForProcessOutput(System.out, System.err);
	assert (new File(projectPath + "/" + "JavaErrorFile.txt").exists()) == false
	log.info "Loop One setup complete"
}

// ///////////////////////////////////////////////////////////////////////////////////////////////////////////
// 										Methods
// ///////////////////////////////////////////////////////////////////////////////////////////////////////////
boolean SetupFiles(projectPath, dataOutToFile)
{
	try
	{	
		// first delete the seleniun input file.
		if(new File(projectPath + "/" + "SortingEnum.txt").exists())
		{
			new File(projectPath + "/" + "SortingEnum.txt").delete()
		}
		
		// Now setup the file that tells selenium what type of sorting test to do.
		def FileHandle = new File(projectPath + "/" + "SortingEnum.txt")
		FileHandle.write dataOutToFile
	}
	catch (all)
	{
		return false
	}
	return true
}


</script></con:config></con:testStep><con:testStep type="groovy" name="ScriptReadInfoForSortTesting" id="48205e18-2c6b-404b-a43d-6ecb382b886d"><con:settings/><con:config><script>def groovyUtils = new com.eviware.soapui.support.GroovyUtils( context ); 
def projectPath = groovyUtils.projectPath //gets the path of the project root

def inputFileName = projectPath  + "\\" + "SeleniumSortedOrderListOut.txt" // input file (seleniuum output).

context.OrdersList = []

// read in selenium output file and load each line in the file to an employee object, excluding the header information.
new File(inputFileName).eachLine 
{ 
	line ->	
	
	tempString = line		
	
	if(!tempString.contains("FORMAT:") &amp;&amp; !tempString.contains("Output Date:")) // skip the header information.
	{
		// put line read in into list. the items in the line read in are separeted by "%". the "-1" makes the split not remove missing info for the the list.
		rowReadInList = tempString.split("%",-1) 
		//for(str in rowReadInList){log.info str} // debug - show each individual item read in.
		
		// add new order object to user object list
		context.OrdersList.add(new OrderClass()) 

		// send order object that was just created above to method that will populate it.
		PopulateOrderObject(context.OrdersList[context.OrdersList.size()-1],rowReadInList) 
	}
}

// debug show all odrers info.
//for (obj in context.OrdersList){obj.ShowProperties(log)}


// This receives a user object and a list of items for the object. The 
// the items in the list are put into the object's properties.
void PopulateOrderObject(orderObjectToPopulate, listOfItemsForOrderObject)
{
	orderObjectToPopulate.user = listOfItemsForOrderObject[0]
	orderObjectToPopulate.department = listOfItemsForOrderObject[1]
	orderObjectToPopulate.email = listOfItemsForOrderObject[2]
	orderObjectToPopulate.login = listOfItemsForOrderObject[3]
	orderObjectToPopulate.userId = listOfItemsForOrderObject[4]
	orderObjectToPopulate.orderId = listOfItemsForOrderObject[5]
	orderObjectToPopulate.externalOrderId = listOfItemsForOrderObject[6]
	orderObjectToPopulate.fullFiller = listOfItemsForOrderObject[7]
	orderObjectToPopulate.orderDate= listOfItemsForOrderObject[8]
	orderObjectToPopulate.orderType = listOfItemsForOrderObject[9]
	orderObjectToPopulate.serviceNumber = listOfItemsForOrderObject[10]
	orderObjectToPopulate.statusDate = listOfItemsForOrderObject[11]
	orderObjectToPopulate.status = listOfItemsForOrderObject[12]
	orderObjectToPopulate.requestor = listOfItemsForOrderObject[13]
	orderObjectToPopulate.problemString = listOfItemsForOrderObject[14]
}

// ///////////////////////////////
// 		User class
// ///////////////////////////////
class OrderClass // class to hold info for each user that is added to the UsersList.
{
	String user = ""
	String department = ""
	String email = ""
	String login = ""
	String userId = ""
	String orderId = ""
	String externalOrderId = ""
	String fullFiller = ""
	String orderDate = ""
	String orderType = ""	
	String serviceNumber = ""	
	String statusDate = ""	
	String status = ""	
	String requestor = ""	
	String problemString = ""		

	public void ShowProperties(log)
	{
		log.info "----------------------"
		log.info "User: " + user
		log.info "Department: " + department		
		log.info "Email: " + email
		log.info "Login: " + login		
		log.info "User ID: " + userId
		log.info "Order ID: " + orderId		
		log.info "External Order ID: " + externalOrderId
		log.info "FullFiller: " + fullFiller		
		log.info "Order Date: " + orderDate
		log.info "Order Type: " + orderType	
		log.info "Service Number: " + serviceNumber
		log.info "Status Date: " + statusDate	
		log.info "Status: " + status	
		log.info "Requestor: " + requestor
		log.info "Problem String: " + problemString	
	}
}




</script></con:config></con:testStep><con:testStep type="restrequest" name="RequestOrdersSortingTests" id="09ded81a-ee73-4af4-b81b-fc966c95cd55"><con:settings/><con:config service="https://tg-mobility.cloudhub.io" resourcePath="/orders?" methodName="" xsi:type="con:RestRequestStep" xmlns:xsi="http://www.w3.org/2001/XMLSchema-instance"><con:restRequest name="RequestOrdersSortingTests" id="68f008dc-8bd8-477c-9b6f-ed04e3c23836" mediaType="application/json"><con:settings><con:setting id="com.eviware.soapui.impl.wsdl.WsdlRequest@request-headers">&lt;xml-fragment/></con:setting></con:settings><con:endpoint>${#TestCase#URL}</con:endpoint><con:request/><con:originalUri>https://tg-mobility.cloudhub.io/mobility/v1/orders</con:originalUri><con:assertion type="Valid HTTP Status Codes" id="9734a1a8-e985-4399-bf68-80b912ffd409" name="Valid HTTP Status Codes"><con:settings/><con:configuration><codes>200</codes></con:configuration></con:assertion><con:credentials><con:selectedAuthProfile>No Authorization</con:selectedAuthProfile><con:authType>No Authorization</con:authType></con:credentials><con:jmsConfig JMSDeliveryMode="PERSISTENT"/><con:parameters>
  <con:entry key="Authorization" value="Bearer ${#TestCase#AccessToken}"/>
  <con:entry key="sortAscending" value="${#TestCase#sortAscending}"/>
  <con:entry key="offset" value="0"/>
  <con:entry key="X-TNGO-TENANT" value="XX1"/>
  <con:entry key="limit" value="${#TestCase#limit}"/>
  <con:entry key="sortBy" value="ORDER_ID"/>
  <con:entry key="client_secret" value="${#TestCase#client_secret}"/>
  <con:entry key="client_id" value="${#TestCase#client_Id}"/>
</con:parameters><con:parameterOrder><con:entry>X-TNGO-TENANT</con:entry><con:entry>Authorization</con:entry><con:entry>limit</con:entry><con:entry>offset</con:entry><con:entry>accountHolderCompanyEmployeeId</con:entry><con:entry>accountHolderFirstName</con:entry><con:entry>accountHolderLastName</con:entry><con:entry>externalOrderNumber</con:entry><con:entry>serviceNumber</con:entry><con:entry>sortBy</con:entry><con:entry>sortAscending</con:entry><con:entry>client_id</con:entry><con:entry>client_secret</con:entry></con:parameterOrder></con:restRequest></con:config></con:testStep><con:testStep type="groovy" name="ScriptVeriFyOrderRequest" id="51d3f3da-0328-42f2-98cd-076a0727bf04"><con:settings/><con:config><script><![CDATA[import groovy.json.JsonSlurper 
def groovyUtils = new com.eviware.soapui.support.GroovyUtils( context ); 

if(testRunner.testCase.getPropertyValue("limit") != "5")
{
	return
}

// setup for calling the RequestOrders request test step.
def testCase = context.testCase; 
def testStep = testCase.getTestStepByName("RequestOrdersSortingTests");  
testRunner = new com.eviware.soapui.impl.wsdl.testcase.WsdlTestCaseRunner(testCase, null); 
testStepContext = new com.eviware.soapui.impl.wsdl.testcase.WsdlTestRunContext(testStep); 
def slurper = new JsonSlurper()

// this holds the property types in the Order class.
enum OrderProps
{
	user,
	department,
	email,
	login,
	userId,
	orderId,
	externalOrderId,
	fullFiller,
	orderDate,
	orderType,
	serviceNumber,
	statusDate,
	status,
	requestor,
	problemString
}

// get response of RequestOrders request that was run at test case start.
def response = testStep.testRequest.messageExchange.response.responseContent
def json = slurper.parseText response

def limit = testRunner.testCase.getPropertyValue("limit")



//for (obj in context.OrdersList){obj.ShowProperties(log)}

// these meta hrfes are tested in "ScriptVerifyHrefs" previous steps.
//orders_metahref
//orders_metatotalCount
//orders_metaoffset
//orders_metalimit
//orders_metahrefStart
//orders_metahrefPrevious
//orders_metahrefNext
//orders_metahrefEnd
//log.info json.orders.items.orderId
CompareObjectListToJsonList(context.OrdersList, json.orders.items.orderId, limit, OrderProps.orderId)
//orders.items_metahref
//orders.items	externalOrderNumber
CompareObjectListToJsonList(context.OrdersList, json.orders.items.externalOrderNumber, limit, OrderProps.externalOrderId)
//orders.itemsdateSubmitted // do this last - not worth it for sort test
//orders.itemstransactionType
CompareObjectListToJsonList(context.OrdersList, json.orders.items.transactionType, limit, OrderProps.orderType)
//ordersitemsstatus
CompareObjectListToJsonList(context.OrdersList, json.orders.items.status, limit, OrderProps.status)
//ordersitemsserviceNumber
CompareObjectListToJsonList(context.OrdersList, json.orders.items.serviceNumber, limit, OrderProps.serviceNumber)
//orders.items.accountHolder	_meta	href
//orders.items	accountHolder	id
//orders.items	accountHolder	companyEmployeeId
//orders.items	accountHolder	firstName
//orders.items	accountHolder	lastName
//orders.items	accountHolder	status
//orders.items	accountHolder	email
//orders.items	accountHolder	officePhone
//orders.items.accountHolder	department	id
//ordersitemsaccountHolderdepartmentname
CompareObjectListToJsonList(context.OrdersList, json.orders.items.accountHolder.departmenName, limit, OrderProps.department)
//orders.items.requestedBy	_meta	href
//orders.items	requestedBy	id
//orders.items	requestedBy	companyEmployeeId
//orders.items	requestedBy	firstName
//orders.items	requestedBy	lastName
//orders.items	requestedBy	status
//orders.items	requestedBy	email
//orders.items.requestedBy	department	id
//orders.items.requestedBy	department	name
//orders.items.vendor	_meta	href
//orders.items	vendor	id
//orders.items	vendor	name
//orders.items	vendor	logoUrl
 


void CompareObjectListToJsonList(objList, jsonList, limit, OrderProps oProps)
{
	if(jsonList.size() != limit as int) // list size should reflect the limit setting.
	{
		log.info "Json list size in 'CompareObjectListToJsonList' method does not match limit."
		throw new RuntimeException("Json list size in 'CompareObjectListToJsonList' method does not match limit.")		
	}

	switch ( oProps ) 
	{
	 	case OrderProps.user:
			for(int x = 0; x < (limit as int);  x++)
			{
				//VerifyJsonToUOrderObject(jsonList[x], objList[x].employeeId, UserProps.employeeId)
			}
	        	break
	 	case OrderProps.department:
			for(int x = 0; x < (limit as int);  x++)
			{
				//VerifyJsonToOrderObject(jsonList[x], objList[x].department, OrderProps.department)
			}	    
			break    	
	 	case OrderProps.email:
			for(int x = 0; x < (limit as int);  x++)
			{
				//VerifyJsonToUOrderObjectonToUserObject(jsonList[x], objList[x].employeeId, UserProps.employeeId)
			}
	        	break
	 	case OrderProps.login:
			for(int x = 0; x < (limit as int);  x++)
			{
				//VerifyJsonToUOrderObject(jsonList[x], objList[x].companyEmployeeId, UserProps.companyEmployeeId)
			}	    
			break    	
	    	
	 	case OrderProps.userId:
			for(int x = 0; x < (limit as int);  x++)
			{
				//VerifyJsonToUOrderObject(jsonList[x], objList[x].employeeId, UserProps.employeeId)
			}
	        	break
	 	case OrderProps.orderId:
			for(int x = 0; x < (limit as int);  x++)
			{
				VerifyJsonToOrderObject(jsonList[x], objList[x].orderId, OrderProps.orderId)
			}	    
			break    		    	
	 	case OrderProps.externalOrderId:
			for(int x = 0; x < (limit as int);  x++)
			{
				VerifyJsonToOrderObject(jsonList[x], objList[x].externalOrderId, OrderProps.externalOrderId)
			}
	        	break
	 	case OrderProps.fullFiller:
			for(int x = 0; x < (limit as int);  x++)
			{
				
				
				
				
				
				
				
				//VerifyJsonToUOrderObject(jsonList[x], objList[x].companyEmployeeId, UserProps.companyEmployeeId)
			}	    
			break    		    		    	
	    	
	 	case OrderProps.orderDate:
			for(int x = 0; x < (limit as int);  x++)
			{
				//VerifyJsonToUOrderObject(jsonList[x], objList[x].companyEmployeeId, UserProps.companyEmployeeId)
			}	    
			break    		    		    		    	
	 	case OrderProps.serviceNumber:
			for(int x = 0; x < (limit as int);  x++)
			{
				// if a json service number is not known it has "na" in it's field. this if only considers service numbers
				// that are not known.
				if(jsonList[x] != "na")
				{
					def tempOne = objList[x].serviceNumber.replaceAll("\\(","")
					def tempTwo = tempOne.replaceAll("\\)","")				
					def tempThree = tempTwo.replaceAll("-","")	
					def tempFour = tempThree.replaceAll(" ","")	 			
					VerifyJsonToOrderObject(jsonList[x], tempFour, OrderProps.serviceNumber)	
				}
				else // if the serviceNumber is "na", set the json value to null so it won't be tested in the "VerifyJsonToOrderObject" method.
				{
					jsonList[x] = null
					log.info jsonList[x]
					VerifyJsonToOrderObject(jsonList[x], objList[x].serviceNumber, OrderProps.serviceNumber)
				}
			}	    
			break    		    		    	
	 	case OrderProps.statusDate:
			for(int x = 0; x < (limit as int);  x++)
			{
				//VerifyJsonToUOrderObject(jsonList[x], objList[x].companyEmployeeId, UserProps.companyEmployeeId)
			}	    
			break 
	 	case OrderProps.status:
			for(int x = 0; x < (limit as int);  x++)
			{
				VerifyJsonToOrderObject(jsonList[x].replaceAll("_", " "), objList[x].status.toUpperCase(), OrderProps.status)
			}	    
			break    		    		    	
	    	
	 	case OrderProps.requestor:
			for(int x = 0; x < (limit as int);  x++)
			{
				//VerifyJsonToUOrderObject(jsonList[x], objList[x].companyEmployeeId, UserProps.companyEmployeeId)
			}	    
			break 
	 	case OrderProps.problemString:
			for(int x = 0; x < (limit as int);  x++)
			{
				//VerifyJsonToUOrderObject(jsonList[x], objList[x].companyEmployeeId, UserProps.companyEmployeeId)
			}	    
			break 
	    	default:
			break
	}
}

void VerifyJsonToOrderObject(jsonItem, orderObjItem, itemToTest)
{
	// DEBUG - this shows the items being passed in 
	// log.info "#################" + jsonItem + " : " + orderObjItem + " : " + itemToTest
	
	// first check for user object item that indicates an empty entry. if there is an empty entry the json value should be null.
	if(orderObjItem == "" /*context.orderObjectEmptyEntry */)
	{
		if(jsonItem != null)
		{
			log.info "Error in 'CompareObjectListToJsonList' method. User object item has no value and json item is not null. The json item '" + 
			          jsonItem + "' should be null. The item being tested is '" + itemToTest + "'" + "."
			throw new RuntimeException("Error in 'CompareObjectListToJsonList' method. User object item has no value and json item is not null. The json item '" + 
			          jsonItem + "' should be null. The item being tested is '" + itemToTest + "'" + ".")
		}
		return
	}

	// there is an entry for the userObject item. verify equality between the json item and the user object item.
	if(jsonItem != orderObjItem)
	{
		log.info "Error in 'CompareObjectListToJsonList' method. User object item '" + orderObjItem + "' does not equal the json item '" + jsonItem + "'" + ". The item being tested is '" + itemToTest + "'" + "."
		throw new RuntimeException("Error in 'CompareObjectListToJsonList' method. User object item '" + orderObjItem + 
		                           "' does not equal the json item '" + jsonItem + "'" + ". The item being tested is '" + itemToTest + "'" + ".")
	}
}
 
 ]]></script></con:config></con:testStep><con:testStep type="goto" name="GoToTest" id="8603b585-1487-438b-a48c-c9b105cd82e6"><con:settings/><con:config xsi:type="con:GotoStep" xmlns:xsi="http://www.w3.org/2001/XMLSchema-instance"><con:condition><con:name>Test</con:name><con:type>XPATH</con:type><con:expression>declare namespace ns1='https://tg-mobility.cloudhub.io/mobility/v1/orders';
//ns1:Response[1]/ns1:orders[1]/ns1:_meta[1]/ns1:limit[1] = 5</con:expression><con:targetStep>Script_MAIN_TestController</con:targetStep></con:condition></con:config></con:testStep><con:testStep type="groovy" name="FinishTestMessage" id="504a6b0e-6482-46da-9cba-6807f6a5e7e4"><con:settings/><con:config><script>

log.info "Finished Test *************************************************** "</script></con:config></con:testStep><con:properties><con:property><con:name>Tenant</con:name><con:value>XX1</con:value></con:property><con:property><con:name>limit</con:name><con:value>3</con:value></con:property><con:property><con:name>offset</con:name><con:value>0</con:value></con:property><con:property><con:name>companyEmployeeId</con:name><con:value/></con:property><con:property><con:name>AccessToken</con:name><con:value>Ke_3Ra3ACKedfmZR55mmbY-wz2amgjcfPmgxfxsNhSKsTGEzVKG5sxRORW-obZKpQVNVjarlXr4TrdCLsTxI-Q</con:value></con:property><con:property><con:name>RefreshToken</con:name><con:value>fSVgzm0XL3AQO4v3aJB7ck4lfx0gIHBHr9dSGF9szj7FVErELFU8NryhEFZGdJRzE-Asf89rVJypzOAPlILF4Q</con:value></con:property><con:property><con:name>DeviceId</con:name><con:value>35433799</con:value></con:property><con:property><con:name>ServiceId</con:name><con:value>38456907</con:value></con:property><con:property><con:name>EmployeeId</con:name><con:value>28680024</con:value></con:property><con:property><con:name>DepartmentId</con:name><con:value>11569020350</con:value></con:property><con:property><con:name>LogoUrl</con:name><con:value>https://commcareqa.tangoe.com/</con:value></con:property><con:property><con:name>LastName</con:name><con:value/></con:property><con:property><con:name>FirstName</con:name><con:value/></con:property><con:property><con:name>ExternalOrderNumber</con:name><con:value/></con:property><con:property><con:name>ServiceNumber</con:name><con:value/></con:property><con:property><con:name>SortBy</con:name><con:value/></con:property><con:property><con:name>StartLimit</con:name><con:value>5</con:value></con:property><con:property><con:name>sortAscending</con:name><con:value>true</con:value></con:property><con:property><con:name>client_id</con:name><con:value>3c276cecdc674aabb5456f54b605bbbf</con:value></con:property><con:property><con:name>client_secret</con:name><con:value>c513c4a67492405d95CE4DB4B40B73FF</con:value></con:property><con:property><con:name>URL</con:name><con:value>https://tngo-qa-mobproc.cloudhub.io/mobproc/v1.qa</con:value></con:property></con:properties><con:reportParameters/><con:breakPoints><con:testStepId>43af28d3-be32-489b-8e83-88dc1942e652</con:testStepId><con:status>NONE</con:status><con:properties/></con:breakPoints><con:breakPoints><con:testStepId>0a2c19ce-bd3f-4052-8f63-df4a03c80adf</con:testStepId><con:status>NONE</con:status><con:properties/></con:breakPoints><con:breakPoints><con:testStepId>51d3f3da-0328-42f2-98cd-076a0727bf04</con:testStepId><con:status>NONE</con:status><con:properties/></con:breakPoints><con:breakPoints><con:testStepId>8603b585-1487-438b-a48c-c9b105cd82e6</con:testStepId><con:status>NONE</con:status><con:properties/></con:breakPoints><con:breakPoints><con:testStepId>504a6b0e-6482-46da-9cba-6807f6a5e7e4</con:testStepId><con:status>NONE</con:status><con:properties/></con:breakPoints></con:testCase><con:properties/><con:reportParameters/></con:testSuite><con:requirements/><con:properties/><con:wssContainer/><con:databaseConnectionContainer/><con:oAuth2ProfileContainer/><con:reporting><con:reportTemplates/><con:xmlTemplates/><con:xmlTemplates/><con:parameters/><con:parameters/></con:reporting><con:reporting/><con:authRepository/><con:tags/></con:soapui-project>