<?xml version="1.0" encoding="UTF-8"?>
<con:soapui-workspace name="MainTest" cid="c83c9c5e-b110-48f7-976e-6c7ff790a5ae" soapui-version="6.0.0" xmlns:con="http://eviware.com/soapui/config">
  <con:settings/>
  <con:project name="TokenProjectPingFederate" lastOpened="2018-10-16T13:03:43.515-04:00">C:/SoapUi_Projects/_API_2017_SFE_15041/MobProcCondensed/TokenProjectPingFederateXX1.xml</con:project>
  <con:project name="AllProjects" lastOpened="2018-10-16T13:03:53.699-04:00">C:/SoapUi_Projects/_API_2017_SFE_15041/MobProcCondensed/AllProjects.xml</con:project>
  <con:project name="Orders" lastOpened="2018-10-11T20:03:49.618-04:00">C:/SoapUi_Projects/_API_2017_SFE_15041/MobProcCondensed/Orders.xml</con:project>
  <con:project name="Demo" lastOpened="2018-10-17T18:05:34.990-04:00">C:/SoapUi_Projects/_API_2017_SFE_15041/MobProcCondensed/Demo.xml</con:project>
  <con:project name="CombinationOfAssets" lastOpened="2018-10-08T15:49:52.744-04:00">C:/SoapUi_Projects/_API_2017_SFE_15041/MobProcCondensed/CombinationOfAssets.xml</con:project>
  <con:recentItemCollection>
    <con:moduleId>SoapUiNGModule</con:moduleId>
    <con:itemId>88ab061a-4f4a-45cc-8cd2-a33848e74589</con:itemId>
    <con:itemId>64269c37-9fb5-419e-adef-411c3b32a1f0</con:itemId>
  </con:recentItemCollection>
  <con:recentItemCollection>
    <con:moduleId>ProjectsModule</con:moduleId>
    <con:itemId>ce37ede4-cd2e-4740-ad8a-1d62d6079a89</con:itemId>
    <con:itemId>54dc87f7-6289-48f6-a865-7516048c843b</con:itemId>
    <con:itemId>ae7232fb-f860-4e92-8cc3-492716108fd8</con:itemId>
    <con:itemId>2c8a76de-5fcf-4458-a895-84246fd6e82b</con:itemId>
    <con:itemId>b1bc76c1-ee73-4695-a2e1-f946747d1ed4</con:itemId>
  </con:recentItemCollection>
  <con:navigatorNodeCollection>
    <con:rootNodeLabel>SoapUI</con:rootNodeLabel>
    <con:expandNodeState>
      <con:id>a9cf2084-eb12-49c8-857c-a8024c8a88d2</con:id>
      <con:expandState>true</con:expandState>
    </con:expandNodeState>
    <con:expandNodeState>
      <con:id>afd4f01b-1c66-4168-b75e-0ae2cd5aa4f2</con:id>
      <con:expandState>true</con:expandState>
    </con:expandNodeState>
    <con:expandNodeState>
      <con:id>eb0a2604-f117-4705-a2e5-0900d47bf14c</con:id>
      <con:expandState>true</con:expandState>
    </con:expandNodeState>
    <con:expandNodeState>
      <con:id>7a51aee7-6574-40b4-af47-942f1eea5b2a</con:id>
      <con:expandState>true</con:expandState>
    </con:expandNodeState>
    <con:expandNodeState>
      <con:id>89b0f673-349d-4308-9f95-7c3a57ba9017</con:id>
      <con:expandState>true</con:expandState>
    </con:expandNodeState>
    <con:expandNodeState>
      <con:id>25ee2ea2-9de0-469e-bfeb-52a447ea3232</con:id>
      <con:expandState>true</con:expandState>
    </con:expandNodeState>
    <con:expandNodeState>
      <con:id>53aa28f6-3007-4fed-b09d-591b011b0be4</con:id>
      <con:expandState>true</con:expandState>
    </con:expandNodeState>
    <con:expandNodeState>
      <con:id>1aa41219-9ad6-4f05-bbab-b1aa6c531725</con:id>
      <con:expandState>true</con:expandState>
    </con:expandNodeState>
    <con:expandNodeState>
      <con:id>708b2397-3f53-4b09-b374-f53d8a434e10</con:id>
      <con:expandState>true</con:expandState>
    </con:expandNodeState>
    <con:expandNodeState>
      <con:id>1fc0940e-a6af-4554-b594-72f4527c9f6f</con:id>
      <con:expandState>true</con:expandState>
    </con:expandNodeState>
    <con:expandNodeState>
      <con:id>828d38b2-dfea-4f46-be7c-7f4fe9e6f28d</con:id>
      <con:expandState>true</con:expandState>
    </con:expandNodeState>
    <con:expandNodeState>
      <con:id>132af289-df1d-4f57-a417-e22f993d0a84</con:id>
      <con:expandState>true</con:expandState>
    </con:expandNodeState>
    <con:expandNodeState>
      <con:id>4a846203-193d-44e8-8aa0-bec0a50c3ace</con:id>
      <con:expandState>true</con:expandState>
    </con:expandNodeState>
    <con:expandNodeState>
      <con:id>43185030-2f28-4af3-a1b4-89275b53cd37</con:id>
      <con:expandState>false</con:expandState>
    </con:expandNodeState>
    <con:expandNodeState>
      <con:id>bff5296c-1260-4121-8c59-683b7bec370a</con:id>
      <con:expandState>true</con:expandState>
    </con:expandNodeState>
    <con:expandNodeState>
      <con:id>ed02fd3b-54d4-45c0-99ba-bd37fa413c97</con:id>
      <con:expandState>true</con:expandState>
    </con:expandNodeState>
    <con:expandNodeState>
      <con:id>9c9b33ad-1f38-4c4d-9f9e-06b391d970b9</con:id>
      <con:expandState>true</con:expandState>
    </con:expandNodeState>
    <con:expandNodeState>
      <con:id>60fb0852-7d93-4af3-8d97-e486c84f0250</con:id>
      <con:expandState>false</con:expandState>
    </con:expandNodeState>
    <con:expandNodeState>
      <con:id>f8eb55bf-dd1a-4da8-b6fc-814e0bce8892</con:id>
      <con:expandState>false</con:expandState>
    </con:expandNodeState>
    <con:expandNodeState>
      <con:id>d9e09e1b-015e-43a7-9fd4-7f54fe280644</con:id>
      <con:expandState>false</con:expandState>
    </con:expandNodeState>
    <con:expandNodeState>
      <con:id>45ff4be8-1142-49ea-916c-5a3b84461f1a</con:id>
      <con:expandState>false</con:expandState>
    </con:expandNodeState>
    <con:expandNodeState>
      <con:id>f3a2ca07-243a-44d5-a38a-5d61945c54fc</con:id>
      <con:expandState>false</con:expandState>
    </con:expandNodeState>
    <con:expandNodeState>
      <con:id>2a55aabc-6807-462c-b9b1-9770425c6801</con:id>
      <con:expandState>false</con:expandState>
    </con:expandNodeState>
    <con:expandNodeState>
      <con:id>7059b3c1-901d-4e6b-8d81-801d4b440ef2</con:id>
      <con:expandState>false</con:expandState>
    </con:expandNodeState>
    <con:expandNodeState>
      <con:id>57417139-47c1-4ef4-9fb2-8a352c72a595</con:id>
      <con:expandState>false</con:expandState>
    </con:expandNodeState>
    <con:expandNodeState>
      <con:id>ee348bc3-297d-477f-986a-90568f1af050</con:id>
      <con:expandState>false</con:expandState>
    </con:expandNodeState>
    <con:expandNodeState>
      <con:id>89fc3347-9aaf-487d-a149-e02dd4f16d4c</con:id>
      <con:expandState>false</con:expandState>
    </con:expandNodeState>
    <con:expandNodeState>
      <con:id>3592e555-ce9a-4fdf-9101-f8ff1a6b27a0</con:id>
      <con:expandState>false</con:expandState>
    </con:expandNodeState>
    <con:expandNodeState>
      <con:id>ab51828a-fde9-4755-a1cc-b725c0642086</con:id>
      <con:expandState>true</con:expandState>
    </con:expandNodeState>
    <con:expandNodeState>
      <con:id>3e44b956-bb81-4e49-9f49-4d666cfbdb3e</con:id>
      <con:expandState>true</con:expandState>
    </con:expandNodeState>
    <con:expandNodeState>
      <con:id>7c19c94d-1df9-48ac-b488-576e0b3a202f</con:id>
      <con:expandState>true</con:expandState>
    </con:expandNodeState>
    <con:expandNodeState>
      <con:id>41a5637c-ada7-499e-9694-edc66119541d</con:id>
      <con:expandState>false</con:expandState>
    </con:expandNodeState>
    <con:expandNodeState>
      <con:id>ee88d1bc-b782-4d18-8aef-e20fabb17a48</con:id>
      <con:expandState>true</con:expandState>
    </con:expandNodeState>
    <con:expandNodeState>
      <con:id>7b92872c-bf35-4a0f-98bb-f79a17489540</con:id>
      <con:expandState>true</con:expandState>
    </con:expandNodeState>
    <con:expandNodeState>
      <con:id>eabe9034-25b7-45eb-b64a-5ae5ff9cf414</con:id>
      <con:expandState>false</con:expandState>
    </con:expandNodeState>
    <con:expandNodeState>
      <con:id>695e4fe2-442d-47ad-bd4c-4ef626aca410</con:id>
      <con:expandState>false</con:expandState>
    </con:expandNodeState>
    <con:expandNodeState>
      <con:id>b03c3bef-5bad-4266-92fa-6d8e4d591c15</con:id>
      <con:expandState>false</con:expandState>
    </con:expandNodeState>
    <con:expandNodeState>
      <con:id>b711d155-c9cd-4536-b883-b9d413b25608</con:id>
      <con:expandState>false</con:expandState>
    </con:expandNodeState>
    <con:expandNodeState>
      <con:id>6307c35e-b7c3-4cc0-9370-f84c99ad54f1</con:id>
      <con:expandState>false</con:expandState>
    </con:expandNodeState>
    <con:expandNodeState>
      <con:id>bc84fc96-30f3-403b-9b38-8af5d28e13b4</con:id>
      <con:expandState>false</con:expandState>
    </con:expandNodeState>
    <con:expandNodeState>
      <con:id>f3a56f59-8c8f-486b-b120-244fb0e090c4</con:id>
      <con:expandState>false</con:expandState>
    </con:expandNodeState>
    <con:expandNodeState>
      <con:id>deee38d4-d631-431f-8ab4-18cfe4853c2b</con:id>
      <con:expandState>false</con:expandState>
    </con:expandNodeState>
    <con:expandNodeState>
      <con:id>6bf03b37-348a-4b6b-98d6-ec32f537b077</con:id>
      <con:expandState>true</con:expandState>
    </con:expandNodeState>
    <con:expandNodeState>
      <con:id>8f4a2bc5-dbb5-4dbb-855c-16281e8fb249</con:id>
      <con:expandState>false</con:expandState>
    </con:expandNodeState>
    <con:expandNodeState>
      <con:id>9b8f6b4d-5c0f-44d0-b0c1-6d568e36b28b</con:id>
      <con:expandState>true</con:expandState>
    </con:expandNodeState>
    <con:expandNodeState>
      <con:id>2b770af2-fa2e-459b-b597-bba4d97285ba</con:id>
      <con:expandState>false</con:expandState>
    </con:expandNodeState>
    <con:expandNodeState>
      <con:id>dd4e424d-f97c-49bd-8273-47e3f19659ef</con:id>
      <con:expandState>false</con:expandState>
    </con:expandNodeState>
    <con:expandNodeState>
      <con:id>4a52bdc5-0f5e-4908-939c-e2c1a48be117</con:id>
      <con:expandState>false</con:expandState>
    </con:expandNodeState>
    <con:expandNodeState>
      <con:id>0555616d-ba5c-4508-8dad-b2cc40aadf61</con:id>
      <con:expandState>false</con:expandState>
    </con:expandNodeState>
    <con:expandNodeState>
      <con:id>49df8303-fb3a-4a04-91b5-373bcc4acd41</con:id>
      <con:expandState>false</con:expandState>
    </con:expandNodeState>
    <con:expandNodeState>
      <con:id>1f29b774-b615-43a8-9105-1597f6be82e4</con:id>
      <con:expandState>true</con:expandState>
    </con:expandNodeState>
    <con:expandNodeState>
      <con:id>0ea7ab46-a4ee-4a57-80c7-7119f0657973</con:id>
      <con:expandState>true</con:expandState>
    </con:expandNodeState>
    <con:expandNodeState>
      <con:id>09d5aaeb-fc47-4bb6-a60d-573fe8be14fa</con:id>
      <con:expandState>false</con:expandState>
    </con:expandNodeState>
    <con:expandNodeState>
      <con:id>fa478061-234e-4a89-92dd-c8bac899722d</con:id>
      <con:expandState>false</con:expandState>
    </con:expandNodeState>
    <con:expandNodeState>
      <con:id>60fb6789-742f-4f53-afe9-4e7dce95c7d7</con:id>
      <con:expandState>false</con:expandState>
    </con:expandNodeState>
    <con:expandNodeState>
      <con:id>d7fd36e4-5b67-4d51-8ca4-44a31b2848ce</con:id>
      <con:expandState>false</con:expandState>
    </con:expandNodeState>
    <con:expandNodeState>
      <con:id>1471d81f-7d5c-4b31-985b-7b3b6d417f3d</con:id>
      <con:expandState>false</con:expandState>
    </con:expandNodeState>
    <con:expandNodeState>
      <con:id>a90f1d6b-0586-4b40-9388-4a2210049fa7</con:id>
      <con:expandState>false</con:expandState>
    </con:expandNodeState>
    <con:expandNodeState>
      <con:id>a01e23c3-3219-41de-b0cb-17706bb9b33a</con:id>
      <con:expandState>false</con:expandState>
    </con:expandNodeState>
    <con:expandNodeState>
      <con:id>bae40536-5873-463a-82b6-9695616d4fe4</con:id>
      <con:expandState>true</con:expandState>
    </con:expandNodeState>
    <con:expandNodeState>
      <con:id>cd121d01-6dc5-4d50-8212-7928ce273644</con:id>
      <con:expandState>false</con:expandState>
    </con:expandNodeState>
    <con:expandNodeState>
      <con:id>1b0e844a-0b1a-4150-a3a9-7caf88bd54e9</con:id>
      <con:expandState>false</con:expandState>
    </con:expandNodeState>
    <con:expandNodeState>
      <con:id>7ddae382-5894-4e38-ae92-ef30f52e7f16</con:id>
      <con:expandState>false</con:expandState>
    </con:expandNodeState>
    <con:expandNodeState>
      <con:id>07c6291f-f0ba-47c8-af82-bf909bd76d13</con:id>
      <con:expandState>false</con:expandState>
    </con:expandNodeState>
    <con:expandNodeState>
      <con:id>58447d8c-cd3b-4efe-9bde-6e5bf89a5f7f</con:id>
      <con:expandState>false</con:expandState>
    </con:expandNodeState>
    <con:expandNodeState>
      <con:id>30b79931-dc12-41ea-9bed-592244e6cfd3</con:id>
      <con:expandState>false</con:expandState>
    </con:expandNodeState>
    <con:expandNodeState>
      <con:id>882f6a5b-c99a-416c-b329-f87eda5d60c3</con:id>
      <con:expandState>false</con:expandState>
    </con:expandNodeState>
    <con:expandNodeState>
      <con:id>fbcef630-dc44-4d57-868d-07a3c5505736</con:id>
      <con:expandState>true</con:expandState>
    </con:expandNodeState>
    <con:expandNodeState>
      <con:id>7dee275c-c346-4d6d-81b6-da484d13ecda</con:id>
      <con:expandState>true</con:expandState>
    </con:expandNodeState>
    <con:expandNodeState>
      <con:id>ccb877b7-1e83-4f94-9642-7949ceee54b7</con:id>
      <con:expandState>true</con:expandState>
    </con:expandNodeState>
    <con:expandNodeState>
      <con:id>9420cfb6-8044-4e67-b1f5-17aa75b385a6</con:id>
      <con:expandState>true</con:expandState>
    </con:expandNodeState>
    <con:expandNodeState>
      <con:id>620bc2c9-d884-482a-b70b-603b4699f6d8</con:id>
      <con:expandState>true</con:expandState>
    </con:expandNodeState>
    <con:expandNodeState>
      <con:id>5bf1f506-f477-4498-b98c-f1cfef694430</con:id>
      <con:expandState>false</con:expandState>
    </con:expandNodeState>
    <con:expandNodeState>
      <con:id>45c2725b-636c-4940-bdf3-64776ec7d530</con:id>
      <con:expandState>false</con:expandState>
    </con:expandNodeState>
    <con:expandNodeState>
      <con:id>cc88eebf-0c25-4807-8737-79f2eae49b3b</con:id>
      <con:expandState>true</con:expandState>
    </con:expandNodeState>
    <con:expandNodeState>
      <con:id>285c42c7-6280-4cc5-b9e5-7435394462f0</con:id>
      <con:expandState>true</con:expandState>
    </con:expandNodeState>
    <con:expandNodeState>
      <con:id>b7ef5f63-5599-48d1-92e4-ee788f294d68</con:id>
      <con:expandState>true</con:expandState>
    </con:expandNodeState>
    <con:expandNodeState>
      <con:id>bfe8a790-5e34-43b9-88cc-2a151b264d6f</con:id>
      <con:expandState>false</con:expandState>
    </con:expandNodeState>
    <con:expandNodeState>
      <con:id>0098e519-0f31-4355-941d-ce464bf9ed4b</con:id>
      <con:expandState>true</con:expandState>
    </con:expandNodeState>
    <con:expandNodeState>
      <con:id>d87611bb-eae9-4620-b5d1-a54e71bb5430</con:id>
      <con:expandState>true</con:expandState>
    </con:expandNodeState>
    <con:expandNodeState>
      <con:id>808de3fe-bab5-43cc-8ec9-5e1b94d9c7af</con:id>
      <con:expandState>false</con:expandState>
    </con:expandNodeState>
    <con:expandNodeState>
      <con:id>74105127-2158-45c7-89e2-c00e9f18a694</con:id>
      <con:expandState>true</con:expandState>
    </con:expandNodeState>
    <con:expandNodeState>
      <con:id>e75f73c9-cca3-4bdb-a854-e07957b41381</con:id>
      <con:expandState>false</con:expandState>
    </con:expandNodeState>
    <con:expandNodeState>
      <con:id>6ec38e59-962b-44e6-b730-a63e84a94991</con:id>
      <con:expandState>false</con:expandState>
    </con:expandNodeState>
    <con:expandNodeState>
      <con:id>fb189d53-db33-430e-bb36-8ab0d6be7789</con:id>
      <con:expandState>false</con:expandState>
    </con:expandNodeState>
    <con:expandNodeState>
      <con:id>a21d2393-aa04-499d-801a-099cbeaae9bf</con:id>
      <con:expandState>false</con:expandState>
    </con:expandNodeState>
    <con:expandNodeState>
      <con:id>ef1775b1-92b1-4c83-afaa-11eae3613da0</con:id>
      <con:expandState>false</con:expandState>
    </con:expandNodeState>
    <con:expandNodeState>
      <con:id>9085a67e-6249-4595-a9a3-062c980e15d0</con:id>
      <con:expandState>false</con:expandState>
    </con:expandNodeState>
    <con:expandNodeState>
      <con:id>04daf217-2a0b-4ae1-b96f-2500d0170e01</con:id>
      <con:expandState>false</con:expandState>
    </con:expandNodeState>
    <con:expandNodeState>
      <con:id>c5588346-74d4-406a-8463-fcf604e96811</con:id>
      <con:expandState>false</con:expandState>
    </con:expandNodeState>
    <con:expandNodeState>
      <con:id>b0929398-443d-4762-a420-002945cdf0a7</con:id>
      <con:expandState>false</con:expandState>
    </con:expandNodeState>
    <con:expandNodeState>
      <con:id>e127c2a5-d30b-4d47-9128-089e36023268</con:id>
      <con:expandState>false</con:expandState>
    </con:expandNodeState>
    <con:expandNodeState>
      <con:id>26c07e38-f883-45a7-ba7d-dafeeba83781</con:id>
      <con:expandState>true</con:expandState>
    </con:expandNodeState>
    <con:expandNodeState>
      <con:id>69b69fda-390e-44cd-a9c5-8b017b3bd18f</con:id>
      <con:expandState>false</con:expandState>
    </con:expandNodeState>
    <con:expandNodeState>
      <con:id>a17d2c4b-7c21-48f2-b6b6-e52aae15e04f</con:id>
      <con:expandState>true</con:expandState>
    </con:expandNodeState>
    <con:expandNodeState>
      <con:id>4f8648bd-66b5-438c-ac0f-331107357837</con:id>
      <con:expandState>true</con:expandState>
    </con:expandNodeState>
    <con:expandNodeState>
      <con:id>3f0b7ca7-5d22-4d96-a407-2a507afbb0a3</con:id>
      <con:expandState>false</con:expandState>
    </con:expandNodeState>
    <con:expandNodeState>
      <con:id>0e9a99e0-96df-4394-bbaa-dd681dd06616</con:id>
      <con:expandState>false</con:expandState>
    </con:expandNodeState>
    <con:expandNodeState>
      <con:id>fff985c3-99d0-46cb-a92d-00bc1501f9af</con:id>
      <con:expandState>false</con:expandState>
    </con:expandNodeState>
    <con:expandNodeState>
      <con:id>2c7bc069-f8f4-4ff5-b6a5-5b8a29ae8e2a</con:id>
      <con:expandState>false</con:expandState>
    </con:expandNodeState>
    <con:expandNodeState>
      <con:id>64d5ca23-8d86-422a-9684-901b4fccb66a</con:id>
      <con:expandState>false</con:expandState>
    </con:expandNodeState>
    <con:expandNodeState>
      <con:id>1be897c4-846f-44e8-b602-f62df6ba8972</con:id>
      <con:expandState>false</con:expandState>
    </con:expandNodeState>
    <con:expandNodeState>
      <con:id>5ad6cfef-1498-4c6e-824c-4af3f96ece57</con:id>
      <con:expandState>true</con:expandState>
    </con:expandNodeState>
    <con:expandNodeState>
      <con:id>270f6188-803e-4861-85c5-9b38be40e21b</con:id>
      <con:expandState>true</con:expandState>
    </con:expandNodeState>
    <con:expandNodeState>
      <con:id>94753b0d-b588-4b46-997b-68b278812112</con:id>
      <con:expandState>true</con:expandState>
    </con:expandNodeState>
    <con:expandNodeState>
      <con:id>87eb5ad9-8f39-4f74-85f1-be1d516e058c</con:id>
      <con:expandState>false</con:expandState>
    </con:expandNodeState>
    <con:expandNodeState>
      <con:id>46fc2655-93ed-4fd0-9822-4e3b2b7d3df4</con:id>
      <con:expandState>false</con:expandState>
    </con:expandNodeState>
    <con:expandNodeState>
      <con:id>bb0f98cd-8db6-429b-ba68-3cbf24f8d47b</con:id>
      <con:expandState>true</con:expandState>
    </con:expandNodeState>
    <con:expandNodeState>
      <con:id>b206d71c-6a5d-4d9e-97b1-582d2aeddf08</con:id>
      <con:expandState>true</con:expandState>
    </con:expandNodeState>
    <con:expandNodeState>
      <con:id>2eed1050-c204-437d-a09b-ded1956cb4c4</con:id>
      <con:expandState>true</con:expandState>
    </con:expandNodeState>
    <con:expandNodeState>
      <con:id>aee91b96-c32c-46e7-9c95-3b2faff158a8</con:id>
      <con:expandState>true</con:expandState>
    </con:expandNodeState>
    <con:expandNodeState>
      <con:id>2cc32a31-5334-4a2d-8b0b-6b91a55fb0f1</con:id>
      <con:expandState>true</con:expandState>
    </con:expandNodeState>
    <con:expandNodeState>
      <con:id>be88a223-106c-44fb-b226-b94bc83794ab</con:id>
      <con:expandState>false</con:expandState>
    </con:expandNodeState>
    <con:expandNodeState>
      <con:id>a17ee906-6a85-4cb1-bdc2-16cf1ff70b73</con:id>
      <con:expandState>true</con:expandState>
    </con:expandNodeState>
    <con:expandNodeState>
      <con:id>6b65fac3-975a-4577-a012-8ae1419bf860</con:id>
      <con:expandState>false</con:expandState>
    </con:expandNodeState>
    <con:expandNodeState>
      <con:id>3bcd60fa-a6e4-44b0-a2ce-b3a53aa6bedd</con:id>
      <con:expandState>true</con:expandState>
    </con:expandNodeState>
    <con:expandNodeState>
      <con:id>916295b2-23e0-49b6-930f-9d070d89f216</con:id>
      <con:expandState>true</con:expandState>
    </con:expandNodeState>
    <con:expandNodeState>
      <con:id>7481a53a-c430-4787-8a87-0ebe63944898</con:id>
      <con:expandState>true</con:expandState>
    </con:expandNodeState>
    <con:expandNodeState>
      <con:id>05c4ba16-a8dd-4ad1-b071-ecd5d4cca4eb</con:id>
      <con:expandState>false</con:expandState>
    </con:expandNodeState>
    <con:expandNodeState>
      <con:id>51f5a841-77ec-4256-87b8-f912ffb9dd7c</con:id>
      <con:expandState>false</con:expandState>
    </con:expandNodeState>
    <con:expandNodeState>
      <con:id>38cc8fbe-da72-444a-9758-342a3ef5d8dd</con:id>
      <con:expandState>false</con:expandState>
    </con:expandNodeState>
    <con:expandNodeState>
      <con:id>ec16ce1e-b0ff-4f74-8845-a76b25e7b5ce</con:id>
      <con:expandState>false</con:expandState>
    </con:expandNodeState>
    <con:expandNodeState>
      <con:id>03735445-7793-45fa-86e6-939ba3239e90</con:id>
      <con:expandState>false</con:expandState>
    </con:expandNodeState>
    <con:expandNodeState>
      <con:id>e9dc9c8d-dfd0-45eb-a705-6b8603b82442</con:id>
      <con:expandState>false</con:expandState>
    </con:expandNodeState>
    <con:expandNodeState>
      <con:id>765f03f9-8669-416e-afdf-8b1d5aa7b680</con:id>
      <con:expandState>false</con:expandState>
    </con:expandNodeState>
    <con:expandNodeState>
      <con:id>50eda6c3-a329-41d9-9e1a-971942c9c92c</con:id>
      <con:expandState>false</con:expandState>
    </con:expandNodeState>
    <con:expandNodeState>
      <con:id>1073c3f6-de24-41b0-a9bb-4083e66d22ad</con:id>
      <con:expandState>false</con:expandState>
    </con:expandNodeState>
    <con:expandNodeState>
      <con:id>67a86bf1-d715-4af1-be33-2fc16bd49711</con:id>
      <con:expandState>false</con:expandState>
    </con:expandNodeState>
    <con:expandNodeState>
      <con:id>f8eb8add-298f-4c61-9088-dc888b24e28c</con:id>
      <con:expandState>false</con:expandState>
    </con:expandNodeState>
    <con:expandNodeState>
      <con:id>15a44390-d8f4-4662-bb30-47a21abc7c92</con:id>
      <con:expandState>false</con:expandState>
    </con:expandNodeState>
    <con:expandNodeState>
      <con:id>9e4e86b4-4f90-4753-b036-ecbf84212ec2</con:id>
      <con:expandState>false</con:expandState>
    </con:expandNodeState>
    <con:expandNodeState>
      <con:id>ebd7ddd2-c6d1-497e-9f67-bd5babb2d9b9</con:id>
      <con:expandState>false</con:expandState>
    </con:expandNodeState>
    <con:expandNodeState>
      <con:id>74b5bba8-b29c-499e-a76a-ca4d39d63f61</con:id>
      <con:expandState>true</con:expandState>
    </con:expandNodeState>
    <con:expandNodeState>
      <con:id>13681b0f-5580-4c6d-aa16-6c8497927972</con:id>
      <con:expandState>true</con:expandState>
    </con:expandNodeState>
    <con:expandNodeState>
      <con:id>434ebf7d-4ad6-4f8b-a798-9ce350a702a4</con:id>
      <con:expandState>true</con:expandState>
    </con:expandNodeState>
    <con:expandNodeState>
      <con:id>73eae731-5fc4-4a3b-b2ed-7bc1d9904a78</con:id>
      <con:expandState>true</con:expandState>
    </con:expandNodeState>
    <con:expandNodeState>
      <con:id>80b5f1b2-36c1-4614-a907-73b52dadb5a9</con:id>
      <con:expandState>true</con:expandState>
    </con:expandNodeState>
    <con:expandNodeState>
      <con:id>ddbf6959-6e2f-4f92-aab9-e631085705ef</con:id>
      <con:expandState>true</con:expandState>
    </con:expandNodeState>
    <con:expandNodeState>
      <con:id>844e1318-bc5d-453b-9523-02a0db07c032</con:id>
      <con:expandState>false</con:expandState>
    </con:expandNodeState>
    <con:expandNodeState>
      <con:id>cb2ccc0b-9c3f-41b1-8451-30c466267346</con:id>
      <con:expandState>true</con:expandState>
    </con:expandNodeState>
    <con:expandNodeState>
      <con:id>f0aeb8ea-6df2-40d8-af18-f42de427a525</con:id>
      <con:expandState>true</con:expandState>
    </con:expandNodeState>
    <con:expandNodeState>
      <con:id>a29b0066-3abf-4c10-b15c-10ab57992053</con:id>
      <con:expandState>false</con:expandState>
    </con:expandNodeState>
    <con:expandNodeState>
      <con:id>02afb460-9d82-4e79-a49c-570b881681df</con:id>
      <con:expandState>false</con:expandState>
    </con:expandNodeState>
    <con:expandNodeState>
      <con:id>effb60f7-9978-4bcf-8003-89b57b7676b7</con:id>
      <con:expandState>false</con:expandState>
    </con:expandNodeState>
    <con:expandNodeState>
      <con:id>71830ea6-ad0a-44ef-b450-b3f01cae8fe6</con:id>
      <con:expandState>false</con:expandState>
    </con:expandNodeState>
    <con:expandNodeState>
      <con:id>ea5e12f6-92d2-4516-8a67-30e21307f859</con:id>
      <con:expandState>false</con:expandState>
    </con:expandNodeState>
    <con:expandNodeState>
      <con:id>67cf7792-bab3-446d-9695-611d81b1c950</con:id>
      <con:expandState>false</con:expandState>
    </con:expandNodeState>
    <con:expandNodeState>
      <con:id>c42eab68-a258-425a-8644-5923d6d848f0</con:id>
      <con:expandState>false</con:expandState>
    </con:expandNodeState>
    <con:expandNodeState>
      <con:id>c63e8894-8b02-4ce1-9c31-51ede02e002c</con:id>
      <con:expandState>false</con:expandState>
    </con:expandNodeState>
    <con:expandNodeState>
      <con:id>f8f6122b-b4da-417b-a4de-a9f7d67ca61f</con:id>
      <con:expandState>false</con:expandState>
    </con:expandNodeState>
    <con:expandNodeState>
      <con:id>2bd261af-5d31-43bb-940e-73ef705d84ce</con:id>
      <con:expandState>false</con:expandState>
    </con:expandNodeState>
    <con:expandNodeState>
      <con:id>444ebc87-558b-49ba-979d-fde9d29c19a6</con:id>
      <con:expandState>false</con:expandState>
    </con:expandNodeState>
    <con:expandNodeState>
      <con:id>7ea413f4-d3ad-4c64-b056-e83945509460</con:id>
      <con:expandState>false</con:expandState>
    </con:expandNodeState>
    <con:expandNodeState>
      <con:id>4f908f3c-e66f-4941-bc9d-ab5ff00515b4</con:id>
      <con:expandState>false</con:expandState>
    </con:expandNodeState>
    <con:expandNodeState>
      <con:id>cee1fa31-98b8-4026-8d21-db3167f2d96a</con:id>
      <con:expandState>false</con:expandState>
    </con:expandNodeState>
    <con:expandNodeState>
      <con:id>6d4aa778-4626-4e27-a036-de1215b2252f</con:id>
      <con:expandState>true</con:expandState>
    </con:expandNodeState>
    <con:expandNodeState>
      <con:id>7cd7b65c-971c-4d37-aec9-44f89a3a957e</con:id>
      <con:expandState>true</con:expandState>
    </con:expandNodeState>
    <con:expandNodeState>
      <con:id>a48d8d00-7ccb-490e-b136-824f27909975</con:id>
      <con:expandState>false</con:expandState>
    </con:expandNodeState>
    <con:expandNodeState>
      <con:id>ef1ba94e-f634-4643-8f4f-ce27986110e1</con:id>
      <con:expandState>false</con:expandState>
    </con:expandNodeState>
    <con:expandNodeState>
      <con:id>781d75c2-b515-4881-a3ec-b21fc29168a1</con:id>
      <con:expandState>true</con:expandState>
    </con:expandNodeState>
    <con:expandNodeState>
      <con:id>0105f6be-c6c9-4c5f-ac88-d90d025cffd1</con:id>
      <con:expandState>true</con:expandState>
    </con:expandNodeState>
    <con:expandNodeState>
      <con:id>ae1a7a25-858f-49ad-b23f-4a70de0da840</con:id>
      <con:expandState>true</con:expandState>
    </con:expandNodeState>
    <con:expandNodeState>
      <con:id>a8b905fe-7f2d-4ab0-afa2-8aeaca4b5dc4</con:id>
      <con:expandState>true</con:expandState>
    </con:expandNodeState>
    <con:expandNodeState>
      <con:id>88ab061a-4f4a-45cc-8cd2-a33848e74589</con:id>
      <con:expandState>true</con:expandState>
    </con:expandNodeState>
    <con:expandNodeState>
      <con:id>bed8e1f3-1e2f-4776-9fd0-c6fad5ce8b38</con:id>
      <con:expandState>true</con:expandState>
    </con:expandNodeState>
    <con:expandNodeState>
      <con:id>8ec2632d-5bfe-4370-aa83-7704570cc8dc</con:id>
      <con:expandState>false</con:expandState>
    </con:expandNodeState>
    <con:expandNodeState>
      <con:id>bf32ffee-6692-4d3c-9645-0efd51f51eb6</con:id>
      <con:expandState>false</con:expandState>
    </con:expandNodeState>
    <con:expandNodeState>
      <con:id>f7b983b8-95ba-40f3-95a9-ca3fbf9b2ff9</con:id>
      <con:expandState>false</con:expandState>
    </con:expandNodeState>
    <con:expandNodeState>
      <con:id>06481c83-bfef-495c-a34d-c68c225c8b0e</con:id>
      <con:expandState>false</con:expandState>
    </con:expandNodeState>
    <con:expandNodeState>
      <con:id>d5b83764-73e7-4f88-8a56-02692d20b955</con:id>
      <con:expandState>true</con:expandState>
    </con:expandNodeState>
    <con:expandNodeState>
      <con:id>0606b41b-2dd1-48f8-b17d-05dddafe9f59</con:id>
      <con:expandState>true</con:expandState>
    </con:expandNodeState>
    <con:expandNodeState>
      <con:id>1fc0d7c7-8247-451e-b51f-e784f11bd495</con:id>
      <con:expandState>true</con:expandState>
    </con:expandNodeState>
    <con:expandNodeState>
      <con:id>455bda17-5030-4641-919b-3180793ea73e</con:id>
      <con:expandState>false</con:expandState>
    </con:expandNodeState>
    <con:expandNodeState>
      <con:id>f7ae53c5-7b63-4c61-818b-b587872476cf</con:id>
      <con:expandState>false</con:expandState>
    </con:expandNodeState>
    <con:expandNodeState>
      <con:id>db33978c-bf32-48ef-875d-a2b462cf0590</con:id>
      <con:expandState>false</con:expandState>
    </con:expandNodeState>
    <con:expandNodeState>
      <con:id>ffce1f93-6287-4bf9-beb2-41bf7125bce5</con:id>
      <con:expandState>true</con:expandState>
    </con:expandNodeState>
    <con:expandNodeState>
      <con:id>7b43d4ad-695d-4f6e-bc47-5422844575c5</con:id>
      <con:expandState>false</con:expandState>
    </con:expandNodeState>
    <con:expandNodeState>
      <con:id>c01be548-db20-4635-846c-7926dfe39440</con:id>
      <con:expandState>false</con:expandState>
    </con:expandNodeState>
    <con:expandNodeState>
      <con:id>7ad01a0e-899b-4c75-b2cc-c3f8a50eff72</con:id>
      <con:expandState>false</con:expandState>
    </con:expandNodeState>
    <con:expandNodeState>
      <con:id>c6e2ebcd-38a8-411b-964a-cad739191497</con:id>
      <con:expandState>false</con:expandState>
    </con:expandNodeState>
    <con:expandNodeState>
      <con:id>65b67a4b-9075-475f-8572-0e2419f71712</con:id>
      <con:expandState>false</con:expandState>
    </con:expandNodeState>
  </con:navigatorNodeCollection>
  <con:navigatorNodeCollection>
    <con:rootNodeLabel>Projects</con:rootNodeLabel>
    <con:expandNodeState>
      <con:id>a9cf2084-eb12-49c8-857c-a8024c8a88d2</con:id>
      <con:expandState>true</con:expandState>
    </con:expandNodeState>
    <con:expandNodeState>
      <con:id>afd4f01b-1c66-4168-b75e-0ae2cd5aa4f2</con:id>
      <con:expandState>false</con:expandState>
    </con:expandNodeState>
    <con:expandNodeState>
      <con:id>eb0a2604-f117-4705-a2e5-0900d47bf14c</con:id>
      <con:expandState>false</con:expandState>
    </con:expandNodeState>
    <con:expandNodeState>
      <con:id>1fc0940e-a6af-4554-b594-72f4527c9f6f</con:id>
      <con:expandState>true</con:expandState>
    </con:expandNodeState>
    <con:expandNodeState>
      <con:id>11f1359e-3dda-4b5a-bd3c-fa7acc28cf61</con:id>
      <con:expandState>true</con:expandState>
    </con:expandNodeState>
    <con:expandNodeState>
      <con:id>ca4baa1f-69b7-4d87-bf6e-0a738d5b1c56</con:id>
      <con:expandState>true</con:expandState>
    </con:expandNodeState>
    <con:expandNodeState>
      <con:id>75033286-426d-41fd-b850-768be8be36d3</con:id>
      <con:expandState>true</con:expandState>
    </con:expandNodeState>
    <con:expandNodeState>
      <con:id>f8eb55bf-dd1a-4da8-b6fc-814e0bce8892</con:id>
      <con:expandState>true</con:expandState>
    </con:expandNodeState>
    <con:expandNodeState>
      <con:id>f595c79d-5eca-4084-ae01-f58516466fbb</con:id>
      <con:expandState>true</con:expandState>
    </con:expandNodeState>
    <con:expandNodeState>
      <con:id>d9e09e1b-015e-43a7-9fd4-7f54fe280644</con:id>
      <con:expandState>false</con:expandState>
    </con:expandNodeState>
    <con:expandNodeState>
      <con:id>eda8f6a4-2bee-42e4-a8be-949fcfc4a49c</con:id>
      <con:expandState>true</con:expandState>
    </con:expandNodeState>
    <con:expandNodeState>
      <con:id>2c8a76de-5fcf-4458-a895-84246fd6e82b</con:id>
      <con:expandState>true</con:expandState>
    </con:expandNodeState>
    <con:expandNodeState>
      <con:id>45ff4be8-1142-49ea-916c-5a3b84461f1a</con:id>
      <con:expandState>false</con:expandState>
    </con:expandNodeState>
    <con:expandNodeState>
      <con:id>ab51828a-fde9-4755-a1cc-b725c0642086</con:id>
      <con:expandState>true</con:expandState>
    </con:expandNodeState>
    <con:expandNodeState>
      <con:id>e3ede794-f15a-4ccc-96cb-fd513be14362</con:id>
      <con:expandState>true</con:expandState>
    </con:expandNodeState>
    <con:expandNodeState>
      <con:id>1b791526-3b40-4421-a560-fd8573621420</con:id>
      <con:expandState>true</con:expandState>
    </con:expandNodeState>
    <con:expandNodeState>
      <con:id>695e4fe2-442d-47ad-bd4c-4ef626aca410</con:id>
      <con:expandState>false</con:expandState>
    </con:expandNodeState>
    <con:expandNodeState>
      <con:id>a9411940-b575-42f1-86b7-2252d499a6f8</con:id>
      <con:expandState>true</con:expandState>
    </con:expandNodeState>
    <con:expandNodeState>
      <con:id>77dc51f5-4c35-493e-b5d2-10c821fa5c3a</con:id>
      <con:expandState>true</con:expandState>
    </con:expandNodeState>
    <con:expandNodeState>
      <con:id>65864cd8-fcb3-419e-8ff0-e52b80dcb77c</con:id>
      <con:expandState>true</con:expandState>
    </con:expandNodeState>
    <con:expandNodeState>
      <con:id>9fbb15a3-defd-44d6-b452-06d00eed3b3d</con:id>
      <con:expandState>true</con:expandState>
    </con:expandNodeState>
    <con:expandNodeState>
      <con:id>7ae1688b-b254-4576-bdb8-f69c3b358c10</con:id>
      <con:expandState>false</con:expandState>
    </con:expandNodeState>
    <con:expandNodeState>
      <con:id>c082c080-708c-4728-807b-440fc20e75cb</con:id>
      <con:expandState>false</con:expandState>
    </con:expandNodeState>
    <con:expandNodeState>
      <con:id>b03c3bef-5bad-4266-92fa-6d8e4d591c15</con:id>
      <con:expandState>false</con:expandState>
    </con:expandNodeState>
    <con:expandNodeState>
      <con:id>e19c668c-1e2e-4167-9dfe-14a3f47934e5</con:id>
      <con:expandState>true</con:expandState>
    </con:expandNodeState>
    <con:expandNodeState>
      <con:id>74ea3970-0742-4875-b15e-be70576fe40b</con:id>
      <con:expandState>true</con:expandState>
    </con:expandNodeState>
    <con:expandNodeState>
      <con:id>d669cbfb-2116-4070-bc15-36e11beb6aa8</con:id>
      <con:expandState>true</con:expandState>
    </con:expandNodeState>
    <con:expandNodeState>
      <con:id>6307c35e-b7c3-4cc0-9370-f84c99ad54f1</con:id>
      <con:expandState>false</con:expandState>
    </con:expandNodeState>
    <con:expandNodeState>
      <con:id>bc84fc96-30f3-403b-9b38-8af5d28e13b4</con:id>
      <con:expandState>false</con:expandState>
    </con:expandNodeState>
    <con:expandNodeState>
      <con:id>f3a56f59-8c8f-486b-b120-244fb0e090c4</con:id>
      <con:expandState>true</con:expandState>
    </con:expandNodeState>
    <con:expandNodeState>
      <con:id>98104a6b-e103-4223-ab31-c10e5cc4aa20</con:id>
      <con:expandState>true</con:expandState>
    </con:expandNodeState>
    <con:expandNodeState>
      <con:id>c2c2997f-4447-4755-a3e9-63ab3fbab649</con:id>
      <con:expandState>true</con:expandState>
    </con:expandNodeState>
    <con:expandNodeState>
      <con:id>eb097b0c-abf1-4e47-94c6-fd6824301ff4</con:id>
      <con:expandState>true</con:expandState>
    </con:expandNodeState>
    <con:expandNodeState>
      <con:id>dd4e424d-f97c-49bd-8273-47e3f19659ef</con:id>
      <con:expandState>false</con:expandState>
    </con:expandNodeState>
    <con:expandNodeState>
      <con:id>4a52bdc5-0f5e-4908-939c-e2c1a48be117</con:id>
      <con:expandState>false</con:expandState>
    </con:expandNodeState>
    <con:expandNodeState>
      <con:id>46d81593-8596-48cc-88dd-26415d894d8d</con:id>
      <con:expandState>false</con:expandState>
    </con:expandNodeState>
    <con:expandNodeState>
      <con:id>83a4bade-c8d4-4a61-bf52-524b3db3d23e</con:id>
      <con:expandState>true</con:expandState>
    </con:expandNodeState>
    <con:expandNodeState>
      <con:id>109a8fbe-0705-47e2-86b4-ff2307781ad4</con:id>
      <con:expandState>true</con:expandState>
    </con:expandNodeState>
    <con:expandNodeState>
      <con:id>49df8303-fb3a-4a04-91b5-373bcc4acd41</con:id>
      <con:expandState>true</con:expandState>
    </con:expandNodeState>
    <con:expandNodeState>
      <con:id>1e4c3775-2aa1-490c-b3f7-ddb71f9537d9</con:id>
      <con:expandState>true</con:expandState>
    </con:expandNodeState>
    <con:expandNodeState>
      <con:id>cfe79682-e750-43fc-82d0-90358b39a0cf</con:id>
      <con:expandState>true</con:expandState>
    </con:expandNodeState>
    <con:expandNodeState>
      <con:id>2467f3b4-14b4-4146-a373-77262667b009</con:id>
      <con:expandState>true</con:expandState>
    </con:expandNodeState>
    <con:expandNodeState>
      <con:id>69c14fba-6578-44eb-be81-303b8c7e53db</con:id>
      <con:expandState>true</con:expandState>
    </con:expandNodeState>
    <con:expandNodeState>
      <con:id>19c87182-a5be-473b-bf8f-03c156c4fd81</con:id>
      <con:expandState>true</con:expandState>
    </con:expandNodeState>
    <con:expandNodeState>
      <con:id>fa478061-234e-4a89-92dd-c8bac899722d</con:id>
      <con:expandState>false</con:expandState>
    </con:expandNodeState>
    <con:expandNodeState>
      <con:id>60fb6789-742f-4f53-afe9-4e7dce95c7d7</con:id>
      <con:expandState>false</con:expandState>
    </con:expandNodeState>
    <con:expandNodeState>
      <con:id>d7fd36e4-5b67-4d51-8ca4-44a31b2848ce</con:id>
      <con:expandState>false</con:expandState>
    </con:expandNodeState>
    <con:expandNodeState>
      <con:id>1471d81f-7d5c-4b31-985b-7b3b6d417f3d</con:id>
      <con:expandState>true</con:expandState>
    </con:expandNodeState>
    <con:expandNodeState>
      <con:id>a90f1d6b-0586-4b40-9388-4a2210049fa7</con:id>
      <con:expandState>false</con:expandState>
    </con:expandNodeState>
    <con:expandNodeState>
      <con:id>a01e23c3-3219-41de-b0cb-17706bb9b33a</con:id>
      <con:expandState>true</con:expandState>
    </con:expandNodeState>
    <con:expandNodeState>
      <con:id>37811b24-37dd-4cf3-8dac-6e432eb80b7e</con:id>
      <con:expandState>false</con:expandState>
    </con:expandNodeState>
    <con:expandNodeState>
      <con:id>7ddae382-5894-4e38-ae92-ef30f52e7f16</con:id>
      <con:expandState>false</con:expandState>
    </con:expandNodeState>
    <con:expandNodeState>
      <con:id>037fc238-9282-4365-a589-d56cabc27a53</con:id>
      <con:expandState>true</con:expandState>
    </con:expandNodeState>
    <con:expandNodeState>
      <con:id>68464f02-c8fd-4a8a-8fbd-8ce675c570b5</con:id>
      <con:expandState>true</con:expandState>
    </con:expandNodeState>
    <con:expandNodeState>
      <con:id>07c6291f-f0ba-47c8-af82-bf909bd76d13</con:id>
      <con:expandState>false</con:expandState>
    </con:expandNodeState>
    <con:expandNodeState>
      <con:id>b2f922de-04b3-425f-9ec5-47d734af28a8</con:id>
      <con:expandState>true</con:expandState>
    </con:expandNodeState>
    <con:expandNodeState>
      <con:id>cdd7faf4-29cb-41d0-8d50-d4beb962e9cf</con:id>
      <con:expandState>true</con:expandState>
    </con:expandNodeState>
    <con:expandNodeState>
      <con:id>39f636d6-d838-4316-920c-e025cf85624f</con:id>
      <con:expandState>true</con:expandState>
    </con:expandNodeState>
    <con:expandNodeState>
      <con:id>f4e8b255-625d-4ac9-92c2-1bfac35f1a09</con:id>
      <con:expandState>true</con:expandState>
    </con:expandNodeState>
    <con:expandNodeState>
      <con:id>58447d8c-cd3b-4efe-9bde-6e5bf89a5f7f</con:id>
      <con:expandState>false</con:expandState>
    </con:expandNodeState>
    <con:expandNodeState>
      <con:id>30b79931-dc12-41ea-9bed-592244e6cfd3</con:id>
      <con:expandState>false</con:expandState>
    </con:expandNodeState>
    <con:expandNodeState>
      <con:id>882f6a5b-c99a-416c-b329-f87eda5d60c3</con:id>
      <con:expandState>true</con:expandState>
    </con:expandNodeState>
    <con:expandNodeState>
      <con:id>00b70357-5079-495b-a6a9-de8b7eb6ecbd</con:id>
      <con:expandState>true</con:expandState>
    </con:expandNodeState>
    <con:expandNodeState>
      <con:id>45c2725b-636c-4940-bdf3-64776ec7d530</con:id>
      <con:expandState>true</con:expandState>
    </con:expandNodeState>
    <con:expandNodeState>
      <con:id>c5588346-74d4-406a-8463-fcf604e96811</con:id>
      <con:expandState>true</con:expandState>
    </con:expandNodeState>
    <con:expandNodeState>
      <con:id>06566526-a11a-4195-b8e4-7135a119dd12</con:id>
      <con:expandState>true</con:expandState>
    </con:expandNodeState>
    <con:expandNodeState>
      <con:id>bfe8a790-5e34-43b9-88cc-2a151b264d6f</con:id>
      <con:expandState>true</con:expandState>
    </con:expandNodeState>
    <con:expandNodeState>
      <con:id>c45a27ca-bb63-4506-89ad-1dc23216eb6d</con:id>
      <con:expandState>false</con:expandState>
    </con:expandNodeState>
    <con:expandNodeState>
      <con:id>fab44550-3070-4645-a351-2ace2c5f81df</con:id>
      <con:expandState>false</con:expandState>
    </con:expandNodeState>
    <con:expandNodeState>
      <con:id>aff55e1b-b700-4b84-ae60-1c2b21737b07</con:id>
      <con:expandState>true</con:expandState>
    </con:expandNodeState>
    <con:expandNodeState>
      <con:id>e75f73c9-cca3-4bdb-a854-e07957b41381</con:id>
      <con:expandState>false</con:expandState>
    </con:expandNodeState>
    <con:expandNodeState>
      <con:id>6ec38e59-962b-44e6-b730-a63e84a94991</con:id>
      <con:expandState>false</con:expandState>
    </con:expandNodeState>
    <con:expandNodeState>
      <con:id>fb189d53-db33-430e-bb36-8ab0d6be7789</con:id>
      <con:expandState>false</con:expandState>
    </con:expandNodeState>
    <con:expandNodeState>
      <con:id>a21d2393-aa04-499d-801a-099cbeaae9bf</con:id>
      <con:expandState>false</con:expandState>
    </con:expandNodeState>
    <con:expandNodeState>
      <con:id>ef1775b1-92b1-4c83-afaa-11eae3613da0</con:id>
      <con:expandState>false</con:expandState>
    </con:expandNodeState>
    <con:expandNodeState>
      <con:id>9085a67e-6249-4595-a9a3-062c980e15d0</con:id>
      <con:expandState>false</con:expandState>
    </con:expandNodeState>
    <con:expandNodeState>
      <con:id>04daf217-2a0b-4ae1-b96f-2500d0170e01</con:id>
      <con:expandState>false</con:expandState>
    </con:expandNodeState>
    <con:expandNodeState>
      <con:id>e127c2a5-d30b-4d47-9128-089e36023268</con:id>
      <con:expandState>true</con:expandState>
    </con:expandNodeState>
    <con:expandNodeState>
      <con:id>a17d2c4b-7c21-48f2-b6b6-e52aae15e04f</con:id>
      <con:expandState>true</con:expandState>
    </con:expandNodeState>
    <con:expandNodeState>
      <con:id>fff985c3-99d0-46cb-a92d-00bc1501f9af</con:id>
      <con:expandState>true</con:expandState>
    </con:expandNodeState>
    <con:expandNodeState>
      <con:id>2c7bc069-f8f4-4ff5-b6a5-5b8a29ae8e2a</con:id>
      <con:expandState>false</con:expandState>
    </con:expandNodeState>
    <con:expandNodeState>
      <con:id>a9ef21a8-a934-445f-a73b-eb4ec3cc03c0</con:id>
      <con:expandState>true</con:expandState>
    </con:expandNodeState>
    <con:expandNodeState>
      <con:id>0382a726-d3a0-4d5e-8c3b-403905dad25c</con:id>
      <con:expandState>true</con:expandState>
    </con:expandNodeState>
    <con:expandNodeState>
      <con:id>1be897c4-846f-44e8-b602-f62df6ba8972</con:id>
      <con:expandState>false</con:expandState>
    </con:expandNodeState>
    <con:expandNodeState>
      <con:id>69489082-7aa8-4dc5-9bbc-6e6ab85fc369</con:id>
      <con:expandState>true</con:expandState>
    </con:expandNodeState>
    <con:expandNodeState>
      <con:id>7444fd68-0ca4-4728-866a-0b715bf29c9c</con:id>
      <con:expandState>true</con:expandState>
    </con:expandNodeState>
    <con:expandNodeState>
      <con:id>4af6c7e9-c1a2-43ba-8012-bc6e3027aaad</con:id>
      <con:expandState>true</con:expandState>
    </con:expandNodeState>
    <con:expandNodeState>
      <con:id>4c7cf069-74e5-4e14-9274-11e8fc7a2f8c</con:id>
      <con:expandState>true</con:expandState>
    </con:expandNodeState>
    <con:expandNodeState>
      <con:id>5d9eb66e-2166-490d-b06f-153f26a78329</con:id>
      <con:expandState>false</con:expandState>
    </con:expandNodeState>
    <con:expandNodeState>
      <con:id>3fb1847d-bd68-4f56-b36a-0018adb10885</con:id>
      <con:expandState>false</con:expandState>
    </con:expandNodeState>
    <con:expandNodeState>
      <con:id>86b48a96-0e37-4986-81d1-91c5b3daf365</con:id>
      <con:expandState>false</con:expandState>
    </con:expandNodeState>
    <con:expandNodeState>
      <con:id>64d5ca23-8d86-422a-9684-901b4fccb66a</con:id>
      <con:expandState>false</con:expandState>
    </con:expandNodeState>
    <con:expandNodeState>
      <con:id>5ad6cfef-1498-4c6e-824c-4af3f96ece57</con:id>
      <con:expandState>true</con:expandState>
    </con:expandNodeState>
    <con:expandNodeState>
      <con:id>1e776f4d-4d0e-4df9-9833-b1b8cd82e775</con:id>
      <con:expandState>true</con:expandState>
    </con:expandNodeState>
    <con:expandNodeState>
      <con:id>847243ca-9e06-45cb-a1e6-f6c213299e46</con:id>
      <con:expandState>true</con:expandState>
    </con:expandNodeState>
    <con:expandNodeState>
      <con:id>46fc2655-93ed-4fd0-9822-4e3b2b7d3df4</con:id>
      <con:expandState>false</con:expandState>
    </con:expandNodeState>
    <con:expandNodeState>
      <con:id>bb0f98cd-8db6-429b-ba68-3cbf24f8d47b</con:id>
      <con:expandState>true</con:expandState>
    </con:expandNodeState>
    <con:expandNodeState>
      <con:id>aa0fecab-c7f6-4b4a-8026-c46b46f3feb9</con:id>
      <con:expandState>false</con:expandState>
    </con:expandNodeState>
    <con:expandNodeState>
      <con:id>c9356843-e341-45ba-b62c-0b25b46126b1</con:id>
      <con:expandState>false</con:expandState>
    </con:expandNodeState>
    <con:expandNodeState>
      <con:id>795ba3fb-9e39-4fc8-ad3c-58fa7709fd37</con:id>
      <con:expandState>false</con:expandState>
    </con:expandNodeState>
    <con:expandNodeState>
      <con:id>fe93d1b9-c39b-4559-9153-1916b06b5d43</con:id>
      <con:expandState>false</con:expandState>
    </con:expandNodeState>
    <con:expandNodeState>
      <con:id>78225f30-ac27-4fc1-b283-2688b59cb02f</con:id>
      <con:expandState>false</con:expandState>
    </con:expandNodeState>
    <con:expandNodeState>
      <con:id>765f03f9-8669-416e-afdf-8b1d5aa7b680</con:id>
      <con:expandState>true</con:expandState>
    </con:expandNodeState>
    <con:expandNodeState>
      <con:id>50eda6c3-a329-41d9-9e1a-971942c9c92c</con:id>
      <con:expandState>true</con:expandState>
    </con:expandNodeState>
    <con:expandNodeState>
      <con:id>3bcd60fa-a6e4-44b0-a2ce-b3a53aa6bedd</con:id>
      <con:expandState>true</con:expandState>
    </con:expandNodeState>
    <con:expandNodeState>
      <con:id>51f5a841-77ec-4256-87b8-f912ffb9dd7c</con:id>
      <con:expandState>false</con:expandState>
    </con:expandNodeState>
    <con:expandNodeState>
      <con:id>38cc8fbe-da72-444a-9758-342a3ef5d8dd</con:id>
      <con:expandState>false</con:expandState>
    </con:expandNodeState>
    <con:expandNodeState>
      <con:id>ec16ce1e-b0ff-4f74-8845-a76b25e7b5ce</con:id>
      <con:expandState>false</con:expandState>
    </con:expandNodeState>
    <con:expandNodeState>
      <con:id>03735445-7793-45fa-86e6-939ba3239e90</con:id>
      <con:expandState>false</con:expandState>
    </con:expandNodeState>
    <con:expandNodeState>
      <con:id>e9dc9c8d-dfd0-45eb-a705-6b8603b82442</con:id>
      <con:expandState>false</con:expandState>
    </con:expandNodeState>
    <con:expandNodeState>
      <con:id>2762d374-de55-48f5-8f75-6a2f9db06877</con:id>
      <con:expandState>false</con:expandState>
    </con:expandNodeState>
    <con:expandNodeState>
      <con:id>2b824e43-9b7e-4a3e-9ddb-712597948080</con:id>
      <con:expandState>false</con:expandState>
    </con:expandNodeState>
    <con:expandNodeState>
      <con:id>1073c3f6-de24-41b0-a9bb-4083e66d22ad</con:id>
      <con:expandState>false</con:expandState>
    </con:expandNodeState>
    <con:expandNodeState>
      <con:id>67a86bf1-d715-4af1-be33-2fc16bd49711</con:id>
      <con:expandState>false</con:expandState>
    </con:expandNodeState>
    <con:expandNodeState>
      <con:id>f8eb8add-298f-4c61-9088-dc888b24e28c</con:id>
      <con:expandState>false</con:expandState>
    </con:expandNodeState>
    <con:expandNodeState>
      <con:id>15a44390-d8f4-4662-bb30-47a21abc7c92</con:id>
      <con:expandState>false</con:expandState>
    </con:expandNodeState>
    <con:expandNodeState>
      <con:id>9e4e86b4-4f90-4753-b036-ecbf84212ec2</con:id>
      <con:expandState>false</con:expandState>
    </con:expandNodeState>
    <con:expandNodeState>
      <con:id>ebd7ddd2-c6d1-497e-9f67-bd5babb2d9b9</con:id>
      <con:expandState>false</con:expandState>
    </con:expandNodeState>
    <con:expandNodeState>
      <con:id>74b5bba8-b29c-499e-a76a-ca4d39d63f61</con:id>
      <con:expandState>true</con:expandState>
    </con:expandNodeState>
    <con:expandNodeState>
      <con:id>73eae731-5fc4-4a3b-b2ed-7bc1d9904a78</con:id>
      <con:expandState>true</con:expandState>
    </con:expandNodeState>
    <con:expandNodeState>
      <con:id>cb2ccc0b-9c3f-41b1-8451-30c466267346</con:id>
      <con:expandState>true</con:expandState>
    </con:expandNodeState>
    <con:expandNodeState>
      <con:id>67cf7792-bab3-446d-9695-611d81b1c950</con:id>
      <con:expandState>false</con:expandState>
    </con:expandNodeState>
    <con:expandNodeState>
      <con:id>c42eab68-a258-425a-8644-5923d6d848f0</con:id>
      <con:expandState>false</con:expandState>
    </con:expandNodeState>
    <con:expandNodeState>
      <con:id>c63e8894-8b02-4ce1-9c31-51ede02e002c</con:id>
      <con:expandState>false</con:expandState>
    </con:expandNodeState>
    <con:expandNodeState>
      <con:id>f8f6122b-b4da-417b-a4de-a9f7d67ca61f</con:id>
      <con:expandState>false</con:expandState>
    </con:expandNodeState>
    <con:expandNodeState>
      <con:id>2bd261af-5d31-43bb-940e-73ef705d84ce</con:id>
      <con:expandState>false</con:expandState>
    </con:expandNodeState>
    <con:expandNodeState>
      <con:id>444ebc87-558b-49ba-979d-fde9d29c19a6</con:id>
      <con:expandState>false</con:expandState>
    </con:expandNodeState>
    <con:expandNodeState>
      <con:id>7ea413f4-d3ad-4c64-b056-e83945509460</con:id>
      <con:expandState>false</con:expandState>
    </con:expandNodeState>
    <con:expandNodeState>
      <con:id>4f908f3c-e66f-4941-bc9d-ab5ff00515b4</con:id>
      <con:expandState>false</con:expandState>
    </con:expandNodeState>
    <con:expandNodeState>
      <con:id>71830ea6-ad0a-44ef-b450-b3f01cae8fe6</con:id>
      <con:expandState>false</con:expandState>
    </con:expandNodeState>
    <con:expandNodeState>
      <con:id>ea5e12f6-92d2-4516-8a67-30e21307f859</con:id>
      <con:expandState>false</con:expandState>
    </con:expandNodeState>
    <con:expandNodeState>
      <con:id>6d4aa778-4626-4e27-a036-de1215b2252f</con:id>
      <con:expandState>true</con:expandState>
    </con:expandNodeState>
    <con:expandNodeState>
      <con:id>34b385f9-4008-43f2-ac8d-6eec48284b8a</con:id>
      <con:expandState>true</con:expandState>
    </con:expandNodeState>
    <con:expandNodeState>
      <con:id>ef1ba94e-f634-4643-8f4f-ce27986110e1</con:id>
      <con:expandState>false</con:expandState>
    </con:expandNodeState>
    <con:expandNodeState>
      <con:id>d2677c4a-f010-45f6-a894-f78cc7cf1f1f</con:id>
      <con:expandState>true</con:expandState>
    </con:expandNodeState>
    <con:expandNodeState>
      <con:id>bb42d301-03a1-487a-b59a-fee898f7dfea</con:id>
      <con:expandState>true</con:expandState>
    </con:expandNodeState>
    <con:expandNodeState>
      <con:id>ce37ede4-cd2e-4740-ad8a-1d62d6079a89</con:id>
      <con:expandState>true</con:expandState>
    </con:expandNodeState>
    <con:expandNodeState>
      <con:id>8bc91e5f-aac9-42be-a0ea-b346eb56ec72</con:id>
      <con:expandState>true</con:expandState>
    </con:expandNodeState>
    <con:expandNodeState>
      <con:id>5b562f7a-d95b-4c62-8291-562402709b48</con:id>
      <con:expandState>true</con:expandState>
    </con:expandNodeState>
    <con:expandNodeState>
      <con:id>54dc87f7-6289-48f6-a865-7516048c843b</con:id>
      <con:expandState>false</con:expandState>
    </con:expandNodeState>
    <con:expandNodeState>
      <con:id>ae7232fb-f860-4e92-8cc3-492716108fd8</con:id>
      <con:expandState>false</con:expandState>
    </con:expandNodeState>
    <con:expandNodeState>
      <con:id>0105f6be-c6c9-4c5f-ac88-d90d025cffd1</con:id>
      <con:expandState>false</con:expandState>
    </con:expandNodeState>
    <con:expandNodeState>
      <con:id>f7b983b8-95ba-40f3-95a9-ca3fbf9b2ff9</con:id>
      <con:expandState>false</con:expandState>
    </con:expandNodeState>
    <con:expandNodeState>
      <con:id>06481c83-bfef-495c-a34d-c68c225c8b0e</con:id>
      <con:expandState>false</con:expandState>
    </con:expandNodeState>
    <con:expandNodeState>
      <con:id>b1bc76c1-ee73-4695-a2e1-f946747d1ed4</con:id>
      <con:expandState>false</con:expandState>
    </con:expandNodeState>
    <con:expandNodeState>
      <con:id>d00cf7ab-2041-40d6-b681-897ee527b66b</con:id>
      <con:expandState>false</con:expandState>
    </con:expandNodeState>
    <con:expandNodeState>
      <con:id>f7ae53c5-7b63-4c61-818b-b587872476cf</con:id>
      <con:expandState>false</con:expandState>
    </con:expandNodeState>
  </con:navigatorNodeCollection>
  <con:navigatorNodeCollection>
    <con:rootNodeLabel>ServiceV</con:rootNodeLabel>
    <con:expandNodeState>
      <con:id>a9cf2084-eb12-49c8-857c-a8024c8a88d2</con:id>
      <con:expandState>false</con:expandState>
    </con:expandNodeState>
    <con:expandNodeState>
      <con:id>afd4f01b-1c66-4168-b75e-0ae2cd5aa4f2</con:id>
      <con:expandState>false</con:expandState>
    </con:expandNodeState>
    <con:expandNodeState>
      <con:id>46fc2655-93ed-4fd0-9822-4e3b2b7d3df4</con:id>
      <con:expandState>false</con:expandState>
    </con:expandNodeState>
    <con:expandNodeState>
      <con:id>0105f6be-c6c9-4c5f-ac88-d90d025cffd1</con:id>
      <con:expandState>false</con:expandState>
    </con:expandNodeState>
    <con:expandNodeState>
      <con:id>f7ae53c5-7b63-4c61-818b-b587872476cf</con:id>
      <con:expandState>false</con:expandState>
    </con:expandNodeState>
  </con:navigatorNodeCollection>
  <con:navigatorNodeCollection>
    <con:rootNodeLabel>Secure</con:rootNodeLabel>
    <con:expandNodeState>
      <con:id>afd4f01b-1c66-4168-b75e-0ae2cd5aa4f2</con:id>
      <con:expandState>false</con:expandState>
    </con:expandNodeState>
    <con:expandNodeState>
      <con:id>a9cf2084-eb12-49c8-857c-a8024c8a88d2</con:id>
      <con:expandState>false</con:expandState>
    </con:expandNodeState>
    <con:expandNodeState>
      <con:id>46fc2655-93ed-4fd0-9822-4e3b2b7d3df4</con:id>
      <con:expandState>false</con:expandState>
    </con:expandNodeState>
    <con:expandNodeState>
      <con:id>0105f6be-c6c9-4c5f-ac88-d90d025cffd1</con:id>
      <con:expandState>false</con:expandState>
    </con:expandNodeState>
    <con:expandNodeState>
      <con:id>f7ae53c5-7b63-4c61-818b-b587872476cf</con:id>
      <con:expandState>false</con:expandState>
    </con:expandNodeState>
  </con:navigatorNodeCollection>
  <con:navigatorNodeCollection>
    <con:rootNodeLabel>LoadUI</con:rootNodeLabel>
    <con:expandNodeState>
      <con:id>afd4f01b-1c66-4168-b75e-0ae2cd5aa4f2</con:id>
      <con:expandState>false</con:expandState>
    </con:expandNodeState>
    <con:expandNodeState>
      <con:id>a9cf2084-eb12-49c8-857c-a8024c8a88d2</con:id>
      <con:expandState>false</con:expandState>
    </con:expandNodeState>
    <con:expandNodeState>
      <con:id>46fc2655-93ed-4fd0-9822-4e3b2b7d3df4</con:id>
      <con:expandState>false</con:expandState>
    </con:expandNodeState>
    <con:expandNodeState>
      <con:id>0105f6be-c6c9-4c5f-ac88-d90d025cffd1</con:id>
      <con:expandState>false</con:expandState>
    </con:expandNodeState>
    <con:expandNodeState>
      <con:id>f7ae53c5-7b63-4c61-818b-b587872476cf</con:id>
      <con:expandState>false</con:expandState>
    </con:expandNodeState>
  </con:navigatorNodeCollection>
  <con:dashboardTileCollection>
    <con:dashboardTiles>
      <con:dashboardTile tileId="8ce7355a-9fb5-43cf-b9e0-82dc7bb615ec" tileType="NEW_TEST"/>
      <con:dashboardTile tileId="0080a555-daaf-493a-a846-115949ba3c68" tileType="TEST_SUITE_STATUS">
        <con:settings xsi:type="con:TestStatusTileSettings" xmlns:xsi="http://www.w3.org/2001/XMLSchema-instance">
          <con:mode>
            <con:today>true</con:today>
          </con:mode>
          <con:filter>
            <con:failed>true</con:failed>
            <con:passed>true</con:passed>
            <con:unknown>true</con:unknown>
          </con:filter>
        </con:settings>
      </con:dashboardTile>
      <con:dashboardTile tileId="6e0fa3af-c9ad-44f9-ba27-fd231cb60849" tileType="TEST_CASE_STATUS_TILE">
        <con:settings xsi:type="con:TestCaseStatusTileSettings" xmlns:xsi="http://www.w3.org/2001/XMLSchema-instance">
          <con:mode>
            <con:today>true</con:today>
          </con:mode>
          <con:filter>
            <con:failed>true</con:failed>
            <con:passed>true</con:passed>
            <con:unknown>true</con:unknown>
          </con:filter>
        </con:settings>
      </con:dashboardTile>
      <con:dashboardTile tileId="aae2db0d-6781-4b96-b82d-59a1479d5100" tileType="SECURE_TILE">
        <con:settings xsi:type="con:SecureTileSettings" xmlns:xsi="http://www.w3.org/2001/XMLSchema-instance">
          <con:mode>
            <con:today>true</con:today>
          </con:mode>
          <con:scan>All Scans</con:scan>
          <con:project>All Projects</con:project>
        </con:settings>
      </con:dashboardTile>
      <con:dashboardTile tileId="eae3d8b4-c430-4f5f-a511-4fa7789b51b1" tileType="LOADUI_HISTORY_TILE">
        <con:settings xsi:type="con:LoadHistoryTileSettings" xmlns:xsi="http://www.w3.org/2001/XMLSchema-instance">
          <con:mode>
            <con:today>true</con:today>
          </con:mode>
          <con:project>All Projects</con:project>
          <con:filter>
            <con:avg>true</con:avg>
            <con:duration>true</con:duration>
            <con:failures>true</con:failures>
          </con:filter>
        </con:settings>
      </con:dashboardTile>
      <con:dashboardTile tileId="c8a341ee-5fb8-4188-8f5a-ff2df4bac7d8" tileType="SERVICEV">
        <con:settings xsi:type="con:ServiceVTileSettings" xmlns:xsi="http://www.w3.org/2001/XMLSchema-instance">
          <con:tableSettings>
            <con:column>Name</con:column>
            <con:column>Status</con:column>
            <con:column>Location</con:column>
            <con:column>Port</con:column>
          </con:tableSettings>
          <con:searchSettings>
            <con:searchType>All</con:searchType>
          </con:searchSettings>
        </con:settings>
      </con:dashboardTile>
    </con:dashboardTiles>
    <con:recentDashboardTiles/>
  </con:dashboardTileCollection>
</con:soapui-workspace>