<?xml version="1.0" encoding="UTF-8"?>
<con:soapui-project id="528dc3ea-9c06-4fa1-be82-fd7307b75737" created="2.1.0" activeEnvironment="Default environment" name="RouteRulesManual" resourceRoot="" updated="2.1.0 20170726-1100" xmlns:con="http://eviware.com/soapui/config"><con:settings/><con:interface xsi:type="con:RestService" id="0737c538-1e18-4d2e-b5a7-76e86863e830" wadlVersion="http://wadl.dev.java.net/2009/02" name="GetAllRoutingRulesByRouteKey" type="rest" xmlns:xsi="http://www.w3.org/2001/XMLSchema-instance"><con:settings/><con:definitionCache type="TEXT" rootPart=""/><con:endpoints><con:endpoint>http://a.com</con:endpoint></con:endpoints><con:resource name="GetRoutingRulesByRouteKey" path="/platformservice/api/v1/routingrules/route/{routeKey}" id="9dd26ef8-2887-4032-a789-18dcf75f4d60"><con:settings/><con:parameters><con:parameter><con:name>routeKey</con:name><con:value/><con:style>TEMPLATE</con:style><con:default/><con:description xsi:nil="true"/></con:parameter><con:parameter><con:name>authorization</con:name><con:value/><con:style>HEADER</con:style><con:default/><con:description xsi:nil="true"/></con:parameter><con:parameter><con:name>includeApplication</con:name><con:value/><con:style>QUERY</con:style><con:default/><con:description xsi:nil="true"/></con:parameter><con:parameter><con:name>includeDeployment</con:name><con:value/><con:style>QUERY</con:style><con:default/><con:description xsi:nil="true"/></con:parameter></con:parameters><con:method name="GetRoutingRulesByRouteKey" id="c80d92d9-9af3-4487-b526-78e5006fb856" method="GET"><con:settings/><con:parameters/><con:representation type="FAULT"><con:mediaType>application/json;charset=UTF-8</con:mediaType><con:status>404</con:status><con:params/><con:element xmlns:sel="http://dc1testrmapp03.prod.tangoe.com/platformservice/api/v1/routingrules/selen_app">sel:Fault</con:element></con:representation><con:representation type="RESPONSE"><con:mediaType>application/json;charset=UTF-8</con:mediaType><con:status>200</con:status><con:params/><con:element xmlns:sel="http://dc1testrmapp03.prod.tangoe.com/platformservice/api/v1/routingrules/selen_app">sel:Response</con:element></con:representation><con:request name="GetRoutingRulesByRouteKey" id="39885fe1-9fb0-4f3a-a8ad-c3a607a1d603" mediaType="application/json"><con:settings><con:setting id="com.eviware.soapui.impl.wsdl.WsdlRequest@request-headers">&lt;xml-fragment/></con:setting></con:settings><con:endpoint>http://a.com</con:endpoint><con:request/><con:credentials><con:selectedAuthProfile>No Authorization</con:selectedAuthProfile><con:authType>No Authorization</con:authType></con:credentials><con:jmsConfig JMSDeliveryMode="PERSISTENT"/><con:parameters/><con:parameterOrder><con:entry>routeKey</con:entry><con:entry>authorization</con:entry><con:entry>includeApplication</con:entry><con:entry>includeDeployment</con:entry></con:parameterOrder></con:request></con:method></con:resource></con:interface><con:interface xsi:type="con:RestService" id="fb5fd123-0c5b-46ba-9aa4-4701c261f606" wadlVersion="http://wadl.dev.java.net/2009/02" name="PostRouteRule" type="rest" xmlns:xsi="http://www.w3.org/2001/XMLSchema-instance"><con:settings/><con:definitionCache type="TEXT" rootPart=""/><con:endpoints><con:endpoint>http://a.com</con:endpoint></con:endpoints><con:resource name="PostAppRouteRule" path="/platformservice/api/v1/routingrules" id="11ca4048-5ded-4e90-9a71-29d11634ccf2"><con:settings/><con:parameters><con:parameter><con:name>authorization</con:name><con:value/><con:style>HEADER</con:style><con:default/><con:description xsi:nil="true"/></con:parameter><con:parameter><con:name>includeApplication</con:name><con:value/><con:style>QUERY</con:style><con:default/><con:description xsi:nil="true"/></con:parameter><con:parameter><con:name>includeDeployment</con:name><con:value/><con:style>QUERY</con:style><con:default/><con:description xsi:nil="true"/></con:parameter><con:parameter><con:name>includeParentRule</con:name><con:value/><con:style>QUERY</con:style><con:default/><con:description xsi:nil="true"/></con:parameter><con:parameter><con:name>includeInheritingRulesCount</con:name><con:value/><con:style>QUERY</con:style><con:default/><con:description xsi:nil="true"/></con:parameter></con:parameters><con:method name="PostAppRouteRule" id="bc9ad6d6-5bea-4ffd-bb01-3e6d75d17610" method="POST"><con:settings/><con:parameters/><con:representation type="FAULT"><con:mediaType>application/json;charset=UTF-8</con:mediaType><con:status>401 400</con:status><con:params/><con:element xmlns:rout="http://dc1testrmapp03.prod.tangoe.com/platformservice/api/v1/routingrules">rout:Fault</con:element></con:representation><con:representation type="REQUEST"><con:mediaType>application/json</con:mediaType><con:params/></con:representation><con:representation type="RESPONSE"><con:mediaType>application/json;charset=UTF-8</con:mediaType><con:status>201</con:status><con:params/><con:element xmlns:rout="http://dc1testrmapp03.prod.tangoe.com/platformservice/api/v1/routingrules">rout:Response</con:element></con:representation><con:request name="PostAppRouteRule" id="49d35372-1fb9-4060-a5e1-c82d4e935ce9" mediaType="application/json" postQueryString="false"><con:settings><con:setting id="com.eviware.soapui.impl.wsdl.WsdlRequest@request-headers">&lt;xml-fragment/></con:setting></con:settings><con:endpoint>http://a.com</con:endpoint><con:request>{
  "allow": "ALLOW",
  "applicationKey": "string",
  "enabled": true,
  "key": "string",
  "location": "",
  "locationType": "PREFIX",
  "proxyPass": "string",
  "scope": "APP",
  "statusCode": 0
}</con:request><con:credentials><con:selectedAuthProfile>No Authorization</con:selectedAuthProfile><con:authType>No Authorization</con:authType></con:credentials><con:jmsConfig JMSDeliveryMode="PERSISTENT"/><con:parameters/><con:parameterOrder><con:entry>authorization</con:entry><con:entry>includeApplication</con:entry><con:entry>includeDeployment</con:entry><con:entry>includeParentRule</con:entry><con:entry>includeInheritingRulesCount</con:entry></con:parameterOrder></con:request></con:method></con:resource></con:interface><con:interface xsi:type="con:RestService" id="33e5363e-d33b-4957-8084-5e6ce5b50fa4" wadlVersion="http://wadl.dev.java.net/2009/02" name="PutAppRouteRule" type="rest" xmlns:xsi="http://www.w3.org/2001/XMLSchema-instance"><con:settings/><con:definitionCache type="TEXT" rootPart=""/><con:endpoints><con:endpoint>http://a.com</con:endpoint></con:endpoints><con:resource name="PutAppRouteRule" path="/platformservice/api/v1/routingrules/{key}" id="48584117-eb11-4e44-bf37-d9d5fd23a64e"><con:settings/><con:parameters><con:parameter><con:name>authorization</con:name><con:value/><con:style>HEADER</con:style><con:default/><con:description xsi:nil="true"/></con:parameter><con:parameter><con:name>includeApplication</con:name><con:value/><con:style>QUERY</con:style><con:default/><con:description xsi:nil="true"/></con:parameter><con:parameter><con:name>includeDeployment</con:name><con:value/><con:style>QUERY</con:style><con:default/><con:description xsi:nil="true"/></con:parameter><con:parameter><con:name>includeParentRule</con:name><con:value/><con:style>QUERY</con:style><con:default/><con:description xsi:nil="true"/></con:parameter><con:parameter><con:name>includeInheritingRulesCount</con:name><con:value/><con:style>QUERY</con:style><con:default/><con:description xsi:nil="true"/></con:parameter><con:parameter><con:name>key</con:name><con:value/><con:style>TEMPLATE</con:style><con:default/><con:description xsi:nil="true"/></con:parameter></con:parameters><con:method name="PutAppRouteRule" id="aaffa4fe-b580-4a4e-b3d7-b3a7212b5e94" method="PUT"><con:settings/><con:parameters/><con:representation type="FAULT"><con:mediaType>application/json;charset=UTF-8</con:mediaType><con:status>404 400 405</con:status><con:params/><con:element xmlns:a="http://dc1testrmapp03.prod.tangoe.com/platformservice/api/v1/routingrules/A%3ASELEN_APP%3A01438089664">a:Fault</con:element></con:representation><con:representation type="REQUEST"><con:mediaType>application/json</con:mediaType><con:params/></con:representation><con:representation type="RESPONSE"><con:mediaType>application/json;charset=UTF-8</con:mediaType><con:status>200</con:status><con:params/><con:element xmlns:a="http://dc1testrmapp03.prod.tangoe.com/platformservice/api/v1/routingrules/A%3ASELEN_APP%3A01438089664">a:Response</con:element></con:representation><con:request name="PutAppRouteRule" id="8fce93fa-ef92-44c1-b25a-401b35b79ccc" mediaType="application/json" postQueryString="false"><con:settings><con:setting id="com.eviware.soapui.impl.wsdl.WsdlRequest@request-headers">&lt;xml-fragment/></con:setting></con:settings><con:endpoint>http://a.com</con:endpoint><con:request/><con:credentials><con:selectedAuthProfile>No Authorization</con:selectedAuthProfile><con:authType>No Authorization</con:authType></con:credentials><con:jmsConfig JMSDeliveryMode="PERSISTENT"/><con:parameters/><con:parameterOrder><con:entry>key</con:entry><con:entry>authorization</con:entry><con:entry>includeApplication</con:entry><con:entry>includeDeployment</con:entry><con:entry>includeParentRule</con:entry><con:entry>includeInheritingRulesCount</con:entry></con:parameterOrder></con:request></con:method></con:resource></con:interface><con:interface xsi:type="con:RestService" id="ef6283f9-324a-4e4d-be8f-be390152989c" wadlVersion="http://wadl.dev.java.net/2009/02" name="DeleteRoutingRuleByKey" type="rest" xmlns:xsi="http://www.w3.org/2001/XMLSchema-instance"><con:settings/><con:definitionCache type="TEXT" rootPart=""/><con:endpoints><con:endpoint>http://a.com</con:endpoint></con:endpoints><con:resource name="DeleteAppRouteByKey" path="/platformservice/api/v1/routingrules/{key}" id="71f5f6fe-82fd-41ed-b34b-bb9ca43ad555"><con:settings/><con:parameters><con:parameter><con:name>key</con:name><con:value>key</con:value><con:style>TEMPLATE</con:style><con:default>key</con:default></con:parameter><con:parameter><con:name>deleteInheritingRules</con:name><con:value/><con:style>QUERY</con:style><con:default/><con:description xsi:nil="true"/></con:parameter><con:parameter><con:name>authorization</con:name><con:value/><con:style>HEADER</con:style><con:default/><con:description xsi:nil="true"/></con:parameter></con:parameters><con:method name="DeleteAppRouteByKey" id="413da9c4-d0f0-48c9-851f-214384f46ae6" method="DELETE"><con:settings/><con:parameters/><con:representation type="RESPONSE"><con:mediaType xsi:nil="true"/><con:status>0</con:status><con:params/><con:element>data</con:element></con:representation><con:representation type="REQUEST"><con:mediaType>application/json</con:mediaType><con:params/></con:representation><con:representation type="FAULT"><con:mediaType>application/json;charset=UTF-8</con:mediaType><con:status>401 404</con:status><con:params/><con:element xmlns:a="http://a.com/platformservice/api/v1/routingrules/A%3ASELEN_APP%3A01438089664">a:Fault</con:element></con:representation><con:representation type="RESPONSE"><con:mediaType xsi:nil="true"/><con:status>204</con:status><con:params/><con:element>data</con:element></con:representation><con:representation type="RESPONSE"><con:mediaType xsi:nil="true"/><con:status>204</con:status><con:params/><con:element>data</con:element></con:representation><con:representation type="RESPONSE"><con:mediaType xsi:nil="true"/><con:status>204</con:status><con:params/><con:element>data</con:element></con:representation><con:representation type="RESPONSE"><con:mediaType xsi:nil="true"/><con:status>204</con:status><con:params/><con:element>data</con:element></con:representation><con:representation type="RESPONSE"><con:mediaType xsi:nil="true"/><con:status>204</con:status><con:params/><con:element>data</con:element></con:representation><con:representation type="RESPONSE"><con:mediaType xsi:nil="true"/><con:status>204</con:status><con:params/><con:element>data</con:element></con:representation><con:representation type="RESPONSE"><con:mediaType xsi:nil="true"/><con:status>204</con:status><con:params/><con:element>data</con:element></con:representation><con:representation type="RESPONSE"><con:mediaType xsi:nil="true"/><con:status>204</con:status><con:params/><con:element>data</con:element></con:representation><con:representation type="RESPONSE"><con:mediaType xsi:nil="true"/><con:status>204</con:status><con:params/><con:element>data</con:element></con:representation><con:representation type="RESPONSE"><con:mediaType xsi:nil="true"/><con:status>204</con:status><con:params/><con:element>data</con:element></con:representation><con:representation type="RESPONSE"><con:mediaType xsi:nil="true"/><con:status>204</con:status><con:params/><con:element>data</con:element></con:representation><con:representation type="RESPONSE"><con:mediaType xsi:nil="true"/><con:status>204</con:status><con:params/><con:element>data</con:element></con:representation><con:representation type="RESPONSE"><con:mediaType xsi:nil="true"/><con:status>204</con:status><con:params/><con:element>data</con:element></con:representation><con:representation type="RESPONSE"><con:mediaType xsi:nil="true"/><con:status>204</con:status><con:params/><con:element>data</con:element></con:representation><con:representation type="RESPONSE"><con:mediaType xsi:nil="true"/><con:status>204</con:status><con:params/><con:element>data</con:element></con:representation><con:representation type="RESPONSE"><con:mediaType xsi:nil="true"/><con:status>204</con:status><con:params/><con:element>data</con:element></con:representation><con:representation type="RESPONSE"><con:mediaType xsi:nil="true"/><con:status>204</con:status><con:params/><con:element>data</con:element></con:representation><con:representation type="RESPONSE"><con:mediaType xsi:nil="true"/><con:status>204</con:status><con:params/><con:element>data</con:element></con:representation><con:representation type="RESPONSE"><con:mediaType xsi:nil="true"/><con:status>204</con:status><con:params/><con:element>data</con:element></con:representation><con:representation type="RESPONSE"><con:mediaType xsi:nil="true"/><con:status>204</con:status><con:params/><con:element>data</con:element></con:representation><con:representation type="RESPONSE"><con:mediaType xsi:nil="true"/><con:status>204</con:status><con:params/><con:element>data</con:element></con:representation><con:representation type="RESPONSE"><con:mediaType xsi:nil="true"/><con:status>204</con:status><con:params/><con:element>data</con:element></con:representation><con:representation type="RESPONSE"><con:mediaType xsi:nil="true"/><con:status>204</con:status><con:params/><con:element>data</con:element></con:representation><con:representation type="RESPONSE"><con:mediaType xsi:nil="true"/><con:status>204</con:status><con:params/><con:element>data</con:element></con:representation><con:representation type="RESPONSE"><con:mediaType xsi:nil="true"/><con:status>204</con:status><con:params/><con:element>data</con:element></con:representation><con:representation type="RESPONSE"><con:mediaType xsi:nil="true"/><con:status>204</con:status><con:params/><con:element>data</con:element></con:representation><con:representation type="RESPONSE"><con:mediaType xsi:nil="true"/><con:status>204</con:status><con:params/><con:element>data</con:element></con:representation><con:representation type="RESPONSE"><con:mediaType xsi:nil="true"/><con:status>204</con:status><con:params/><con:element>data</con:element></con:representation><con:representation type="RESPONSE"><con:mediaType xsi:nil="true"/><con:status>204</con:status><con:params/><con:element>data</con:element></con:representation><con:representation type="RESPONSE"><con:mediaType xsi:nil="true"/><con:status>204</con:status><con:params/><con:element>data</con:element></con:representation><con:representation type="RESPONSE"><con:mediaType xsi:nil="true"/><con:status>204</con:status><con:params/><con:element>data</con:element></con:representation><con:representation type="RESPONSE"><con:mediaType xsi:nil="true"/><con:status>204</con:status><con:params/><con:element>data</con:element></con:representation><con:representation type="RESPONSE"><con:mediaType xsi:nil="true"/><con:status>204</con:status><con:params/><con:element>data</con:element></con:representation><con:representation type="RESPONSE"><con:mediaType xsi:nil="true"/><con:status>204</con:status><con:params/><con:element>data</con:element></con:representation><con:representation type="RESPONSE"><con:mediaType xsi:nil="true"/><con:status>204</con:status><con:params/><con:element>data</con:element></con:representation><con:representation type="RESPONSE"><con:mediaType xsi:nil="true"/><con:status>204</con:status><con:params/><con:element>data</con:element></con:representation><con:representation type="RESPONSE"><con:mediaType xsi:nil="true"/><con:status>204</con:status><con:params/><con:element>data</con:element></con:representation><con:representation type="RESPONSE"><con:mediaType xsi:nil="true"/><con:status>204</con:status><con:params/><con:element>data</con:element></con:representation><con:representation type="RESPONSE"><con:mediaType xsi:nil="true"/><con:status>204</con:status><con:params/><con:element>data</con:element></con:representation><con:representation type="RESPONSE"><con:mediaType xsi:nil="true"/><con:status>204</con:status><con:params/><con:element>data</con:element></con:representation><con:representation type="RESPONSE"><con:mediaType xsi:nil="true"/><con:status>204</con:status><con:params/><con:element>data</con:element></con:representation><con:representation type="RESPONSE"><con:mediaType xsi:nil="true"/><con:status>204</con:status><con:params/><con:element>data</con:element></con:representation><con:representation type="RESPONSE"><con:mediaType xsi:nil="true"/><con:status>204</con:status><con:params/><con:element>data</con:element></con:representation><con:representation type="RESPONSE"><con:mediaType xsi:nil="true"/><con:status>204</con:status><con:params/><con:element>data</con:element></con:representation><con:representation type="RESPONSE"><con:mediaType xsi:nil="true"/><con:status>204</con:status><con:params/><con:element>data</con:element></con:representation><con:representation type="RESPONSE"><con:mediaType xsi:nil="true"/><con:status>204</con:status><con:params/><con:element>data</con:element></con:representation><con:representation type="RESPONSE"><con:mediaType xsi:nil="true"/><con:status>204</con:status><con:params/><con:element>data</con:element></con:representation><con:representation type="RESPONSE"><con:mediaType xsi:nil="true"/><con:status>204</con:status><con:params/><con:element>data</con:element></con:representation><con:representation type="RESPONSE"><con:mediaType xsi:nil="true"/><con:status>204</con:status><con:params/><con:element>data</con:element></con:representation><con:representation type="RESPONSE"><con:mediaType xsi:nil="true"/><con:status>204</con:status><con:params/><con:element>data</con:element></con:representation><con:representation type="RESPONSE"><con:mediaType xsi:nil="true"/><con:status>204</con:status><con:params/><con:element>data</con:element></con:representation><con:request name="DeleteAppRouteByKey" id="7328fc81-db92-43e3-ba47-a032ea4638f0" mediaType="application/json" postQueryString="false"><con:settings><con:setting id="com.eviware.soapui.impl.wsdl.WsdlRequest@request-headers">&lt;xml-fragment/></con:setting></con:settings><con:endpoint>http://a.com</con:endpoint><con:request/><con:credentials><con:selectedAuthProfile>No Authorization</con:selectedAuthProfile><con:authType>No Authorization</con:authType></con:credentials><con:jmsConfig JMSDeliveryMode="PERSISTENT"/><con:parameters/><con:parameterOrder><con:entry>key</con:entry><con:entry>deleteInheritingRules</con:entry><con:entry>authorization</con:entry></con:parameterOrder></con:request></con:method></con:resource></con:interface><con:interface xsi:type="con:RestService" id="d10eae7f-c71f-43e1-90be-63919dbdc1ff" wadlVersion="http://wadl.dev.java.net/2009/02" name="GetRoutingRulesByAppKey" type="rest" xmlns:xsi="http://www.w3.org/2001/XMLSchema-instance"><con:settings/><con:definitionCache type="TEXT" rootPart=""/><con:endpoints><con:endpoint>http://a.com</con:endpoint></con:endpoints><con:resource name="GetRoutingRulesByAppKey" path="/platformservice/api/v1/routingrules/application/{key}" id="1ea8654a-e859-422c-bf26-82bd192bf9b9"><con:settings/><con:parameters><con:parameter><con:name>key</con:name><con:value>33</con:value><con:style>TEMPLATE</con:style><con:default>33</con:default></con:parameter><con:parameter><con:name>authorization</con:name><con:value/><con:style>HEADER</con:style><con:default/><con:description xsi:nil="true"/></con:parameter><con:parameter><con:name>includeApplication</con:name><con:value/><con:style>QUERY</con:style><con:default/><con:description xsi:nil="true"/></con:parameter><con:parameter><con:name>includeInheritingRulesCount</con:name><con:value/><con:style>QUERY</con:style><con:default/><con:description xsi:nil="true"/></con:parameter></con:parameters><con:method name="GetRoutingRulesByAppKey" id="19d7706a-cfcf-4709-9738-e8be9d5831e5" method="GET"><con:settings/><con:parameters/><con:representation type="FAULT"><con:mediaType>application/json;charset=UTF-8</con:mediaType><con:status>401 404 500</con:status><con:params/><con:element xmlns:ns="http://dc1testrmapp03.prod.tangoe.com/platformservice/api/v1/routingrules/application/33">ns:Fault</con:element></con:representation><con:representation type="RESPONSE"><con:mediaType>application/json;charset=UTF-8</con:mediaType><con:status>200</con:status><con:params/><con:element>Response</con:element></con:representation><con:request name="GetRoutingRulesByAppKey" id="8b4f95b6-228e-4d12-bfe3-007d3e139921" mediaType="application/json"><con:settings><con:setting id="com.eviware.soapui.impl.wsdl.WsdlRequest@request-headers">&lt;xml-fragment/></con:setting></con:settings><con:endpoint>http://a.com</con:endpoint><con:request/><con:credentials><con:selectedAuthProfile>No Authorization</con:selectedAuthProfile><con:authType>No Authorization</con:authType></con:credentials><con:jmsConfig JMSDeliveryMode="PERSISTENT"/><con:parameters/><con:parameterOrder><con:entry>key</con:entry><con:entry>authorization</con:entry><con:entry>includeApplication</con:entry><con:entry>includeInheritingRulesCount</con:entry></con:parameterOrder></con:request></con:method></con:resource></con:interface><con:interface xsi:type="con:RestService" id="be78ac13-7bf7-4df0-a37f-11481ccbb82f" wadlVersion="http://wadl.dev.java.net/2009/02" name="GetRouteRuleByKey" type="rest" xmlns:xsi="http://www.w3.org/2001/XMLSchema-instance"><con:settings/><con:definitionCache type="TEXT" rootPart=""/><con:endpoints><con:endpoint>http://a.com</con:endpoint></con:endpoints><con:resource name="GetRouteRuleByKey" path="/platformservice/api/v1/routingrules/{key}" id="141b4672-d39c-40c8-ad49-7314428d55b8"><con:settings/><con:parameters><con:parameter><con:name>key</con:name><con:value>RouteKey</con:value><con:style>TEMPLATE</con:style><con:default>RouteKey</con:default></con:parameter><con:parameter><con:name>authorization</con:name><con:value/><con:style>HEADER</con:style><con:default/><con:description xsi:nil="true"/></con:parameter><con:parameter><con:name>includeApplication</con:name><con:value/><con:style>QUERY</con:style><con:default/><con:description xsi:nil="true"/></con:parameter><con:parameter><con:name>includeDeployment</con:name><con:value/><con:style>QUERY</con:style><con:default/><con:description xsi:nil="true"/></con:parameter><con:parameter><con:name>includeParentRule</con:name><con:value/><con:style>QUERY</con:style><con:default/><con:description xsi:nil="true"/></con:parameter><con:parameter><con:name>includeInheritingRulesCount</con:name><con:value/><con:style>QUERY</con:style><con:default/><con:description xsi:nil="true"/></con:parameter></con:parameters><con:method name="GetRouteRuleByKey" id="d5033753-43c7-434f-9f85-68ddea115e5f" method="GET"><con:settings/><con:parameters/><con:representation type="RESPONSE"><con:mediaType>application/json;charset=UTF-8</con:mediaType><con:status>200</con:status><con:params/><con:element xmlns:a="http://dc1testrmapp03.prod.tangoe.com/platformservice/api/v1/routingrules/A%3ADEP_AUTO%3A01438089664">a:Response</con:element></con:representation><con:representation type="FAULT"><con:mediaType>application/json;charset=UTF-8</con:mediaType><con:status>404</con:status><con:params/><con:element xmlns:a="http://dc1testrmapp03.prod.tangoe.com/platformservice/api/v1/routingrules/A%3ADEP_AUTO%3A01438089664">a:Fault</con:element></con:representation><con:request name="GetRouteRuleByKey" id="d19b5054-61f0-4c5e-ac86-b54f781d6899" mediaType="application/json"><con:settings><con:setting id="com.eviware.soapui.impl.wsdl.WsdlRequest@request-headers">&lt;xml-fragment/></con:setting></con:settings><con:endpoint>http://a.com</con:endpoint><con:request/><con:credentials><con:selectedAuthProfile>No Authorization</con:selectedAuthProfile><con:authType>No Authorization</con:authType></con:credentials><con:jmsConfig JMSDeliveryMode="PERSISTENT"/><con:parameters/><con:parameterOrder><con:entry>key</con:entry><con:entry>authorization</con:entry><con:entry>includeApplication</con:entry><con:entry>includeDeployment</con:entry><con:entry>includeParentRule</con:entry><con:entry>includeInheritingRulesCount</con:entry></con:parameterOrder></con:request></con:method></con:resource></con:interface><con:interface xsi:type="con:RestService" id="f983421b-dd9d-432f-a983-8eec30dc4fad" wadlVersion="http://wadl.dev.java.net/2009/02" name="GetRoutingRulesByDeployKey" type="rest" xmlns:xsi="http://www.w3.org/2001/XMLSchema-instance"><con:settings/><con:definitionCache/><con:endpoints><con:endpoint>http://a.com</con:endpoint></con:endpoints><con:resource name="GetRoutingRulesByDeployKey" path="/platformservice/api/v1/routingrules/deployment/{key}" id="8b46c313-5e34-4b79-a5f3-547ec51fef90"><con:settings/><con:parameters><con:parameter><con:name>key</con:name><con:value>key</con:value><con:style>TEMPLATE</con:style><con:default>key</con:default></con:parameter><con:parameter><con:name>authorization</con:name><con:value/><con:style>HEADER</con:style><con:default/><con:description xsi:nil="true"/></con:parameter></con:parameters><con:method name="GetRoutingRulesByDeployKey" id="0e4c4838-fe6b-4266-a101-c5406872938c" method="GET"><con:settings/><con:parameters/><con:representation type="FAULT"><con:mediaType>application/json;charset=UTF-8</con:mediaType><con:status>404</con:status><con:params/><con:element xmlns:key="http://dc1testrmapp03.prod.tangoe.com/platformservice/api/v1/routingrules/deployment/key">key:Fault</con:element></con:representation><con:representation type="RESPONSE"><con:mediaType>application/json;charset=UTF-8</con:mediaType><con:status>200</con:status><con:params/><con:element>Response</con:element></con:representation><con:request name="GetRoutingRulesByDeployKey" id="365e1823-42e6-412f-b603-e66465af5998" mediaType="application/json"><con:settings><con:setting id="com.eviware.soapui.impl.wsdl.WsdlRequest@request-headers">&lt;xml-fragment/></con:setting></con:settings><con:endpoint>http://a.com</con:endpoint><con:request/><con:credentials><con:selectedAuthProfile>No Authorization</con:selectedAuthProfile><con:authType>No Authorization</con:authType></con:credentials><con:jmsConfig JMSDeliveryMode="PERSISTENT"/><con:parameters/><con:parameterOrder><con:entry>key</con:entry><con:entry>authorization</con:entry></con:parameterOrder></con:request></con:method></con:resource></con:interface><con:interface xsi:type="con:RestService" id="71cfff4d-3745-4868-bcc2-055773399cb1" wadlVersion="http://wadl.dev.java.net/2009/02" name="GetApplicationTokenByKey" type="rest" xmlns:xsi="http://www.w3.org/2001/XMLSchema-instance"><con:settings/><con:definitionCache/><con:endpoints><con:endpoint>http://a.com</con:endpoint></con:endpoints><con:resource name="GetApplicationTokenByKey" path="/platformservice/api/v1/applications/{key}/token" id="f0e70bbf-4cc5-4a41-bfc8-0c497e283e07"><con:settings/><con:parameters><con:parameter><con:name>key</con:name><con:value>key</con:value><con:style>TEMPLATE</con:style><con:default>key</con:default></con:parameter><con:parameter><con:name>authorization</con:name><con:value/><con:style>HEADER</con:style><con:default/><con:description xsi:nil="true"/></con:parameter><con:parameter><con:name>createIfMissing</con:name><con:value/><con:style>QUERY</con:style><con:default/><con:description xsi:nil="true"/></con:parameter></con:parameters><con:method name="GetApplicationTokenByKey" id="05ad3eaa-32c8-41de-a2aa-22e7195e49bc" method="GET"><con:settings/><con:parameters/><con:representation type="FAULT"><con:mediaType>application/json;charset=UTF-8</con:mediaType><con:status>404 500</con:status><con:params/><con:element xmlns:tok="http://dc1testrmapp03.prod.tangoe.com/platformservice/api/v1/applications/key/token">tok:Fault</con:element></con:representation><con:representation type="RESPONSE"><con:mediaType>application/json;charset=UTF-8</con:mediaType><con:status>200</con:status><con:params/><con:element xmlns:tok="http://dc1testrmapp03.prod.tangoe.com/platformservice/api/v1/applications/key/token">tok:Response</con:element></con:representation><con:representation type="RESPONSE"><con:mediaType xsi:nil="true"/><con:status>200</con:status><con:params/><con:element>data</con:element></con:representation><con:representation type="RESPONSE"><con:mediaType xsi:nil="true"/><con:status>200</con:status><con:params/><con:element>data</con:element></con:representation><con:representation type="RESPONSE"><con:mediaType xsi:nil="true"/><con:status>200</con:status><con:params/><con:element>data</con:element></con:representation><con:representation type="RESPONSE"><con:mediaType xsi:nil="true"/><con:status>200</con:status><con:params/><con:element>data</con:element></con:representation><con:representation type="RESPONSE"><con:mediaType xsi:nil="true"/><con:status>200</con:status><con:params/><con:element>data</con:element></con:representation><con:representation type="RESPONSE"><con:mediaType xsi:nil="true"/><con:status>200</con:status><con:params/><con:element>data</con:element></con:representation><con:representation type="RESPONSE"><con:mediaType xsi:nil="true"/><con:status>200</con:status><con:params/><con:element>data</con:element></con:representation><con:representation type="RESPONSE"><con:mediaType xsi:nil="true"/><con:status>200</con:status><con:params/><con:element>data</con:element></con:representation><con:representation type="RESPONSE"><con:mediaType xsi:nil="true"/><con:status>200</con:status><con:params/><con:element>data</con:element></con:representation><con:representation type="RESPONSE"><con:mediaType xsi:nil="true"/><con:status>200</con:status><con:params/><con:element>data</con:element></con:representation><con:representation type="RESPONSE"><con:mediaType xsi:nil="true"/><con:status>200</con:status><con:params/><con:element>data</con:element></con:representation><con:representation type="RESPONSE"><con:mediaType xsi:nil="true"/><con:status>200</con:status><con:params/><con:element>data</con:element></con:representation><con:representation type="RESPONSE"><con:mediaType xsi:nil="true"/><con:status>200</con:status><con:params/><con:element>data</con:element></con:representation><con:representation type="RESPONSE"><con:mediaType xsi:nil="true"/><con:status>200</con:status><con:params/><con:element>data</con:element></con:representation><con:representation type="RESPONSE"><con:mediaType xsi:nil="true"/><con:status>200</con:status><con:params/><con:element>data</con:element></con:representation><con:representation type="RESPONSE"><con:mediaType xsi:nil="true"/><con:status>200</con:status><con:params/><con:element>data</con:element></con:representation><con:representation type="RESPONSE"><con:mediaType xsi:nil="true"/><con:status>200</con:status><con:params/><con:element>data</con:element></con:representation><con:representation type="RESPONSE"><con:mediaType xsi:nil="true"/><con:status>200</con:status><con:params/><con:element>data</con:element></con:representation><con:request name="GetApplicationTokenByKey" id="6a2a1665-019b-455c-8fdc-265ef79644d6" mediaType="application/json"><con:settings><con:setting id="com.eviware.soapui.impl.wsdl.WsdlRequest@request-headers">&lt;xml-fragment/></con:setting></con:settings><con:endpoint>http://a.com</con:endpoint><con:request/><con:credentials><con:selectedAuthProfile>No Authorization</con:selectedAuthProfile><con:authType>No Authorization</con:authType></con:credentials><con:jmsConfig JMSDeliveryMode="PERSISTENT"/><con:parameters/><con:parameterOrder><con:entry>key</con:entry><con:entry>authorization</con:entry><con:entry>createIfMissing</con:entry></con:parameterOrder></con:request></con:method></con:resource></con:interface><con:interface xsi:type="con:RestService" id="a27d6433-bb25-484b-9a60-6cf90812a9ae" wadlVersion="http://wadl.dev.java.net/2009/02" name="DeleteApplicationTokenByKey" type="rest" xmlns:xsi="http://www.w3.org/2001/XMLSchema-instance"><con:settings/><con:definitionCache type="TEXT" rootPart=""/><con:endpoints><con:endpoint>http://a.com</con:endpoint></con:endpoints><con:resource name="DeleteApplicationTokenByKey" path="/platformservice/api/v1/applications/{key}/token" id="2a81c119-1e1d-41ed-9e6c-1a59be4537f3"><con:settings/><con:parameters><con:parameter><con:name>key</con:name><con:value>key</con:value><con:style>TEMPLATE</con:style><con:default>key</con:default></con:parameter><con:parameter><con:name>authorization</con:name><con:value/><con:style>HEADER</con:style><con:default/><con:description xsi:nil="true"/></con:parameter></con:parameters><con:method name="DeleteApplicationTokenByKey" id="f29584da-1f3b-459c-b462-d3e3d4e34569" method="DELETE"><con:settings/><con:parameters/><con:representation type="FAULT"><con:mediaType>application/json;charset=UTF-8</con:mediaType><con:status>401</con:status><con:params/><con:element xmlns:tok="http://dc1testrmapp03.prod.tangoe.com/platformservice/api/v1/applications/key/token">tok:Fault</con:element></con:representation><con:representation type="REQUEST"><con:mediaType>application/json</con:mediaType><con:params/></con:representation><con:representation type="RESPONSE"><con:mediaType xsi:nil="true"/><con:status>204</con:status><con:params/><con:element>data</con:element></con:representation><con:representation type="RESPONSE"><con:mediaType xsi:nil="true"/><con:status>204</con:status><con:params/><con:element>data</con:element></con:representation><con:representation type="RESPONSE"><con:mediaType xsi:nil="true"/><con:status>204</con:status><con:params/><con:element>data</con:element></con:representation><con:representation type="RESPONSE"><con:mediaType xsi:nil="true"/><con:status>204</con:status><con:params/><con:element>data</con:element></con:representation><con:representation type="RESPONSE"><con:mediaType xsi:nil="true"/><con:status>204</con:status><con:params/><con:element>data</con:element></con:representation><con:representation type="RESPONSE"><con:mediaType xsi:nil="true"/><con:status>204</con:status><con:params/><con:element>data</con:element></con:representation><con:representation type="RESPONSE"><con:mediaType xsi:nil="true"/><con:status>204</con:status><con:params/><con:element>data</con:element></con:representation><con:representation type="RESPONSE"><con:mediaType xsi:nil="true"/><con:status>204</con:status><con:params/><con:element>data</con:element></con:representation><con:representation type="RESPONSE"><con:mediaType xsi:nil="true"/><con:status>204</con:status><con:params/><con:element>data</con:element></con:representation><con:representation type="RESPONSE"><con:mediaType xsi:nil="true"/><con:status>204</con:status><con:params/><con:element>data</con:element></con:representation><con:representation type="RESPONSE"><con:mediaType xsi:nil="true"/><con:status>204</con:status><con:params/><con:element>data</con:element></con:representation><con:representation type="RESPONSE"><con:mediaType xsi:nil="true"/><con:status>204</con:status><con:params/><con:element>data</con:element></con:representation><con:representation type="RESPONSE"><con:mediaType xsi:nil="true"/><con:status>204</con:status><con:params/><con:element>data</con:element></con:representation><con:representation type="RESPONSE"><con:mediaType xsi:nil="true"/><con:status>204</con:status><con:params/><con:element>data</con:element></con:representation><con:representation type="RESPONSE"><con:mediaType xsi:nil="true"/><con:status>204</con:status><con:params/><con:element>data</con:element></con:representation><con:representation type="RESPONSE"><con:mediaType xsi:nil="true"/><con:status>204</con:status><con:params/><con:element>data</con:element></con:representation><con:representation type="RESPONSE"><con:mediaType xsi:nil="true"/><con:status>204</con:status><con:params/><con:element>data</con:element></con:representation><con:representation type="RESPONSE"><con:mediaType xsi:nil="true"/><con:status>204</con:status><con:params/><con:element>data</con:element></con:representation><con:representation type="RESPONSE"><con:mediaType xsi:nil="true"/><con:status>204</con:status><con:params/><con:element>data</con:element></con:representation><con:representation type="RESPONSE"><con:mediaType xsi:nil="true"/><con:status>204</con:status><con:params/><con:element>data</con:element></con:representation><con:representation type="RESPONSE"><con:mediaType xsi:nil="true"/><con:status>204</con:status><con:params/><con:element>data</con:element></con:representation><con:representation type="RESPONSE"><con:mediaType xsi:nil="true"/><con:status>204</con:status><con:params/><con:element>data</con:element></con:representation><con:representation type="RESPONSE"><con:mediaType xsi:nil="true"/><con:status>204</con:status><con:params/><con:element>data</con:element></con:representation><con:representation type="RESPONSE"><con:mediaType xsi:nil="true"/><con:status>204</con:status><con:params/><con:element>data</con:element></con:representation><con:representation type="RESPONSE"><con:mediaType xsi:nil="true"/><con:status>204</con:status><con:params/><con:element>data</con:element></con:representation><con:representation type="RESPONSE"><con:mediaType xsi:nil="true"/><con:status>204</con:status><con:params/><con:element>data</con:element></con:representation><con:representation type="RESPONSE"><con:mediaType xsi:nil="true"/><con:status>204</con:status><con:params/><con:element>data</con:element></con:representation><con:request name="DeleteApplicationTokenByKey" id="1c30d5ce-54a8-4626-b990-756d0e7cdfe5" mediaType="application/json" postQueryString="false"><con:settings><con:setting id="com.eviware.soapui.impl.wsdl.WsdlRequest@request-headers">&lt;xml-fragment/></con:setting></con:settings><con:endpoint>http://a.com</con:endpoint><con:request/><con:credentials><con:selectedAuthProfile>No Authorization</con:selectedAuthProfile><con:authType>No Authorization</con:authType></con:credentials><con:jmsConfig JMSDeliveryMode="PERSISTENT"/><con:parameters/><con:parameterOrder><con:entry>key</con:entry><con:entry>authorization</con:entry></con:parameterOrder></con:request></con:method></con:resource></con:interface><con:interface xsi:type="con:RestService" id="b1293e7e-e0dc-4dab-a1bb-d1fdb5e8fd7f" wadlVersion="http://wadl.dev.java.net/2009/02" name="PostApplicationTokenByKey" type="rest" xmlns:xsi="http://www.w3.org/2001/XMLSchema-instance"><con:settings/><con:definitionCache type="TEXT" rootPart=""/><con:endpoints><con:endpoint>http://a.com</con:endpoint></con:endpoints><con:resource name="PostApplicationTokenByKey" path="/platformservice/api/v1/applications/{key}/token" id="95d349e5-dcec-4eca-aeda-19dd5c70763d"><con:settings/><con:parameters><con:parameter><con:name>key</con:name><con:value>key</con:value><con:style>TEMPLATE</con:style><con:default>key</con:default></con:parameter><con:parameter><con:name>authorization</con:name><con:value/><con:style>HEADER</con:style><con:default/><con:description xsi:nil="true"/></con:parameter></con:parameters><con:method name="PostApplicationTokenByKey" id="285583df-dff7-4184-a5da-eac9ea9f87da" method="POST"><con:settings/><con:parameters/><con:representation type="FAULT"><con:mediaType>application/json;charset=UTF-8</con:mediaType><con:status>404</con:status><con:params/><con:element xmlns:tok="http://dc1testrmapp03.prod.tangoe.com/api/v1/applications/DEP_AUTO/token">tok:Fault</con:element></con:representation><con:representation type="REQUEST"><con:mediaType>application/json</con:mediaType><con:params/></con:representation><con:representation type="RESPONSE"><con:mediaType>application/json;charset=UTF-8</con:mediaType><con:status>200</con:status><con:params/><con:element xmlns:tok="http://dc1testrmapp03.prod.tangoe.com/api/v1/applications/DEP_AUTO/token">tok:Response</con:element></con:representation><con:request name="PostApplicationTokenByKey" id="ba90fc50-87a4-4aa4-b24d-283e355f14fb" mediaType="application/json" postQueryString="false"><con:settings><con:setting id="com.eviware.soapui.impl.wsdl.WsdlRequest@request-headers">&lt;xml-fragment/></con:setting></con:settings><con:endpoint>http://a.com</con:endpoint><con:request/><con:credentials><con:selectedAuthProfile>No Authorization</con:selectedAuthProfile><con:authType>No Authorization</con:authType></con:credentials><con:jmsConfig JMSDeliveryMode="PERSISTENT"/><con:parameters/><con:parameterOrder><con:entry>key</con:entry><con:entry>authorization</con:entry></con:parameterOrder></con:request></con:method></con:resource></con:interface><con:testSuite id="ca639372-be4f-473d-a8d1-21cab27af5b2" name="TestSuite 1"><con:settings/><con:savedRecentRuns>1</con:savedRecentRuns><con:runType>SEQUENTIAL</con:runType><con:testCase id="aeb2b9df-25ce-4e2a-983e-e939f404b75d" discardOkResults="true" failOnError="true" failTestCaseOnErrors="true" keepSession="false" name="TestCase 1" searchProperties="true" timeout="0"><con:settings/><con:savedRecentRuns>1</con:savedRecentRuns><con:testStep type="groovy" name="TokenSetup" id="d5160818-a925-4948-9f7f-ba0c50de97c5"><con:settings/><con:config><script>// *** ADDED DECEMBER 26 -- TRYING SECURITY TOKEN ***  
// *** JANUARY 3 -- ADDING READING URL (HOSTNAME) FROM FILE ***

def groovyUtils = new com.eviware.soapui.support.GroovyUtils( context ); 

String projectPath = groovyUtils.projectPath //gets the path of the project root
String fileNameToken = projectPath + "\\tokenGenerated.txt"
String fileNameURL = projectPath + "\\platformServiceHostName.txt"

readDataFromFile(fileNameToken, log, testRunner)
readDataFromFile(fileNameURL, log, testRunner)

// read in each line of token pair file and send to SetupTestSuiteVariables method for creating token pair file.
static boolean readDataFromFile(fileName, log, testRunner)
{
	try
	{
		new File(fileName).eachLine 
		{ 
			line ->	
			//log.info line
			setupTestSuiteVariables(line ,log, testRunner)
		}
	}
	catch (all)
	{
		log.info "    File read failed in readDataFromFile method."
		return false
	}
	return true
}

// put token into test suite property if line contains one of the tokens.
static void setupTestSuiteVariables(inputLine, log, testRunner)
{
	def strArray = []
	strArray = inputLine.split("=")
	
	// log.info strArray[1]
	
	if (inputLine.contains("Token"))
	{  
		testRunner.testCase.setPropertyValue("Token",strArray[1])
		log.info "  Token: " + testRunner.testCase.getPropertyValue("Token")		
	
	} else if (inputLine.contains("URL"))
	{
		testRunner.testCase.setPropertyValue("URL",strArray[1])
		log.info "  Hostname URL: " + testRunner.testCase.getPropertyValue("URL")	
	}
	
}
</script></con:config></con:testStep><con:testStep type="restrequest" name="PostAppRouteRules" id="9e80d5d0-a4d3-439a-985d-70d1c3a9b599"><con:settings/><con:config service="PostRouteRule" resourcePath="/platformservice/api/v1/routingrules" methodName="PostAppRouteRule" xsi:type="con:RestRequestStep" xmlns:xsi="http://www.w3.org/2001/XMLSchema-instance"><con:restRequest name="PostAppRouteRules" id="49d35372-1fb9-4060-a5e1-c82d4e935ce9" mediaType="application/json" postQueryString="false"><con:settings><con:setting id="com.eviware.soapui.impl.wsdl.WsdlRequest@request-headers">&lt;xml-fragment/></con:setting></con:settings><con:endpoint>${#TestCase#URL}</con:endpoint><con:request>{
  "allow": "ALLOW",
  "applicationKey": "DEP_AUTO",
  "enabled": true,
  "location": "/aa/bb",
  "locationType": "PREFIX",
  "proxyPass": "http://a.com",
  "scope": "APP",
  "statusCode": 333
}</con:request><con:originalUri>http://dc1testrmapp03.prod.tangoe.com/platformservice/api/v1/routingrules</con:originalUri><con:credentials><con:selectedAuthProfile>Inherit From Parent</con:selectedAuthProfile><con:authType>No Authorization</con:authType></con:credentials><con:jmsConfig JMSDeliveryMode="PERSISTENT"/><con:parameters>
  <con:entry key="authorization" value="Bearer ${#TestCase#Token}"/>
  <con:entry key="includeInheritingRulesCount" value="true"/>
  <con:entry key="includeParentRule" value="true"/>
</con:parameters><con:parameterOrder><con:entry>authorization</con:entry><con:entry>includeApplication</con:entry><con:entry>includeDeployment</con:entry><con:entry>includeParentRule</con:entry><con:entry>includeInheritingRulesCount</con:entry></con:parameterOrder></con:restRequest></con:config></con:testStep><con:testStep type="restrequest" name="DeleteRouteRuleByKey" id="23ce1dd4-e495-405f-a376-0636e9c88390"><con:settings/><con:config service="DeleteRoutingRuleByKey" resourcePath="/platformservice/api/v1/routingrules/{key}" methodName="DeleteAppRouteByKey" xsi:type="con:RestRequestStep" xmlns:xsi="http://www.w3.org/2001/XMLSchema-instance"><con:restRequest name="DeleteRouteRuleByKey" id="7328fc81-db92-43e3-ba47-a032ea4638f0" mediaType="application/json" postQueryString="false"><con:settings><con:setting id="com.eviware.soapui.impl.wsdl.WsdlRequest@request-headers">&lt;xml-fragment/></con:setting></con:settings><con:endpoint>${#TestCase#URL}</con:endpoint><con:request/><con:originalUri>http://a.com/platformservice/api/v1/routingrules/A%3ASELEN_APP%3A01438089664</con:originalUri><con:credentials><con:selectedAuthProfile>Inherit From Parent</con:selectedAuthProfile><con:authType>No Authorization</con:authType></con:credentials><con:jmsConfig JMSDeliveryMode="PERSISTENT"/><con:parameters>
  <con:entry key="authorization" value="Bearer ${#TestCase#Token}"/>
  <con:entry key="key" value="A:DEP_AUTO:01438089664"/>
</con:parameters><con:parameterOrder><con:entry>key</con:entry><con:entry>deleteInheritingRules</con:entry><con:entry>authorization</con:entry></con:parameterOrder></con:restRequest></con:config></con:testStep><con:testStep type="restrequest" name="PutAppRouteRules" id="0ffb2336-6310-41bb-a053-0fea77a22558"><con:settings/><con:config service="PutAppRouteRule" resourcePath="/platformservice/api/v1/routingrules/{key}" methodName="PutAppRouteRule" xsi:type="con:RestRequestStep" xmlns:xsi="http://www.w3.org/2001/XMLSchema-instance"><con:restRequest name="PutAppRouteRules" id="8fce93fa-ef92-44c1-b25a-401b35b79ccc" mediaType="application/json" postQueryString="false"><con:settings><con:setting id="com.eviware.soapui.impl.wsdl.WsdlRequest@request-headers">&lt;xml-fragment/></con:setting></con:settings><con:endpoint>${#TestCase#URL}</con:endpoint><con:request>{
  "allow": "ALLOW",
  "applicationKey": "SELEN_APP",
  "enabled": false,
  "key": "A:SELEN_APP:11373863374",
  "location": "/seleniumpath",
  "locationType": "PREFIX",
  "proxyPass": "http://a.com",
  "scope": "APP",
  "statusCode": 199
}</con:request><con:originalUri>http://dc1testrmapp03.prod.tangoe.com/platformservice/api/v1/routingrules/A%3ASELEN_APP%3A01438089664</con:originalUri><con:credentials><con:selectedAuthProfile>Inherit From Parent</con:selectedAuthProfile><con:authType>No Authorization</con:authType></con:credentials><con:jmsConfig JMSDeliveryMode="PERSISTENT"/><con:parameters>
  <con:entry key="authorization" value="Bearer ${#TestCase#Token}"/>
  <con:entry key="key" value="A:SELEN_APP:11373863374"/>
</con:parameters><con:parameterOrder><con:entry>key</con:entry><con:entry>authorization</con:entry><con:entry>includeApplication</con:entry><con:entry>includeDeployment</con:entry><con:entry>includeParentRule</con:entry><con:entry>includeInheritingRulesCount</con:entry></con:parameterOrder></con:restRequest></con:config></con:testStep><con:testStep type="restrequest" name="GetAppRouteRuleByAppKey" id="2fbaf2d3-ac26-4a69-94eb-6152f5a02676"><con:settings/><con:config service="GetRoutingRulesByAppKey" resourcePath="/platformservice/api/v1/routingrules/application/{key}" methodName="GetRoutingRulesByAppKey" xsi:type="con:RestRequestStep" xmlns:xsi="http://www.w3.org/2001/XMLSchema-instance"><con:restRequest name="GetAppRouteRuleByAppKey" id="8b4f95b6-228e-4d12-bfe3-007d3e139921" mediaType="application/json"><con:settings><con:setting id="com.eviware.soapui.impl.wsdl.WsdlRequest@request-headers">&lt;xml-fragment/></con:setting></con:settings><con:endpoint>${#TestCase#URL}</con:endpoint><con:request/><con:originalUri>http://dc1testrmapp03.prod.tangoe.com/platformservice/api/v1/routingrules/application/33</con:originalUri><con:credentials><con:selectedAuthProfile>Inherit From Parent</con:selectedAuthProfile><con:authType>No Authorization</con:authType></con:credentials><con:jmsConfig JMSDeliveryMode="PERSISTENT"/><con:parameters>
  <con:entry key="authorization" value="Bearer ${#TestCase#Token}"/>
  <con:entry key="includeApplication" value="true"/>
  <con:entry key="key" value="selen_app"/>
  <con:entry key="includeInheritingRulesCount" value="true"/>
</con:parameters><con:parameterOrder><con:entry>authorization</con:entry><con:entry>key</con:entry><con:entry>includeApplication</con:entry><con:entry>includeInheritingRulesCount</con:entry></con:parameterOrder></con:restRequest></con:config></con:testStep><con:testStep type="restrequest" name="GetRoutingRulesByDeployKey" id="0cdf9703-6ebd-4a4b-b7f8-5f46794dcde3"><con:settings/><con:config service="GetRoutingRulesByDeployKey" resourcePath="/platformservice/api/v1/routingrules/deployment/{key}" methodName="GetRoutingRulesByDeployKey" xsi:type="con:RestRequestStep" xmlns:xsi="http://www.w3.org/2001/XMLSchema-instance"><con:restRequest name="GetRoutingRulesByDeployKey" id="365e1823-42e6-412f-b603-e66465af5998" mediaType="application/json"><con:settings><con:setting id="com.eviware.soapui.impl.wsdl.WsdlRequest@request-headers">&lt;xml-fragment/></con:setting></con:settings><con:endpoint>${#TestCase#URL}</con:endpoint><con:request/><con:originalUri>http://dc1testrmapp03.prod.tangoe.com/platformservice/api/v1/routingrules/deployment/key</con:originalUri><con:credentials><con:selectedAuthProfile>Inherit From Parent</con:selectedAuthProfile><con:authType>No Authorization</con:authType></con:credentials><con:jmsConfig JMSDeliveryMode="PERSISTENT"/><con:parameters>
  <con:entry key="authorization" value=" Bearer ${#TestCase#Token}"/>
  <con:entry key="key" value="SELEN_DEPLOYMENT"/>
</con:parameters><con:parameterOrder><con:entry>key</con:entry><con:entry>authorization</con:entry></con:parameterOrder></con:restRequest></con:config></con:testStep><con:testStep type="restrequest" name="GetAllRoutingRulesByRouteKey" id="f1599d9f-be5e-4263-9ce9-a69a899213a7"><con:settings/><con:config service="GetAllRoutingRulesByRouteKey" resourcePath="/platformservice/api/v1/routingrules/route/{routeKey}" methodName="GetRoutingRulesByRouteKey" xsi:type="con:RestRequestStep" xmlns:xsi="http://www.w3.org/2001/XMLSchema-instance"><con:restRequest name="GetAllRoutingRulesByRouteKey" id="39885fe1-9fb0-4f3a-a8ad-c3a607a1d603" mediaType="application/json"><con:settings><con:setting id="com.eviware.soapui.impl.wsdl.WsdlRequest@request-headers">&lt;xml-fragment/></con:setting></con:settings><con:endpoint>${#TestCase#URL}</con:endpoint><con:request/><con:originalUri>http://dc1testrmapp03.prod.tangoe.com/platformservice/api/v1/route/APR%3ARVM%3A11677184712</con:originalUri><con:credentials><con:selectedAuthProfile>Inherit From Parent</con:selectedAuthProfile><con:authType>No Authorization</con:authType></con:credentials><con:jmsConfig JMSDeliveryMode="PERSISTENT"/><con:parameters>
  <con:entry key="authorization" value="Bearer ${#TestCase#Token}"/>
  <con:entry key="routeKey" value="BAUTO:DEP_AUTO:0201601599"/>
  <con:entry key="includeApplication" value="true"/>
  <con:entry key="includeDeployment" value="true"/>
</con:parameters><con:parameterOrder><con:entry>routeKey</con:entry><con:entry>authorization</con:entry><con:entry>includeApplication</con:entry><con:entry>includeDeployment</con:entry></con:parameterOrder></con:restRequest></con:config></con:testStep><con:testStep type="restrequest" name="GetRouteRuleByKey" id="eff3a57f-0576-4feb-91bc-4b8301a7edb8"><con:settings/><con:config service="GetRouteRuleByKey" resourcePath="/platformservice/api/v1/routingrules/{key}" methodName="GetRouteRuleByKey" xsi:type="con:RestRequestStep" xmlns:xsi="http://www.w3.org/2001/XMLSchema-instance"><con:restRequest name="GetRouteRuleByKey" id="d19b5054-61f0-4c5e-ac86-b54f781d6899" mediaType="application/json"><con:settings><con:setting id="com.eviware.soapui.impl.wsdl.WsdlRequest@request-headers">&lt;xml-fragment/></con:setting></con:settings><con:endpoint>${#TestCase#URL}</con:endpoint><con:request/><con:originalUri>http://dc1testrmapp03.prod.tangoe.com/platformservice/api/v1/routingrules/A%3ADEP_AUTO%3A01438089664</con:originalUri><con:credentials><con:selectedAuthProfile>Inherit From Parent</con:selectedAuthProfile><con:authType>No Authorization</con:authType></con:credentials><con:jmsConfig JMSDeliveryMode="PERSISTENT"/><con:parameters>
  <con:entry key="authorization" value="Bearer ${#TestCase#Token}"/>
  <con:entry key="includeApplication" value="true"/>
  <con:entry key="key" value="D:SELEN_DEPLOYMENT:01438089664"/>
  <con:entry key="includeInheritingRulesCount" value="true"/>
  <con:entry key="includeDeployment" value="true"/>
  <con:entry key="includeParentRule" value="true"/>
</con:parameters><con:parameterOrder><con:entry>key</con:entry><con:entry>authorization</con:entry><con:entry>includeApplication</con:entry><con:entry>includeDeployment</con:entry><con:entry>includeParentRule</con:entry><con:entry>includeInheritingRulesCount</con:entry></con:parameterOrder></con:restRequest></con:config></con:testStep><con:testStep type="restrequest" name="PostDeployRouteRules" id="e927da80-041e-4f35-b8ae-a14d209bcd7e"><con:settings/><con:config service="PostRouteRule" resourcePath="/platformservice/api/v1/routingrules" methodName="PostAppRouteRule" xsi:type="con:RestRequestStep" xmlns:xsi="http://www.w3.org/2001/XMLSchema-instance"><con:restRequest name="PostDeployRouteRules" id="49d35372-1fb9-4060-a5e1-c82d4e935ce9" mediaType="application/json" postQueryString="false"><con:settings><con:setting id="com.eviware.soapui.impl.wsdl.WsdlRequest@request-headers">&lt;xml-fragment/></con:setting></con:settings><con:endpoint>${#TestCase#URL}</con:endpoint><con:request>{
  "allow": "ALLOW",
  "deploymentKey": "BOB_AUTO",
  "applicationKey": "DEP_AUTO",
  "enabled": true,
  "location": "/aa/bb",
  "locationType": "PREFIX",
  "proxyPass": "http://aa.com",
  "scope": "DEPLOYMENT",
  "statusCode": 145
}</con:request><con:originalUri>http://dc1testrmapp03.prod.tangoe.com/platformservice/api/v1/routingrules</con:originalUri><con:credentials><con:selectedAuthProfile>Inherit From Parent</con:selectedAuthProfile><con:authType>No Authorization</con:authType></con:credentials><con:jmsConfig JMSDeliveryMode="PERSISTENT"/><con:parameters>
  <con:entry key="authorization" value="Bearer ${#TestCase#Token}"/>
  <con:entry key="includeInheritingRulesCount" value="true"/>
  <con:entry key="includeParentRule" value="true"/>
</con:parameters><con:parameterOrder><con:entry>authorization</con:entry><con:entry>includeApplication</con:entry><con:entry>includeDeployment</con:entry><con:entry>includeParentRule</con:entry><con:entry>includeInheritingRulesCount</con:entry></con:parameterOrder></con:restRequest></con:config></con:testStep><con:testStep type="restrequest" name="GetAppTokenByKey" id="87fd144b-de0e-421f-b949-d7d763971788"><con:settings/><con:config service="GetApplicationTokenByKey" resourcePath="/platformservice/api/v1/applications/{key}/token" methodName="GetApplicationTokenByKey" xsi:type="con:RestRequestStep" xmlns:xsi="http://www.w3.org/2001/XMLSchema-instance"><con:restRequest name="GetAppTokenByKey" id="6a2a1665-019b-455c-8fdc-265ef79644d6" mediaType="application/json"><con:settings><con:setting id="com.eviware.soapui.impl.wsdl.WsdlRequest@request-headers">&lt;xml-fragment/></con:setting></con:settings><con:endpoint>${#TestCase#URL}</con:endpoint><con:request/><con:originalUri>http://dc1testrmapp03.prod.tangoe.com/platformservice/api/v1/applications/key/token</con:originalUri><con:credentials><con:selectedAuthProfile>Inherit From Parent</con:selectedAuthProfile><con:authType>No Authorization</con:authType></con:credentials><con:jmsConfig JMSDeliveryMode="PERSISTENT"/><con:parameters>
  <con:entry key="authorization" value="Bearer ${#TestCase#Token}"/>
  <con:entry key="createIfMissing" value="false"/>
  <con:entry key="key" value="DEP_AUTO"/>
</con:parameters><con:parameterOrder><con:entry>key</con:entry><con:entry>authorization</con:entry><con:entry>createIfMissing</con:entry></con:parameterOrder></con:restRequest></con:config></con:testStep><con:testStep type="restrequest" name="DeleteAppTokenByKey" id="58dba2c3-628a-479a-b9af-39a3939ebbc2"><con:settings/><con:config service="DeleteApplicationTokenByKey" resourcePath="/platformservice/api/v1/applications/{key}/token" methodName="DeleteApplicationTokenByKey" xsi:type="con:RestRequestStep" xmlns:xsi="http://www.w3.org/2001/XMLSchema-instance"><con:restRequest name="DeleteAppTokenByKey" id="1c30d5ce-54a8-4626-b990-756d0e7cdfe5" mediaType="application/json" postQueryString="false"><con:settings><con:setting id="com.eviware.soapui.impl.wsdl.WsdlRequest@request-headers">&lt;xml-fragment/></con:setting></con:settings><con:endpoint>${#TestCase#URL}</con:endpoint><con:request/><con:originalUri>http://dc1testrmapp03.prod.tangoe.com/platformservice/api/v1/applications/key/token</con:originalUri><con:credentials><con:selectedAuthProfile>Inherit From Parent</con:selectedAuthProfile><con:authType>No Authorization</con:authType></con:credentials><con:jmsConfig JMSDeliveryMode="PERSISTENT"/><con:parameters>
  <con:entry key="authorization" value="Bearer ${#TestCase#Token}"/>
  <con:entry key="key" value="A:DEP_AUTO:0391218566"/>
</con:parameters><con:parameterOrder><con:entry>key</con:entry><con:entry>authorization</con:entry></con:parameterOrder></con:restRequest></con:config></con:testStep><con:testStep type="restrequest" name="PostAppTokenByKey" id="7b23a904-02e9-4cb0-aeaf-6e0138f6dfbb"><con:settings/><con:config service="PostApplicationTokenByKey" resourcePath="/platformservice/api/v1/applications/{key}/token" methodName="PostApplicationTokenByKey" xsi:type="con:RestRequestStep" xmlns:xsi="http://www.w3.org/2001/XMLSchema-instance"><con:restRequest name="PostAppTokenByKey" id="ba90fc50-87a4-4aa4-b24d-283e355f14fb" mediaType="application/json" postQueryString="false"><con:settings><con:setting id="com.eviware.soapui.impl.wsdl.WsdlRequest@request-headers">&lt;xml-fragment/></con:setting></con:settings><con:endpoint>${#TestCase#URL}</con:endpoint><con:request/><con:originalUri>http://dc1testrmapp03.prod.tangoe.com/api/v1/applications/DEP_AUTO/token</con:originalUri><con:credentials><con:selectedAuthProfile>Inherit From Parent</con:selectedAuthProfile><con:authType>No Authorization</con:authType></con:credentials><con:jmsConfig JMSDeliveryMode="PERSISTENT"/><con:parameters>
  <con:entry key="authorization" value="Bearer ${#TestCase#Token}"/>
  <con:entry key="key" value="DEP_AUTO"/>
</con:parameters><con:parameterOrder><con:entry>key</con:entry><con:entry>authorization</con:entry></con:parameterOrder></con:restRequest></con:config></con:testStep><con:properties><con:property><con:name>Token</con:name><con:value>eyJhbGciOiJIUzUxMiJ9.eyJzdWIiOiJhZG1pbiIsImF1dGgiOiJST0xFX0FETUlOLFJPTEVfVVNFUiIsImV4cCI6MTUzMDI4MTI2Mn0.-kMloJ1OXgKUUvqzUqPmeLY3PgSR4WV3Wt3dajtmGlHlyiA21GqZYs6-8QbNVCTN4vJSZfPHs8syag1rD_SgLg</con:value></con:property><con:property><con:name>URL</con:name><con:value>http://dc1testrmapp03.prod.tangoe.com:4070</con:value></con:property></con:properties><con:reportParameters/><con:breakPoints><con:testStepId>d5160818-a925-4948-9f7f-ba0c50de97c5</con:testStepId><con:status>NONE</con:status><con:properties/></con:breakPoints><con:breakPoints><con:testStepId>0cdf9703-6ebd-4a4b-b7f8-5f46794dcde3</con:testStepId><con:status>NONE</con:status><con:properties/></con:breakPoints><con:breakPoints><con:testStepId>23ce1dd4-e495-405f-a376-0636e9c88390</con:testStepId><con:status>NONE</con:status><con:properties/></con:breakPoints></con:testCase><con:properties/><con:reportParameters/></con:testSuite><con:savedRecentRuns>1</con:savedRecentRuns><con:properties/><con:wssContainer/><con:databaseConnectionContainer/><con:oAuth2ProfileContainer/><con:oAuth1ProfileContainer/><con:reporting><con:xmlTemplates/><con:parameters/></con:reporting><con:authRepository/><con:tags/></con:soapui-project>