<?xml version="1.0" encoding="UTF-8"?>
<con:soapui-project id="60952d98-0d77-4a9a-9e5d-c2cc9db05d85" activeEnvironment="Default environment" name="API_OrdersPostApprovalDeactivateATT" lastOpened="2016-07-27T15:10:54.844-03:00" soapui-version="6.0.0" xmlns:con="http://eviware.com/soapui/config"><con:settings/><con:interface xsi:type="con:RestService" id="daf71ef3-b44f-49b5-a43e-02fa05e31de9" wadlVersion="http://wadl.dev.java.net/2009/02" name="https://tngo-qa-mobproc-cmd.cloudhub.io" type="rest" xmlns:xsi="http://www.w3.org/2001/XMLSchema-instance"><con:settings/><con:definitionCache type="TEXT" rootPart=""/><con:endpoints><con:endpoint>https://tngo-qa-mobproc-cmd.cloudhub.io</con:endpoint></con:endpoints><con:resource name="Orders POST" path="/orders" id="d798bd76-35e9-4100-957d-80dc38d96248"><con:settings/><con:parameters><con:parameter><con:name>confirm</con:name><con:value>true</con:value><con:style>QUERY</con:style><con:default>true</con:default><con:path xsi:nil="true"/><con:description xsi:nil="true"/></con:parameter><con:parameter><con:name>X-TNGO-TENANT</con:name><con:value/><con:style>HEADER</con:style><con:default/><con:description xsi:nil="true"/></con:parameter><con:parameter><con:name>Authorization</con:name><con:value/><con:style>HEADER</con:style><con:default/><con:description xsi:nil="true"/></con:parameter><con:parameter><con:name>client_id</con:name><con:value/><con:style>HEADER</con:style><con:default/><con:description xsi:nil="true"/></con:parameter><con:parameter><con:name>client_secret</con:name><con:value/><con:style>HEADER</con:style><con:default/><con:description xsi:nil="true"/></con:parameter><con:parameter><con:name>X-TNGO-CONTEXT-COMPANYEMPLOYEEID</con:name><con:value/><con:style>HEADER</con:style><con:default/><con:description xsi:nil="true"/></con:parameter></con:parameters><con:method name="Orders POST" id="ac9fb5ee-6110-47d2-ad29-284ce91ab3e2" method="POST"><con:settings/><con:parameters/><con:representation type="RESPONSE"><con:mediaType>application/json;charset=UTF-8</con:mediaType><con:status>200</con:status><con:params/><con:element xmlns:ord="https://tngo-qa-mobproc-cmd.cloudhub.io/mobproc/v1.qa/orders">ord:Response</con:element></con:representation><con:representation type="REQUEST"><con:mediaType>application/json</con:mediaType><con:params/></con:representation><con:representation type="RESPONSE"><con:mediaType xsi:nil="true"/><con:status>0</con:status><con:params/><con:element>data</con:element></con:representation><con:representation type="FAULT"><con:mediaType>application/json</con:mediaType><con:status>400 403</con:status><con:params/><con:element xmlns:ord="https://tngo-qa-mobproc-cmd.cloudhub.io/mobproc/v1.qa/orders">ord:Fault</con:element></con:representation><con:representation type="RESPONSE"><con:mediaType xsi:nil="true"/><con:status>0</con:status><con:params/><con:element>data</con:element></con:representation><con:representation type="RESPONSE"><con:mediaType xsi:nil="true"/><con:status>0</con:status><con:params/><con:element>data</con:element></con:representation><con:representation type="RESPONSE"><con:mediaType xsi:nil="true"/><con:status>0</con:status><con:params/><con:element>data</con:element></con:representation><con:request name="Request 1" id="5843b17b-087a-417f-8284-e2b788989e9a" mediaType="application/json" postQueryString="false"><con:settings><con:setting id="com.eviware.soapui.impl.wsdl.WsdlRequest@request-headers">&lt;xml-fragment/></con:setting></con:settings><con:endpoint>None</con:endpoint><con:request/><con:credentials><con:selectedAuthProfile>No Authorization</con:selectedAuthProfile><con:authType>No Authorization</con:authType></con:credentials><con:jmsConfig JMSDeliveryMode="PERSISTENT"/><con:parameters><entry key="confirm" value="" xmlns="http://eviware.com/soapui/config"/></con:parameters><con:parameterOrder><con:entry>X-TNGO-TENANT</con:entry><con:entry>X-TNGO-CONTEXT-COMPANYEMPLOYEEID</con:entry><con:entry>Authorization</con:entry><con:entry>client_id</con:entry><con:entry>client_secret</con:entry><con:entry>confirm</con:entry></con:parameterOrder></con:request></con:method></con:resource></con:interface><con:interface xsi:type="con:RestService" id="7bfb7f8f-0dcf-4900-b989-8c42a4684532" wadlVersion="http://wadl.dev.java.net/2009/02" name="https://tngo-qa-mobproc-cmd.cloudhub.io" type="rest" xmlns:xsi="http://www.w3.org/2001/XMLSchema-instance"><con:settings/><con:definitionCache type="TEXT" rootPart=""/><con:endpoints><con:endpoint>https://tngo-qa-mobproc-cmd.cloudhub.io</con:endpoint></con:endpoints><con:resource name="Orders GET" path="/orders" id="1ee385f6-fa5d-4433-80e7-c79529f966de"><con:settings/><con:parameters><con:parameter><con:name>sortAscending</con:name><con:value>true</con:value><con:style>QUERY</con:style><con:default>true</con:default><con:path xsi:nil="true"/><con:description xsi:nil="true"/></con:parameter><con:parameter><con:name>offset</con:name><con:value>0</con:value><con:style>QUERY</con:style><con:default>0</con:default><con:path xsi:nil="true"/><con:description xsi:nil="true"/></con:parameter><con:parameter><con:name>limit</con:name><con:value>10</con:value><con:style>QUERY</con:style><con:default>10</con:default><con:path xsi:nil="true"/><con:description xsi:nil="true"/></con:parameter><con:parameter><con:name>X-TNGO-TENANT</con:name><con:value/><con:style>HEADER</con:style><con:default/><con:description xsi:nil="true"/></con:parameter><con:parameter><con:name>Authorization</con:name><con:value/><con:style>HEADER</con:style><con:default/><con:description xsi:nil="true"/></con:parameter><con:parameter><con:name>client_id</con:name><con:value/><con:style>HEADER</con:style><con:default/><con:description xsi:nil="true"/></con:parameter><con:parameter><con:name>client_secret</con:name><con:value/><con:style>HEADER</con:style><con:default/><con:description xsi:nil="true"/></con:parameter><con:parameter><con:name>accountHolderCompanyEmployeeId</con:name><con:value/><con:style>QUERY</con:style><con:default/><con:description xsi:nil="true"/></con:parameter><con:parameter><con:name>sortBy</con:name><con:value/><con:style>QUERY</con:style><con:default/><con:description xsi:nil="true"/></con:parameter></con:parameters><con:method name="Orders GET" id="d0995b52-94d8-4faf-aeb2-817b87575d08" method="GET"><con:settings/><con:parameters/><con:representation type="RESPONSE"><con:mediaType>application/json;charset=UTF-8</con:mediaType><con:status>200</con:status><con:params/><con:element xmlns:ord="https://tngo-qa-mobproc-cmd.cloudhub.io/mobproc/v1.qa/orders">ord:Response</con:element></con:representation><con:representation type="FAULT"><con:mediaType>application/json</con:mediaType><con:status>400 403</con:status><con:params/><con:element xmlns:ord="https://tngo-qa-mobproc-cmd.cloudhub.io/mobproc/v1.qa/orders">ord:Fault</con:element></con:representation><con:representation type="RESPONSE"><con:mediaType xsi:nil="true"/><con:status>0</con:status><con:params/><con:element>data</con:element></con:representation><con:representation type="RESPONSE"><con:mediaType xsi:nil="true"/><con:status>0</con:status><con:params/><con:element>data</con:element></con:representation><con:representation type="RESPONSE"><con:mediaType xsi:nil="true"/><con:status>0</con:status><con:params/><con:element>data</con:element></con:representation><con:request name="Request 1" id="2094221c-fca1-421d-bdec-eef4b5eb1300" mediaType="application/json"><con:settings><con:setting id="com.eviware.soapui.impl.wsdl.WsdlRequest@request-headers">&lt;xml-fragment/></con:setting></con:settings><con:endpoint>None</con:endpoint><con:request/><con:credentials><con:selectedAuthProfile>No Authorization</con:selectedAuthProfile><con:authType>No Authorization</con:authType></con:credentials><con:jmsConfig JMSDeliveryMode="PERSISTENT"/><con:parameters>
  <con:entry key="sortAscending" value=""/>
  <con:entry key="offset" value=""/>
  <con:entry key="limit" value=""/>
</con:parameters><con:parameterOrder><con:entry>X-TNGO-TENANT</con:entry><con:entry>Authorization</con:entry><con:entry>client_id</con:entry><con:entry>client_secret</con:entry><con:entry>sortAscending</con:entry><con:entry>offset</con:entry><con:entry>limit</con:entry><con:entry>accountHolderCompanyEmployeeId</con:entry><con:entry>sortBy</con:entry></con:parameterOrder></con:request></con:method></con:resource></con:interface><con:interface xsi:type="con:RestService" id="63101166-8189-4d33-8f55-19c2fc94a9c0" wadlVersion="http://wadl.dev.java.net/2009/02" name="https://tngo-qa-mobproc-cmd.cloudhub.io" type="rest" xmlns:xsi="http://www.w3.org/2001/XMLSchema-instance"><con:settings/><con:definitionCache type="TEXT" rootPart=""/><con:endpoints><con:endpoint>https://tngo-qa-mobproc-cmd.cloudhub.io</con:endpoint></con:endpoints><con:resource name="Approval" path="/orders/{id}/approval" id="a303d47e-b3dc-4be1-af5a-f25ad730d6f9"><con:settings/><con:parameters><con:parameter><con:name>id</con:name><con:value/><con:style>TEMPLATE</con:style><con:default/></con:parameter><con:parameter required="false"><con:name>X-TNGO-TENANT</con:name><con:value/><con:style>HEADER</con:style><con:default/><con:description xsi:nil="true"/></con:parameter><con:parameter><con:name>Authorization</con:name><con:value/><con:style>HEADER</con:style><con:default/><con:description xsi:nil="true"/></con:parameter><con:parameter><con:name>client_id</con:name><con:value/><con:style>HEADER</con:style><con:default/><con:description xsi:nil="true"/></con:parameter><con:parameter><con:name>client_secret</con:name><con:value/><con:style>HEADER</con:style><con:default/><con:description xsi:nil="true"/></con:parameter><con:parameter><con:name>X-TNGO-CONTEXT-COMPANYEMPLOYEEID</con:name><con:value/><con:style>HEADER</con:style><con:default/><con:description xsi:nil="true"/></con:parameter><con:parameter><con:name>X-TNGO-CONTEXT-EMPLOYEEID</con:name><con:style>HEADER</con:style></con:parameter></con:parameters><con:method name="Approval" id="efd16189-9b83-4dd7-8ef0-38dbd43b85b6" method="POST"><con:settings/><con:parameters/><con:representation type="FAULT"><con:mediaType>application/json</con:mediaType><con:status>403 400</con:status><con:params/></con:representation><con:representation type="REQUEST"><con:mediaType>application/json</con:mediaType><con:params/></con:representation><con:representation type="RESPONSE"><con:mediaType>application/json;charset=UTF-8</con:mediaType><con:status>200</con:status><con:params/><con:element xmlns:app="https://tngo-qa-mobproc-cmd.cloudhub.io/mobproc/v1.qa/orders/8713420/approval">app:Response</con:element></con:representation><con:representation type="RESPONSE"><con:mediaType xsi:nil="true"/><con:status>0</con:status><con:params/><con:element>data</con:element></con:representation><con:representation type="RESPONSE"><con:mediaType xsi:nil="true"/><con:status>0</con:status><con:params/><con:element>data</con:element></con:representation><con:representation type="RESPONSE"><con:mediaType xsi:nil="true"/><con:status>0</con:status><con:params/><con:element>data</con:element></con:representation><con:representation type="RESPONSE"><con:mediaType xsi:nil="true"/><con:status>0</con:status><con:params/><con:element>data</con:element></con:representation><con:representation type="RESPONSE"><con:mediaType xsi:nil="true"/><con:status>0</con:status><con:params/><con:element>data</con:element></con:representation><con:representation type="RESPONSE"><con:mediaType xsi:nil="true"/><con:status>0</con:status><con:params/><con:element>data</con:element></con:representation><con:request name="Request 1" id="6b47a4aa-eb75-4799-ae51-c83273afec2b" mediaType="application/json" postQueryString="false"><con:settings><con:setting id="com.eviware.soapui.impl.wsdl.WsdlRequest@request-headers">&lt;xml-fragment/></con:setting></con:settings><con:endpoint>None</con:endpoint><con:request/><con:credentials><con:selectedAuthProfile>No Authorization</con:selectedAuthProfile><con:authType>No Authorization</con:authType></con:credentials><con:jmsConfig JMSDeliveryMode="PERSISTENT"/><con:parameters><entry key="id" value="" xmlns="http://eviware.com/soapui/config"/></con:parameters><con:parameterOrder><con:entry>X-TNGO-CONTEXT-COMPANYEMPLOYEEID</con:entry><con:entry>X-TNGO-CONTEXT-EMPLOYEEID</con:entry><con:entry>X-TNGO-TENANT</con:entry><con:entry>Authorization</con:entry><con:entry>client_id</con:entry><con:entry>client_secret</con:entry><con:entry>id</con:entry></con:parameterOrder></con:request></con:method></con:resource></con:interface><con:interface xsi:type="con:RestService" id="69a65c53-dae1-4d5d-90da-e73a6eccce2f" wadlVersion="http://wadl.dev.java.net/2009/02" name="https://tngo-qa-mobproc-cmd.cloudhub.io" type="rest" xmlns:xsi="http://www.w3.org/2001/XMLSchema-instance"><con:settings/><con:definitionCache type="TEXT" rootPart=""/><con:endpoints><con:endpoint>https://tngo-qa-mobproc-cmd.cloudhub.io</con:endpoint></con:endpoints><con:resource name="OrdersId" path="/orders/{id}" id="15b2cd62-9ddc-4cdf-9593-5428a80ec489"><con:settings/><con:parameters><con:parameter><con:name>id</con:name><con:value>id</con:value><con:style>TEMPLATE</con:style><con:default>id</con:default><con:path xsi:nil="true"/><con:description xsi:nil="true"/></con:parameter><con:parameter><con:name>X-TNGO-TENANT</con:name><con:value/><con:style>HEADER</con:style><con:default/><con:description xsi:nil="true"/></con:parameter><con:parameter><con:name>Authorization</con:name><con:value/><con:style>HEADER</con:style><con:default/><con:description xsi:nil="true"/></con:parameter><con:parameter><con:name>client_id</con:name><con:value/><con:style>HEADER</con:style><con:default/><con:description xsi:nil="true"/></con:parameter><con:parameter><con:name>client_secret</con:name><con:value/><con:style>HEADER</con:style><con:default/><con:description xsi:nil="true"/></con:parameter><con:parameter><con:name>includeApprovers</con:name><con:value/><con:style>QUERY</con:style><con:default/><con:description xsi:nil="true"/></con:parameter></con:parameters><con:method name="OrdersId" id="77aeefe7-666c-449e-9793-f7a3d9f7e801" method="GET"><con:settings/><con:parameters/><con:representation type="RESPONSE"><con:mediaType>application/json;charset=UTF-8</con:mediaType><con:status>200</con:status><con:params/><con:element xmlns:ns="https://tngo-qa-mobproc-cmd.cloudhub.io/mobproc/v1.qa/orders/8713420">ns:Response</con:element></con:representation><con:representation type="FAULT"><con:mediaType>application/json</con:mediaType><con:status>400</con:status><con:params/><con:element xmlns:ns="https://tngo-qa-mobproc-cmd.cloudhub.io/mobproc/v1.qa/orders/8713420">ns:Fault</con:element></con:representation><con:request name="Request 1" id="94f64760-f734-4529-85b9-9eb3f589b4c2" mediaType="application/json"><con:settings><con:setting id="com.eviware.soapui.impl.wsdl.WsdlRequest@request-headers">&lt;xml-fragment/></con:setting></con:settings><con:endpoint>None</con:endpoint><con:request/><con:credentials><con:selectedAuthProfile>No Authorization</con:selectedAuthProfile><con:authType>No Authorization</con:authType></con:credentials><con:jmsConfig JMSDeliveryMode="PERSISTENT"/><con:parameters><entry key="id" value="" xmlns="http://eviware.com/soapui/config"/></con:parameters><con:parameterOrder><con:entry>X-TNGO-TENANT</con:entry><con:entry>Authorization</con:entry><con:entry>client_id</con:entry><con:entry>client_secret</con:entry><con:entry>includeApprovers</con:entry><con:entry>id</con:entry></con:parameterOrder></con:request></con:method></con:resource></con:interface><con:testSuite id="5292c07a-9039-43a4-a7c9-624b519ed16a" name="TS_ATT_OrdersApprovalForDeactivate"><con:settings/><con:runType>SEQUENTIAL</con:runType><con:testCase id="63f726cd-0498-4d87-b903-48ebb73c4899" discardOkResults="true" failOnError="true" failTestCaseOnErrors="true" keepSession="false" name="TC_CreateDeactivateATTOrders_RunFirst" searchProperties="true" timeout="0" wsrmEnabled="false" wsrmVersion="1.0" wsrmAckTo="" amfAuthorisation="false" amfEndpoint="" amfLogin="" amfPassword=""><con:description>This test case needs to be run before running "TC_OrdersApproval" to make sure that there are 3 orders in "Awaiting Approval" state. 

It creates 3 "Deactivate" orders for a Sprint device that will be in "Awaiting Approval" state, and will be used on the next test case.</con:description><con:settings/><con:testStep type="groovy" name="SetupPropertiesOrderPostDeactivate" id="2c4e9807-55ab-4156-be44-83f9f4650fbb"><con:settings/><con:config><script>// /////////////////////////////////////////////
// This sets up all of the test case properties
// /////////////////////////////////////////////

def groovyUtils = new com.eviware.soapui.support.GroovyUtils( context ); 
def projectPath = groovyUtils.projectPath //gets the path of the project root

// this is sanity check with a simple call. all this does is verify a simple connection 
// to the external clases by logging a message in log window.
soapUIScripts.CommonMethods.StaticMethod(log) 

// setup test case properties stored in 'DudleyDorightDataActions' class.
soapUIScripts.DudleyDorightDataActions.SetupTestCaseProperties(log, testRunner) 

// read in token pair and put in test case properties.
// NOTE: token pair must be in same folder as project
//       token pair must be up to date (not expired)
assert(soapUIScripts.CommonMethods.ReadTokenPair(projectPath + "\\" + "TokenPair.txt", log, testRunner) == true)

/* Reads user Ids and assigns to test case properties. */

def UrlIdsFileName = projectPath + "\\" + "DudleyDoright.txt"
assert soapUIScripts.CommonMethods.ReadUserIdsURL(UrlIdsFileName, log, testRunner) == true

def userIdsFileName = projectPath + "\\" + "AnaUserData.txt"
assert soapUIScripts.CommonMethods.ReadUserIds(userIdsFileName, log, testRunner) == true

def serviceIdRequest = testRunner.testCase.getPropertyValue("ServiceId4")
def serviceNumberRequest = testRunner.testCase.getPropertyValue("ServiceNumber4")
def companyEmployeeIdRequest = testRunner.testCase.getPropertyValue("CompanyEmployeeId")

testRunner.testCase.setPropertyValue("offset", "0")
testRunner.testCase.setPropertyValue("limit", "50")

testRunner.testCase.setPropertyValue("ServiceIdRequest", "\"" + serviceIdRequest + "\"")
testRunner.testCase.setPropertyValue("ServiceNumberRequest", "\"" + serviceNumberRequest + "\"")
testRunner.testCase.setPropertyValue("CompanyEmployeeIdRequest", "\"" + companyEmployeeIdRequest + "\"")

// Generate a new External Order Number
String externalOrderNumber = soapUIScripts.CommonMethods.GenerateExternalOrderNumber()
testRunner.testCase.setPropertyValue( "ExternalOrderNumber", "\"" + externalOrderNumber + "\"")









</script></con:config></con:testStep><con:testStep type="restrequest" name="OrderPostDeactivateFirstOrder" id="acf41e38-59fe-4f43-9335-a348b4746579"><con:settings/><con:config service="https://tngo-qa-mobproc-cmd.cloudhub.io" resourcePath="/orders" methodName="Orders POST" xsi:type="con:RestRequestStep" xmlns:xsi="http://www.w3.org/2001/XMLSchema-instance"><con:restRequest name="OrderPostDeactivateFirstOrder" id="8be3e6a2-ac32-472e-9d69-5355ccb2f82f" mediaType="application/json" postQueryString="false"><con:settings><con:setting id="com.eviware.soapui.impl.wsdl.WsdlRequest@request-headers">&lt;xml-fragment/></con:setting></con:settings><con:endpoint>${#TestCase#URL}</con:endpoint><con:request>{
  "orderRequest": {
    "externalOrderNumber": ${#TestCase#ExternalOrderNumber},
    "transactionType": "DEACTIVATE",
    "serviceId": ${#TestCase#ServiceIdRequest},
    "accountHolderCompanyEmployeeId": ${#TestCase#CompanyEmployeeIdRequest},
    "properties": [
      {
        "groupId": "MISCELLANEOUS",
        "fields": [
          {
            "id": "CONTACT_NUMBER",
            "type": "TEXT",
            "text": "2038599360"
          },
          {
            "id": "ADDITIONAL_INSTRUCTIONS",
            "type": "TEXT",
            "text": "Test"
          },
          {
            "id": "PREFERRED_DEACTIVATION_DATE",
            "type": "DATE",
            "date": "2099-10-28T00:00:00+00:00"
          },
          {
            "id": "SERVICE_NUMBER",
            "type": "TEXT",
            "text": ${#TestCase#ServiceNumberRequest}
          },
          {
            "id": "Reason",
            "type": "CHOICE",
            "choice": {
                "id": "1"
           }
          }
        ]
      }
    ]
  }
}
</con:request><con:originalUri>https://tngo-qa-mobproc-cmd.cloudhub.io/mobproc/v1.qa/orders</con:originalUri><con:assertion type="Valid HTTP Status Codes" id="bd93eb54-9e6c-46d9-8aaa-8f8059d5b338" name="Valid HTTP Status Codes"><con:settings/><con:configuration><codes>200</codes></con:configuration></con:assertion><con:assertion type="Simple Contains" id="d76a683d-30d0-4828-8ad4-dcdb5a6c36e5" name="Contains External Order Number"><con:configuration><token>${#TestCase#ExternalOrderNumber}</token><ignoreCase>false</ignoreCase><useRegEx>false</useRegEx></con:configuration></con:assertion><con:credentials><con:selectedAuthProfile>No Authorization</con:selectedAuthProfile><con:authType>No Authorization</con:authType></con:credentials><con:jmsConfig JMSDeliveryMode="PERSISTENT"/><con:parameters>
  <con:entry key="confirm" value="false"/>
  <con:entry key="Authorization" value="Bearer ${#TestCase#AccessToken}"/>
  <con:entry key="X-TNGO-CONTEXT-COMPANYEMPLOYEEID" value="${#TestCase#CompanyEmployeeId}"/>
  <con:entry key="X-TNGO-TENANT" value="${#TestCase#Tenant}"/>
  <con:entry key="client_secret" value="${#TestCase#client_secret}"/>
  <con:entry key="client_id" value="${#TestCase#client_Id}"/>
</con:parameters><con:parameterOrder><con:entry>X-TNGO-TENANT</con:entry><con:entry>X-TNGO-CONTEXT-COMPANYEMPLOYEEID</con:entry><con:entry>Authorization</con:entry><con:entry>client_id</con:entry><con:entry>client_secret</con:entry><con:entry>confirm</con:entry></con:parameterOrder></con:restRequest></con:config></con:testStep><con:testStep type="groovy" name="GenerateSecondExternalOrderNumber" id="df8d64f0-eaf9-4a55-ace1-89deb936d52e"><con:settings/><con:config><script>// Generates a new External Order Number, in order to submit a New Activation order

String externalOrderNumber = soapUIScripts.CommonMethods.GenerateExternalOrderNumber()
testRunner.testCase.setPropertyValue( "ExternalOrderNumber", "\"" + externalOrderNumber + "\"")

</script></con:config></con:testStep><con:testStep type="restrequest" name="OrderPostDeactivateSecondOrder" id="80e60d22-1dad-4c31-8a18-c6a2b1d4d6df"><con:settings/><con:config service="https://tngo-qa-mobproc-cmd.cloudhub.io" resourcePath="/orders" methodName="Orders POST" xsi:type="con:RestRequestStep" xmlns:xsi="http://www.w3.org/2001/XMLSchema-instance"><con:restRequest name="OrderPostDeactivateSecondOrder" id="8be3e6a2-ac32-472e-9d69-5355ccb2f82f" mediaType="application/json" postQueryString="false"><con:settings><con:setting id="com.eviware.soapui.impl.wsdl.WsdlRequest@request-headers">&lt;xml-fragment/></con:setting></con:settings><con:endpoint>${#TestCase#URL}</con:endpoint><con:request>{
  "orderRequest": {
    "externalOrderNumber": ${#TestCase#ExternalOrderNumber},
    "transactionType": "DEACTIVATE",
    "serviceId": ${#TestCase#ServiceIdRequest},
    "accountHolderCompanyEmployeeId": ${#TestCase#CompanyEmployeeIdRequest},
    "properties": [
      {
        "groupId": "MISCELLANEOUS",
        "fields": [
          {
            "id": "CONTACT_NUMBER",
            "type": "TEXT",
            "text": "2038599360"
          },
          {
            "id": "ADDITIONAL_INSTRUCTIONS",
            "type": "TEXT",
            "text": "Test"
          },
          {
            "id": "PREFERRED_DEACTIVATION_DATE",
            "type": "DATE",
            "date": "2099-10-28T00:00:00+00:00"
          },
          {
            "id": "SERVICE_NUMBER",
            "type": "TEXT",
            "text": ${#TestCase#ServiceNumberRequest}
          },
          {
            "id": "Reason",
            "type": "CHOICE",
            "choice": {
                "id": "1"
           }
          }
        ]
      }
    ]
  }
}
</con:request><con:originalUri>https://tngo-qa-mobproc-cmd.cloudhub.io/mobproc/v1.qa/orders</con:originalUri><con:assertion type="Valid HTTP Status Codes" id="bd93eb54-9e6c-46d9-8aaa-8f8059d5b338" name="Valid HTTP Status Codes"><con:settings/><con:configuration><codes>200</codes></con:configuration></con:assertion><con:assertion type="Simple Contains" id="d76a683d-30d0-4828-8ad4-dcdb5a6c36e5" name="Contains External Order Number"><con:configuration><token>${#TestCase#ExternalOrderNumber}</token><ignoreCase>false</ignoreCase><useRegEx>false</useRegEx></con:configuration></con:assertion><con:credentials><con:selectedAuthProfile>No Authorization</con:selectedAuthProfile><con:authType>No Authorization</con:authType></con:credentials><con:jmsConfig JMSDeliveryMode="PERSISTENT"/><con:parameters>
  <con:entry key="confirm" value="false"/>
  <con:entry key="Authorization" value="Bearer ${#TestCase#AccessToken}"/>
  <con:entry key="X-TNGO-CONTEXT-COMPANYEMPLOYEEID" value="${#TestCase#CompanyEmployeeId}"/>
  <con:entry key="X-TNGO-TENANT" value="${#TestCase#Tenant}"/>
  <con:entry key="client_secret" value="${#TestCase#client_secret}"/>
  <con:entry key="client_id" value="${#TestCase#client_Id}"/>
</con:parameters><con:parameterOrder><con:entry>X-TNGO-TENANT</con:entry><con:entry>X-TNGO-CONTEXT-COMPANYEMPLOYEEID</con:entry><con:entry>Authorization</con:entry><con:entry>client_id</con:entry><con:entry>client_secret</con:entry><con:entry>confirm</con:entry></con:parameterOrder></con:restRequest></con:config></con:testStep><con:properties><con:property><con:name>Tenant</con:name><con:value>XX1</con:value></con:property><con:property><con:name>limit</con:name><con:value>50</con:value></con:property><con:property><con:name>offset</con:name><con:value>0</con:value></con:property><con:property><con:name>AccessToken</con:name><con:value>S0lEbgN571Wd1tqt-l4wGah3LPZLsvw4JLNOGgRKkEEG0CGCUaW6Dy4aGCVnw596wtnPD-uUYGf69nFGsD1uUw</con:value></con:property><con:property><con:name>RefreshToken</con:name><con:value>URk8AR87e8pycRrEabGV6HRUy31pbbPA472mYX1lbq2zJOlaBHYAiDEWxs_aKb1F0r46uGiutg6AtYUTlJeBHw</con:value></con:property><con:property><con:name>DepartmentId</con:name><con:value>11569020385</con:value></con:property><con:property><con:name>LogoUrl</con:name><con:value>https://qa1cmd.tangoe.com/</con:value></con:property><con:property><con:name>companyEmployeeId</con:name><con:value>ana.pace.xx1</con:value></con:property><con:property><con:name>ExternalOrderNumber</con:name><con:value>"QAOrderNumber1469643065545"</con:value></con:property><con:property><con:name>ServiceId</con:name><con:value>38457027</con:value></con:property><con:property><con:name>EmployeeId</con:name><con:value>28680025</con:value></con:property><con:property><con:name>RegionIdRequest</con:name><con:value>70144640</con:value></con:property><con:property><con:name>DeviceId</con:name><con:value>35434539</con:value></con:property><con:property><con:name>RegionId</con:name><con:value>"70144640"</con:value></con:property><con:property><con:name>PlanId</con:name><con:value>"8673790035"</con:value></con:property><con:property><con:name>Instructions</con:name><con:value>"Additional Instructions"</con:value></con:property><con:property><con:name>extOrderNumber</con:name><con:value>QAOrderNumber1461331079539</con:value></con:property><con:property><con:name>cmpEmployeeId</con:name><con:value>ana.pace.xx1</con:value></con:property><con:property><con:name>DeviceIdRequest</con:name><con:value>9194831760</con:value></con:property><con:property><con:name>accessoryId</con:name><con:value>"3628935899"</con:value></con:property><con:property><con:name>VendorIdRequest</con:name><con:value>98</con:value></con:property><con:property><con:name>PlanIdRequest</con:name><con:value>8673790035</con:value></con:property><con:property><con:name>featureId</con:name><con:value>"101284"</con:value></con:property><con:property><con:name>ConfirmState</con:name><con:value/></con:property><con:property><con:name>FirstName</con:name><con:value>AnaLaura</con:value></con:property><con:property><con:name>LastName</con:name><con:value>Pace</con:value></con:property><con:property><con:name>Id</con:name><con:value>28680004</con:value></con:property><con:property><con:name>DepartmentName</con:name><con:value>Development</con:value></con:property><con:property><con:name>AdminFirstName</con:name><con:value>SN 2</con:value></con:property><con:property><con:name>AdminLastName</con:name><con:value>Admin</con:value></con:property><con:property><con:name>AdminId</con:name><con:value>28680024</con:value></con:property><con:property><con:name>AdminCompanyEmployeeId</con:name><con:value>sn2.admin.xx1</con:value></con:property><con:property><con:name>AdminDepartmentName</con:name><con:value>Unknown</con:value></con:property><con:property><con:name>AdminDepartmentId</con:name><con:value>48068836</con:value></con:property><con:property><con:name>client_id</con:name><con:value>3c276cecdc674aabb5456f54b605bbbf</con:value></con:property><con:property><con:name>client_secret</con:name><con:value>c513c4a67492405d95CE4DB4B40B73FF</con:value></con:property><con:property><con:name>URL</con:name><con:value>https://tngo-qa-mobproc-cmd.cloudhub.io/mobproc/v1.qa</con:value></con:property><con:property><con:name>OfficePhone</con:name><con:value>123-555-4567</con:value></con:property><con:property><con:name>Email</con:name><con:value>analaura@example.com</con:value></con:property><con:property><con:name>ServiceNumber</con:name><con:value>7775551234</con:value></con:property><con:property><con:name>DeviceId2</con:name><con:value>35433839</con:value></con:property><con:property><con:name>ServiceId2</con:name><con:value>38457047</con:value></con:property><con:property><con:name>ServiceNumber2</con:name><con:value>7774567890</con:value></con:property><con:property><con:name>DeviceId3</con:name><con:value>35434179</con:value></con:property><con:property><con:name>ServiceId3</con:name><con:value>38457327</con:value></con:property><con:property><con:name>ServiceNumber3</con:name><con:value>7894561230</con:value></con:property><con:property><con:name>DeviceId4</con:name><con:value>35434679</con:value></con:property><con:property><con:name>ServiceId4</con:name><con:value>38457207</con:value></con:property><con:property><con:name>ServiceNumber4</con:name><con:value>7774561122</con:value></con:property><con:property><con:name>transactionType</con:name><con:value>UPGRADE</con:value></con:property><con:property><con:name>NewDeviceId</con:name><con:value>"11879893646"</con:value></con:property><con:property><con:name>ServiceIdRequest</con:name><con:value>"38457207"</con:value></con:property><con:property><con:name>ServiceNumberRequest</con:name><con:value>"7774561122"</con:value></con:property><con:property><con:name>CompanyEmployeeIdRequest</con:name><con:value>"ana.pace.xx1"</con:value></con:property></con:properties><con:reportParameters/><con:breakPoints><con:testStepId>0ef8d02e-2347-49c3-8906-c5d59149812e</con:testStepId><con:status>NONE</con:status><con:properties/></con:breakPoints><con:breakPoints><con:testStepId>9552bc28-737c-4bd4-911a-6d55147b3932</con:testStepId><con:status>NONE</con:status><con:properties/></con:breakPoints><con:breakPoints><con:testStepId>8e614401-7fab-49b6-ada8-0c2005f95ea6</con:testStepId><con:status>NONE</con:status><con:properties/></con:breakPoints><con:breakPoints><con:testStepId>fc259e2e-303b-4875-985b-f15056d01785</con:testStepId><con:status>NONE</con:status><con:properties/></con:breakPoints><con:breakPoints><con:testStepId>1308aa71-d26a-44c5-ad8f-4ae90c34bbdc</con:testStepId><con:status>NONE</con:status><con:properties/></con:breakPoints><con:breakPoints><con:testStepId>e602ca88-c294-4921-a35e-fb278129b8bb</con:testStepId><con:status>NONE</con:status><con:properties/></con:breakPoints><con:breakPoints><con:testStepId>7c08c5ea-9d71-483a-8674-2666c284a9df</con:testStepId><con:status>NONE</con:status><con:properties/></con:breakPoints><con:breakPoints><con:testStepId>bf0d245a-892a-4adb-9895-65837f0dbc54</con:testStepId><con:status>NONE</con:status><con:properties/></con:breakPoints><con:breakPoints><con:testStepId>89c7453d-a006-4675-bc1d-bf6925bff8ac</con:testStepId><con:status>NONE</con:status><con:properties/></con:breakPoints><con:breakPoints><con:testStepId>d64a51cb-ab3c-4551-ae09-c46229fecfe2</con:testStepId><con:status>NONE</con:status><con:properties/></con:breakPoints><con:breakPoints><con:testStepId>f40030e0-393d-42a8-9b4a-5070b2beea07</con:testStepId><con:status>NONE</con:status><con:properties/></con:breakPoints><con:breakPoints><con:testStepId>f615c786-5b48-4bbd-a341-7b9fc245348b</con:testStepId><con:status>NONE</con:status><con:properties/></con:breakPoints><con:breakPoints><con:testStepId>f52ffe8d-b7f9-46fc-b2f8-e5627c80af1f</con:testStepId><con:status>NONE</con:status><con:properties/></con:breakPoints><con:breakPoints><con:testStepId>08076900-e4d9-4570-8185-66c8c4822c67</con:testStepId><con:status>NONE</con:status><con:properties/></con:breakPoints><con:breakPoints><con:testStepId>55818b87-5277-4a32-9ac4-7c167a156ea4</con:testStepId><con:status>NONE</con:status><con:properties/></con:breakPoints><con:breakPoints><con:testStepId>5e6df28b-c61e-4b5f-b6ee-201e11613cc6</con:testStepId><con:status>NONE</con:status><con:properties/></con:breakPoints><con:breakPoints><con:testStepId>6603f1a2-c49a-4943-841e-d73f947a4816</con:testStepId><con:status>NONE</con:status><con:properties/></con:breakPoints><con:breakPoints><con:testStepId>6456cfa5-47aa-4495-bbea-5dc6896268f6</con:testStepId><con:status>NONE</con:status><con:properties/></con:breakPoints><con:breakPoints><con:testStepId>b82c39ba-fcc3-4f89-8cac-210a36be0124</con:testStepId><con:status>NONE</con:status><con:properties/></con:breakPoints><con:breakPoints><con:testStepId>6eac0417-d5ae-4ed4-a773-75ccc649b878</con:testStepId><con:status>NONE</con:status><con:properties/></con:breakPoints><con:breakPoints><con:testStepId>d220780c-4c10-44d4-8dcf-a37eb2387644</con:testStepId><con:status>NONE</con:status><con:properties/></con:breakPoints><con:breakPoints><con:testStepId>764bea0e-ec76-4204-b494-69f0fe06bb2d</con:testStepId><con:status>NONE</con:status><con:properties/></con:breakPoints><con:breakPoints><con:testStepId>eff2fd8c-0f9e-4fa9-ad21-914859c44aa4</con:testStepId><con:status>NONE</con:status><con:properties/></con:breakPoints><con:breakPoints><con:testStepId>4f1f8da9-9807-4d9b-92e1-cb23034718d9</con:testStepId><con:status>NONE</con:status><con:properties/></con:breakPoints><con:breakPoints><con:testStepId>8aef780c-e18d-4d50-a965-fb01e276012c</con:testStepId><con:status>NONE</con:status><con:properties/></con:breakPoints><con:breakPoints><con:testStepId>8064ada1-b341-4d0a-a1e3-3d983e9314a0</con:testStepId><con:status>NONE</con:status><con:properties/></con:breakPoints><con:breakPoints><con:testStepId>c9002a6a-320b-4853-9ab2-0a4940355713</con:testStepId><con:status>NONE</con:status><con:properties/></con:breakPoints><con:breakPoints><con:testStepId>ec168d0c-737b-45a7-9f55-a7c8885b8675</con:testStepId><con:status>NONE</con:status><con:properties/></con:breakPoints></con:testCase><con:testCase id="68b78f0a-ab5d-4eed-bdf7-279859e86b18" discardOkResults="true" failOnError="true" failTestCaseOnErrors="true" keepSession="false" name="TC_ApproveDeactivateATT_Orders" searchProperties="true"><con:description>
In this test case we search for "Deactivate" orders that have status = "AWAITING_APPROVAL".

One of those orders will be APPROVED, and another one will be REJECTED.</con:description><con:settings/><con:testStep type="groovy" name="SetupPropertiesOrderApproval" id="bf72c3d0-91f1-442e-9dc2-709c545b2c28"><con:settings/><con:config><script>// /////////////////////////////////////////////
// This sets up all of the test case properties
// /////////////////////////////////////////////

def groovyUtils = new com.eviware.soapui.support.GroovyUtils( context ); 
def projectPath = groovyUtils.projectPath //gets the path of the project root

// this is sanity check with a simple call. all this does is verify a simple connection 
// to the external clases by logging a message in log window.
soapUIScripts.CommonMethods.StaticMethod(log) 

// setup test case properties stored in 'DudleyDorightDataActions' class.
soapUIScripts.DudleyDorightDataActions.SetupTestCaseProperties(log, testRunner) 

// read in token pair and put in test case properties.
// NOTE: token pair must be in same folder as project
//       token pair must be up to date (not expired)
assert(soapUIScripts.CommonMethods.ReadTokenPair(projectPath + "\\" + "TokenPair.txt", log, testRunner) == true)

/* Reads user Ids and assigns to test case properties. */

def UrlIdsFileName = projectPath + "\\" + "DudleyDoright.txt"
assert soapUIScripts.CommonMethods.ReadUserIdsURL(UrlIdsFileName, log, testRunner) == true

def userIdsFileName = projectPath + "\\" + "AnaUserData.txt"
assert soapUIScripts.CommonMethods.ReadUserIds(userIdsFileName, log, testRunner) == true


context.Offset = 0

// Set up offset and limit for requests
testRunner.testCase.setPropertyValue("offset", context.Offset.toString())
testRunner.testCase.setPropertyValue("limit", "10")


// Set up variables 

def action = "APPROVE"
def reason = "Testing order approval"


// Add quotes to variables that will be used on the order/{id}/approval request's body.
testRunner.testCase.setPropertyValue("action", "\"" + action + "\"")
testRunner.testCase.setPropertyValue("reason", "\"" + reason + "\"")


context.NumberLoops = 0


</script></con:config></con:testStep><con:testStep type="delay" name="Delay 3s" id="d31ddb48-be7b-4962-b8f1-d70bc00bec71" disabled="true"><con:settings/><con:config><delay>3000</delay></con:config></con:testStep><con:testStep type="restrequest" name="GetOrders" id="78253a50-90ae-4113-8c92-38d56bcfdf41"><con:settings/><con:config service="https://tngo-qa-mobproc-cmd.cloudhub.io" resourcePath="/orders" methodName="Orders GET" xsi:type="con:RestRequestStep" xmlns:xsi="http://www.w3.org/2001/XMLSchema-instance"><con:restRequest name="GetOrders" id="7d285e61-3e64-41b6-8625-e837e760c5c8" mediaType="application/json"><con:settings><con:setting id="com.eviware.soapui.impl.wsdl.WsdlRequest@request-headers">&lt;xml-fragment/></con:setting></con:settings><con:endpoint>${#TestCase#URL}</con:endpoint><con:request/><con:originalUri>https://tngo-qa-mobproc-cmd.cloudhub.io/mobproc/v1.qa/orders</con:originalUri><con:assertion type="Valid HTTP Status Codes" id="cc7e3202-75ce-4e25-8ff2-e139a723d2fa" name="Valid HTTP Status Codes"><con:settings/><con:configuration><codes>200</codes></con:configuration></con:assertion><con:credentials><con:selectedAuthProfile>No Authorization</con:selectedAuthProfile><con:authType>No Authorization</con:authType></con:credentials><con:jmsConfig JMSDeliveryMode="PERSISTENT"/><con:parameters>
  <con:entry key="Authorization" value="Bearer ${#TestCase#AccessToken}"/>
  <con:entry key="sortAscending" value="false"/>
  <con:entry key="offset" value="${#TestCase#offset}"/>
  <con:entry key="X-TNGO-TENANT" value="${#TestCase#Tenant}"/>
  <con:entry key="limit" value="${#TestCase#limit}"/>
  <con:entry key="sortBy" value="ORDER_ID"/>
  <con:entry key="client_secret" value="${#TestCase#client_secret}"/>
  <con:entry key="accountHolderCompanyEmployeeId" value="${#TestCase#CompanyEmployeeId}"/>
  <con:entry key="client_id" value="${#TestCase#client_Id}"/>
</con:parameters><con:parameterOrder><con:entry>X-TNGO-TENANT</con:entry><con:entry>Authorization</con:entry><con:entry>client_id</con:entry><con:entry>client_secret</con:entry><con:entry>offset</con:entry><con:entry>limit</con:entry><con:entry>accountHolderCompanyEmployeeId</con:entry><con:entry>sortAscending</con:entry><con:entry>sortBy</con:entry></con:parameterOrder></con:restRequest></con:config></con:testStep><con:testStep type="groovy" name="FindDeactivateAwaitingApprovalOrdersAT&amp;T" id="236754b0-0290-4bc0-a721-320c390a54dd"><con:settings/><con:config><script><![CDATA[//////////////////////////////////////////////////////////////////////////////////////////////////////////////////////////////
// In this step the orders that have status = AWAITING_APPROVAL are added to a list, so they are used on the approval request. 
// This step is necessary since the filtering using "status" on /orders GET is not working.
//////////////////////////////////////////////////////////////////////////////////////////////////////////////////////////////

import groovy.json.JsonSlurper 

def groovyUtils = new com.eviware.soapui.support.GroovyUtils(context); 
def projectPath = groovyUtils.projectPath //gets the path of the project root

def testCase = context.testCase; 
def testStep = testCase.getTestStepByName("GetOrders") 

// get response of last test step run.
def response = testStep.testRequest.messageExchange.response.responseContent
def slurper = new JsonSlurper()
def json = slurper.parseText response



context.OrdersList = [] 


int ordersAmount = json.orders.items.size()

def orderStatus = []
orderStatus = json.orders.items.status

def orderTransactionType = []
orderTransactionType = json.orders.items.transactionType

def orderIds = []
orderIds = json.orders.items.orderId

def orderVendors = []
orderVendors = json.orders.items.vendor.name


// Put into a list the order ids for orders that have status = AWAITING_APPROVAL and transaction type = DEACTIVATE
for(int i = 0; i < ordersAmount; i++){
	
	if (orderStatus[i].equals("AWAITING_APPROVAL") && orderTransactionType[i].equals("DEACTIVATE") && orderVendors[i].contains("AT&T")){

		// add new order id to order object list
		context.OrdersList.add(orderIds[i])
		log.info "Awaiting Approval Order id: " + orderIds[i]
		log.info "Order's status: " + orderStatus[i]
		
	}
	
}

context.NumberLoops++
log.info "context.NumberLoops: " + context.NumberLoops

if(context.OrdersList.size() >= 2)
{
	// Set up order ids and statuses into test case properties
	testRunner.testCase.setPropertyValue("OrderId1", context.OrdersList[0])
	testRunner.testCase.setPropertyValue("OrderId2", context.OrdersList[1])
	log.info "OrderId1: " + testRunner.testCase.getPropertyValue("OrderId1")
	log.info "OrderId2: " + testRunner.testCase.getPropertyValue("OrderId2")

}
else
{
	// This condition is to make sure that there's no infinit loop searching for Awaiting Approval orders.
	if(context.NumberLoops <= 3){
		log.info "Not enough Deactivate orders in Awaiting Approval state. - go back to GetOrders" 
		testRunner.gotoStepByName("Delay 3s")
		
	}
	else
	{
		context.Offset = context.Offset + 100
		testRunner.testCase.setPropertyValue("offset", context.Offset.toString())
		testRunner.gotoStepByName("GetOrders")
	}
	
}





]]></script></con:config></con:testStep><con:testStep type="restrequest" name="GetOrderId" id="b4641108-cfc0-49a4-be14-6c900a6211cd"><con:settings/><con:config service="https://tngo-qa-mobproc-cmd.cloudhub.io" resourcePath="/orders/{id}" methodName="OrdersId" xsi:type="con:RestRequestStep" xmlns:xsi="http://www.w3.org/2001/XMLSchema-instance"><con:restRequest name="GetOrderId" id="94f64760-f734-4529-85b9-9eb3f589b4c2" mediaType="application/json"><con:settings><con:setting id="com.eviware.soapui.impl.wsdl.WsdlRequest@request-headers">&lt;xml-fragment/></con:setting></con:settings><con:endpoint>${#TestCase#URL}</con:endpoint><con:request/><con:originalUri>https://tngo-qa-mobproc-cmd.cloudhub.io/mobproc/v1.qa/orders/8716820</con:originalUri><con:assertion type="Valid HTTP Status Codes" id="57d43a82-597d-4a3d-9662-baf5871399cb" name="Valid HTTP Status Codes"><con:settings/><con:configuration><codes>200</codes></con:configuration></con:assertion><con:credentials><con:selectedAuthProfile>No Authorization</con:selectedAuthProfile><con:authType>No Authorization</con:authType></con:credentials><con:jmsConfig JMSDeliveryMode="PERSISTENT"/><con:parameters>
  <con:entry key="Authorization" value="Bearer ${#TestCase#AccessToken}"/>
  <con:entry key="includeApprovers" value="true"/>
  <con:entry key="X-TNGO-TENANT" value="${#TestCase#Tenant}"/>
  <con:entry key="id" value="${#TestCase#OrderId1}"/>
  <con:entry key="client_secret" value="${#TestCase#client_secret}"/>
  <con:entry key="client_id" value="${#TestCase#client_Id}"/>
</con:parameters><con:parameterOrder><con:entry>X-TNGO-TENANT</con:entry><con:entry>Authorization</con:entry><con:entry>client_id</con:entry><con:entry>client_secret</con:entry><con:entry>includeApprovers</con:entry><con:entry>id</con:entry></con:parameterOrder></con:restRequest></con:config></con:testStep><con:testStep type="groovy" name="GetApproverForOrder" id="f59c0385-1060-425d-a9b3-ad5825d52392"><con:settings/><con:config><script>//////////////////////////////////////////////////////////////////////////////////////////////////////////////////////////////
// 
//////////////////////////////////////////////////////////////////////////////////////////////////////////////////////////////

import groovy.json.JsonSlurper 

def groovyUtils = new com.eviware.soapui.support.GroovyUtils(context); 
def projectPath = groovyUtils.projectPath //gets the path of the project root

def testCase = context.testCase; 
def testStep = testCase.getTestStepByName("GetOrderId") 

// get response of last test step run.
def response = testStep.testRequest.messageExchange.response.responseContent
def slurper = new JsonSlurper()
def json = slurper.parseText response


def approverId = json.approval.approvers[0].id

testRunner.testCase.setPropertyValue("ApproverId", approverId)

</script></con:config></con:testStep><con:testStep type="restrequest" name="OrderPostApprove" id="21a94aac-d0b4-426c-8cfb-de9460850980"><con:settings/><con:config service="https://tngo-qa-mobproc-cmd.cloudhub.io" methodName="Approval" resourcePath="/orders/{id}/approval" xsi:type="con:RestRequestStep" xmlns:xsi="http://www.w3.org/2001/XMLSchema-instance"><con:restRequest name="OrderPostApprove" id="9ba1681b-9198-49b8-8784-90d13a82c4b6" mediaType="application/json" postQueryString="false"><con:settings><con:setting id="com.eviware.soapui.impl.wsdl.WsdlRequest@request-headers">&lt;xml-fragment/></con:setting></con:settings><con:encoding>UTF-8</con:encoding><con:endpoint>${#TestCase#URL}</con:endpoint><con:request>{
  "action": ${#TestCase#action},
  "reason": ${#TestCase#reason}
}
</con:request><con:originalUri>https://tngo-qa-mobproc-cmd.cloudhub.io/mobproc/v1.qa/orders/8713420/approval</con:originalUri><con:assertion type="Valid HTTP Status Codes" id="ed9db112-9ddd-4af7-a4e6-de80802f97ff" name="Valid HTTP Status Codes"><con:settings/><con:configuration><codes>200</codes></con:configuration></con:assertion><con:assertion type="Simple Contains" id="94a9f895-0b6f-4d39-98aa-bd21cac6634c" name="Contains &quot;APPROVAL_QUEUED&quot;"><con:configuration><token>APPROVAL_QUEUED</token><ignoreCase>false</ignoreCase><useRegEx>false</useRegEx></con:configuration></con:assertion><con:credentials><con:selectedAuthProfile>No Authorization</con:selectedAuthProfile><con:authType>No Authorization</con:authType></con:credentials><con:jmsConfig JMSDeliveryMode="PERSISTENT"/><con:parameters>
  <con:entry key="Authorization" value="Bearer ${#TestCase#AccessToken}"/>
  <con:entry key="X-TNGO-CONTEXT-EMPLOYEEID" value="${#TestCase#ApproverId}"/>
  <con:entry key="X-TNGO-TENANT" value="${#TestCase#Tenant}"/>
  <con:entry key="client_secret" value="${#TestCase#client_secret}"/>
  <con:entry key="id" value="${#TestCase#OrderId1}"/>
  <con:entry key="client_id" value="${#TestCase#client_Id}"/>
</con:parameters><con:parameterOrder><con:entry>X-TNGO-CONTEXT-COMPANYEMPLOYEEID</con:entry><con:entry>X-TNGO-CONTEXT-EMPLOYEEID</con:entry><con:entry>X-TNGO-TENANT</con:entry><con:entry>Authorization</con:entry><con:entry>client_id</con:entry><con:entry>client_secret</con:entry><con:entry>id</con:entry></con:parameterOrder></con:restRequest></con:config></con:testStep><con:testStep type="groovy" name="SetReasonReject" id="65cc4be5-a671-4566-8b8b-ea9cf79c329c"><con:settings/><con:config><script>
def action = "REJECT"
def reason = "Testing order rejection"

testRunner.testCase.setPropertyValue("action", "\"" + action + "\"")
testRunner.testCase.setPropertyValue("reason", "\"" + reason + "\"")

log.info testRunner.testCase.getPropertyValue("reason")
log.info testRunner.testCase.getPropertyValue("action")


</script></con:config></con:testStep><con:testStep type="restrequest" name="OrderPostReject" id="508fd7d8-6044-475b-94a0-03c61971c7b1"><con:settings/><con:config service="https://tngo-qa-mobproc-cmd.cloudhub.io" methodName="Approval" resourcePath="/orders/{id}/approval" xsi:type="con:RestRequestStep" xmlns:xsi="http://www.w3.org/2001/XMLSchema-instance"><con:restRequest name="OrderPostReject" id="9ba1681b-9198-49b8-8784-90d13a82c4b6" mediaType="application/json" postQueryString="false"><con:settings><con:setting id="com.eviware.soapui.impl.wsdl.WsdlRequest@request-headers">&lt;xml-fragment/></con:setting></con:settings><con:encoding>UTF-8</con:encoding><con:endpoint>${#TestCase#URL}</con:endpoint><con:request>{
  "action": ${#TestCase#action},
  "reason": ${#TestCase#reason}
}
</con:request><con:originalUri>https://tngo-qa-mobproc-cmd.cloudhub.io/mobproc/v1.qa/orders/8713420/approval</con:originalUri><con:assertion type="Valid HTTP Status Codes" id="ed9db112-9ddd-4af7-a4e6-de80802f97ff" name="Valid HTTP Status Codes"><con:settings/><con:configuration><codes>200</codes></con:configuration></con:assertion><con:assertion type="Simple Contains" id="94a9f895-0b6f-4d39-98aa-bd21cac6634c" name="Contains &quot;REJECTION_QUEUED&quot;"><con:configuration><token>REJECTION_QUEUED</token><ignoreCase>false</ignoreCase><useRegEx>false</useRegEx></con:configuration></con:assertion><con:credentials><con:selectedAuthProfile>No Authorization</con:selectedAuthProfile><con:authType>No Authorization</con:authType></con:credentials><con:jmsConfig JMSDeliveryMode="PERSISTENT"/><con:parameters>
  <con:entry key="Authorization" value="Bearer ${#TestCase#AccessToken}"/>
  <con:entry key="X-TNGO-CONTEXT-EMPLOYEEID" value="${#TestCase#ApproverId}"/>
  <con:entry key="X-TNGO-TENANT" value="${#TestCase#Tenant}"/>
  <con:entry key="client_secret" value="${#TestCase#client_secret}"/>
  <con:entry key="id" value="${#TestCase#OrderId2}"/>
  <con:entry key="client_id" value="${#TestCase#client_Id}"/>
</con:parameters><con:parameterOrder><con:entry>X-TNGO-CONTEXT-COMPANYEMPLOYEEID</con:entry><con:entry>X-TNGO-CONTEXT-EMPLOYEEID</con:entry><con:entry>X-TNGO-TENANT</con:entry><con:entry>Authorization</con:entry><con:entry>client_id</con:entry><con:entry>client_secret</con:entry><con:entry>id</con:entry></con:parameterOrder></con:restRequest></con:config></con:testStep><con:testStep type="delay" name="Delay1- 5sec" id="7fe8b395-695c-42ab-9d38-cd79483d0ab8" disabled="true"><con:settings/><con:config><delay>5000</delay></con:config></con:testStep><con:testStep type="restrequest" name="VerifyOrder1InFulfillmentState" id="b8fb252d-7e4d-4374-be38-3a5b0baca26c"><con:settings/><con:config service="https://tngo-qa-mobproc-cmd.cloudhub.io" resourcePath="/orders/{id}" methodName="OrdersId" xsi:type="con:RestRequestStep" xmlns:xsi="http://www.w3.org/2001/XMLSchema-instance"><con:restRequest name="VerifyOrder1InFulfillmentState" id="427a75e7-9a89-465f-8b1a-ae9c90d90053" mediaType="application/json"><con:settings><con:setting id="com.eviware.soapui.impl.wsdl.WsdlRequest@request-headers">&lt;xml-fragment/></con:setting></con:settings><con:endpoint>${#TestCase#URL}</con:endpoint><con:request/><con:originalUri>https://tngo-qa-mobproc-cmd.cloudhub.io/mobproc/v1.qa/orders/8713760</con:originalUri><con:assertion type="Valid HTTP Status Codes" id="66932469-b9e4-459d-8b21-56eaccfd47d2" name="Valid HTTP Status Codes"><con:settings/><con:configuration><codes>200</codes></con:configuration></con:assertion><con:credentials><con:selectedAuthProfile>No Authorization</con:selectedAuthProfile><con:authType>No Authorization</con:authType></con:credentials><con:jmsConfig JMSDeliveryMode="PERSISTENT"/><con:parameters>
  <con:entry key="Authorization" value="Bearer ${#TestCase#AccessToken}"/>
  <con:entry key="includeApprovers" value="false"/>
  <con:entry key="X-TNGO-TENANT" value="${#TestCase#Tenant}"/>
  <con:entry key="id" value="${#TestCase#OrderId1}"/>
  <con:entry key="client_secret" value="${#TestCase#client_secret}"/>
  <con:entry key="client_id" value="${#TestCase#client_Id}"/>
</con:parameters><con:parameterOrder><con:entry>X-TNGO-TENANT</con:entry><con:entry>Authorization</con:entry><con:entry>client_id</con:entry><con:entry>client_secret</con:entry><con:entry>includeApprovers</con:entry><con:entry>id</con:entry></con:parameterOrder></con:restRequest></con:config></con:testStep><con:testStep type="goto" name="Conditional Order1" id="c0f5fcd8-fb21-46d8-a727-c0cb5255c015"><con:settings/><con:config xsi:type="con:GotoStep" xmlns:xsi="http://www.w3.org/2001/XMLSchema-instance"><con:condition><con:name>Condition 1</con:name><con:type>XPATH</con:type><con:expression>declare namespace ns1='https://tngo-qa-mobproc-cmd.cloudhub.io/mobproc/v1.qa/orders/8713760';
//ns1:Response[1]/ns1:orderSegments[1]/ns1:items[1]/ns1:e[1]/ns1:status[1]!="IN_FULFILLMENT"</con:expression><con:targetStep>Delay1- 5sec</con:targetStep></con:condition></con:config></con:testStep><con:testStep type="delay" name="Delay2- 5sec" id="b450973c-dba3-4bcc-ac01-d51b49e8e422" disabled="true"><con:settings/><con:config><delay>5000</delay></con:config></con:testStep><con:testStep type="restrequest" name="VerifyOrder2InApprovalRejectedState" id="5ac5d7e8-f481-4069-bff9-08e3fab4bcd4"><con:settings/><con:config service="https://tngo-qa-mobproc-cmd.cloudhub.io" resourcePath="/orders/{id}" methodName="OrdersId" xsi:type="con:RestRequestStep" xmlns:xsi="http://www.w3.org/2001/XMLSchema-instance"><con:restRequest name="VerifyOrder2InApprovalRejectedState" id="427a75e7-9a89-465f-8b1a-ae9c90d90053" mediaType="application/json"><con:settings><con:setting id="com.eviware.soapui.impl.wsdl.WsdlRequest@request-headers">&lt;xml-fragment/></con:setting></con:settings><con:endpoint>${#TestCase#URL}</con:endpoint><con:request/><con:originalUri>https://tngo-qa-mobproc-cmd.cloudhub.io/mobproc/v1.qa/orders/8713808</con:originalUri><con:assertion type="Valid HTTP Status Codes" id="3fe8cc9d-4075-40b7-bb99-51c77ba2b1c8" name="Valid HTTP Status Codes"><con:settings/><con:configuration><codes>200</codes></con:configuration></con:assertion><con:credentials><con:selectedAuthProfile>No Authorization</con:selectedAuthProfile><con:authType>No Authorization</con:authType></con:credentials><con:jmsConfig JMSDeliveryMode="PERSISTENT"/><con:parameters>
  <con:entry key="Authorization" value="Bearer ${#TestCase#AccessToken}"/>
  <con:entry key="includeApprovers" value="false"/>
  <con:entry key="X-TNGO-TENANT" value="${#TestCase#Tenant}"/>
  <con:entry key="id" value="${#TestCase#OrderId2}"/>
  <con:entry key="client_secret" value="${#TestCase#client_secret}"/>
  <con:entry key="client_id" value="${#TestCase#client_Id}"/>
</con:parameters><con:parameterOrder><con:entry>X-TNGO-TENANT</con:entry><con:entry>Authorization</con:entry><con:entry>client_id</con:entry><con:entry>client_secret</con:entry><con:entry>includeApprovers</con:entry><con:entry>id</con:entry></con:parameterOrder></con:restRequest></con:config></con:testStep><con:testStep type="goto" name="Conditional Order2" id="ab07a385-6a78-4062-ada6-45cc125604df"><con:settings/><con:config xsi:type="con:GotoStep" xmlns:xsi="http://www.w3.org/2001/XMLSchema-instance"><con:condition><con:name>Condition 1</con:name><con:type>XPATH</con:type><con:expression>declare namespace ns1='https://tngo-qa-mobproc-cmd.cloudhub.io/mobproc/v1.qa/orders/8713808';
//ns1:Response[1]/ns1:orderSegments[1]/ns1:items[1]/ns1:e[1]/ns1:status[1]!="APPROVAL_REJECTED"</con:expression><con:targetStep>Delay2- 5sec</con:targetStep></con:condition></con:config></con:testStep><con:properties><con:property><con:name>Tenant</con:name><con:value>XX1</con:value></con:property><con:property><con:name>limit</con:name><con:value>10</con:value></con:property><con:property><con:name>offset</con:name><con:value>0</con:value></con:property><con:property><con:name>companyEmployeeId</con:name><con:value>ana.pace.xx1</con:value></con:property><con:property><con:name>AccessToken</con:name><con:value>S0lEbgN571Wd1tqt-l4wGah3LPZLsvw4JLNOGgRKkEEG0CGCUaW6Dy4aGCVnw596wtnPD-uUYGf69nFGsD1uUw</con:value></con:property><con:property><con:name>RefreshToken</con:name><con:value>URk8AR87e8pycRrEabGV6HRUy31pbbPA472mYX1lbq2zJOlaBHYAiDEWxs_aKb1F0r46uGiutg6AtYUTlJeBHw</con:value></con:property><con:property><con:name>DeviceId</con:name><con:value>35434539</con:value></con:property><con:property><con:name>ServiceId</con:name><con:value>38457027</con:value></con:property><con:property><con:name>EmployeeId</con:name><con:value>28680025</con:value></con:property><con:property><con:name>DepartmentId</con:name><con:value>11569020385</con:value></con:property><con:property><con:name>LogoUrl</con:name><con:value>https://qa1cmd.tangoe.com/</con:value></con:property><con:property><con:name>client_id</con:name><con:value>3c276cecdc674aabb5456f54b605bbbf</con:value></con:property><con:property><con:name>client_secret</con:name><con:value>c513c4a67492405d95CE4DB4B40B73FF</con:value></con:property><con:property><con:name>URL</con:name><con:value>https://tngo-qa-mobproc-cmd.cloudhub.io/mobproc/v1.qa</con:value></con:property><con:property><con:name>FirstName</con:name><con:value>AnaLaura</con:value></con:property><con:property><con:name>LastName</con:name><con:value>Pace</con:value></con:property><con:property><con:name>DepartmentName</con:name><con:value>Development</con:value></con:property><con:property><con:name>OfficePhone</con:name><con:value>123-555-4567</con:value></con:property><con:property><con:name>Email</con:name><con:value>analaura@example.com</con:value></con:property><con:property><con:name>ServiceNumber</con:name><con:value>7775551234</con:value></con:property><con:property><con:name>DeviceId2</con:name><con:value>35433839</con:value></con:property><con:property><con:name>ServiceId2</con:name><con:value>38457047</con:value></con:property><con:property><con:name>ServiceNumber2</con:name><con:value>7774567890</con:value></con:property><con:property><con:name>DeviceId3</con:name><con:value>35434179</con:value></con:property><con:property><con:name>ServiceId3</con:name><con:value>38457327</con:value></con:property><con:property><con:name>ServiceNumber3</con:name><con:value>7894561230</con:value></con:property><con:property><con:name>sortAscending</con:name><con:value>true</con:value></con:property><con:property><con:name>action</con:name><con:value>"REJECT"</con:value></con:property><con:property><con:name>reason</con:name><con:value>"Testing order rejection"</con:value></con:property><con:property><con:name>approverCompanyEmployeeId</con:name><con:value>"sn2.admin.xx1"</con:value></con:property><con:property><con:name>ConditionalOrderId</con:name><con:value>8713782</con:value></con:property><con:property><con:name>OrderId</con:name><con:value>8713664</con:value></con:property><con:property><con:name>approverId</con:name><con:value>28680387</con:value></con:property><con:property><con:name>OrderId2</con:name><con:value>8721904</con:value></con:property><con:property><con:name>OrderId1</con:name><con:value>8721906</con:value></con:property><con:property><con:name>OrderId3</con:name><con:value>8715602</con:value></con:property><con:property><con:name>DeviceId4</con:name><con:value>35434679</con:value></con:property><con:property><con:name>ServiceId4</con:name><con:value>38457207</con:value></con:property><con:property><con:name>ServiceNumber4</con:name><con:value>7774561122</con:value></con:property></con:properties><con:reportParameters/><con:breakPoints><con:testStepId>6b3c43e8-031e-4ac4-94e7-9ffa00c51dc3</con:testStepId><con:status>NONE</con:status><con:properties/></con:breakPoints><con:breakPoints><con:testStepId>edced637-01bd-4d22-a7be-9c3bae4ec01d</con:testStepId><con:status>NONE</con:status><con:properties/></con:breakPoints><con:breakPoints><con:testStepId>67756c2e-4ccf-4474-86ab-1c523770c500</con:testStepId><con:status>ENABLED</con:status><con:properties/></con:breakPoints><con:breakPoints><con:testStepId>584bc5fb-69a0-4cfc-8781-8c3abe12964c</con:testStepId><con:status>NONE</con:status><con:properties/></con:breakPoints><con:breakPoints><con:testStepId>949f1e61-b4a8-4f34-b9a2-c1f6dd2d3bfc</con:testStepId><con:status>NONE</con:status><con:properties/></con:breakPoints><con:breakPoints><con:testStepId>5fcd28c3-e8e3-499d-a5d1-a572c7d4a1a8</con:testStepId><con:status>NONE</con:status><con:properties/></con:breakPoints><con:breakPoints><con:testStepId>966b9adc-e2cf-40f4-8f61-5a43c5bd35e4</con:testStepId><con:status>NONE</con:status><con:properties/></con:breakPoints><con:breakPoints><con:testStepId>435614f8-0766-4756-9490-6fe85fed6396</con:testStepId><con:status>NONE</con:status><con:properties/></con:breakPoints><con:breakPoints><con:testStepId>f8e2e16c-d130-4373-8661-a70a9da07cc6</con:testStepId><con:status>NONE</con:status><con:properties/></con:breakPoints><con:breakPoints><con:testStepId>b8db0743-d36c-4a1b-99bc-60a039e861eb</con:testStepId><con:status>NONE</con:status><con:properties/></con:breakPoints><con:breakPoints><con:testStepId>4bd37d7a-d6ca-43c6-883a-f7be79523b7a</con:testStepId><con:status>NONE</con:status><con:properties/></con:breakPoints><con:breakPoints><con:testStepId>c873c8da-9497-48f9-bb73-43773703d18f</con:testStepId><con:status>NONE</con:status><con:properties/></con:breakPoints><con:breakPoints><con:testStepId>612a143d-62a6-4eef-a2d0-9cbf7c577d6b</con:testStepId><con:status>NONE</con:status><con:properties/></con:breakPoints><con:breakPoints><con:testStepId>a734e621-f902-44c4-9f66-fcbaa6f172b2</con:testStepId><con:status>NONE</con:status><con:properties/></con:breakPoints><con:breakPoints><con:testStepId>c3a68399-3ab9-4834-b1b7-8c2f5372ac69</con:testStepId><con:status>NONE</con:status><con:properties/></con:breakPoints><con:breakPoints><con:testStepId>bf72c3d0-91f1-442e-9dc2-709c545b2c28</con:testStepId><con:status>NONE</con:status><con:properties/></con:breakPoints><con:breakPoints><con:testStepId>78253a50-90ae-4113-8c92-38d56bcfdf41</con:testStepId><con:status>NONE</con:status><con:properties/></con:breakPoints><con:breakPoints><con:testStepId>236754b0-0290-4bc0-a721-320c390a54dd</con:testStepId><con:status>NONE</con:status><con:properties/></con:breakPoints><con:breakPoints><con:testStepId>21a94aac-d0b4-426c-8cfb-de9460850980</con:testStepId><con:status>ENABLED</con:status><con:properties/></con:breakPoints><con:breakPoints><con:testStepId>65cc4be5-a671-4566-8b8b-ea9cf79c329c</con:testStepId><con:status>NONE</con:status><con:properties/></con:breakPoints><con:breakPoints><con:testStepId>508fd7d8-6044-475b-94a0-03c61971c7b1</con:testStepId><con:status>NONE</con:status><con:properties/></con:breakPoints><con:breakPoints><con:testStepId>b8fb252d-7e4d-4374-be38-3a5b0baca26c</con:testStepId><con:status>NONE</con:status><con:properties/></con:breakPoints><con:breakPoints><con:testStepId>5ac5d7e8-f481-4069-bff9-08e3fab4bcd4</con:testStepId><con:status>NONE</con:status><con:properties/></con:breakPoints><con:breakPoints><con:testStepId>d31ddb48-be7b-4962-b8f1-d70bc00bec71</con:testStepId><con:status>NONE</con:status><con:properties/></con:breakPoints><con:breakPoints><con:testStepId>7fe8b395-695c-42ab-9d38-cd79483d0ab8</con:testStepId><con:status>NONE</con:status><con:properties/></con:breakPoints><con:breakPoints><con:testStepId>c0f5fcd8-fb21-46d8-a727-c0cb5255c015</con:testStepId><con:status>NONE</con:status><con:properties/></con:breakPoints><con:breakPoints><con:testStepId>b450973c-dba3-4bcc-ac01-d51b49e8e422</con:testStepId><con:status>NONE</con:status><con:properties/></con:breakPoints><con:breakPoints><con:testStepId>54db3870-c1db-4aa6-b65a-ec306406ccfd</con:testStepId><con:status>NONE</con:status><con:properties/></con:breakPoints><con:breakPoints><con:testStepId>efb115ba-07fb-45bc-99f3-a92cf41ccf82</con:testStepId><con:status>NONE</con:status><con:properties/></con:breakPoints></con:testCase><con:properties/><con:reportParameters/></con:testSuite><con:requirements/><con:properties/><con:wssContainer/><con:databaseConnectionContainer/><con:oAuth2ProfileContainer/><con:reporting><con:xmlTemplates/><con:parameters/></con:reporting><con:authRepository/><con:tags/></con:soapui-project>