<?xml version="1.0" encoding="UTF-8"?>
<con:soapui-project id="e14dabe1-0938-4459-8c11-5f7d9f0b5529" activeEnvironment="Default environment" name="API_OrdersPostApprovalOrdersNotReady" lastOpened="2016-06-03T12:09:52.007-03:00" soapui-version="6.0.0" xmlns:con="http://eviware.com/soapui/config"><con:settings/><con:interface xsi:type="con:RestService" id="b79aae51-732a-4d92-942b-8f7b5e9daae8" wadlVersion="http://wadl.dev.java.net/2009/02" name="https://tngo-dev-mobproc-cmd.cloudhub.io" type="rest" xmlns:xsi="http://www.w3.org/2001/XMLSchema-instance"><con:settings/><con:definitionCache type="TEXT" rootPart=""/><con:endpoints><con:endpoint>https://tngo-dev-mobproc-cmd.cloudhub.io</con:endpoint></con:endpoints><con:resource name="Devices" path="/catalog/devices" id="3d1a247d-3845-48b0-baa8-20f8cf57050c"><con:settings/><con:parameters><con:parameter><con:name>transactionType</con:name><con:value>NEW_ACTIVATION</con:value><con:style>QUERY</con:style><con:default>NEW_ACTIVATION</con:default><con:path xsi:nil="true"/><con:description xsi:nil="true"/></con:parameter><con:parameter><con:name>region</con:name><con:value>70144640</con:value><con:style>QUERY</con:style><con:default>70144640</con:default><con:path xsi:nil="true"/><con:description xsi:nil="true"/></con:parameter><con:parameter><con:name>sortAscending</con:name><con:value>true</con:value><con:style>QUERY</con:style><con:default>true</con:default><con:path xsi:nil="true"/><con:description xsi:nil="true"/></con:parameter><con:parameter><con:name>offset</con:name><con:value>0</con:value><con:style>QUERY</con:style><con:default>0</con:default><con:path xsi:nil="true"/><con:description xsi:nil="true"/></con:parameter><con:parameter><con:name>limit</con:name><con:value>10</con:value><con:style>QUERY</con:style><con:default>10</con:default><con:path xsi:nil="true"/><con:description xsi:nil="true"/></con:parameter><con:parameter><con:name>X-TNGO-TENANT</con:name><con:value/><con:style>HEADER</con:style><con:default/><con:description xsi:nil="true"/></con:parameter><con:parameter><con:name>Authorization</con:name><con:value/><con:style>HEADER</con:style><con:default/><con:description xsi:nil="true"/></con:parameter><con:parameter><con:name>client_id</con:name><con:value/><con:style>HEADER</con:style><con:default/><con:description xsi:nil="true"/></con:parameter><con:parameter><con:name>client_secret</con:name><con:value/><con:style>HEADER</con:style><con:default/><con:description xsi:nil="true"/></con:parameter><con:parameter><con:name>vendor</con:name><con:value/><con:style>QUERY</con:style><con:default/><con:description xsi:nil="true"/></con:parameter></con:parameters><con:method name="Devices" id="7ca5700b-0fdb-40a8-8a11-85229f2bc33d" method="GET"><con:settings/><con:parameters/><con:representation type="RESPONSE"><con:mediaType>application/json;charset=UTF-8</con:mediaType><con:status>200</con:status><con:params/><con:element xmlns:dev="https://tngo-qa-mobproc-cmd.cloudhub.io/mobproc/v1.qa/catalog/devices">dev:Response</con:element></con:representation><con:request name="Request 1" id="22715b08-402f-4c1d-b973-9edfd8601bf1" mediaType="application/json"><con:settings><con:setting id="com.eviware.soapui.impl.wsdl.WsdlRequest@request-headers">&lt;xml-fragment/></con:setting></con:settings><con:endpoint>None</con:endpoint><con:request/><con:credentials><con:selectedAuthProfile>No Authorization</con:selectedAuthProfile><con:authType>No Authorization</con:authType></con:credentials><con:jmsConfig JMSDeliveryMode="PERSISTENT"/><con:parameters>
  <con:entry key="transactionType" value="NEW_ACTIVATION"/>
  <con:entry key="sortAscending" value="true"/>
  <con:entry key="offset" value=""/>
  <con:entry key="limit" value=""/>
  <con:entry key="region" value=""/>
</con:parameters><con:parameterOrder><con:entry>X-TNGO-TENANT</con:entry><con:entry>Authorization</con:entry><con:entry>client_id</con:entry><con:entry>client_secret</con:entry><con:entry>transactionType</con:entry><con:entry>region</con:entry><con:entry>sortAscending</con:entry><con:entry>offset</con:entry><con:entry>limit</con:entry><con:entry>vendor</con:entry></con:parameterOrder></con:request></con:method></con:resource></con:interface><con:interface xsi:type="con:RestService" id="20d7a2e1-534f-4054-b5fc-9f657f6bb75f" wadlVersion="http://wadl.dev.java.net/2009/02" name="https://tngo-qa-mobproc-cmd.cloudhub.io" type="rest" xmlns:xsi="http://www.w3.org/2001/XMLSchema-instance"><con:settings/><con:definitionCache type="TEXT" rootPart=""/><con:endpoints><con:endpoint>https://tngo-qa-mobproc-cmd.cloudhub.io</con:endpoint></con:endpoints><con:resource name="Orders POST" path="/orders" id="67fd6787-b41b-4ae3-84b6-ffb319116606"><con:settings/><con:parameters><con:parameter><con:name>confirm</con:name><con:value>true</con:value><con:style>QUERY</con:style><con:default>true</con:default><con:path xsi:nil="true"/><con:description xsi:nil="true"/></con:parameter><con:parameter><con:name>X-TNGO-TENANT</con:name><con:value/><con:style>HEADER</con:style><con:default/><con:description xsi:nil="true"/></con:parameter><con:parameter><con:name>Authorization</con:name><con:value/><con:style>HEADER</con:style><con:default/><con:description xsi:nil="true"/></con:parameter><con:parameter><con:name>client_id</con:name><con:value/><con:style>HEADER</con:style><con:default/><con:description xsi:nil="true"/></con:parameter><con:parameter><con:name>client_secret</con:name><con:value/><con:style>HEADER</con:style><con:default/><con:description xsi:nil="true"/></con:parameter><con:parameter><con:name>X-TNGO-CONTEXT-COMPANYEMPLOYEEID</con:name><con:value/><con:style>HEADER</con:style><con:default/><con:description xsi:nil="true"/></con:parameter></con:parameters><con:method name="Orders POST" id="e69f6197-54d9-4652-ad36-660ff5239529" method="POST"><con:settings/><con:parameters/><con:representation type="RESPONSE"><con:mediaType>application/json;charset=UTF-8</con:mediaType><con:status>200</con:status><con:params/><con:element xmlns:ord="https://tngo-qa-mobproc-cmd.cloudhub.io/mobproc/v1.qa/orders">ord:Response</con:element></con:representation><con:representation type="REQUEST"><con:mediaType>application/json</con:mediaType><con:params/></con:representation><con:representation type="RESPONSE"><con:mediaType xsi:nil="true"/><con:status>0</con:status><con:params/><con:element>data</con:element></con:representation><con:representation type="FAULT"><con:mediaType>application/json</con:mediaType><con:status>400 403</con:status><con:params/><con:element xmlns:ord="https://tngo-qa-mobproc-cmd.cloudhub.io/mobproc/v1.qa/orders">ord:Fault</con:element></con:representation><con:representation type="RESPONSE"><con:mediaType xsi:nil="true"/><con:status>0</con:status><con:params/><con:element>data</con:element></con:representation><con:representation type="RESPONSE"><con:mediaType xsi:nil="true"/><con:status>0</con:status><con:params/><con:element>data</con:element></con:representation><con:representation type="RESPONSE"><con:mediaType xsi:nil="true"/><con:status>0</con:status><con:params/><con:element>data</con:element></con:representation><con:request name="Request 1" id="881197af-5edb-48fa-a853-571d3e87492c" mediaType="application/json" postQueryString="false"><con:settings><con:setting id="com.eviware.soapui.impl.wsdl.WsdlRequest@request-headers">&lt;xml-fragment/></con:setting></con:settings><con:endpoint>None</con:endpoint><con:request/><con:credentials><con:selectedAuthProfile>No Authorization</con:selectedAuthProfile><con:authType>No Authorization</con:authType></con:credentials><con:jmsConfig JMSDeliveryMode="PERSISTENT"/><con:parameters><entry key="confirm" value="" xmlns="http://eviware.com/soapui/config"/></con:parameters><con:parameterOrder><con:entry>X-TNGO-TENANT</con:entry><con:entry>X-TNGO-CONTEXT-COMPANYEMPLOYEEID</con:entry><con:entry>Authorization</con:entry><con:entry>client_id</con:entry><con:entry>client_secret</con:entry><con:entry>confirm</con:entry></con:parameterOrder></con:request></con:method></con:resource></con:interface><con:interface xsi:type="con:RestService" id="d6f9d90a-3e42-4feb-9a8b-bed42950c521" wadlVersion="http://wadl.dev.java.net/2009/02" name="https://tngo-qa-mobproc-cmd.cloudhub.io" type="rest" xmlns:xsi="http://www.w3.org/2001/XMLSchema-instance"><con:settings/><con:definitionCache type="TEXT" rootPart=""/><con:endpoints><con:endpoint>https://tngo-qa-mobproc-cmd.cloudhub.io</con:endpoint></con:endpoints><con:resource name="Approval" path="/orders/{id}/approval" id="d69c5049-5a7f-4fa1-8084-9218948b6ed7"><con:settings/><con:parameters><con:parameter><con:name>id</con:name><con:value/><con:style>TEMPLATE</con:style><con:default/></con:parameter><con:parameter required="false"><con:name>X-TNGO-TENANT</con:name><con:value/><con:style>HEADER</con:style><con:default/><con:description xsi:nil="true"/></con:parameter><con:parameter><con:name>Authorization</con:name><con:value/><con:style>HEADER</con:style><con:default/><con:description xsi:nil="true"/></con:parameter><con:parameter><con:name>client_id</con:name><con:value/><con:style>HEADER</con:style><con:default/><con:description xsi:nil="true"/></con:parameter><con:parameter><con:name>client_secret</con:name><con:value/><con:style>HEADER</con:style><con:default/><con:description xsi:nil="true"/></con:parameter><con:parameter><con:name>X-TNGO-CONTEXT-COMPANYEMPLOYEEID</con:name><con:value/><con:style>HEADER</con:style><con:default/><con:description xsi:nil="true"/></con:parameter><con:parameter><con:name>X-TNGO-CONTEXT-EMPLOYEEID</con:name><con:style>HEADER</con:style></con:parameter></con:parameters><con:method name="Approval" id="180f1dc5-0c9d-4ece-a705-581f73a78a63" method="POST"><con:settings/><con:parameters/><con:representation type="FAULT"><con:mediaType>application/json</con:mediaType><con:status>403 400</con:status><con:params/></con:representation><con:representation type="REQUEST"><con:mediaType>application/json</con:mediaType><con:params/></con:representation><con:representation type="RESPONSE"><con:mediaType>application/json;charset=UTF-8</con:mediaType><con:status>200</con:status><con:params/><con:element xmlns:app="https://tngo-qa-mobproc-cmd.cloudhub.io/mobproc/v1.qa/orders/8713420/approval">app:Response</con:element></con:representation><con:representation type="RESPONSE"><con:mediaType xsi:nil="true"/><con:status>0</con:status><con:params/><con:element>data</con:element></con:representation><con:representation type="RESPONSE"><con:mediaType xsi:nil="true"/><con:status>0</con:status><con:params/><con:element>data</con:element></con:representation><con:representation type="RESPONSE"><con:mediaType xsi:nil="true"/><con:status>0</con:status><con:params/><con:element>data</con:element></con:representation><con:representation type="RESPONSE"><con:mediaType xsi:nil="true"/><con:status>0</con:status><con:params/><con:element>data</con:element></con:representation><con:representation type="RESPONSE"><con:mediaType xsi:nil="true"/><con:status>0</con:status><con:params/><con:element>data</con:element></con:representation><con:representation type="RESPONSE"><con:mediaType xsi:nil="true"/><con:status>0</con:status><con:params/><con:element>data</con:element></con:representation><con:request name="Request 1" id="1326cfc3-0014-4668-a919-1f0370d05454" mediaType="application/json" postQueryString="false"><con:settings><con:setting id="com.eviware.soapui.impl.wsdl.WsdlRequest@request-headers">&lt;xml-fragment/></con:setting></con:settings><con:endpoint>None</con:endpoint><con:request/><con:credentials><con:selectedAuthProfile>No Authorization</con:selectedAuthProfile><con:authType>No Authorization</con:authType></con:credentials><con:jmsConfig JMSDeliveryMode="PERSISTENT"/><con:parameters><entry key="id" value="" xmlns="http://eviware.com/soapui/config"/></con:parameters><con:parameterOrder><con:entry>X-TNGO-CONTEXT-COMPANYEMPLOYEEID</con:entry><con:entry>X-TNGO-CONTEXT-EMPLOYEEID</con:entry><con:entry>X-TNGO-TENANT</con:entry><con:entry>Authorization</con:entry><con:entry>client_id</con:entry><con:entry>client_secret</con:entry><con:entry>id</con:entry></con:parameterOrder></con:request></con:method></con:resource></con:interface><con:interface xsi:type="con:RestService" id="ae55843e-3d71-4506-a2c6-d90f175dbd6e" wadlVersion="http://wadl.dev.java.net/2009/02" name="https://tngo-dev-mobproc-cmd.cloudhub.io" type="rest" xmlns:xsi="http://www.w3.org/2001/XMLSchema-instance"><con:settings/><con:definitionCache type="TEXT" rootPart=""/><con:endpoints><con:endpoint>https://tngo-dev-mobproc-cmd.cloudhub.io</con:endpoint></con:endpoints><con:resource name="Plans" path="/catalog/plans" id="0eabe041-3263-4a01-85f6-3ba09d7a6566"><con:settings/><con:parameters><con:parameter><con:name>transactionType</con:name><con:value>NEW_ACTIVATION</con:value><con:style>QUERY</con:style><con:default>NEW_ACTIVATION</con:default><con:path xsi:nil="true"/><con:description xsi:nil="true"/></con:parameter><con:parameter><con:name>region</con:name><con:value>70144640</con:value><con:style>QUERY</con:style><con:default>70144640</con:default><con:path xsi:nil="true"/><con:description xsi:nil="true"/></con:parameter><con:parameter><con:name>sortAscending</con:name><con:value>true</con:value><con:style>QUERY</con:style><con:default>true</con:default><con:path xsi:nil="true"/><con:description xsi:nil="true"/></con:parameter><con:parameter><con:name>offset</con:name><con:value>0</con:value><con:style>QUERY</con:style><con:default>0</con:default><con:path xsi:nil="true"/><con:description xsi:nil="true"/></con:parameter><con:parameter><con:name>limit</con:name><con:value>10</con:value><con:style>QUERY</con:style><con:default>10</con:default><con:path xsi:nil="true"/><con:description xsi:nil="true"/></con:parameter><con:parameter><con:name>X-TNGO-TENANT</con:name><con:value/><con:style>HEADER</con:style><con:default/><con:description xsi:nil="true"/></con:parameter><con:parameter><con:name>Authorization</con:name><con:value/><con:style>HEADER</con:style><con:default/><con:description xsi:nil="true"/></con:parameter><con:parameter><con:name>client_id</con:name><con:value/><con:style>HEADER</con:style><con:default/><con:description xsi:nil="true"/></con:parameter><con:parameter><con:name>client_secret</con:name><con:value/><con:style>HEADER</con:style><con:default/><con:description xsi:nil="true"/></con:parameter><con:parameter><con:name>compatibleWithDevice</con:name><con:value/><con:style>QUERY</con:style><con:default/><con:description xsi:nil="true"/></con:parameter></con:parameters><con:method name="Plans" id="7f1331b3-2d8c-4ff1-b54d-847dc7be016c" method="GET"><con:settings/><con:parameters/><con:representation type="RESPONSE"><con:mediaType>application/json;charset=UTF-8</con:mediaType><con:status>200</con:status><con:params/><con:element xmlns:plan="https://tngo-qa-mobproc-cmd.cloudhub.io/mobproc/v1.qa/catalog/plans">plan:Response</con:element></con:representation><con:representation type="RESPONSE"><con:mediaType xsi:nil="true"/><con:status>0</con:status><con:params/><con:element>data</con:element></con:representation><con:request name="Request 1" id="cc81eb0d-8dc8-4e50-8f74-497db1485614" mediaType="application/json"><con:settings><con:setting id="com.eviware.soapui.impl.wsdl.WsdlRequest@request-headers">&lt;xml-fragment/></con:setting></con:settings><con:endpoint>None</con:endpoint><con:request/><con:credentials><con:selectedAuthProfile>No Authorization</con:selectedAuthProfile><con:authType>No Authorization</con:authType></con:credentials><con:jmsConfig JMSDeliveryMode="PERSISTENT"/><con:parameters>
  <con:entry key="transactionType" value="NEW_ACTIVATION"/>
  <con:entry key="sortAscending" value="true"/>
  <con:entry key="offset" value=""/>
  <con:entry key="limit" value=""/>
  <con:entry key="region" value=""/>
</con:parameters><con:parameterOrder><con:entry>X-TNGO-TENANT</con:entry><con:entry>Authorization</con:entry><con:entry>client_id</con:entry><con:entry>client_secret</con:entry><con:entry>transactionType</con:entry><con:entry>region</con:entry><con:entry>sortAscending</con:entry><con:entry>offset</con:entry><con:entry>limit</con:entry><con:entry>compatibleWithDevice</con:entry></con:parameterOrder></con:request></con:method></con:resource></con:interface><con:interface xsi:type="con:RestService" id="d2a6aa2c-a58d-4d85-bc19-802be08b9a75" wadlVersion="http://wadl.dev.java.net/2009/02" name="https://tngo-qa-mobproc-cmd.cloudhub.io" type="rest" xmlns:xsi="http://www.w3.org/2001/XMLSchema-instance"><con:settings/><con:definitionCache type="TEXT" rootPart=""/><con:endpoints><con:endpoint>https://tngo-qa-mobproc-cmd.cloudhub.io</con:endpoint></con:endpoints><con:resource name="Regions" path="/regions" id="0865689e-c721-45c5-ad3c-a1d2812ca600"><con:settings/><con:parameters><con:parameter><con:name>type</con:name><con:value>ALL</con:value><con:style>QUERY</con:style><con:default>ALL</con:default><con:path xsi:nil="true"/><con:description xsi:nil="true"/></con:parameter><con:parameter><con:name>X-TNGO-TENANT</con:name><con:value/><con:style>HEADER</con:style><con:default/><con:description xsi:nil="true"/></con:parameter><con:parameter><con:name>Authorization</con:name><con:value/><con:style>HEADER</con:style><con:default/><con:description xsi:nil="true"/></con:parameter><con:parameter><con:name>client_id</con:name><con:value/><con:style>HEADER</con:style><con:default/><con:description xsi:nil="true"/></con:parameter><con:parameter><con:name>client_secret</con:name><con:value/><con:style>HEADER</con:style><con:default/><con:description xsi:nil="true"/></con:parameter></con:parameters><con:method name="Regions" id="7128a4a3-0348-4da3-a4c7-18d74b2fcfe0" method="GET"><con:settings/><con:parameters/><con:representation type="RESPONSE"><con:mediaType>application/json;charset=UTF-8</con:mediaType><con:status>200</con:status><con:params/><con:element xmlns:reg="https://tngo-qa-mobproc-cmd.cloudhub.io/mobproc/v1.qa/regions">reg:Response</con:element></con:representation><con:request name="Request 1" id="fcd0b4c7-072c-42d8-ae46-dbc87af5f0c2" mediaType="application/json"><con:settings><con:setting id="com.eviware.soapui.impl.wsdl.WsdlRequest@request-headers">&lt;xml-fragment/></con:setting></con:settings><con:endpoint>None</con:endpoint><con:request/><con:credentials><con:selectedAuthProfile>No Authorization</con:selectedAuthProfile><con:authType>No Authorization</con:authType></con:credentials><con:jmsConfig JMSDeliveryMode="PERSISTENT"/><con:parameters><entry key="type" value="ALL" xmlns="http://eviware.com/soapui/config"/></con:parameters><con:parameterOrder><con:entry>X-TNGO-TENANT</con:entry><con:entry>Authorization</con:entry><con:entry>client_id</con:entry><con:entry>client_secret</con:entry><con:entry>type</con:entry></con:parameterOrder></con:request></con:method></con:resource></con:interface><con:testSuite id="ccd05bed-3754-454c-9b9b-b317151fdde9" name="TS_OrdersNotReadyForApproval"><con:settings/><con:runType>SEQUENTIAL</con:runType><con:testCase id="9f88502c-d89f-4a11-a8fe-6b3e9d1b434d" discardOkResults="true" failOnError="true" failTestCaseOnErrors="true" keepSession="false" name="TC_OrdersNotReadyForApproval" searchProperties="true"><con:description>
A new order is created for a Sprint device (it requires approval), it goes to ORDER_SUBMITTED state.

Right after the order is submitted, the Order Approval process is run. If the order is in ORDER_SUBMITTED state, then status gotten in the Approval Order response is NOT_READY_FOR_APPROVAL.</con:description><con:settings/><con:testStep type="groovy" name="SetupPropertiesOrderApproval" id="182cf01c-a543-4ea9-aa1c-6a057fddaf76"><con:settings/><con:config><script>// /////////////////////////////////////////////
// This sets up all of the test case properties
// /////////////////////////////////////////////

def groovyUtils = new com.eviware.soapui.support.GroovyUtils( context ); 
def projectPath = groovyUtils.projectPath //gets the path of the project root

// this is sanity check with a simple call. all this does is verify a simple connection 
// to the external clases by logging a message in log window.
soapUIScripts.CommonMethods.StaticMethod(log) 

// setup test case properties stored in 'DudleyDorightDataActions' class.
soapUIScripts.DudleyDorightDataActions.SetupTestCaseProperties(log, testRunner) 

// read in token pair and put in test case properties.
// NOTE: token pair must be in same folder as project
//       token pair must be up to date (not expired)
assert(soapUIScripts.CommonMethods.ReadTokenPair(projectPath + "\\" + "TokenPair.txt", log, testRunner) == true)

/* Reads user Ids and assigns to test case properties. */
def userIdsFileName = projectPath + "\\" + "DudleyDoright.txt"
assert soapUIScripts.CommonMethods.ReadUserIds(userIdsFileName, log, testRunner) == true

def userIdsFileName2 = projectPath + "\\" + "AnaUserData.txt"
assert soapUIScripts.CommonMethods.ReadUserIds(userIdsFileName2, log, testRunner) == true


// Generate a new External Order Number
String externalOrderNumber = soapUIScripts.CommonMethods.GenerateExternalOrderNumber()
testRunner.testCase.setPropertyValue( "ExternalOrderNumber", "\"" + externalOrderNumber + "\"")


// Set up test case properties
testRunner.testCase.setPropertyValue("offset", "0")
testRunner.testCase.setPropertyValue("limit", "50")
testRunner.testCase.setPropertyValue( "Instructions", "\"Additional Instructions\"")


log.info "External Order Number: " + externalOrderNumber 

context.SprintDeviceId = 0



</script></con:config></con:testStep><con:testStep type="restrequest" name="GetRegions" id="69385538-2b24-48a0-ae43-1b294c5e446f"><con:settings/><con:config service="https://tngo-qa-mobproc-cmd.cloudhub.io" resourcePath="/regions" methodName="Regions" xsi:type="con:RestRequestStep" xmlns:xsi="http://www.w3.org/2001/XMLSchema-instance"><con:restRequest name="GetRegions" id="69d1e6d2-096f-4ad4-94d9-6be8fc549b94" mediaType="application/json"><con:settings><con:setting id="com.eviware.soapui.impl.wsdl.WsdlRequest@request-headers">&lt;xml-fragment/></con:setting></con:settings><con:endpoint>${#TestCase#URL}</con:endpoint><con:request/><con:originalUri>https://tngo-qa-mobproc-cmd.cloudhub.io/mobproc/v1.qa/regions</con:originalUri><con:assertion type="Valid HTTP Status Codes" id="77fce989-1dab-4f32-970d-3e6e36ffa2b6" name="Valid HTTP Status Codes"><con:settings/><con:configuration><codes>200</codes></con:configuration></con:assertion><con:credentials><con:selectedAuthProfile>No Authorization</con:selectedAuthProfile><con:authType>No Authorization</con:authType></con:credentials><con:jmsConfig JMSDeliveryMode="PERSISTENT"/><con:parameters>
  <con:entry key="Authorization" value="Bearer ${#TestCase#AccessToken}"/>
  <con:entry key="X-TNGO-TENANT" value="${#TestCase#Tenant}"/>
  <con:entry key="client_secret" value="${#TestCase#client_secret}"/>
  <con:entry key="type" value="ALL"/>
  <con:entry key="client_id" value="${#TestCase#client_Id}"/>
</con:parameters><con:parameterOrder><con:entry>X-TNGO-TENANT</con:entry><con:entry>Authorization</con:entry><con:entry>client_id</con:entry><con:entry>client_secret</con:entry><con:entry>type</con:entry></con:parameterOrder></con:restRequest></con:config></con:testStep><con:testStep type="groovy" name="ScriptFindRegion" id="b15daa5d-b05f-4658-bf0b-6eeedc066acd"><con:settings/><con:config><script>// /////////////////////////////////////////////////////////////////////////////////////////////////////////////
// This gets the id for united states from the RequestRegions response and puts it into a test case property.
// /////////////////////////////////////////////////////////////////////////////////////////////////////////////

import groovy.json.JsonSlurper 
def groovyUtils = new com.eviware.soapui.support.GroovyUtils( context ); 
def testCase = context.testCase; 
def testStep = testCase.getTestStepByName("GetRegions") 

// get response of last test step run.
def response = testStep.testRequest.messageExchange.response.responseContent
def slurper = new JsonSlurper()
def json = slurper.parseText response

def idList = []
def nameList = []
def typeList = []
boolean foundUS = false
def regionId =  ""


idList = json.regions.id // get list of region Ids
nameList = json.regions.name // get list of country name
typeList = json.regions.type // get list of type


try
{
	assert(idList.size() == nameList.size &amp;&amp; (nameList.size ==  typeList.size()))
}
catch (AssertionError e)
{
	log.info "ERROR: All lists in 'ScriptFindRegion' test step are not the same size."
	throw new RuntimeException("All lists in 'ScriptFindRegion' test step are not the same size.")
}

// we expect to find an ID for united states.
for(x = 0; x &lt; idList.size(); x++)
{
	if(nameList[x] == "United States" &amp;&amp; typeList[x] == "COUNTRY")
	{
		//log.info idList[x]	
		foundUS = true
		regionId = idList[x] 		
	}
}	

if(!foundUS) // if US region ID is not found, raise error.
{
	log.info "ERROR: region Id for 'United States' was not found in 'ScriptFindRegion' test step."
	throw new RuntimeException("region Id for 'United States' was not found in 'ScriptFindRegion' test step.")
}


// set test case property to hold the region id of united states. this variable will be used below.
regionIdInsert = regionId as int

// this regionId is for inserting regionId into the Json post in "PostOrderNewActivation" request.
testRunner.testCase.setPropertyValue( "RegionId", "\"" +  regionIdInsert   +   "\"") 




</script></con:config></con:testStep><con:testStep type="restrequest" name="GetCatalogDevices" id="12a3ffe7-6917-4ccd-81bd-1eed4453e8ae"><con:settings/><con:config service="https://tngo-dev-mobproc-cmd.cloudhub.io" resourcePath="/catalog/devices" methodName="Devices" xsi:type="con:RestRequestStep" xmlns:xsi="http://www.w3.org/2001/XMLSchema-instance"><con:restRequest name="GetCatalogDevices" id="395c34a9-b464-4921-b670-6c445a866e84" mediaType="application/json"><con:settings><con:setting id="com.eviware.soapui.impl.wsdl.WsdlRequest@request-headers">&lt;xml-fragment/></con:setting></con:settings><con:endpoint>${#TestCase#URL}</con:endpoint><con:request/><con:originalUri>https://tngo-qa-mobproc-cmd.cloudhub.io/mobproc/v1.qa/catalog/devices</con:originalUri><con:assertion type="Valid HTTP Status Codes" id="8361a359-f7a5-4833-971d-5c3a8f364cdd" name="Valid HTTP Status Codes"><con:settings/><con:configuration><codes>200</codes></con:configuration></con:assertion><con:credentials><con:selectedAuthProfile>No Authorization</con:selectedAuthProfile><con:authType>No Authorization</con:authType></con:credentials><con:jmsConfig JMSDeliveryMode="PERSISTENT"/><con:parameters>
  <con:entry key="transactionType" value="NEW_ACTIVATION"/>
  <con:entry key="Authorization" value="Bearer ${#TestCase#AccessToken}"/>
  <con:entry key="sortAscending" value="true"/>
  <con:entry key="offset" value="${#TestCase#offset}"/>
  <con:entry key="vendor" value="105"/>
  <con:entry key="X-TNGO-TENANT" value="${#TestCase#Tenant}"/>
  <con:entry key="limit" value="${#TestCase#limit}"/>
  <con:entry key="client_secret" value="${#TestCase#client_secret}"/>
  <con:entry key="region" value="${#TestCase#RegionIdRequest}"/>
  <con:entry key="client_id" value="${#TestCase#client_Id}"/>
</con:parameters><con:parameterOrder><con:entry>X-TNGO-TENANT</con:entry><con:entry>Authorization</con:entry><con:entry>client_id</con:entry><con:entry>client_secret</con:entry><con:entry>transactionType</con:entry><con:entry>region</con:entry><con:entry>sortAscending</con:entry><con:entry>offset</con:entry><con:entry>limit</con:entry><con:entry>vendor</con:entry></con:parameterOrder></con:restRequest></con:config></con:testStep><con:testStep type="groovy" name="GetDeviceIdFromCatalogDevices" id="2d9d4247-502d-40e6-bdbd-46d47b110ef7"><con:settings/><con:config><script>// /////////////////////////////////////////////////////////////////////////////////////////////////////////
// This finds all the Sprint devices in the "RequestCatalogDevices" test step response and then picks a 
// device ID from one of the devices found.
// It also sets up variables from the catalog/devices response. the variables are used in test step 
// "ScriptPostOrderNewActivationResponse"
// /////////////////////////////////////////////////////////////////////////////////////////////////////////

import groovy.json.JsonSlurper 
def groovyUtils = new com.eviware.soapui.support.GroovyUtils( context ); 
def testCase = context.testCase; 
def testStep = testCase.getTestStepByName("GetCatalogDevices") 

// get response of last test step run.
def response = testStep.testRequest.messageExchange.response.responseContent
def slurper = new JsonSlurper()
def json = slurper.parseText response


/* Find device with the specified model. */
int indexToUseInJson = context.SprintDeviceId

// Set up the device id of the selected device from catalog
testRunner.testCase.setPropertyValue("DeviceId", "\"" + json.devices.items.id[indexToUseInJson] + "\"")

log.info "Selected Device Id = " + json.devices.items.id[indexToUseInJson]

context.SprintDeviceId++


</script></con:config></con:testStep><con:testStep type="restrequest" name="GetPlans" id="11d4588c-7b5b-4cea-82d6-7babcaeb72e3"><con:settings/><con:config service="https://tngo-dev-mobproc-cmd.cloudhub.io" resourcePath="/catalog/plans" methodName="Plans" xsi:type="con:RestRequestStep" xmlns:xsi="http://www.w3.org/2001/XMLSchema-instance"><con:restRequest name="GetPlans" id="4725d740-112d-4d1d-abf8-02be3319b636" mediaType="application/json"><con:settings><con:setting id="com.eviware.soapui.impl.wsdl.WsdlRequest@request-headers">&lt;xml-fragment/></con:setting></con:settings><con:endpoint>${#TestCase#URL}</con:endpoint><con:request/><con:originalUri>https://tngo-qa-mobproc-cmd.cloudhub.io/mobproc/v1.qa/catalog/plans</con:originalUri><con:assertion type="Valid HTTP Status Codes" id="2ff08f7c-46c3-4f34-9e2f-fcad2f474373" name="Valid HTTP Status Codes"><con:settings/><con:configuration><codes>200</codes></con:configuration></con:assertion><con:credentials><con:selectedAuthProfile>No Authorization</con:selectedAuthProfile><con:authType>No Authorization</con:authType></con:credentials><con:jmsConfig JMSDeliveryMode="PERSISTENT"/><con:parameters>
  <con:entry key="transactionType" value="NEW_ACTIVATION"/>
  <con:entry key="Authorization" value="Bearer ${#TestCase#AccessToken}"/>
  <con:entry key="sortAscending" value="true"/>
  <con:entry key="offset" value="${#TestCase#offset}"/>
  <con:entry key="X-TNGO-TENANT" value="${#TestCase#Tenant}"/>
  <con:entry key="limit" value="${#TestCase#limit}"/>
  <con:entry key="compatibleWithDevice" value="${#TestCase#DeviceIdRequest}"/>
  <con:entry key="client_secret" value="${#TestCase#client_secret}"/>
  <con:entry key="region" value="${#TestCase#RegionIdRequest}"/>
  <con:entry key="client_id" value="${#TestCase#client_Id}"/>
</con:parameters><con:parameterOrder><con:entry>X-TNGO-TENANT</con:entry><con:entry>Authorization</con:entry><con:entry>client_id</con:entry><con:entry>client_secret</con:entry><con:entry>transactionType</con:entry><con:entry>region</con:entry><con:entry>sortAscending</con:entry><con:entry>offset</con:entry><con:entry>limit</con:entry><con:entry>compatibleWithDevice</con:entry></con:parameterOrder></con:restRequest></con:config></con:testStep><con:testStep type="goto" name="Sprint device has plan associated?" id="4c183f8d-6c3b-47ae-87ed-6bd4ff58403d"><con:settings/><con:config xsi:type="con:GotoStep" xmlns:xsi="http://www.w3.org/2001/XMLSchema-instance"><con:condition><con:name>If device has no plan, pick a new device</con:name><con:type>XPATH</con:type><con:expression>declare namespace ns1='https://tngo-qa-mobproc-cmd.cloudhub.io/mobproc/v1.qa/catalog/plans';
//ns1:Response[1]/ns1:plans[1]/ns1:_meta[1]/ns1:totalCount[1]=0</con:expression><con:targetStep>GetDeviceIdFromCatalogDevices</con:targetStep></con:condition></con:config></con:testStep><con:testStep type="groovy" name="ScriptGetPlanIdFromCatalogPlans" id="8252f89a-a051-405a-b86c-cbf50ff68493"><con:settings/><con:config><script>// /////////////////////////////////////////////////////////////////////////////////////////////////////////
// This finds all the plan.items.vendor.name with "Sprint" in the "RequestCatalogPlans" test step response 
// and then picks a plan ID from one of the devices found.
// /////////////////////////////////////////////////////////////////////////////////////////////////////////

import groovy.json.JsonSlurper 
def groovyUtils = new com.eviware.soapui.support.GroovyUtils( context ); 
def testCase = context.testCase; 
def testStep = testCase.getTestStepByName("GetPlans") 

// get response of last test step run.
def response = testStep.testRequest.messageExchange.response.responseContent
def slurper = new JsonSlurper()
def json = slurper.parseText response


/* Find plan with the specified name. */
int indexToUseInJson = 0

testRunner.testCase.setPropertyValue( "PlanIdRequest", json.plans.items.id[indexToUseInJson])
testRunner.testCase.setPropertyValue( "PlanId", "\"" + json.plans.items.id[indexToUseInJson] + "\"")

log.info "Selected Plan Id: " + json.plans.items.id[indexToUseInJson]
</script></con:config></con:testStep><con:testStep type="restrequest" name="OrderPostNewActivationFirstOrder" id="5ba44677-a211-4f1c-9103-b5ce4d4b7127"><con:settings/><con:config service="https://tngo-qa-mobproc-cmd.cloudhub.io" resourcePath="/orders" methodName="Orders POST" xsi:type="con:RestRequestStep" xmlns:xsi="http://www.w3.org/2001/XMLSchema-instance"><con:restRequest name="OrderPostNewActivationFirstOrder" id="8be3e6a2-ac32-472e-9d69-5355ccb2f82f" mediaType="application/json" postQueryString="false"><con:settings><con:setting id="com.eviware.soapui.impl.wsdl.WsdlRequest@request-headers">&lt;xml-fragment/></con:setting></con:settings><con:endpoint>${#TestCase#URL}</con:endpoint><con:request>{
  "orderRequest": {
    "externalOrderNumber": ${#TestCase#ExternalOrderNumber},
    "transactionType": "NEW_ACTIVATION",
    "regionId": ${#TestCase#RegionId},
    "postalCode": "01803",
    "shoppingCart": {      
      "deviceId": ${#TestCase#DeviceId},
      "planId": ${#TestCase#PlanId}
    },
    "properties": [
      {
        "groupId": "MISCELLANEOUS",
        "fields": [
          {
            "id": "CONTACT_NUMBER",
            "type": "TEXT",
            "text": "123-555-4567"
          },
          {
            "id": "PREFERRED_AREA_CODE",
            "type": "TEXT",
            "text": "203"
          },
          {
      	  "id": "Reason",
            "type": "CHOICE",
            "choice": {
	      	"id": "1"
            }
          }
        ]
      }
    ],
    "shipTo": { 
      "name": "AnaLaura Pace",
      "regionId": "70143764",
      "address": [
        {
          "id": "LINE_1",
          "value": "123 Main"
        },
        {
          "id": "CITY",
          "value": "Mendoza"
        },
        {
          "id": "POSTAL_CODE",
          "value": "938278"
        }
      ],
      "expedite": false
    }
  }
}</con:request><con:originalUri>https://tngo-qa-mobproc-cmd.cloudhub.io/mobproc/v1.qa/orders</con:originalUri><con:assertion type="Valid HTTP Status Codes" id="bd93eb54-9e6c-46d9-8aaa-8f8059d5b338" name="Valid HTTP Status Codes"><con:settings/><con:configuration><codes>200</codes></con:configuration></con:assertion><con:assertion type="Simple Contains" id="d76a683d-30d0-4828-8ad4-dcdb5a6c36e5" name="Contains External Order Number"><con:configuration><token>${#TestCase#ExternalOrderNumber}</token><ignoreCase>false</ignoreCase><useRegEx>false</useRegEx></con:configuration></con:assertion><con:credentials><con:selectedAuthProfile>No Authorization</con:selectedAuthProfile><con:authType>No Authorization</con:authType></con:credentials><con:jmsConfig JMSDeliveryMode="PERSISTENT"/><con:parameters>
  <con:entry key="confirm" value="false"/>
  <con:entry key="Authorization" value="Bearer ${#TestCase#AccessToken}"/>
  <con:entry key="X-TNGO-CONTEXT-COMPANYEMPLOYEEID" value="${#TestCase#CompanyEmployeeId}"/>
  <con:entry key="X-TNGO-TENANT" value="${#TestCase#Tenant}"/>
  <con:entry key="client_secret" value="${#TestCase#client_secret}"/>
  <con:entry key="client_id" value="${#TestCase#client_Id}"/>
</con:parameters><con:parameterOrder><con:entry>X-TNGO-TENANT</con:entry><con:entry>X-TNGO-CONTEXT-COMPANYEMPLOYEEID</con:entry><con:entry>Authorization</con:entry><con:entry>client_id</con:entry><con:entry>client_secret</con:entry><con:entry>confirm</con:entry></con:parameterOrder></con:restRequest></con:config></con:testStep><con:testStep type="groovy" name="SetupReasonApprove" id="90dcf894-2536-4a00-81a8-af89934704b4"><con:settings/><con:config><script>///////////////////////////////////////////////////
// Set up test case properties to APPROVE an order
///////////////////////////////////////////////////

import groovy.json.JsonSlurper 
def groovyUtils = new com.eviware.soapui.support.GroovyUtils( context ); 
def testCase = context.testCase; 
def testStep = testCase.getTestStepByName("OrderPostNewActivationFirstOrder") 

// get response of last test step run.
def response = testStep.testRequest.messageExchange.response.responseContent
def slurper = new JsonSlurper()
def json = slurper.parseText response


def orderId1 = json.order.orderId
def action = "APPROVE"
def reason = "Testing order approval"


// Set up test case properties
testRunner.testCase.setPropertyValue("OrderId1", orderId1)

// Add quotes to variables that will be used on the order/{id}/approval request's body.
testRunner.testCase.setPropertyValue("action", "\"" + action + "\"")
testRunner.testCase.setPropertyValue("reason", "\"" + reason + "\"")





</script></con:config></con:testStep><con:testStep type="restrequest" name="OrderPostApprove" id="8bd95e22-efd4-40fd-98c0-3d3587c712b3"><con:settings/><con:config service="https://tngo-qa-mobproc-cmd.cloudhub.io" methodName="Approval" resourcePath="/orders/{id}/approval" xsi:type="con:RestRequestStep" xmlns:xsi="http://www.w3.org/2001/XMLSchema-instance"><con:restRequest name="OrderPostApprove" id="9ba1681b-9198-49b8-8784-90d13a82c4b6" mediaType="application/json" postQueryString="false"><con:settings><con:setting id="com.eviware.soapui.impl.wsdl.WsdlRequest@request-headers">&lt;xml-fragment/></con:setting></con:settings><con:encoding>UTF-8</con:encoding><con:endpoint>${#TestCase#URL}</con:endpoint><con:request>{
  "action": ${#TestCase#action},
  "reason": ${#TestCase#reason}
}
</con:request><con:originalUri>https://tngo-qa-mobproc-cmd.cloudhub.io/mobproc/v1.qa/orders/8713420/approval</con:originalUri><con:assertion type="Valid HTTP Status Codes" id="ed9db112-9ddd-4af7-a4e6-de80802f97ff" name="Valid HTTP Status Codes"><con:settings/><con:configuration><codes>200</codes></con:configuration></con:assertion><con:assertion type="Simple Contains" id="94a9f895-0b6f-4d39-98aa-bd21cac6634c" name="Contains &quot;NOT_READY_FOR_APPROVAL&quot;"><con:configuration><token>NOT_READY_FOR_APPROVAL</token><ignoreCase>false</ignoreCase><useRegEx>false</useRegEx></con:configuration></con:assertion><con:credentials><con:selectedAuthProfile>No Authorization</con:selectedAuthProfile><con:authType>No Authorization</con:authType></con:credentials><con:jmsConfig JMSDeliveryMode="PERSISTENT"/><con:parameters>
  <con:entry key="Authorization" value="Bearer ${#TestCase#AccessToken}"/>
  <con:entry key="X-TNGO-CONTEXT-COMPANYEMPLOYEEID" value=""/>
  <con:entry key="X-TNGO-TENANT" value="${#TestCase#Tenant}"/>
  <con:entry key="client_secret" value="${#TestCase#client_secret}"/>
  <con:entry key="id" value="${#TestCase#OrderId1}"/>
  <con:entry key="client_id" value="${#TestCase#client_Id}"/>
</con:parameters><con:parameterOrder><con:entry>X-TNGO-CONTEXT-COMPANYEMPLOYEEID</con:entry><con:entry>X-TNGO-TENANT</con:entry><con:entry>Authorization</con:entry><con:entry>client_id</con:entry><con:entry>client_secret</con:entry><con:entry>id</con:entry><con:entry>X-TNGO-CONTEXT-EMPLOYEEID</con:entry></con:parameterOrder></con:restRequest></con:config></con:testStep><con:testStep type="groovy" name="GenerateExternalOrderNumber" id="d1ae856a-0bf7-4937-bad9-2e8a3da11eac"><con:settings/><con:config><script>// Generates a new External Order Number, in order to submit a New Activation order

String externalOrderNumber = soapUIScripts.CommonMethods.GenerateExternalOrderNumber()
testRunner.testCase.setPropertyValue( "ExternalOrderNumber", "\"" + externalOrderNumber + "\"")

</script></con:config></con:testStep><con:testStep type="restrequest" name="OrderPostNewActivationSecondOrder" id="da3e9a92-cb5f-4305-af98-b64c2340f7d2"><con:settings/><con:config service="https://tngo-qa-mobproc-cmd.cloudhub.io" resourcePath="/orders" methodName="Orders POST" xsi:type="con:RestRequestStep" xmlns:xsi="http://www.w3.org/2001/XMLSchema-instance"><con:restRequest name="OrderPostNewActivationSecondOrder" id="8be3e6a2-ac32-472e-9d69-5355ccb2f82f" mediaType="application/json" postQueryString="false"><con:settings><con:setting id="com.eviware.soapui.impl.wsdl.WsdlRequest@request-headers">&lt;xml-fragment/></con:setting></con:settings><con:endpoint>${#TestCase#URL}</con:endpoint><con:request>{
  "orderRequest": {
    "externalOrderNumber": ${#TestCase#ExternalOrderNumber},
    "transactionType": "NEW_ACTIVATION",
    "regionId": ${#TestCase#RegionId},
    "postalCode": "01803",
    "shoppingCart": {      
      "deviceId": ${#TestCase#DeviceId},
      "planId": ${#TestCase#PlanId}
    },
    "properties": [
      {
        "groupId": "MISCELLANEOUS",
        "fields": [
          {
            "id": "CONTACT_NUMBER",
            "type": "TEXT",
            "text": "123-555-4567"
          },
          {
            "id": "PREFERRED_AREA_CODE",
            "type": "TEXT",
            "text": "203"
          },
          {
      	  "id": "Reason",
            "type": "CHOICE",
            "choice": {
	      	"id": "1"
            }
          }
        ]
      }
    ],
    "shipTo": { 
      "name": "AnaLaura Pace",
      "regionId": "70143764",
      "address": [
        {
          "id": "LINE_1",
          "value": "123 Main"
        },
        {
          "id": "CITY",
          "value": "Mendoza"
        },
        {
          "id": "POSTAL_CODE",
          "value": "938278"
        }
      ],
      "expedite": false
    }
  }
}</con:request><con:originalUri>https://tngo-qa-mobproc-cmd.cloudhub.io/mobproc/v1.qa/orders</con:originalUri><con:assertion type="Valid HTTP Status Codes" id="bd93eb54-9e6c-46d9-8aaa-8f8059d5b338" name="Valid HTTP Status Codes"><con:settings/><con:configuration><codes>200</codes></con:configuration></con:assertion><con:assertion type="Simple Contains" id="d76a683d-30d0-4828-8ad4-dcdb5a6c36e5" name="Contains External Order Number"><con:configuration><token>${#TestCase#ExternalOrderNumber}</token><ignoreCase>false</ignoreCase><useRegEx>false</useRegEx></con:configuration></con:assertion><con:credentials><con:selectedAuthProfile>No Authorization</con:selectedAuthProfile><con:authType>No Authorization</con:authType></con:credentials><con:jmsConfig JMSDeliveryMode="PERSISTENT"/><con:parameters>
  <con:entry key="confirm" value="false"/>
  <con:entry key="Authorization" value="Bearer ${#TestCase#AccessToken}"/>
  <con:entry key="X-TNGO-CONTEXT-COMPANYEMPLOYEEID" value="${#TestCase#CompanyEmployeeId}"/>
  <con:entry key="X-TNGO-TENANT" value="${#TestCase#Tenant}"/>
  <con:entry key="client_secret" value="${#TestCase#client_secret}"/>
  <con:entry key="client_id" value="${#TestCase#client_Id}"/>
</con:parameters><con:parameterOrder><con:entry>X-TNGO-TENANT</con:entry><con:entry>X-TNGO-CONTEXT-COMPANYEMPLOYEEID</con:entry><con:entry>Authorization</con:entry><con:entry>client_id</con:entry><con:entry>client_secret</con:entry><con:entry>confirm</con:entry></con:parameterOrder></con:restRequest></con:config></con:testStep><con:testStep type="groovy" name="SetupReasonReject" id="5a3cf14d-3c75-46b0-87d9-085da3d49421"><con:settings/><con:config><script>///////////////////////////////////////////////////
// Set up test case properties to REJECT an order
///////////////////////////////////////////////////

import groovy.json.JsonSlurper 
def groovyUtils = new com.eviware.soapui.support.GroovyUtils( context ); 
def testCase = context.testCase; 
def testStep = testCase.getTestStepByName("OrderPostNewActivationSecondOrder") 

// get response of last test step run.
def response = testStep.testRequest.messageExchange.response.responseContent
def slurper = new JsonSlurper()
def json = slurper.parseText response


def orderId2 = json.order.orderId
def action = "REJECT"
def reason = "Testing order rejection"


// Set up test case properties
testRunner.testCase.setPropertyValue("OrderId2", orderId2)

// Add quotes to variables that will be used on the order/{id}/approval request's body.
testRunner.testCase.setPropertyValue("action", "\"" + action + "\"")
testRunner.testCase.setPropertyValue("reason", "\"" + reason + "\"")</script></con:config></con:testStep><con:testStep type="restrequest" name="OrderPostReject" id="3ca31ca5-89f1-4fe1-9d82-f4d319eb5fd2"><con:settings/><con:config service="https://tngo-qa-mobproc-cmd.cloudhub.io" methodName="Approval" resourcePath="/orders/{id}/approval" xsi:type="con:RestRequestStep" xmlns:xsi="http://www.w3.org/2001/XMLSchema-instance"><con:restRequest name="OrderPostReject" id="9ba1681b-9198-49b8-8784-90d13a82c4b6" mediaType="application/json" postQueryString="false"><con:settings><con:setting id="com.eviware.soapui.impl.wsdl.WsdlRequest@request-headers">&lt;xml-fragment/></con:setting></con:settings><con:encoding>UTF-8</con:encoding><con:endpoint>${#TestCase#URL}</con:endpoint><con:request>{
  "action": ${#TestCase#action},
  "reason": ${#TestCase#reason}
}
</con:request><con:originalUri>https://tngo-qa-mobproc-cmd.cloudhub.io/mobproc/v1.qa/orders/8713420/approval</con:originalUri><con:assertion type="Valid HTTP Status Codes" id="ed9db112-9ddd-4af7-a4e6-de80802f97ff" name="Valid HTTP Status Codes"><con:settings/><con:configuration><codes>200</codes></con:configuration></con:assertion><con:assertion type="Simple Contains" id="94a9f895-0b6f-4d39-98aa-bd21cac6634c" name="Contains &quot;NOT_READY_FOR_APPROVAL&quot;"><con:configuration><token>NOT_READY_FOR_APPROVAL</token><ignoreCase>false</ignoreCase><useRegEx>false</useRegEx></con:configuration></con:assertion><con:credentials><con:selectedAuthProfile>No Authorization</con:selectedAuthProfile><con:authType>No Authorization</con:authType></con:credentials><con:jmsConfig JMSDeliveryMode="PERSISTENT"/><con:parameters>
  <con:entry key="Authorization" value="Bearer ${#TestCase#AccessToken}"/>
  <con:entry key="X-TNGO-CONTEXT-COMPANYEMPLOYEEID" value=""/>
  <con:entry key="X-TNGO-TENANT" value="${#TestCase#Tenant}"/>
  <con:entry key="client_secret" value="${#TestCase#client_secret}"/>
  <con:entry key="id" value="${#TestCase#OrderId2}"/>
  <con:entry key="client_id" value="${#TestCase#client_Id}"/>
</con:parameters><con:parameterOrder><con:entry>X-TNGO-CONTEXT-COMPANYEMPLOYEEID</con:entry><con:entry>X-TNGO-TENANT</con:entry><con:entry>Authorization</con:entry><con:entry>client_id</con:entry><con:entry>client_secret</con:entry><con:entry>id</con:entry><con:entry>X-TNGO-CONTEXT-EMPLOYEEID</con:entry></con:parameterOrder></con:restRequest></con:config></con:testStep><con:properties><con:property><con:name>Tenant</con:name><con:value>XX1</con:value></con:property><con:property><con:name>limit</con:name><con:value>50</con:value></con:property><con:property><con:name>offset</con:name><con:value>0</con:value></con:property><con:property><con:name>companyEmployeeId</con:name><con:value>ana.pace.xx1</con:value></con:property><con:property><con:name>AccessToken</con:name><con:value>aIF7iZcusyIMI35mlNBqQQcHH1TvCp4b_bmiWGtfhss1oRAry2TyRRoFQQUoPLvdrMvBjWEyEUs_3TLM3Us9ag</con:value></con:property><con:property><con:name>RefreshToken</con:name><con:value>gUOS7ZiZ550HL49Pl6usnnrTH4Vcz7QMNEQbg9EHHsEyeYEs-M_miSr4AEtsDbAq3Yiq7XE7KP6u-C1DOqydHw</con:value></con:property><con:property><con:name>DeviceId</con:name><con:value>"9194831760"</con:value></con:property><con:property><con:name>ServiceId</con:name><con:value>38457027</con:value></con:property><con:property><con:name>EmployeeId</con:name><con:value>28680025</con:value></con:property><con:property><con:name>DepartmentId</con:name><con:value>11569020385</con:value></con:property><con:property><con:name>LogoUrl</con:name><con:value>https://qa1cmd.tangoe.com/</con:value></con:property><con:property><con:name>client_id</con:name><con:value>3c276cecdc674aabb5456f54b605bbbf</con:value></con:property><con:property><con:name>client_secret</con:name><con:value>c513c4a67492405d95CE4DB4B40B73FF</con:value></con:property><con:property><con:name>URL</con:name><con:value>https://tngo-qa-mobproc-cmd.cloudhub.io/mobproc/v1.qa</con:value></con:property><con:property><con:name>FirstName</con:name><con:value>AnaLaura</con:value></con:property><con:property><con:name>LastName</con:name><con:value>Pace</con:value></con:property><con:property><con:name>DepartmentName</con:name><con:value>Development</con:value></con:property><con:property><con:name>OfficePhone</con:name><con:value>123-555-4567</con:value></con:property><con:property><con:name>Email</con:name><con:value>analaura@example.com</con:value></con:property><con:property><con:name>ServiceNumber</con:name><con:value>7775551234</con:value></con:property><con:property><con:name>DeviceId2</con:name><con:value>35433839</con:value></con:property><con:property><con:name>ServiceId2</con:name><con:value>38457047</con:value></con:property><con:property><con:name>ServiceNumber2</con:name><con:value>7774567890</con:value></con:property><con:property><con:name>DeviceId3</con:name><con:value>35434039</con:value></con:property><con:property><con:name>ServiceId3</con:name><con:value>38457207</con:value></con:property><con:property><con:name>ServiceNumber3</con:name><con:value>7774561122</con:value></con:property><con:property><con:name>sortAscending</con:name><con:value>true</con:value></con:property><con:property><con:name>action</con:name><con:value>"REJECT"</con:value></con:property><con:property><con:name>reason</con:name><con:value>"Testing order rejection"</con:value></con:property><con:property><con:name>approverCompanyEmployeeId</con:name><con:value>"sn2.admin.xx1"</con:value></con:property><con:property><con:name>ConditionalOrderId</con:name><con:value>8713782</con:value></con:property><con:property><con:name>OrderId</con:name><con:value>8713664</con:value></con:property><con:property><con:name>approverId</con:name><con:value>28680024</con:value></con:property><con:property><con:name>OrderId2</con:name><con:value>8715764</con:value></con:property><con:property><con:name>OrderId1</con:name><con:value>8715762</con:value></con:property><con:property><con:name>ExternalOrderNumber</con:name><con:value>"QAOrderNumber1464896473826"</con:value></con:property><con:property><con:name>Instructions</con:name><con:value>"Additional Instructions"</con:value></con:property><con:property><con:name>RegionId</con:name><con:value>"70144640"</con:value></con:property><con:property><con:name>RegionIdRequest</con:name><con:value>70144640</con:value></con:property><con:property><con:name>DeviceIdRequest</con:name><con:value>9194831760</con:value></con:property><con:property><con:name>PlanIdRequest</con:name><con:value>8673790035</con:value></con:property><con:property><con:name>PlanId</con:name><con:value>"8673790035"</con:value></con:property><con:property><con:name>DeviceId4</con:name><con:value>35434179</con:value></con:property><con:property><con:name>ServiceId4</con:name><con:value>38457327</con:value></con:property><con:property><con:name>ServiceNumber4</con:name><con:value>7894561230</con:value></con:property></con:properties><con:reportParameters/><con:breakPoints><con:testStepId>6b3c43e8-031e-4ac4-94e7-9ffa00c51dc3</con:testStepId><con:status>NONE</con:status><con:properties/></con:breakPoints><con:breakPoints><con:testStepId>edced637-01bd-4d22-a7be-9c3bae4ec01d</con:testStepId><con:status>NONE</con:status><con:properties/></con:breakPoints><con:breakPoints><con:testStepId>67756c2e-4ccf-4474-86ab-1c523770c500</con:testStepId><con:status>ENABLED</con:status><con:properties/></con:breakPoints><con:breakPoints><con:testStepId>584bc5fb-69a0-4cfc-8781-8c3abe12964c</con:testStepId><con:status>NONE</con:status><con:properties/></con:breakPoints><con:breakPoints><con:testStepId>949f1e61-b4a8-4f34-b9a2-c1f6dd2d3bfc</con:testStepId><con:status>NONE</con:status><con:properties/></con:breakPoints><con:breakPoints><con:testStepId>5fcd28c3-e8e3-499d-a5d1-a572c7d4a1a8</con:testStepId><con:status>NONE</con:status><con:properties/></con:breakPoints><con:breakPoints><con:testStepId>966b9adc-e2cf-40f4-8f61-5a43c5bd35e4</con:testStepId><con:status>NONE</con:status><con:properties/></con:breakPoints><con:breakPoints><con:testStepId>435614f8-0766-4756-9490-6fe85fed6396</con:testStepId><con:status>NONE</con:status><con:properties/></con:breakPoints><con:breakPoints><con:testStepId>f8e2e16c-d130-4373-8661-a70a9da07cc6</con:testStepId><con:status>NONE</con:status><con:properties/></con:breakPoints><con:breakPoints><con:testStepId>b8db0743-d36c-4a1b-99bc-60a039e861eb</con:testStepId><con:status>NONE</con:status><con:properties/></con:breakPoints><con:breakPoints><con:testStepId>4bd37d7a-d6ca-43c6-883a-f7be79523b7a</con:testStepId><con:status>NONE</con:status><con:properties/></con:breakPoints><con:breakPoints><con:testStepId>3ca31ca5-89f1-4fe1-9d82-f4d319eb5fd2</con:testStepId><con:status>NONE</con:status><con:properties/></con:breakPoints><con:breakPoints><con:testStepId>5a3cf14d-3c75-46b0-87d9-085da3d49421</con:testStepId><con:status>NONE</con:status><con:properties/></con:breakPoints><con:breakPoints><con:testStepId>8bd95e22-efd4-40fd-98c0-3d3587c712b3</con:testStepId><con:status>NONE</con:status><con:properties/></con:breakPoints><con:breakPoints><con:testStepId>90dcf894-2536-4a00-81a8-af89934704b4</con:testStepId><con:status>NONE</con:status><con:properties/></con:breakPoints><con:breakPoints><con:testStepId>da3e9a92-cb5f-4305-af98-b64c2340f7d2</con:testStepId><con:status>NONE</con:status><con:properties/></con:breakPoints><con:breakPoints><con:testStepId>d1ae856a-0bf7-4937-bad9-2e8a3da11eac</con:testStepId><con:status>NONE</con:status><con:properties/></con:breakPoints><con:breakPoints><con:testStepId>182cf01c-a543-4ea9-aa1c-6a057fddaf76</con:testStepId><con:status>NONE</con:status><con:properties/></con:breakPoints><con:breakPoints><con:testStepId>69385538-2b24-48a0-ae43-1b294c5e446f</con:testStepId><con:status>NONE</con:status><con:properties/></con:breakPoints><con:breakPoints><con:testStepId>b15daa5d-b05f-4658-bf0b-6eeedc066acd</con:testStepId><con:status>NONE</con:status><con:properties/></con:breakPoints><con:breakPoints><con:testStepId>12a3ffe7-6917-4ccd-81bd-1eed4453e8ae</con:testStepId><con:status>NONE</con:status><con:properties/></con:breakPoints><con:breakPoints><con:testStepId>2d9d4247-502d-40e6-bdbd-46d47b110ef7</con:testStepId><con:status>NONE</con:status><con:properties/></con:breakPoints><con:breakPoints><con:testStepId>11d4588c-7b5b-4cea-82d6-7babcaeb72e3</con:testStepId><con:status>NONE</con:status><con:properties/></con:breakPoints><con:breakPoints><con:testStepId>4c183f8d-6c3b-47ae-87ed-6bd4ff58403d</con:testStepId><con:status>NONE</con:status><con:properties/></con:breakPoints><con:breakPoints><con:testStepId>8252f89a-a051-405a-b86c-cbf50ff68493</con:testStepId><con:status>NONE</con:status><con:properties/></con:breakPoints><con:breakPoints><con:testStepId>5ba44677-a211-4f1c-9103-b5ce4d4b7127</con:testStepId><con:status>NONE</con:status><con:properties/></con:breakPoints></con:testCase><con:properties/><con:reportParameters/></con:testSuite><con:properties/><con:wssContainer/><con:databaseConnectionContainer/><con:oAuth2ProfileContainer/><con:reporting><con:xmlTemplates/><con:parameters/></con:reporting><con:authRepository/><con:tags/></con:soapui-project>