<?xml version="1.0" encoding="UTF-8"?>
<con:soapui-project id="06b9b2a2-71d5-4921-a35c-7de5e20e7eaf" activeEnvironment="Default environment" name="API_CatalogPlansId" resourceRoot="" soapui-version="6.0.0" lastOpened="2016-08-30T11:28:06.351-03:00" xmlns:con="http://eviware.com/soapui/config"><con:settings/><con:interface xsi:type="con:RestService" id="6d52225f-0e81-4a03-8e0e-5ad7e9470d09" wadlVersion="http://wadl.dev.java.net/2009/02" name="https://tg-mobility.cloudhub.io" type="rest" xmlns:xsi="http://www.w3.org/2001/XMLSchema-instance"><con:settings/><con:definitionCache type="TEXT" rootPart=""/><con:endpoints><con:endpoint>https://tg-mobility.cloudhub.io</con:endpoint></con:endpoints><con:resource name="plans" path="/catalog/plans" id="48fd530b-f212-486f-8f58-0116e742d321"><con:settings/><con:parameters><con:parameter><con:name>X-TNGO-TENANT</con:name><con:value/><con:style>HEADER</con:style><con:default/><con:description xsi:nil="true"/></con:parameter><con:parameter><con:name>limit</con:name><con:value/><con:style>QUERY</con:style><con:default/><con:description xsi:nil="true"/></con:parameter><con:parameter><con:name>offset</con:name><con:value/><con:style>QUERY</con:style><con:default/><con:description xsi:nil="true"/></con:parameter><con:parameter><con:name>Authorization</con:name><con:value/><con:style>HEADER</con:style><con:default/><con:description xsi:nil="true"/></con:parameter><con:parameter><con:name>transactionType</con:name><con:value/><con:style>QUERY</con:style><con:default/><con:description xsi:nil="true"/></con:parameter><con:parameter><con:name>sortAscending</con:name><con:value/><con:style>QUERY</con:style><con:default/><con:description xsi:nil="true"/></con:parameter><con:parameter><con:name>region</con:name><con:value/><con:style>QUERY</con:style><con:default/><con:description xsi:nil="true"/></con:parameter><con:parameter><con:name>client_id</con:name><con:value/><con:style>HEADER</con:style><con:default/><con:description xsi:nil="true"/></con:parameter><con:parameter><con:name>client_secret</con:name><con:value/><con:style>HEADER</con:style><con:default/><con:description xsi:nil="true"/></con:parameter><con:parameter><con:name>compatibleWithDevice</con:name><con:value/><con:style>QUERY</con:style><con:default/><con:description xsi:nil="true"/></con:parameter><con:parameter><con:name>postalCode</con:name><con:value/><con:style>QUERY</con:style><con:default/><con:description xsi:nil="true"/></con:parameter><con:parameter><con:name>service</con:name><con:value/><con:style>QUERY</con:style><con:default/><con:description xsi:nil="true"/></con:parameter><con:parameter><con:name>sortBy</con:name><con:value/><con:style>QUERY</con:style><con:default/><con:description xsi:nil="true"/></con:parameter><con:parameter><con:name>vendor</con:name><con:value/><con:style>QUERY</con:style><con:default/><con:description xsi:nil="true"/></con:parameter></con:parameters><con:method name="Method 1" id="78ecfd26-652c-4d32-96a3-d3bc24bf6dd6" method="GET"><con:settings/><con:parameters/><con:representation type="FAULT"><con:mediaType>application/json</con:mediaType><con:status>403 400</con:status><con:params/></con:representation><con:representation type="RESPONSE"><con:mediaType>application/json;charset=UTF-8</con:mediaType><con:status>200</con:status><con:params/><con:element xmlns:plan="https://tg-mobility.cloudhub.io/mobility/v1/catalog/plans">plan:Response</con:element></con:representation><con:request name="GetPlans" id="eff9ed00-3612-45af-83ac-3e6291855126" mediaType="application/json"><con:settings><con:setting id="com.eviware.soapui.impl.wsdl.WsdlRequest@request-headers">&lt;xml-fragment/></con:setting></con:settings><con:endpoint>None</con:endpoint><con:request/><con:credentials><con:selectedAuthProfile>No Authorization</con:selectedAuthProfile><con:authType>No Authorization</con:authType></con:credentials><con:jmsConfig JMSDeliveryMode="PERSISTENT"/><con:parameters><entry key="X-TNGO-TENANT" value="XX1" xmlns="http://eviware.com/soapui/config"/></con:parameters><con:parameterOrder><con:entry>X-TNGO-TENANT</con:entry><con:entry>Authorization</con:entry><con:entry>client_id</con:entry><con:entry>client_secret</con:entry><con:entry>limit</con:entry><con:entry>offset</con:entry><con:entry>transactionType</con:entry><con:entry>region</con:entry><con:entry>postalCode</con:entry><con:entry>compatibleWithDevice</con:entry><con:entry>service</con:entry><con:entry>vendor</con:entry><con:entry>sortAscending</con:entry><con:entry>sortBy</con:entry></con:parameterOrder></con:request></con:method></con:resource><con:resource name="regions" path="/regions" id="0f6d5e3a-a56f-45da-aecf-19764eb00351"><con:settings/><con:parameters><con:parameter><con:name>type</con:name><con:value>ALL</con:value><con:style>QUERY</con:style><con:default>ALL</con:default></con:parameter><con:parameter><con:name>X-TNGO-TENANT</con:name><con:value/><con:style>HEADER</con:style><con:default/><con:description xsi:nil="true"/></con:parameter><con:parameter><con:name>Authorization</con:name><con:value/><con:style>HEADER</con:style><con:default/><con:description xsi:nil="true"/></con:parameter><con:parameter><con:name>client_id</con:name><con:value/><con:style>HEADER</con:style><con:default/><con:description xsi:nil="true"/></con:parameter><con:parameter><con:name>client_secret</con:name><con:value/><con:style>HEADER</con:style><con:default/><con:description xsi:nil="true"/></con:parameter></con:parameters><con:method name="Method 1" id="4648bc8f-4096-419b-a7ea-3153a0fe0aff" method="GET"><con:settings/><con:parameters/><con:representation type="RESPONSE"><con:mediaType>application/json;charset=UTF-8</con:mediaType><con:status>200</con:status><con:params/><con:element xmlns:reg="https://tg-mobility.cloudhub.io/mobility/v1/regions">reg:Response</con:element></con:representation><con:representation type="RESPONSE"><con:mediaType xsi:nil="true"/><con:status>0</con:status><con:params/><con:element>data</con:element></con:representation><con:representation type="RESPONSE"><con:mediaType xsi:nil="true"/><con:status>0</con:status><con:params/><con:element>data</con:element></con:representation><con:representation type="RESPONSE"><con:mediaType xsi:nil="true"/><con:status>0</con:status><con:params/><con:element>data</con:element></con:representation><con:representation type="FAULT"><con:mediaType>application/json</con:mediaType><con:status>500 403</con:status><con:params/><con:element xmlns:reg="https://tg-mobility.cloudhub.io/mobility/v1/regions">reg:Fault</con:element></con:representation><con:request name="GetRegions" id="3671ea7a-3e31-4cfd-a3f1-5a1033ac5db6" mediaType="application/json"><con:settings><con:setting id="com.eviware.soapui.impl.wsdl.WsdlRequest@request-headers">&lt;xml-fragment/></con:setting></con:settings><con:endpoint>none</con:endpoint><con:request/><con:credentials><con:selectedAuthProfile>No Authorization</con:selectedAuthProfile><con:authType>No Authorization</con:authType></con:credentials><con:jmsConfig JMSDeliveryMode="PERSISTENT"/><con:parameters/><con:parameterOrder><con:entry>X-TNGO-TENANT</con:entry><con:entry>Authorization</con:entry><con:entry>type</con:entry><con:entry>client_id</con:entry><con:entry>client_secret</con:entry></con:parameterOrder></con:request></con:method></con:resource><con:resource name="planId" path="/catalog/plans/{id}" id="8238c978-4982-49ac-a890-964963181de6"><con:settings/><con:parameters><con:parameter><con:name>X-TNGO-TENANT</con:name><con:value/><con:style>HEADER</con:style><con:default/><con:description xsi:nil="true"/></con:parameter><con:parameter><con:name>Authorization</con:name><con:value/><con:style>HEADER</con:style><con:default/><con:description xsi:nil="true"/></con:parameter><con:parameter><con:name>id</con:name><con:value/><con:style>TEMPLATE</con:style><con:default/><con:description xsi:nil="true"/></con:parameter><con:parameter><con:name>client_id</con:name><con:value/><con:style>HEADER</con:style><con:default/><con:description xsi:nil="true"/></con:parameter><con:parameter><con:name>client_secret</con:name><con:value/><con:style>HEADER</con:style><con:default/><con:description xsi:nil="true"/></con:parameter></con:parameters><con:method name="Method 1" id="78ecfd26-652c-4d32-96a3-d3bc24bf6dd6" method="GET"><con:settings/><con:parameters/><con:representation type="FAULT"><con:mediaType>application/json</con:mediaType><con:status>403 400</con:status><con:params/></con:representation><con:representation type="RESPONSE"><con:mediaType>application/json;charset=UTF-8</con:mediaType><con:status>200</con:status><con:params/><con:element xmlns:plan="https://tg-mobility.cloudhub.io/mobility/v1/catalog/plans">plan:Response</con:element></con:representation><con:request name="GetPlanById" id="eff9ed00-3612-45af-83ac-3e6291855126" mediaType="application/json"><con:settings><con:setting id="com.eviware.soapui.impl.wsdl.WsdlRequest@request-headers">&lt;xml-fragment/></con:setting></con:settings><con:endpoint>None</con:endpoint><con:request/><con:credentials><con:selectedAuthProfile>No Authorization</con:selectedAuthProfile><con:authType>No Authorization</con:authType></con:credentials><con:jmsConfig JMSDeliveryMode="PERSISTENT"/><con:parameters><entry key="X-TNGO-TENANT" value="XX1" xmlns="http://eviware.com/soapui/config"/></con:parameters><con:parameterOrder><con:entry>X-TNGO-TENANT</con:entry><con:entry>Authorization</con:entry><con:entry>id</con:entry><con:entry>client_id</con:entry><con:entry>client_secret</con:entry></con:parameterOrder></con:request></con:method></con:resource></con:interface><con:interface xsi:type="con:RestService" id="aab29ddd-0ca6-4cf5-9482-5bbfd2028bb2" wadlVersion="http://wadl.dev.java.net/2009/02" name="/catalog/devices" type="rest" xmlns:xsi="http://www.w3.org/2001/XMLSchema-instance"><con:settings/><con:definitionCache type="TEXT" rootPart=""/><con:endpoints><con:endpoint>https://tngo-dev-mobproc-cmd.cloudhub.io</con:endpoint></con:endpoints><con:resource name="Devices" path="/catalog/devices" id="a0be09d8-8560-4717-802d-71057c952d1a"><con:settings/><con:parameters><con:parameter><con:name>transactionType</con:name><con:value>NEW_ACTIVATION</con:value><con:style>QUERY</con:style><con:default>NEW_ACTIVATION</con:default><con:path xsi:nil="true"/><con:description xsi:nil="true"/></con:parameter><con:parameter><con:name>region</con:name><con:value>70144640</con:value><con:style>QUERY</con:style><con:default>70144640</con:default><con:path xsi:nil="true"/><con:description xsi:nil="true"/></con:parameter><con:parameter><con:name>sortAscending</con:name><con:value>true</con:value><con:style>QUERY</con:style><con:default>true</con:default><con:path xsi:nil="true"/><con:description xsi:nil="true"/></con:parameter><con:parameter><con:name>offset</con:name><con:value>0</con:value><con:style>QUERY</con:style><con:default>0</con:default><con:path xsi:nil="true"/><con:description xsi:nil="true"/></con:parameter><con:parameter><con:name>limit</con:name><con:value>10</con:value><con:style>QUERY</con:style><con:default>10</con:default><con:path xsi:nil="true"/><con:description xsi:nil="true"/></con:parameter><con:parameter><con:name>X-TNGO-TENANT</con:name><con:value/><con:style>HEADER</con:style><con:default/><con:description xsi:nil="true"/></con:parameter><con:parameter><con:name>Authorization</con:name><con:value/><con:style>HEADER</con:style><con:default/><con:description xsi:nil="true"/></con:parameter><con:parameter><con:name>client_id</con:name><con:value/><con:style>HEADER</con:style><con:default/><con:description xsi:nil="true"/></con:parameter><con:parameter><con:name>client_secret</con:name><con:value/><con:style>HEADER</con:style><con:default/><con:description xsi:nil="true"/></con:parameter></con:parameters><con:method name="Devices" id="9d9cd1d7-bcd7-49a3-88db-aa677ebac013" method="GET"><con:settings/><con:parameters/><con:representation type="FAULT"><con:mediaType>application/json</con:mediaType><con:status>400</con:status><con:params/><con:element xmlns:dev="https://tngo-dev-mobproc-cmd.cloudhub.io/mobproc/v1.dev/catalog/devices">dev:Fault</con:element></con:representation><con:representation type="RESPONSE"><con:mediaType>application/json;charset=UTF-8</con:mediaType><con:status>200</con:status><con:params/><con:element xmlns:dev="https://tngo-dev-mobproc-cmd.cloudhub.io/mobproc/v1.dev/catalog/devices">dev:Response</con:element></con:representation><con:request name="Request 1" id="9fca7076-5f11-455d-8602-d73fa52ca7d1" mediaType="application/json"><con:settings><con:setting id="com.eviware.soapui.impl.wsdl.WsdlRequest@request-headers">&lt;xml-fragment/></con:setting></con:settings><con:endpoint>None</con:endpoint><con:request/><con:credentials><con:selectedAuthProfile>No Authorization</con:selectedAuthProfile><con:authType>No Authorization</con:authType></con:credentials><con:jmsConfig JMSDeliveryMode="PERSISTENT"/><con:parameters>
  <con:entry key="transactionType" value=""/>
  <con:entry key="sortAscending" value=""/>
  <con:entry key="offset" value=""/>
  <con:entry key="limit" value=""/>
  <con:entry key="region" value=""/>
</con:parameters><con:parameterOrder><con:entry>X-TNGO-TENANT</con:entry><con:entry>Authorization</con:entry><con:entry>client_id</con:entry><con:entry>client_secret</con:entry><con:entry>transactionType</con:entry><con:entry>region</con:entry><con:entry>sortAscending</con:entry><con:entry>offset</con:entry><con:entry>limit</con:entry></con:parameterOrder></con:request></con:method></con:resource></con:interface><con:interface xsi:type="con:RestService" id="f4db1ac8-7633-4745-82c4-2803ff27ec80" wadlVersion="http://wadl.dev.java.net/2009/02" name="/assets/services" type="rest" xmlns:xsi="http://www.w3.org/2001/XMLSchema-instance"><con:settings/><con:definitionCache type="TEXT" rootPart=""/><con:endpoints><con:endpoint>https://tngo-dev-mobproc-cmd.cloudhub.io</con:endpoint></con:endpoints><con:resource name="Services" path="/assets/services" id="a40bcd2f-88c9-43df-97e4-f723e240f967"><con:settings/><con:parameters><con:parameter><con:name>sortAscending</con:name><con:value>true</con:value><con:style>QUERY</con:style><con:default>true</con:default><con:path xsi:nil="true"/><con:description xsi:nil="true"/></con:parameter><con:parameter><con:name>offset</con:name><con:value>0</con:value><con:style>QUERY</con:style><con:default>0</con:default><con:path xsi:nil="true"/><con:description xsi:nil="true"/></con:parameter><con:parameter><con:name>limit</con:name><con:value>10</con:value><con:style>QUERY</con:style><con:default>10</con:default><con:path xsi:nil="true"/><con:description xsi:nil="true"/></con:parameter><con:parameter><con:name>X-TNGO-TENANT</con:name><con:value/><con:style>HEADER</con:style><con:default/><con:description xsi:nil="true"/></con:parameter><con:parameter><con:name>Authorization</con:name><con:value/><con:style>HEADER</con:style><con:default/><con:description xsi:nil="true"/></con:parameter><con:parameter><con:name>client_id</con:name><con:value/><con:style>HEADER</con:style><con:default/><con:description xsi:nil="true"/></con:parameter><con:parameter><con:name>client_secret</con:name><con:value/><con:style>HEADER</con:style><con:default/><con:description xsi:nil="true"/></con:parameter></con:parameters><con:method name="Services" id="3f5e5ba8-9ab4-4b55-af83-67b05bdb5c7c" method="GET"><con:settings/><con:parameters/><con:request name="Request 1" id="e194559e-b844-4b7e-a9e7-0d984adfb094" mediaType="application/json"><con:settings><con:setting id="com.eviware.soapui.impl.wsdl.WsdlRequest@request-headers">&lt;xml-fragment/></con:setting></con:settings><con:endpoint>None</con:endpoint><con:request/><con:credentials><con:selectedAuthProfile>No Authorization</con:selectedAuthProfile><con:authType>No Authorization</con:authType></con:credentials><con:jmsConfig JMSDeliveryMode="PERSISTENT"/><con:parameters>
  <con:entry key="sortAscending" value=""/>
  <con:entry key="offset" value=""/>
  <con:entry key="limit" value=""/>
</con:parameters><con:parameterOrder><con:entry>X-TNGO-TENANT</con:entry><con:entry>Authorization</con:entry><con:entry>client_id</con:entry><con:entry>client_secret</con:entry><con:entry>sortAscending</con:entry><con:entry>offset</con:entry><con:entry>limit</con:entry></con:parameterOrder></con:request></con:method></con:resource></con:interface><con:interface xsi:type="con:RestService" id="49f361fd-5066-4f5b-989d-951781a8daf5" wadlVersion="http://wadl.dev.java.net/2009/02" name="/vendors" type="rest" xmlns:xsi="http://www.w3.org/2001/XMLSchema-instance"><con:settings/><con:definitionCache type="TEXT" rootPart=""/><con:endpoints><con:endpoint>https://tngo-dev-mobproc-cmd.cloudhub.io</con:endpoint></con:endpoints><con:resource name="Vendors" path="/vendors" id="6747a116-cd2c-4557-8d33-48ce714b5e2d"><con:settings/><con:parameters><con:parameter><con:name>sortAscending</con:name><con:value>true</con:value><con:style>QUERY</con:style><con:default>true</con:default><con:path xsi:nil="true"/><con:description xsi:nil="true"/></con:parameter><con:parameter><con:name>region</con:name><con:value>70144640</con:value><con:style>QUERY</con:style><con:default>70144640</con:default><con:path xsi:nil="true"/><con:description xsi:nil="true"/></con:parameter><con:parameter><con:name>X-TNGO-TENANT</con:name><con:value/><con:style>HEADER</con:style><con:default/><con:description xsi:nil="true"/></con:parameter><con:parameter><con:name>Authorization</con:name><con:value/><con:style>HEADER</con:style><con:default/><con:description xsi:nil="true"/></con:parameter><con:parameter><con:name>client_id</con:name><con:value/><con:style>HEADER</con:style><con:default/><con:description xsi:nil="true"/></con:parameter><con:parameter><con:name>client_secret</con:name><con:value/><con:style>HEADER</con:style><con:default/><con:description xsi:nil="true"/></con:parameter></con:parameters><con:method name="Vendors" id="65aa7bf9-ee47-4413-853d-2d769cd10338" method="GET"><con:settings/><con:parameters/><con:representation type="RESPONSE"><con:mediaType>application/json;charset=UTF-8</con:mediaType><con:status>200</con:status><con:params/><con:element xmlns:ven="https://tngo-dev-mobproc-cmd.cloudhub.io/mobproc/v1.dev/vendors">ven:Response</con:element></con:representation><con:request name="Request 1" id="cba6589c-853a-472c-b5a2-e7085b0ea1e1" mediaType="application/json"><con:settings><con:setting id="com.eviware.soapui.impl.wsdl.WsdlRequest@request-headers">&lt;xml-fragment/></con:setting></con:settings><con:endpoint>None</con:endpoint><con:request/><con:credentials><con:selectedAuthProfile>No Authorization</con:selectedAuthProfile><con:authType>No Authorization</con:authType></con:credentials><con:jmsConfig JMSDeliveryMode="PERSISTENT"/><con:parameters>
  <con:entry key="sortAscending" value=""/>
  <con:entry key="region" value=""/>
</con:parameters><con:parameterOrder><con:entry>X-TNGO-TENANT</con:entry><con:entry>Authorization</con:entry><con:entry>client_id</con:entry><con:entry>client_secret</con:entry><con:entry>region</con:entry><con:entry>sortAscending</con:entry></con:parameterOrder></con:request></con:method></con:resource></con:interface><con:testSuite id="ad2a406b-aff2-4e5e-9554-090c2953870d" name="TestSuiteCatalogPlans"><con:settings/><con:runType>SEQUENTIAL</con:runType><con:testCase id="9e848050-9d45-4fdc-9cff-eb90236847b1" discardOkResults="true" failOnError="true" failTestCaseOnErrors="true" keepSession="false" name="TestCaseCatalogPlans" searchProperties="true"><con:settings/><con:testStep type="groovy" name="ScriptSetupCatalogPlans" id="ab95c34e-2a77-470e-b168-711b357005c6"><con:settings/><con:config><script>// /////////////////////////////////////////////
// This sets up all of the test case properties
// /////////////////////////////////////////////

def groovyUtils = new com.eviware.soapui.support.GroovyUtils( context ); 
def projectPath = groovyUtils.projectPath //gets the path of the project root

// this is sanity check with a simple call. all this does is verify a simple connection 
// to the external clases by logging a message in log window.
soapUIScripts.CommonMethods.StaticMethod(log) 

// setup test case properties stored in 'DudleyDorightDataActions' class.
soapUIScripts.DudleyDorightDataActions.SetupTestCaseProperties(log, testRunner) 

// read in token pair and put in test case properties.
// NOTE: token pair must be in same folder as project
//       token pair must be up to date (not expired)
assert(soapUIScripts.CommonMethods.ReadTokenPair(projectPath + "\\" + "TokenPair.txt", log, testRunner) == true)

// read user Ids and assign to test case properties.
def userIdsFileName = projectPath + "\\" + "DudleyDoright.txt"
// assert soapUIScripts.CommonMethods.ReadUserIds(userIdsFileName, log, testRunner) == true
assert soapUIScripts.CommonMethods.ReadUserIdsURL(userIdsFileName, log, testRunner) == true


context.offset = 0
context.limit = 100

testRunner.testCase.setPropertyValue("offset", context.offset.toString())
testRunner.testCase.setPropertyValue("limit", context.limit.toString())
testRunner.testCase.setPropertyValue("transactionType", "NEW_ACTIVATION")
testRunner.testCase.setPropertyValue("sortAscending", "true")


</script></con:config></con:testStep><con:testStep type="restrequest" name="GetRegions" id="720609e9-f887-4746-ba06-0860d3727781"><con:settings/><con:config service="https://tg-mobility.cloudhub.io" resourcePath="/regions" methodName="Method 1" xsi:type="con:RestRequestStep" xmlns:xsi="http://www.w3.org/2001/XMLSchema-instance"><con:restRequest name="GetRegions" id="d97b582a-5fd4-4c7b-8de9-a03cb3e7b3c2" mediaType="application/json"><con:settings><con:setting id="com.eviware.soapui.impl.wsdl.WsdlRequest@request-headers">&lt;xml-fragment/></con:setting></con:settings><con:endpoint>${#TestCase#URL}</con:endpoint><con:request/><con:originalUri>https://tg-mobility.cloudhub.io/mobility/v1/regions</con:originalUri><con:assertion type="Valid HTTP Status Codes" id="553342d4-204a-432f-9863-1c1a1539631f" name="Valid HTTP Status Codes"><con:settings/><con:configuration><codes>200</codes></con:configuration></con:assertion><con:credentials><con:selectedAuthProfile>No Authorization</con:selectedAuthProfile><con:authType>No Authorization</con:authType></con:credentials><con:jmsConfig JMSDeliveryMode="PERSISTENT"/><con:parameters>
  <con:entry key="Authorization" value="Bearer ${#TestCase#AccessToken}"/>
  <con:entry key="offset" value="${#TestCase#offset}"/>
  <con:entry key="X-TNGO-TENANT" value="${#TestCase#Tenant}"/>
  <con:entry key="limit" value="${#TestCase#limit}"/>
  <con:entry key="client_secret" value="${#TestCase#client_secret}"/>
  <con:entry key="type" value="ALL"/>
  <con:entry key="client_id" value="${#TestCase#client_Id}"/>
</con:parameters><con:parameterOrder><con:entry>X-TNGO-TENANT</con:entry><con:entry>Authorization</con:entry><con:entry>client_id</con:entry><con:entry>client_secret</con:entry><con:entry>type</con:entry></con:parameterOrder></con:restRequest></con:config></con:testStep><con:testStep type="groovy" name="ScriptFindRegion" id="09fa58c3-c689-4dc4-b465-6a158927ddb5"><con:settings/><con:config><script>// /////////////////////////////////////////////////////////////////////////////////////////////////////////////
// This gets the id for united states from the RequestRegions response and puts it into a test case property.
// /////////////////////////////////////////////////////////////////////////////////////////////////////////////

import groovy.json.JsonSlurper 
def groovyUtils = new com.eviware.soapui.support.GroovyUtils( context ); 
def testCase = context.testCase; 
def testStep = testCase.getTestStepByName("GetRegions") 

// get response of last test step run.
def response = testStep.testRequest.messageExchange.response.responseContent
def slurper = new JsonSlurper()
def json = slurper.parseText response

def idList = []
def nameList = []
def typeList = []
boolean foundUS = false
def regionId =  ""


idList = json.regions.id // get list of region Ids
nameList = json.regions.name // get list of country name
typeList = json.regions.type // get list of type


try
{
	assert(idList.size() == nameList.size &amp;&amp; (nameList.size ==  typeList.size()))
}
catch (AssertionError e)
{
	log.info "ERROR: All lists in 'ScriptFindRegion' test step are not the same size."
	throw new RuntimeException("All lists in 'ScriptFindRegion' test step are not the same size.")
}

// we expect to find an ID for united states.
for(x = 0; x &lt; idList.size(); x++)
{
	if(nameList[x] == "United States" &amp;&amp; typeList[x] == "COUNTRY")
	{
		//log.info idList[x]	
		foundUS = true
		regionId = idList[x] 		
	}
}	

if(!foundUS) // if US region ID is not found, raise error.
{
	log.info "ERROR: region Id for 'United States' was not found in 'ScriptFindRegion' test step."
	throw new RuntimeException("region Id for 'United States' was not found in 'ScriptFindRegion' test step.")
}


// set test case property to hold the region id of united states. this variable will be used below.
regionIdInsert = regionId as int

// this regionId is for verifying response data.
testRunner.testCase.setPropertyValue("regionId", regionId)

</script></con:config></con:testStep><con:testStep type="restrequest" name="GetPlansAll" id="2050e9e2-3cb5-48d8-b072-c65617aba406"><con:settings/><con:config service="https://tg-mobility.cloudhub.io" resourcePath="/catalog/plans" methodName="Method 1" xsi:type="con:RestRequestStep" xmlns:xsi="http://www.w3.org/2001/XMLSchema-instance"><con:restRequest name="GetPlansAll" id="eff9ed00-3612-45af-83ac-3e6291855126" mediaType="application/json"><con:settings><con:setting id="com.eviware.soapui.impl.wsdl.WsdlRequest@request-headers">&lt;xml-fragment/></con:setting></con:settings><con:endpoint>${#TestCase#URL}</con:endpoint><con:request/><con:originalUri>https://tg-mobility.cloudhub.io/mobility/v1/catalog/plans</con:originalUri><con:assertion type="Valid HTTP Status Codes" id="2d58f649-1120-47e8-be2a-680643684a4c" name="Valid HTTP Status Codes"><con:settings/><con:configuration><codes>200</codes></con:configuration></con:assertion><con:credentials><con:selectedAuthProfile>No Authorization</con:selectedAuthProfile><con:authType>No Authorization</con:authType></con:credentials><con:jmsConfig JMSDeliveryMode="PERSISTENT"/><con:parameters>
  <con:entry key="offset" value="${#TestCase#offset}"/>
  <con:entry key="X-TNGO-TENANT" value="${#TestCase#Tenant}"/>
  <con:entry key="postalCode" value=""/>
  <con:entry key="client_id" value="${#TestCase#client_Id}"/>
  <con:entry key="Authorization" value="Bearer ${#TestCase#AccessToken}"/>
  <con:entry key="transactionType" value="${#TestCase#transactionType}"/>
  <con:entry key="sortAscending" value="${#TestCase#sortAscending}"/>
  <con:entry key="service" value=""/>
  <con:entry key="vendor" value=""/>
  <con:entry key="limit" value="${#TestCase#limit}"/>
  <con:entry key="compatibleWithDevice" value=""/>
  <con:entry key="sortBy" value=""/>
  <con:entry key="client_secret" value="${#TestCase#client_secret}"/>
  <con:entry key="region" value="${#TestCase#regionId}"/>
</con:parameters><con:parameterOrder><con:entry>X-TNGO-TENANT</con:entry><con:entry>Authorization</con:entry><con:entry>client_id</con:entry><con:entry>client_secret</con:entry><con:entry>limit</con:entry><con:entry>offset</con:entry><con:entry>transactionType</con:entry><con:entry>region</con:entry><con:entry>postalCode</con:entry><con:entry>compatibleWithDevice</con:entry><con:entry>service</con:entry><con:entry>vendor</con:entry><con:entry>sortAscending</con:entry><con:entry>sortBy</con:entry></con:parameterOrder></con:restRequest></con:config></con:testStep><con:testStep type="groovy" name="VerifyJSONResponsePlans" id="4172bab7-f6ea-422d-b5f8-a21e34248e8f"><con:settings/><con:config><script>import groovy.json.JsonSlurper 

def groovyUtils = new com.eviware.soapui.support.GroovyUtils( context ); 
def testCase = context.testCase; 
def testStep = testCase.getTestStepByName("GetPlansAll") 

//  need for external call.
testRunner = new com.eviware.soapui.impl.wsdl.testcase.WsdlTestCaseRunner(testCase, null); 
testStepContext = new com.eviware.soapui.impl.wsdl.testcase.WsdlTestRunContext(testStep); 

// get response of last test step run.
def response = testStep.testRequest.messageExchange.response.responseContent
def slurper = new JsonSlurper()
def json = slurper.parseText response

def offset = context.offset
def limit = context.limit

def logoUrl = testRunner.testCase.getPropertyValue("LogoUrl")
def mainUrl = testRunner.testCase.getPropertyValue("URL")

/* Expected Values */

String plansMetaTotalCount = json.plans.items.size()
String plansMetaOffset = offset
String plansMetaLimit = limit
        

/* Item 1 */
String plansItems1Id = "11658663895"
String plansItems1MetaHref = mainUrl + "/catalog/plans/" + plansItems1Id 
String plansItems1Name = "AT&amp;T Business Pooled Nation 450"
String plansItems1PriceAmount = "48.980000000000004"
String plansItems1PriceCurrencyCode = "USD"
String plansItems1PriceRecurrence = "MONTHLY"
String plansItems1VendorId = "108"
String plansItems1VendorMetaHref = mainUrl + "/vendors/" + plansItems1VendorId
String plansItems1VendorName = "AT&amp;T Mobility"
String plansItems1VendorLogoUrl = logoUrl + "manage/images/carrier/logo_ATT.gif"

/* Item 2 */
String plansItems2Id = "5340554937"
String plansItems2MetaHref = mainUrl +  "/catalog/plans/" + plansItems2Id 
String plansItems2Name = "Standard for Employees"
String plansItems2PriceAmount = "114.99"
String plansItems2PriceCurrencyCode = "USD"
String plansItems2PriceRecurrence = "MONTHLY"
String plansItems2VendorId = "108"
String plansItems2VendorMetaHref = mainUrl + "/vendors/" + plansItems2VendorId
String plansItems2VendorName = "AT&amp;T Mobility"
String plansItems2VendorLogoUrl = logoUrl + "manage/images/carrier/logo_ATT.gif"

/* Item 3 */
String plansItems3Id = "8673790035"
String plansItems3MetaHref = mainUrl +  "/catalog/plans/" + plansItems3Id 
String plansItems3Name = "Sprint Everything Messaging Share 1500 (Not for PDA/Smartphone)"
String plansItems3PriceAmount = "99.99"
String plansItems3PriceCurrencyCode = "USD"
String plansItems3PriceRecurrence = "MONTHLY"
String plansItems3VendorId = "105"
String plansItems3VendorMetaHref = mainUrl + "/vendors/" + plansItems3VendorId
String plansItems3VendorName = "Sprint"
String plansItems3VendorLogoUrl = logoUrl + "manage/images/carrier/logo_SPR.gif"

/* Item 4 */
String plansItems4Id = "6568886494"
String plansItems4MetaHref = mainUrl +  "/catalog/plans/" + plansItems4Id 
String plansItems4Name = "Nationwide for Business Talk Share Plan"
String plansItems4PriceAmount = "38.69"
String plansItems4PriceCurrencyCode = "USD"
String plansItems4PriceRecurrence = "MONTHLY"
String plansItems4VendorId = "98"
String plansItems4VendorMetaHref = mainUrl + "/vendors/" + plansItems4VendorId
String plansItems4VendorName = "Verizon Wireless"
String plansItems4VendorLogoUrl = logoUrl + "manage/images/carrier/logo_VER.gif"




/* Verify expected results */

CompareItemsTwoStrings(json.plans._meta.totalCount, plansMetaTotalCount)
CompareItemsTwoStrings(json.plans._meta.offset, plansMetaOffset)
CompareItemsTwoStrings(json.plans._meta.limit, plansMetaLimit)

/* Item 1 */
CompareItemsTwoStrings(json.plans.items[0].id, plansItems1Id)
CompareItemsTwoStrings(json.plans.items[0]._meta.href, plansItems1MetaHref)
CompareItemsTwoStrings(json.plans.items[0].name, plansItems1Name)
CompareItemsTwoStrings(json.plans.items[0].price.amount, plansItems1PriceAmount)
CompareItemsTwoStrings(json.plans.items[0].price.currencyCode, plansItems1PriceCurrencyCode)
CompareItemsTwoStrings(json.plans.items[0].price.recurrence, plansItems1PriceRecurrence)
CompareItemsTwoStrings(json.plans.items[0].vendor.id, plansItems1VendorId)
CompareItemsTwoStrings(json.plans.items[0].vendor._meta.href, plansItems1VendorMetaHref)
CompareItemsTwoStrings(json.plans.items[0].vendor.name, plansItems1VendorName)
CompareItemsTwoStrings(json.plans.items[0].vendor.logoUrl, plansItems1VendorLogoUrl)

/* Item 2 */
CompareItemsTwoStrings(json.plans.items[1].id, plansItems2Id)
CompareItemsTwoStrings(json.plans.items[1]._meta.href, plansItems2MetaHref)
CompareItemsTwoStrings(json.plans.items[1].name, plansItems2Name)
CompareItemsTwoStrings(json.plans.items[1].price.amount, plansItems2PriceAmount)
CompareItemsTwoStrings(json.plans.items[1].price.currencyCode, plansItems2PriceCurrencyCode)
CompareItemsTwoStrings(json.plans.items[1].price.recurrence, plansItems2PriceRecurrence)
CompareItemsTwoStrings(json.plans.items[1].vendor.id, plansItems2VendorId)
CompareItemsTwoStrings(json.plans.items[1].vendor._meta.href, plansItems2VendorMetaHref)
CompareItemsTwoStrings(json.plans.items[1].vendor.name, plansItems2VendorName)
CompareItemsTwoStrings(json.plans.items[1].vendor.logoUrl, plansItems2VendorLogoUrl)

/* Item 3 */
CompareItemsTwoStrings(json.plans.items[2].id, plansItems3Id)
CompareItemsTwoStrings(json.plans.items[2]._meta.href, plansItems3MetaHref)
CompareItemsTwoStrings(json.plans.items[2].name, plansItems3Name)
CompareItemsTwoStrings(json.plans.items[2].price.amount, plansItems3PriceAmount)
CompareItemsTwoStrings(json.plans.items[2].price.currencyCode, plansItems3PriceCurrencyCode)
CompareItemsTwoStrings(json.plans.items[2].price.recurrence, plansItems3PriceRecurrence)
CompareItemsTwoStrings(json.plans.items[2].vendor.id, plansItems3VendorId)
CompareItemsTwoStrings(json.plans.items[2].vendor._meta.href, plansItems3VendorMetaHref)
CompareItemsTwoStrings(json.plans.items[2].vendor.name, plansItems3VendorName)
CompareItemsTwoStrings(json.plans.items[2].vendor.logoUrl, plansItems3VendorLogoUrl)

/* Item 4 */
CompareItemsTwoStrings(json.plans.items[3].id, plansItems4Id)
CompareItemsTwoStrings(json.plans.items[3]._meta.href, plansItems4MetaHref)
CompareItemsTwoStrings(json.plans.items[3].name, plansItems4Name)
CompareItemsTwoStrings(json.plans.items[3].price.amount, plansItems4PriceAmount)
CompareItemsTwoStrings(json.plans.items[3].price.currencyCode, plansItems4PriceCurrencyCode)
CompareItemsTwoStrings(json.plans.items[3].price.recurrence, plansItems4PriceRecurrence)
CompareItemsTwoStrings(json.plans.items[3].vendor.id, plansItems4VendorId)
CompareItemsTwoStrings(json.plans.items[3].vendor._meta.href, plansItems4VendorMetaHref)
CompareItemsTwoStrings(json.plans.items[3].vendor.name, plansItems4VendorName)
CompareItemsTwoStrings(json.plans.items[3].vendor.logoUrl, plansItems4VendorLogoUrl)

 
/* Set up plan id to use on request /catalog/plans/{id} - The first plan is selected because it has Optional Features. */
context.planId = plansItems4Id 
context.metaHref = plansItems4MetaHref 
context.name = plansItems4Name 
context.amount = plansItems4PriceAmount 
context.currencyCode = plansItems4PriceCurrencyCode 
context.recurrence = plansItems4PriceRecurrence 
context.vendorId = plansItems4VendorId 
context.vendorMetaHref = plansItems4VendorMetaHref 
context.vendorName = plansItems4VendorName 
context.vendorLogoUrl = plansItems4VendorLogoUrl 

// allItems will store all the device ids found in JSON 
context.allItems = []
context.allItems = json.plans.items.id
//log.info "All the ids: " + context.allItems 

context.totalCount = json.plans._meta.totalCount

/* Set up property for GET request /catalog/plans/{id} */
testRunner.testCase.setPropertyValue("planId", plansItems4Id)

// Set up offset to 1 for the verification of the various offsets and limits
context.newOffset = 1

// set limit to half of the total amount of plans
int halfTotal = context.totalCount / 2
context.newLimit = halfTotal
testRunner.testCase.setPropertyValue("limitNew", context.newLimit.toString())




/* Methods */

void CompareItemsTwoStrings(json, expectedValueString)
{
	String jsonString = json
	
	// this will show each compare being made - DEBUG ONLY ${#TestCase#companyEmployeeId}
	//log.info "Json: " + jsonString + " Expected: " + expectedValueString 
	assert(jsonString == expectedValueString) 
	// this seems to remove the "{" and "}" from the json string.
}

</script></con:config></con:testStep><con:testStep type="groovy" name="SetupNewOffsetLimit" id="809db5d8-f845-412d-9f78-ebc935df4b01"><con:settings/><con:config><script>	
context.ids = GetItemsInOffsetPage(context.newOffset, context.newLimit, context.allItems)
//log.info "ids 1: " + context.ids 

testRunner.testCase.setPropertyValue("offsetNew", context.newOffset.toString())

log.info "offset: " + context.newOffset.toString()
log.info "limit: " + context.newLimit.toString()



// parameters are offset, limit, list with all the items in the API collection.
def GetItemsInOffsetPage(offsetIn, limitIn , itemsIn)
{
	int finalPage = 1
	int offset = offsetIn // NOTE: this is zero based. 
	int limit  = limitIn
	itemsList  = []
	itemsList = itemsIn
	itemsReturn = []

	
	boolean lastPageNotFullPage = false

	if(offset + 1 > itemsIn.size())
	{
		log.info "Offset passed in " + offset + " exceeds the last element in the collection list passed in."
		throw new RuntimeException("Offset passed in, " + offset + " ,exceeds the last element in the collection list passed in.")
		return 
	}
	
	// this will find a one-based integer page. the offset has one added to make it one based like the  page numbers.
	// this is the first step to finding the page number that contains the offest item.
	int page = ((offset + 1)/limit)
	
	// the integer page found above did not consider the possibilty of the offset being past the integer page found. 
	// The check below looks for a remainder. if there is a remainder, the actual page is one page past the value of the 
	// integer "page" variable found above.
	if((offset + 1).mod(limit) != 0) 
	{
		page++ 
	}

	// at this point the page containing the offset is the vaule of the integer "page" value. 
	// now we want to return all the items in the page that contains the offset item passed in from the caller. the page integer is one 
	// based and the list passed in is zero based. find the starting one-based location of the page section that contains the offset 
	// integer passed in. 
	int startIndex = (limit * page) - limit

	// now put items onto the list to be returned.
	for(x = startIndex; x &lt; startIndex + limit; x++)
	{
		if(itemsIn[x] != null)
		{
			itemsReturn.add(itemsIn[x])
		}
	}

	return itemsReturn
}
</script></con:config></con:testStep><con:testStep type="restrequest" name="GetPlans" id="e9892109-b726-4a5d-ac83-de729b9501c3"><con:settings/><con:config service="https://tg-mobility.cloudhub.io" resourcePath="/catalog/plans" methodName="Method 1" xsi:type="con:RestRequestStep" xmlns:xsi="http://www.w3.org/2001/XMLSchema-instance"><con:restRequest name="GetPlans" id="eff9ed00-3612-45af-83ac-3e6291855126" mediaType="application/json"><con:settings><con:setting id="com.eviware.soapui.impl.wsdl.WsdlRequest@request-headers">&lt;xml-fragment/></con:setting></con:settings><con:endpoint>${#TestCase#URL}</con:endpoint><con:request/><con:originalUri>https://tg-mobility.cloudhub.io/mobility/v1/catalog/plans</con:originalUri><con:assertion type="Valid HTTP Status Codes" id="2d58f649-1120-47e8-be2a-680643684a4c" name="Valid HTTP Status Codes"><con:settings/><con:configuration><codes>200</codes></con:configuration></con:assertion><con:credentials><con:selectedAuthProfile>No Authorization</con:selectedAuthProfile><con:authType>No Authorization</con:authType></con:credentials><con:jmsConfig JMSDeliveryMode="PERSISTENT"/><con:parameters>
  <con:entry key="offset" value="${#TestCase#offsetNew}"/>
  <con:entry key="X-TNGO-TENANT" value="${#TestCase#Tenant}"/>
  <con:entry key="postalCode" value=""/>
  <con:entry key="client_id" value="${#TestCase#client_Id}"/>
  <con:entry key="Authorization" value="Bearer ${#TestCase#AccessToken}"/>
  <con:entry key="transactionType" value="${#TestCase#transactionType}"/>
  <con:entry key="sortAscending" value="${#TestCase#sortAscending}"/>
  <con:entry key="service" value=""/>
  <con:entry key="vendor" value=""/>
  <con:entry key="limit" value="${#TestCase#limitNew}"/>
  <con:entry key="compatibleWithDevice" value=""/>
  <con:entry key="sortBy" value=""/>
  <con:entry key="client_secret" value="${#TestCase#client_secret}"/>
  <con:entry key="region" value="${#TestCase#regionId}"/>
</con:parameters><con:parameterOrder><con:entry>X-TNGO-TENANT</con:entry><con:entry>Authorization</con:entry><con:entry>client_id</con:entry><con:entry>client_secret</con:entry><con:entry>limit</con:entry><con:entry>offset</con:entry><con:entry>transactionType</con:entry><con:entry>region</con:entry><con:entry>sortAscending</con:entry><con:entry>compatibleWithDevice</con:entry><con:entry>postalCode</con:entry><con:entry>service</con:entry><con:entry>sortBy</con:entry><con:entry>vendor</con:entry></con:parameterOrder></con:restRequest></con:config></con:testStep><con:testStep type="groovy" name="VerifyJSONDifferentOffsetAndLimit" id="00edbc24-8fc0-4920-92aa-ffc59acded5f"><con:settings/><con:config><script><![CDATA[import groovy.json.JsonSlurper 

def groovyUtils = new com.eviware.soapui.support.GroovyUtils( context ); 
def testCase = context.testCase; 
def testStep = testCase.getTestStepByName("GetPlans") 

def mainUrl = testRunner.testCase.getPropertyValue("URL") 

//  need for external call.
testRunner = new com.eviware.soapui.impl.wsdl.testcase.WsdlTestCaseRunner(testCase, null); 
testStepContext = new com.eviware.soapui.impl.wsdl.testcase.WsdlTestRunContext(testStep); 

// get response of last test step run.
def response = testStep.testRequest.messageExchange.response.responseContent
def slurper = new JsonSlurper()
def json = slurper.parseText response


def idsJson = json.plans.items.id
//log.info "ids 2: " + idsJson 

// verifies that the ids retrieved on the JSON response are the correct ones 
assert (context.ids == idsJson)


// If JSON response has all 5 hrefs (_metaHref, _metaHrefNext, _metaHrefStart, _metaHrefPrevious, _metaHrefEnd) then verify that they have correct values
if((json.plans._meta.hrefStart) != null && (json.plans._meta.hrefPrevious) != null && (json.plans._meta.hrefNext) != null && (json.plans._meta.hrefEnd) != null){
	
	VerifyHrefResults(testRunner, json, mainUrl)	
	
}
	

context.newOffset = context.newOffset + 1 
log.info "offset: " + context.newOffset.toString()
testRunner.testCase.setPropertyValue("offsetNew", context.newOffset.toString())


// ////////////////////////////////////////////////////////////////////////////////////////////////////////////////////
// this verifies the href responses for _metaHref, _metaHrefNext, _metaHrefStart, _metaHrefPrevious, _metaHrefEnd.
// the hrefs being tested consist of limit, offset, the main endpoint for the href, sort type, query type, query 
// value, and expected number of ampersands. common method 'VerifyHrefPathAndParams' is used to verify each href type.
// ///////////////////////////////////////////////////////////////////////////////////////////////////////////////////
void VerifyHrefResults(testRunner, json, mainUrl)
{
	// this sets up variables for testing href links. 
	def offset = json.plans._meta.offset
	def limit = json.plans._meta.limit
	
	def totalCount = json.plans._meta.totalCount
		
	def sortAscending = testRunner.testCase.getPropertyValue("sortAscending")
	def regionId = testRunner.testCase.getPropertyValue("regionId")
	def transactionType = testRunner.testCase.getPropertyValue("transactionType")
	
	def hrefLink = mainUrl + "/catalog/plans?"
	def sortType = testRunner.testCase.getPropertyValue("sortAscending") 
	def queryType = []
	def queryValue = []

 	queryType[0] = "region"
	queryValue[0] = regionId
	queryType[1] = "transactionType"
	queryValue[1] = transactionType

	
	def expectedNumAmpersands = 4

	// _metaHref
	hrefJson = json.plans._meta.href 
	VerifyHrefPathAndParams(hrefLink, limit, offset, sortType, queryType, queryValue, expectedNumAmpersands, hrefJson, log)

	// _metaHrefNext
	hrefJson = json.plans._meta.hrefNext 
	def offsetHrefNext = (offset + limit)
	VerifyHrefPathAndParams(hrefLink, limit, offsetHrefNext, sortType, queryType, queryValue, expectedNumAmpersands, hrefJson, log)

	// _metaHrefStart
	hrefJson = json.plans._meta.hrefStart 
	offsetVal = 0
	VerifyHrefPathAndParams(hrefLink, limit, offsetVal, sortType, queryType, queryValue, expectedNumAmpersands, hrefJson, log)

	// _metaHrefEnd
	hrefJson = json.plans._meta.hrefEnd 
	def offsetHrefEnd = soapUIScripts.CommonMethods.GetOffsetValueForHrefEnd(limit, totalCount, log)
	VerifyHrefPathAndParams(hrefLink, limit, offsetHrefEnd, sortType, queryType, queryValue, expectedNumAmpersands, hrefJson, log)

	// _metaHrefPrevious
	hrefJson = json.plans._meta.hrefPrevious 
	int intOffset = offset as int 
	int intLimit = limit as int

	// offset for metaHrefPrevious is offset - limit. if result is negative, offset = 0.
	if(intOffset - intLimit <= 0)
	{
		offsetVal = "0"
	}
	else
	{
		int tempInt = intOffset - intLimit	
		offsetVal = tempInt as String
	}

	VerifyHrefPathAndParams(hrefLink, limit, offsetVal, sortType, queryType, queryValue, expectedNumAmpersands, hrefJson, log)
	
}	



// this verifies the href json href link passed in has all the values passed in, after the values have adjustments made to
// them to make it possible to locate each expected part of the href. the number of "&" characters is verified and then
// the expected expected size of the json href link is checked.
static void VerifyHrefPathAndParams(hrefLink, limit, offset, sortType, queryType, queryValue, expectedNumAmpersands, json, log)
{
	//log.info json
	def limitStr = "limit=" + limit
	def offsetStr =  "offset=" + offset
	int totalNumCharsExpected = 0
	def sortStr = ""
	def queryStr = []
	
	if(sortType == "true")
	{
		sortStr = "sortAscending=true"
	}
	else
	{
		sortStr = "sortAscending=false"	
	}
	
	queryStr[0] = queryType[0] + "=" + queryValue[0] // for transactionType
	queryStr[1] = queryType[1] + "=" + queryValue[1] // for region

	// now add all query items and href link to a list 
	def itemList = []
	itemList.add(limitStr)
	itemList.add(offsetStr)
	itemList.add(sortStr)	
	itemList.add(queryStr[0])	
	itemList.add(queryStr[1])
	itemList.add(hrefLink)	

	// now go through each query item in the list and the href and make sure it is in the json response. also total up the number of characters.
	for(str in itemList)
	{
		if(!json.contains(str))
		{
		log.info "Item " + str + " is not found in the Href path. Throwing error in method 'VerifyHrefPathAndParams'"
		throw new RuntimeException("Item " + str + " is not found in the Href path. Throwing error in method 'VerifyHrefPathAndParams'")
		}
		totalNumCharsExpected += str.size()
	}

	if(!VerifyNumberOfAmpersands(expectedNumAmpersands, json)) // this verfies correct number of ampersands.
	{
		log.info "Number of ampersands in json response passed into 'VerifyHrefPathAndParams' method is incorrect"
		throw new RuntimeException("Number of ampersands in json response passed into 'VerifyHrefPathAndParams' method is incorrect")
	}

	// verify the total number of cbaracters that were verified in the json string equals the size of the actual json string.	
	if((totalNumCharsExpected + expectedNumAmpersands) != json.size())
	{
		log.info "String size " + json.size() + " of json response does not equal the number of cbaracters " +  (totalNumCharsExpected + expectedNumAmpersands) + " that were verified in method 'VerifyHrefPathAndParams'."
		throw new RuntimeException("String size of json response "  + json.size() + " does not equal the number of cbaracters " +  (totalNumCharsExpected + expectedNumAmpersands) + " that were verified in method 'VerifyHrefPathAndParams'.")
	}

	//log.info "href ok: " + json

}


// this finds the number of '&' characters and verifys if the json string passed in has the 
// expected amount. returns true if expected amount is correct else false.
static boolean VerifyNumberOfAmpersands(expectedNumberAmpersands, json)
{
	StringBuilder strTest =  new StringBuilder(json)
	
	int pos = -1; // search starts at pos+1, so set pos to -1 to start search at zero
	int x = 0 // this will keep count of number of ampersands ("&")
	
	while (true) { // break out of the loop when there are no further matches
		pos = strTest.indexOf("&", pos+1); // Look for the desired character starting one character past the pos
	
		if (pos < 0) break; // If the character is not found, end the loop
		x++
	}
	
	if(x == expectedNumberAmpersands)
	{
		return true
	}
	else
	{
		return false
	}
	
}



]]></script></con:config></con:testStep><con:testStep type="goto" name="Conditional" id="219a887d-778a-458d-af6b-9d8bc54a6a8f"><con:settings/><con:config xsi:type="con:GotoStep" xmlns:xsi="http://www.w3.org/2001/XMLSchema-instance"><con:condition><con:name>Condition 1</con:name><con:type>XPATH</con:type><con:expression>declare namespace ns1='https://tg-mobility.cloudhub.io/mobility/v1/catalog/plans';
//ns1:Response[1]/ns1:plans[1]/ns1:_meta[1]/ns1:totalCount[1] > ${#TestCase#offsetNew}</con:expression></con:condition></con:config></con:testStep><con:testStep type="restrequest" name="GetPlanById" id="55b0ba30-5f76-4e5e-89e7-37d561cd7a2f"><con:settings/><con:config service="https://tg-mobility.cloudhub.io" resourcePath="/catalog/plans/{id}" methodName="Method 1" xsi:type="con:RestRequestStep" xmlns:xsi="http://www.w3.org/2001/XMLSchema-instance"><con:restRequest name="GetPlanById" id="eff9ed00-3612-45af-83ac-3e6291855126" mediaType="application/json"><con:settings><con:setting id="com.eviware.soapui.impl.wsdl.WsdlRequest@request-headers">&lt;xml-fragment/></con:setting></con:settings><con:endpoint>${#TestCase#URL}</con:endpoint><con:request/><con:originalUri>https://tg-mobility.cloudhub.io/mobility/v1/catalog/plans11658663895</con:originalUri><con:assertion type="Valid HTTP Status Codes" id="47789896-45e2-4f82-9e15-04da4b2174f2" name="Valid HTTP Status Codes"><con:settings/><con:configuration><codes>200</codes></con:configuration></con:assertion><con:assertion type="Simple Contains" id="5e8f1b97-616b-4d50-8d7a-4a1b21b47ebb" name="Contains Plan Id from request"><con:configuration><token>${#TestCase#planId}</token><ignoreCase>false</ignoreCase><useRegEx>false</useRegEx></con:configuration></con:assertion><con:assertion type="JsonPath Match" id="b8056caf-dfbc-4257-9765-c5117d8a20b2" name="Match content of [description]"><con:configuration><path>$.optionalFeatures[0].description</path><content>Unlimited Push to Talk</content><allowWildcards>false</allowWildcards><ignoreNamspaceDifferences>false</ignoreNamspaceDifferences><ignoreComments>false</ignoreComments></con:configuration></con:assertion><con:assertion type="JsonPath Match" id="de0a334a-3a1b-47fa-9d29-de9b0b049aca" name="Match content of [id]"><con:configuration><path>$.optionalFeatures[0].id</path><content>951</content><allowWildcards>false</allowWildcards><ignoreNamspaceDifferences>false</ignoreNamspaceDifferences><ignoreComments>false</ignoreComments></con:configuration></con:assertion><con:assertion type="JsonPath Match" id="22e06625-1830-4519-b3e8-f5627dab745c" name="Match content of [amount]"><con:configuration><path>$.optionalFeatures[0].price.amount</path><content>300.0</content><allowWildcards>false</allowWildcards><ignoreNamspaceDifferences>false</ignoreNamspaceDifferences><ignoreComments>false</ignoreComments></con:configuration></con:assertion><con:assertion type="JsonPath Match" id="ad217ca3-6a5d-4616-a799-d20e3d70f2b4" name="Match content of [currencyCode]"><con:configuration><path>$.optionalFeatures[0].price.currencyCode</path><content>USD</content><allowWildcards>false</allowWildcards><ignoreNamspaceDifferences>false</ignoreNamspaceDifferences><ignoreComments>false</ignoreComments></con:configuration></con:assertion><con:assertion type="JsonPath Match" id="bce313f2-aaef-4f26-a50d-5d304f1332c5" name="Match content of [recurrence]"><con:configuration><path>$.optionalFeatures[0].price.recurrence</path><content>MONTHLY</content><allowWildcards>false</allowWildcards><ignoreNamspaceDifferences>false</ignoreNamspaceDifferences><ignoreComments>false</ignoreComments></con:configuration></con:assertion><con:assertion type="JsonPath Match" id="bb9b8ae5-7bc2-49a7-9827-75193efd5dce" name="Match content of [description]"><con:configuration><path>$.optionalFeatures[1].description</path><content>Extended Warranty</content><allowWildcards>false</allowWildcards><ignoreNamspaceDifferences>false</ignoreNamspaceDifferences><ignoreComments>false</ignoreComments></con:configuration></con:assertion><con:assertion type="JsonPath Match" id="340799c4-56b8-4fdc-aefd-af975df4f093" name="Match content of [id]"><con:configuration><path>$.optionalFeatures[1].id</path><content>88</content><allowWildcards>false</allowWildcards><ignoreNamspaceDifferences>false</ignoreNamspaceDifferences><ignoreComments>false</ignoreComments></con:configuration></con:assertion><con:assertion type="JsonPath Match" id="c7b92192-d6c5-407b-8c82-fdc87d7d7c89" name="Match content of [amount]"><con:configuration><path>$.optionalFeatures[1].price.amount</path><content>200.0</content><allowWildcards>false</allowWildcards><ignoreNamspaceDifferences>false</ignoreNamspaceDifferences><ignoreComments>false</ignoreComments></con:configuration></con:assertion><con:assertion type="JsonPath Match" id="00586de5-3530-4f9a-82b2-e1ed5318a150" name="Match content of [currencyCode]"><con:configuration><path>$.optionalFeatures[1].price.currencyCode</path><content>USD</content><allowWildcards>false</allowWildcards><ignoreNamspaceDifferences>false</ignoreNamspaceDifferences><ignoreComments>false</ignoreComments></con:configuration></con:assertion><con:assertion type="JsonPath Match" id="5953603e-3e2c-4f57-8a83-d301a2310f98" name="Match content of [recurrence]"><con:configuration><path>$.optionalFeatures[1].price.recurrence</path><content>MONTHLY</content><allowWildcards>false</allowWildcards><ignoreNamspaceDifferences>false</ignoreNamspaceDifferences><ignoreComments>false</ignoreComments></con:configuration></con:assertion><con:credentials><con:selectedAuthProfile>No Authorization</con:selectedAuthProfile><con:authType>No Authorization</con:authType></con:credentials><con:jmsConfig JMSDeliveryMode="PERSISTENT"/><con:parameters>
  <con:entry key="Authorization" value="Bearer ${#TestCase#AccessToken}"/>
  <con:entry key="X-TNGO-TENANT" value="${#TestCase#Tenant}"/>
  <con:entry key="id" value="${#TestCase#planId}"/>
  <con:entry key="client_secret" value="${#TestCase#client_secret}"/>
  <con:entry key="client_id" value="${#TestCase#client_Id}"/>
</con:parameters><con:parameterOrder><con:entry>X-TNGO-TENANT</con:entry><con:entry>Authorization</con:entry><con:entry>client_id</con:entry><con:entry>client_secret</con:entry><con:entry>id</con:entry></con:parameterOrder></con:restRequest></con:config></con:testStep><con:testStep type="groovy" name="VerifyJSONResponsePlanId" id="3422f072-a4d7-4233-ba33-4b3685ac30c3"><con:settings/><con:config><script>import groovy.json.JsonSlurper 

def groovyUtils = new com.eviware.soapui.support.GroovyUtils( context ); 
def testCase = context.testCase; 
def testStep = testCase.getTestStepByName("GetPlanById") 

//  need for external call.
testRunner = new com.eviware.soapui.impl.wsdl.testcase.WsdlTestCaseRunner(testCase, null); 
testStepContext = new com.eviware.soapui.impl.wsdl.testcase.WsdlTestRunContext(testStep); 

// get response of last test step run.
def response = testStep.testRequest.messageExchange.response.responseContent
def slurper = new JsonSlurper()
def json = slurper.parseText response


/* Expected Values */

String id = context.planId
String metaHref = context.metaHref
String name = context.name
String priceAmount = context.amount
String priceCurrencyCode = context.currencyCode
String priceRecurrence = context.recurrence
String vendorId  = context.vendorId
String vendorMetaHref = context.vendorMetaHref
String vendorName = context.vendorName
String vendorLogoUrl = context.vendorLogoUrl

String includedFeaturesDescription // verified on assertion on GET request step
String optionalFeaturesId // verified on assertion on GET request step
String optionalFeaturesDescription // verified on assertion on GET request step
String optionalFeaturesPriceAmount // verified on assertion on GET request step
String optionalFeaturesPriceCurrencyCode // verified on assertion on GET request step
String optionalFeaturesPriceRecurrence // verified on assertion on GET request step


/* Verify expected results */

CompareItemsTwoStrings(json._meta.href, metaHref)
CompareItemsTwoStrings(json.id, id)
CompareItemsTwoStrings(json.name, name)
CompareItemsTwoStrings(json.price.amount, priceAmount)
CompareItemsTwoStrings(json.price.currencyCode, priceCurrencyCode)
CompareItemsTwoStrings(json.price.recurrence, priceRecurrence)
CompareItemsTwoStrings(json.vendor._meta.href, vendorMetaHref)
CompareItemsTwoStrings(json.vendor.id, vendorId)
CompareItemsTwoStrings(json.vendor.name, vendorName)
CompareItemsTwoStrings(json.vendor.logoUrl, vendorLogoUrl)

/*
CompareItemsTwoStrings(json.includedFeatures[0].description, includedFeaturesDescription1)
CompareItemsTwoStrings(json.optionalFeatures.id, optionalFeaturesId)
CompareItemsTwoStrings(json.optionalFeatures.description, optionalFeaturesDescription)
CompareItemsTwoStrings(json.optionalFeatures.price.amount, optionalFeaturesPriceAmount)
CompareItemsTwoStrings(json.optionalFeatures.price.currencyCode, optionalFeaturesPriceCurrencyCode)
CompareItemsTwoStrings(json.optionalFeatures.price.recurrence, optionalFeaturesPriceRecurrence)
*/


/* Methods */

void CompareItemsTwoStrings(json, expectedValueString)
{
	String jsonString = json
	
	// this will show each compare being made - DEBUG ONLY ${#TestCase#companyEmployeeId}
	//log.info "Json: " + jsonString + " Expected: " + expectedValueString 
	assert(jsonString == expectedValueString) 
	// this seems to remove the "{" and "}" from the json string.
}

</script></con:config></con:testStep><con:properties><con:property><con:name>Tenant</con:name><con:value>XX1</con:value></con:property><con:property><con:name>limit</con:name><con:value>100</con:value></con:property><con:property><con:name>offset</con:name><con:value>0</con:value></con:property><con:property><con:name>companyEmployeeId</con:name><con:value>Dudley.Doright2.XX1</con:value></con:property><con:property><con:name>AccessToken</con:name><con:value>HFzRSEJBw9m5eLxx66n5fLESjL7YZWgRnzMG-3VuQkF6q7vM-6oh6mMMiY5q56LvnfXu6-QFh7yAdA9NuOev8Q</con:value></con:property><con:property><con:name>RefreshToken</con:name><con:value>MN92nNfS3iq852hWthrjJG3lsesTMovc9wc9jbzQAwVymRm62O93u6GXK10V3mtCj8dg8RtDTvUP_Spxm0L_kQ</con:value></con:property><con:property><con:name>RegionId</con:name><con:value>70144640</con:value></con:property><con:property><con:name>RegionIdRequest</con:name><con:value>70144640</con:value></con:property><con:property><con:name>transactionType</con:name><con:value>NEW_ACTIVATION</con:value></con:property><con:property><con:name>sortAscending</con:name><con:value>true</con:value></con:property><con:property><con:name>DeviceId</con:name><con:value>35972122</con:value></con:property><con:property><con:name>ServiceId</con:name><con:value>39039354</con:value></con:property><con:property><con:name>EmployeeId</con:name><con:value>28696123</con:value></con:property><con:property><con:name>DepartmentId</con:name><con:value>11569020350</con:value></con:property><con:property><con:name>LogoUrl</con:name><con:value>https://qa1cmd.tangoe.com/</con:value></con:property><con:property><con:name>planId</con:name><con:value>6568886494</con:value></con:property><con:property><con:name>metaHref</con:name><con:value>https://tg-mobility.cloudhub.io/mobility/v1/catalog/plans/6568886494</con:value></con:property><con:property><con:name>name</con:name><con:value>Nationwide for Business Talk Share Plan</con:value></con:property><con:property><con:name>amount</con:name><con:value>38.69</con:value></con:property><con:property><con:name>currencyCode</con:name><con:value>USD</con:value></con:property><con:property><con:name>recurrence</con:name><con:value>MONTHLY</con:value></con:property><con:property><con:name>vendorId</con:name><con:value>105</con:value></con:property><con:property><con:name>vendorMetaHref</con:name><con:value>https://tg-mobility.cloudhub.io/mobility/v1/vendors/98</con:value></con:property><con:property><con:name>vendorName</con:name><con:value>Verizon Wireless</con:value></con:property><con:property><con:name>vendorLogoUrl</con:name><con:value>https://commcareqa.tangoe.com/manage/images/carrier/logo_VER.gif</con:value></con:property><con:property><con:name>offsetNew</con:name><con:value>2</con:value></con:property><con:property><con:name>limitNew</con:name><con:value>2</con:value></con:property><con:property><con:name>client_id</con:name><con:value>3c276cecdc674aabb5456f54b605bbbf</con:value></con:property><con:property><con:name>client_secret</con:name><con:value>c513c4a67492405d95CE4DB4B40B73FF</con:value></con:property><con:property><con:name>URL</con:name><con:value>https://tngo-qa-mobproc-cmd.cloudhub.io/mobproc/v1.qa</con:value></con:property><con:property><con:name>compatibleDeviceId</con:name><con:value>9194740242</con:value></con:property><con:property><con:name>vendorAssertion</con:name><con:value>3195</con:value></con:property></con:properties><con:reportParameters/><con:breakPoints><con:testStepId>720609e9-f887-4746-ba06-0860d3727781</con:testStepId><con:status>NONE</con:status><con:properties/></con:breakPoints><con:breakPoints><con:testStepId>09fa58c3-c689-4dc4-b465-6a158927ddb5</con:testStepId><con:status>NONE</con:status><con:properties/></con:breakPoints><con:breakPoints><con:testStepId>3422f072-a4d7-4233-ba33-4b3685ac30c3</con:testStepId><con:status>NONE</con:status><con:properties/></con:breakPoints><con:breakPoints><con:testStepId>55b0ba30-5f76-4e5e-89e7-37d561cd7a2f</con:testStepId><con:status>NONE</con:status><con:properties/></con:breakPoints><con:breakPoints><con:testStepId>e9892109-b726-4a5d-ac83-de729b9501c3</con:testStepId><con:status>NONE</con:status><con:properties/></con:breakPoints><con:breakPoints><con:testStepId>ba5b719c-9170-40c5-af1c-e5a269a41f9b</con:testStepId><con:status>NONE</con:status><con:properties/></con:breakPoints><con:breakPoints><con:testStepId>8c60ec92-5f64-4f68-8fb5-12c30e7cfda4</con:testStepId><con:status>NONE</con:status><con:properties/></con:breakPoints><con:breakPoints><con:testStepId>82b5d899-0898-4ead-9b1a-cc173ddfcab8</con:testStepId><con:status>NONE</con:status><con:properties/></con:breakPoints><con:breakPoints><con:testStepId>01f93dda-2b21-4acb-8781-5336cb942bc7</con:testStepId><con:status>NONE</con:status><con:properties/></con:breakPoints><con:breakPoints><con:testStepId>0fd402fa-b0f8-4a06-aac4-033bb180c8f7</con:testStepId><con:status>NONE</con:status><con:properties/></con:breakPoints><con:breakPoints><con:testStepId>07777c11-6909-4342-a7fe-f6df69a3ff09</con:testStepId><con:status>NONE</con:status><con:properties/></con:breakPoints><con:breakPoints><con:testStepId>87a455e4-f6fb-41fc-b86b-38e90b216ce1</con:testStepId><con:status>NONE</con:status><con:properties/></con:breakPoints></con:testCase><con:properties/><con:reportParameters/></con:testSuite><con:requirements/><con:properties/><con:wssContainer/><con:databaseConnectionContainer/><con:oAuth2ProfileContainer/><con:reporting><con:reportTemplates/><con:xmlTemplates/><con:xmlTemplates/><con:parameters/><con:parameters/></con:reporting><con:reporting/><con:authRepository/><con:tags/></con:soapui-project>