<?xml version="1.0" encoding="UTF-8"?>
<con:soapui-project id="06c03165-5fad-4b5b-9515-782678247545" activeEnvironment="Default environment" name="API_Ping" lastOpened="2016-04-01T09:54:17.315-04:00" resourceRoot="" soapui-version="6.0.0" xmlns:con="http://eviware.com/soapui/config"><con:settings/><con:interface xsi:type="con:RestService" id="b297404b-bd83-427b-9062-ee145625ded1" wadlVersion="http://wadl.dev.java.net/2009/02" name="https://tg-mobility.cloudhub.io" type="rest" xmlns:xsi="http://www.w3.org/2001/XMLSchema-instance"><con:settings/><con:definitionCache type="TEXT" rootPart=""/><con:endpoints><con:endpoint>https://tg-mobility.cloudhub.io</con:endpoint></con:endpoints><con:resource name="Ping" path="/ping" id="a66a365b-b8b1-472e-818e-0dc76725470a"><con:settings/><con:parameters><con:parameter><con:name>echoText</con:name><con:value>Hello World!</con:value><con:style>QUERY</con:style><con:default>Hello World!</con:default><con:path xsi:nil="true"/><con:description xsi:nil="true"/></con:parameter><con:parameter><con:name>X-TNGO-TENANT</con:name><con:value/><con:style>HEADER</con:style><con:default/><con:description xsi:nil="true"/></con:parameter><con:parameter><con:name>Authorization</con:name><con:value/><con:style>HEADER</con:style><con:default/><con:description xsi:nil="true"/></con:parameter><con:parameter><con:name>client_id</con:name><con:value/><con:style>HEADER</con:style><con:default/><con:description xsi:nil="true"/></con:parameter><con:parameter><con:name>client_secret</con:name><con:value/><con:style>HEADER</con:style><con:default/><con:description xsi:nil="true"/></con:parameter></con:parameters><con:method name="Ping" id="19d0ad33-b94a-4ad5-b9a1-2aee3bee4b86" method="GET"><con:settings/><con:parameters/><con:representation type="FAULT"><con:mediaType>application/json</con:mediaType><con:status>403</con:status><con:params/><con:element xmlns:ping="https://tg-mobility.cloudhub.io/mobility/v1/ping">ping:Fault</con:element></con:representation><con:representation type="RESPONSE"><con:mediaType>application/json;charset=UTF-8</con:mediaType><con:status>200</con:status><con:params/><con:element xmlns:ping="https://tg-mobility.cloudhub.io/mobility/v1/ping">ping:Response</con:element></con:representation><con:request name="Request 1" id="f6f38011-d10b-487e-b6f9-7f92b706f58c" mediaType="application/json"><con:settings><con:setting id="com.eviware.soapui.impl.wsdl.WsdlRequest@request-headers">&lt;xml-fragment/></con:setting></con:settings><con:endpoint>none</con:endpoint><con:request/><con:credentials><con:selectedAuthProfile>No Authorization</con:selectedAuthProfile><con:authType>No Authorization</con:authType></con:credentials><con:jmsConfig JMSDeliveryMode="PERSISTENT"/><con:parameters><entry key="echoText" value="Hello World!" xmlns="http://eviware.com/soapui/config"/></con:parameters><con:parameterOrder><con:entry>X-TNGO-TENANT</con:entry><con:entry>Authorization</con:entry><con:entry>echoText</con:entry><con:entry>client_id</con:entry><con:entry>client_secret</con:entry></con:parameterOrder></con:request></con:method></con:resource></con:interface><con:testSuite id="4c177587-ca94-4316-add3-6f6a43f8e4ac" name="TestSuitePing"><con:settings/><con:runType>SEQUENTIAL</con:runType><con:testCase id="1f2891e5-d0b5-405a-b884-61bfeaa21311" discardOkResults="true" failOnError="true" failTestCaseOnErrors="true" keepSession="false" name="TestCasePing" searchProperties="true"><con:settings/><con:testStep type="groovy" name="SetupPing" id="76d0bec8-c198-490e-9894-dc93b67b7f31"><con:settings/><con:config><script>// /////////////////////////////////////////////
// This sets up all of the test case properties
// /////////////////////////////////////////////

def groovyUtils = new com.eviware.soapui.support.GroovyUtils( context ); 
def projectPath = groovyUtils.projectPath //gets the path of the project root

// this is sanity check with a simple call. all this does is verify a simple connection 
// to the external clases by logging a message in log window.
soapUIScripts.CommonMethods.StaticMethod(log) 

// setup test case properties stored in 'DudleyDorightDataActions' class.
soapUIScripts.DudleyDorightDataActions.SetupTestCaseProperties(log, testRunner) 

// read in token pair and put in test case properties.
// NOTE: token pair must be in same folder as project
//       token pair must be up to date (not expired)
assert(soapUIScripts.CommonMethods.ReadTokenPair(projectPath + "\\" + "TokenPair.txt", log, testRunner) == true)

// need client info and URL.
def userIdsFileName = projectPath + "\\" + "DudleyDoright.txt"
assert soapUIScripts.CommonMethods.ReadUserIdsURL(userIdsFileName, log, testRunner) == true



testRunner.testCase.setPropertyValue("echoText", "Hello World!")</script></con:config></con:testStep><con:testStep type="restrequest" name="Ping" id="1bfae87f-1e5a-4ef3-8c27-e175dac3051f"><con:settings/><con:config service="https://tg-mobility.cloudhub.io" resourcePath="/ping" methodName="Ping" xsi:type="con:RestRequestStep" xmlns:xsi="http://www.w3.org/2001/XMLSchema-instance"><con:restRequest name="Ping" id="f6f38011-d10b-487e-b6f9-7f92b706f58c" mediaType="application/json"><con:settings><con:setting id="com.eviware.soapui.impl.wsdl.WsdlRequest@request-headers">&lt;xml-fragment/></con:setting></con:settings><con:endpoint>${#TestCase#URL}</con:endpoint><con:request/><con:originalUri>https://tg-mobility.cloudhub.io/mobility/v1/ping</con:originalUri><con:assertion type="JsonPath Match" id="870f1319-3c19-4727-8bb5-36c4d76ff076" name="Match content of [deployment]"><con:configuration><path>$.deployment</path><content>test</content><allowWildcards>false</allowWildcards><ignoreNamspaceDifferences>false</ignoreNamspaceDifferences><ignoreComments>false</ignoreComments></con:configuration></con:assertion><con:assertion type="JsonPath Match" id="a5cb150a-8896-4064-b474-c0c495b2b347" name="Match content of [echoText]"><con:configuration><path>$.echoText</path><content>Hello World!</content><allowWildcards>false</allowWildcards><ignoreNamspaceDifferences>false</ignoreNamspaceDifferences><ignoreComments>false</ignoreComments></con:configuration></con:assertion><con:assertion type="JsonPath Match" id="c5a3bb11-566f-4c45-b795-81573cc39979" name="Match content of [endpoint]"><con:configuration><path>$.endpoint</path><content>MOB</content><allowWildcards>false</allowWildcards><ignoreNamspaceDifferences>false</ignoreNamspaceDifferences><ignoreComments>false</ignoreComments></con:configuration></con:assertion><con:assertion type="JsonPath Match" id="8f281228-6f92-468f-8b57-1340f9593320" name="Match content of [system]"><con:configuration><path>$.system</path><content>CMD</content><allowWildcards>false</allowWildcards><ignoreNamspaceDifferences>false</ignoreNamspaceDifferences><ignoreComments>false</ignoreComments></con:configuration></con:assertion><con:credentials><con:selectedAuthProfile>No Authorization</con:selectedAuthProfile><con:authType>No Authorization</con:authType></con:credentials><con:jmsConfig JMSDeliveryMode="PERSISTENT"/><con:parameters>
  <con:entry key="Authorization" value="Bearer ${#TestCase#AccessToken}"/>
  <con:entry key="X-TNGO-TENANT" value="${#TestCase#Tenant}"/>
  <con:entry key="echoText" value="${#TestCase#echoText}"/>
  <con:entry key="client_secret" value="${#TestCase#client_Id}"/>
  <con:entry key="client_id" value="${#TestCase#client_Id}"/>
</con:parameters><con:parameterOrder><con:entry>X-TNGO-TENANT</con:entry><con:entry>Authorization</con:entry><con:entry>echoText</con:entry><con:entry>client_id</con:entry><con:entry>client_secret</con:entry></con:parameterOrder></con:restRequest></con:config></con:testStep><con:testStep type="groovy" name="VerifyJSONResponsePing" id="dac22fcc-f4be-45cf-852b-ab1dfdd29230"><con:settings/><con:config><script>import groovy.json.JsonSlurper 
import java.text.SimpleDateFormat;
import java.util.Date;

def groovyUtils = new com.eviware.soapui.support.GroovyUtils( context ); 
def testCase = context.testCase; 
def testStep = testCase.getTestStepByName("Ping") 

//  need for external call.
testRunner = new com.eviware.soapui.impl.wsdl.testcase.WsdlTestCaseRunner(testCase, null); 
testStepContext = new com.eviware.soapui.impl.wsdl.testcase.WsdlTestRunContext(testStep); 

// get response of last test step run.
def response = testStep.testRequest.messageExchange.response.responseContent
def slurper = new JsonSlurper()
def json = slurper.parseText response



/* Expected Values */

Date currentDate = new Date();
SimpleDateFormat format = format = new SimpleDateFormat("yyyy-MM-dd");
String shortDate = format.format(currentDate);

String deployment = "test"
String echoText = testRunner.testCase.getPropertyValue("echoText")
String endpoint = "MOB"
String serverTime = shortDate
String system = "CMD"


/* Verify expected results */

CompareItemsTwoStrings(json.deployment, deployment)
CompareItemsTwoStrings(json.echoText, echoText)
CompareItemsTwoStrings(json.endpoint, endpoint)
CompareItemsTwoStrings(trimDate(json.serverTime), serverTime)
CompareItemsTwoStrings(json.system, system)


/* Methods */

void CompareItemsTwoStrings(json, expectedValueString)
{
	String jsonString = json
	
	// this will show each compare being made - DEBUG ONLY
	log.info "Json: " + jsonString + " Expected: " + expectedValueString 
	assert(jsonString == expectedValueString) 

}


/* Converts date 
 *  from: YYYY-MM-DDThh:mm:ssZ 
 *  to: YYYY-MM-DD  */
String trimDate(fullDate)
{
	def dateNoHour = fullDate.split("T")
	String shortDate = dateNoHour[0]
	
	return shortDate  
}



</script></con:config></con:testStep><con:properties><con:property><con:name>Tenant</con:name><con:value>XX1</con:value></con:property><con:property><con:name>limit</con:name><con:value>10</con:value></con:property><con:property><con:name>offset</con:name><con:value>0</con:value></con:property><con:property><con:name>companyEmployeeId</con:name><con:value>Dudley.Doright2.XX1</con:value></con:property><con:property><con:name>AccessToken</con:name><con:value>4wS1x3f2HYZRyZeogn2qAmHHsvQn61cMA0_uNEgy3avP5xat5C3ujw_QP40mP_2bxzovbPc8RDGBYyHC_dMLwQ</con:value></con:property><con:property><con:name>RefreshToken</con:name><con:value>QYgMtSkPFBJRhIJ4PHyLzLtWrbjwZU3JoCUvpYeqdB68YDJ4gWPhaMxC1kbb3ben21cST61oTVmz8ntW8HgucA</con:value></con:property><con:property><con:name>echoText</con:name><con:value>Hello World!</con:value></con:property><con:property><con:name>DeviceId</con:name><con:value>35433799</con:value></con:property><con:property><con:name>ServiceId</con:name><con:value>38456907</con:value></con:property><con:property><con:name>EmployeeId</con:name><con:value>28680024</con:value></con:property><con:property><con:name>DepartmentId</con:name><con:value>11569020350</con:value></con:property><con:property><con:name>LogoUrl</con:name><con:value>https://commcareqa.tangoe.com/</con:value></con:property><con:property><con:name>client_id</con:name><con:value>3c276cecdc674aabb5456f54b605bbbf</con:value></con:property><con:property><con:name>client_secret</con:name><con:value>c513c4a67492405d95CE4DB4B40B73FF</con:value></con:property><con:property><con:name>URL</con:name><con:value>https://tngo-qa-mobproc.cloudhub.io/mobproc/v1.qa</con:value></con:property></con:properties><con:reportParameters/></con:testCase><con:properties/><con:reportParameters/></con:testSuite><con:requirements/><con:properties/><con:wssContainer/><con:databaseConnectionContainer/><con:oAuth2ProfileContainer/><con:reporting><con:reportTemplates/><con:xmlTemplates/><con:xmlTemplates/><con:parameters/><con:parameters/></con:reporting><con:reporting/><con:authRepository/><con:tags/></con:soapui-project>