<?xml version="1.0" encoding="UTF-8"?>
<con:soapui-project id="f3a56f59-8c8f-486b-b120-244fb0e090c4" activeEnvironment="Default environment" name="API_AssetsServicesId" resourceRoot="" soapui-version="6.0.0" abortOnError="false" runType="SEQUENTIAL" lastOpened="2016-07-06T11:02:54.126-04:00" xmlns:con="http://eviware.com/soapui/config"><con:settings/><con:interface xsi:type="con:RestService" id="98104a6b-e103-4223-ab31-c10e5cc4aa20" wadlVersion="http://wadl.dev.java.net/2009/02" name="http://tg-mobility.cloudhub.io" type="rest" xmlns:xsi="http://www.w3.org/2001/XMLSchema-instance"><con:settings/><con:definitionCache type="TEXT" rootPart=""/><con:endpoints><con:endpoint>http://tg-mobility.cloudhub.io</con:endpoint></con:endpoints><con:resource name="Services" path="/assets/services/{id}" id="c2c2997f-4447-4755-a3e9-63ab3fbab649"><con:settings/><con:parameters><con:parameter><con:name>X-TNGO-TENANT</con:name><con:value/><con:style>HEADER</con:style><con:default/><con:description xsi:nil="true"/></con:parameter><con:parameter><con:name>limit</con:name><con:value/><con:style>QUERY</con:style><con:default/><con:description xsi:nil="true"/></con:parameter><con:parameter><con:name>offset</con:name><con:value/><con:style>QUERY</con:style><con:default/><con:description xsi:nil="true"/></con:parameter><con:parameter><con:name>Authorization</con:name><con:value/><con:style>HEADER</con:style><con:default/><con:description xsi:nil="true"/></con:parameter><con:parameter><con:name>id</con:name><con:value>123</con:value><con:style>TEMPLATE</con:style><con:default>123</con:default></con:parameter><con:parameter><con:name>client_id</con:name><con:value/><con:style>HEADER</con:style><con:default/><con:description xsi:nil="true"/></con:parameter><con:parameter><con:name>client_secret</con:name><con:value/><con:style>HEADER</con:style><con:default/><con:description xsi:nil="true"/></con:parameter></con:parameters><con:method name="Services" id="eb097b0c-abf1-4e47-94c6-fd6824301ff4" method="GET"><con:settings/><con:parameters/><con:representation type="FAULT"><con:mediaType>application/json</con:mediaType><con:status>403 400 500</con:status><con:params/><con:element xmlns:ser="http://tg-mobility.cloudhub.io/mobility/v1/assets/services">ser:Fault</con:element></con:representation><con:representation type="RESPONSE"><con:mediaType>application/json;charset=UTF-8</con:mediaType><con:status>200</con:status><con:params/><con:element xmlns:ser="http://tg-mobility.cloudhub.io/mobility/v1/assets/services">ser:Response</con:element></con:representation><con:representation type="FAULT"><con:mediaType xsi:nil="true"/><con:status>404</con:status><con:params/><con:element>data</con:element></con:representation><con:representation type="FAULT"><con:mediaType xsi:nil="true"/><con:status>404</con:status><con:params/><con:element>data</con:element></con:representation><con:representation type="RESPONSE"><con:mediaType xsi:nil="true"/><con:status>0</con:status><con:params/><con:element>data</con:element></con:representation><con:representation type="RESPONSE"><con:mediaType xsi:nil="true"/><con:status>0</con:status><con:params/><con:element>data</con:element></con:representation><con:representation type="RESPONSE"><con:mediaType xsi:nil="true"/><con:status>0</con:status><con:params/><con:element>data</con:element></con:representation><con:request name="getAllServices" id="46d81593-8596-48cc-88dd-26415d894d8d" mediaType="application/json"><con:settings><con:setting id="com.eviware.soapui.impl.wsdl.WsdlRequest@request-headers">&lt;xml-fragment/></con:setting></con:settings><con:endpoint>Nothing</con:endpoint><con:request/><con:originalUri>http://tg-mobility.cloudhub.io/mobility/v1/assets/services</con:originalUri><con:credentials><con:selectedAuthProfile>No Authorization</con:selectedAuthProfile><con:authType>No Authorization</con:authType></con:credentials><con:jmsConfig JMSDeliveryMode="PERSISTENT"/><con:jmsPropertyConfig/><con:parameters>
  <con:entry key="Authorization" value="Bearer ${#TestCase#AccessToken}"/>
  <con:entry key="offset" value="0"/>
  <con:entry key="X-TNGO-TENANT" value="${#TestCase#Tenant}"/>
  <con:entry key="limit" value="${#TestCase#Limit}"/>
  <con:entry key="client_secret" value="nn"/>
  <con:entry key="client_id" value="nn"/>
</con:parameters><con:parameterOrder><con:entry>X-TNGO-TENANT</con:entry><con:entry>limit</con:entry><con:entry>offset</con:entry><con:entry>Authorization</con:entry><con:entry>id</con:entry><con:entry>client_id</con:entry><con:entry>client_secret</con:entry></con:parameterOrder></con:request></con:method></con:resource></con:interface><con:testSuite id="deee38d4-d631-431f-8ab4-18cfe4853c2b" name="TestAssetsServices"><con:settings/><con:runType>SEQUENTIAL</con:runType><con:testCase id="6bf03b37-348a-4b6b-98d6-ec32f537b077" failOnError="true" failTestCaseOnErrors="true" keepSession="false" maxResults="0" name="TestAssetsServicesOneUser" searchProperties="true"><con:description>Bob Lichtenfels  12/05/15  - updated for checkin changes. changed to have hrefs and id that goes with hrefs compared. (script name "ScriptForVerifyingJsonResponses")

Bob Lichtenfels  01/13/15 - added items for Logo URL in "ScriptForVerifyingJsonResponses".

Bob Lichtenfels  02/29/16 - update order actions expected response.

</con:description><con:settings/><con:testStep type="groovy" name="ScriptSetupTestCaseProperties" id="c99d42ee-06d6-454f-91f1-ef275977db51"><con:settings/><con:config><script>// /////////////////////////////////////////////
// This sets up all of the test case properties
// /////////////////////////////////////////////

def groovyUtils = new com.eviware.soapui.support.GroovyUtils( context ); 
def projectPath = groovyUtils.projectPath //gets the path of the project root

// this is sanity check with a simple call. all this does is verify a simple connection 
// to the external clases by logging a message in log window.
soapUIScripts.CommonMethods.StaticMethod(log) 

// setup test case properties stored in 'DudleyDorightDataActions' class.
soapUIScripts.DudleyDorightDataActions.SetupTestCaseProperties(log, testRunner) 

// read in token pair and put in test case properties.
// NOTE: token pair must be in same folder as project
//       token pair must be up to date (not expired)
assert(soapUIScripts.CommonMethods.ReadTokenPair(projectPath + "\\" + "TokenPair.txt", log, testRunner) == true)

// read user Ids and assign to test case properties.
def userIdsFileName = projectPath + "\\" + "DudleyDoright.txt"
// assert soapUIScripts.CommonMethods.ReadUserIds(userIdsFileName, log, testRunner) == true
assert soapUIScripts.CommonMethods.ReadUserIdsURL(userIdsFileName, log, testRunner) == true

</script></con:config></con:testStep><con:testStep type="restrequest" name="GetServiceOneUser" id="5670e2d0-f74d-47f4-a0cb-5c8cad0fa1cc"><con:settings/><con:config service="http://tg-mobility.cloudhub.io" resourcePath="/assets/services/{id}" methodName="Services" xsi:type="con:RestRequestStep" xmlns:xsi="http://www.w3.org/2001/XMLSchema-instance"><con:restRequest name="GetServiceOneUser" id="46d81593-8596-48cc-88dd-26415d894d8d" mediaType="application/json"><con:settings><con:setting id="com.eviware.soapui.impl.wsdl.WsdlRequest@request-headers">&lt;xml-fragment/></con:setting></con:settings><con:endpoint>${#TestCase#URL}</con:endpoint><con:request/><con:originalUri>http://tg-mobility.cloudhub.io/mobility/v1/assets/services</con:originalUri><con:assertion type="Valid HTTP Status Codes" id="c327a3a0-3a0a-4656-ba17-f5d98507b9c7" name="Valid HTTP Status Codes"><con:settings/><con:configuration><codes>200</codes></con:configuration></con:assertion><con:credentials><con:selectedAuthProfile>No Authorization</con:selectedAuthProfile><con:authType>No Authorization</con:authType></con:credentials><con:jmsConfig JMSDeliveryMode="PERSISTENT"/><con:jmsPropertyConfig/><con:parameters>
  <con:entry key="Authorization" value="Bearer ${#TestCase#AccessToken}"/>
  <con:entry key="offset" value="0"/>
  <con:entry key="X-TNGO-TENANT" value="${#TestCase#Tenant}"/>
  <con:entry key="limit" value="${#TestCase#limit}"/>
  <con:entry key="id" value="${#TestCase#serviceId}"/>
  <con:entry key="client_secret" value="${#TestCase#client_secret}"/>
  <con:entry key="client_id" value="${#TestCase#client_Id}"/>
</con:parameters><con:parameterOrder><con:entry>X-TNGO-TENANT</con:entry><con:entry>limit</con:entry><con:entry>offset</con:entry><con:entry>Authorization</con:entry><con:entry>id</con:entry><con:entry>client_id</con:entry><con:entry>client_secret</con:entry></con:parameterOrder></con:restRequest></con:config></con:testStep><con:testStep type="groovy" name="ScriptForVerifyingJsonResponses" id="9701d9d5-46e1-40e9-877e-02fed293332b"><con:settings/><con:config><script>// ///////////////////////////////////////////////////////////////////////////////////////////////////////////
// Bob Lichtenfels 10/29/ - Started
// Bob Lichtenfels 11/10/15 - Update  
// Ana Laura 11/12/13 - Finish variables and compares 
// Bob Lichtenfels 11/13/15 - Update for ID test case properties. Comment logo URL tests until we find out 
//                            how to keep them up to date.
// ///////////////////////////////////////////////////////////////////////////////////////////////////////////

import groovy.json.JsonSlurper 
def groovyUtils = new com.eviware.soapui.support.GroovyUtils( context ); 
def testCase = context.testCase; 
def testStep = testCase.getTestStepByName("GetServiceOneUser");  

def serviceId = testRunner.testCase.getPropertyValue("serviceId")
def deviceId = testRunner.testCase.getPropertyValue("deviceId")
def employeeId = testRunner.testCase.getPropertyValue("EmployeeId")
def departmentId = testRunner.testCase.getPropertyValue("DepartmentId")
def LogoUrl = testRunner.testCase.getPropertyValue("LogoUrl")
def mainEndpoint = testRunner.testCase.getPropertyValue("URL")


log.info""
log.info"--------------------------------------------- RUN SCRIPT FOR VERIFY JSON RESPONSE FOR ASSETS/SERVICES --------------------------------------------------------------------------"
log.info""

// set values for json paths
String _metaHref =   mainEndpoint +  "/assets/services/" + serviceId
String id = serviceId
String serviceNumber = "7818834749"
String status = "ACTIVE"
String contractDatesStart = "2016-09-28T05:00:00Z"
String contractDatesEnd = "2018-09-29T05:00:00Z"
String contractDatesActivated =  "2016-09-29T05:00:00Z"
String contractDatesDeactivated =  "2017-09-29T05:00:00Z"  // "2016-03-17T05:00:00Z"  // "2017-09-29T05:00:00Z" 
String contractDatesLastDeviceUpgrade = "2016-09-27T05:00:00Z"
String planName = "AT&amp;T Mobility Default"
String vendorBilling_metaHref =   mainEndpoint + "/vendors/"
// String vendorBillingId = "5" // this will only be used for comparing value with value found in href
String vendorBillingName = "AT&amp;T Mobility"
// String vendorBillingLogoUrl = "https://qa1cmd.tangoe.com/manage/images/carrier/logo_ATT.gif"
String vendorBillingLogoUrl =  LogoUrl + "manage/images/carrier/logo_ATT.gif"
String vendorCurrent_metaHref = mainEndpoint + "/vendors/"
String vendorCurrentId = "5"
String vendorCurrentName = "AT&amp;T Mobility"
String vendorCurrentLogoUrl = LogoUrl + "manage/images/carrier/logo_ATT.gif"
String device_metaHref =   mainEndpoint +  "/assets/devices/" + deviceId
String DeviceID = deviceId 
String deviceManufacturer_metaHref =  mainEndpoint + "/manufacturers/Apple"
String deviceManufacturerId = "Apple"
String deviceManufacturerName = "Apple"
String deviceManufacturerLogoUrl = "https://qa1cmd.tangoe.com/manage/images/manufacturers/Apple.gif"
//String deviceModel = "3G iPad 16GB" // bladd old
String deviceModelId = "3G iPad 16GB" // bladd new
String deviceModelName = "3G iPad 16GB" // bladd new
String deviceSimId = "2345"
String deviceAccessMethod = "UNKNOWN"
String deviceMacAddress = "665544"
String deviceCompanyAssetId = "999888"
String deviceSerialNumberType = "CAP_CODE"
String deviceSerialNumberValue = "1234567891"
String deviceOrderActions = "[ORDER_ACCESSORIES, UPDATE_FEATURES, SWAP_DEVICES, NEW_ACTIVATION, SUSPEND, DEACTIVATE, UNSUSPEND, UPGRADE, PORT_NUMBER]"
String employee_metaHref = mainEndpoint + "/employees/" + employeeId
String EmployeeId = employeeId
String employeeCompanyEmployeeId = "Dudley.Doright2.XX1"
String employeeFirstName = "Dudley"
String employeeLastName = "Doright"
String employeeStatus = "ACTIVE"
String employeeEmail = "Dudley.Doright@tangoe.com"
String employeeDepartmentId = departmentId
String employeeDepartmentName = "Marketing"
String orderActions = "[ORDER_ACCESSORIES, UPDATE_FEATURES, SWAP_DEVICES, NEW_ACTIVATION, SUSPEND, DEACTIVATE, UNSUSPEND, UPGRADE, PORT_NUMBER]"
// get response of last test step run.
def response = testStep.testRequest.messageExchange.response.responseContent
def slurper = new JsonSlurper()
def json = slurper.parseText response

// ////////////////////////////////////////////////////////////
// go through all the required response values and verify.
// ////////////////////////////////////////////////////////////
// sample below
//log.info json._meta.href
//return

CompareItemsTwo(json._meta.href, _metaHref)
CompareItemsTwo(json.id, id)
CompareItemsTwo(json.serviceNumber, serviceNumber)
//log.info "json.serviceNumber: $json.serviceNumber - serviceNumber: $serviceNumber"
CompareItemsTwo(json.status, status)
CompareItemsTwo(json.contractDates.start, contractDatesStart)
CompareItemsTwo(json.contractDates.end, contractDatesEnd)
CompareItemsTwo(json.contractDates.activated, contractDatesActivated)
CompareItemsTwo(json.contractDates.deactivated, contractDatesDeactivated)
CompareItemsTwo(json.contractDates.lastDeviceUpgrade, contractDatesLastDeviceUpgrade)
CompareItemsTwo(json.plan.name, planName)
CompareItemsTwo(TrimRightFromHref(json.vendor.billing._meta.href), vendorBilling_metaHref) // only check link, not attached value.
CompareItemsTwo(json.vendor.billing.id, TrimHrefAndReturnLastItem(json.vendor.billing._meta.href)) // compare href value to Id value
CompareItemsTwo(json.vendor.billing.name, vendorBillingName)
CompareItemsTwo(json.vendor.billing.logoUrl, vendorBillingLogoUrl)
CompareItemsTwo(TrimRightFromHref(json.vendor.current._meta.href), vendorCurrent_metaHref)
CompareItemsTwo(json.vendor.current.id, TrimHrefAndReturnLastItem(json.vendor.current._meta.href))
CompareItemsTwo(json.vendor.current.name, vendorCurrentName)
CompareItemsTwo(json.vendor.current.logoUrl, vendorCurrentLogoUrl) 
CompareItemsTwo(json.device._meta.href, device_metaHref)
CompareItemsTwo(json.device.id, DeviceID)
CompareItemsTwo(json.device.manufacturer._meta.href, deviceManufacturer_metaHref)
CompareItemsTwo(json.device.manufacturer.id, deviceManufacturerId)
CompareItemsTwo(json.device.manufacturer.name, deviceManufacturerName)
// CompareItemsTwo(json.device.manufacturer.logoUrl, deviceManufacturerLogoUrl)
CompareItemsTwo(json.device.model.id, deviceModelId) 
CompareItemsTwo(json.device.model.name, deviceModelName)
CompareItemsTwo(json.device.simId, deviceSimId)
CompareItemsTwo(json.device.accessMethod, deviceAccessMethod)
CompareItemsTwo(json.device.macAddress, deviceMacAddress)
CompareItemsTwo(json.device.companyAssetId, deviceCompanyAssetId)
CompareItemsTwo(json.device.serialNumber.type, deviceSerialNumberType)
CompareItemsTwo(json.device.serialNumber.value, deviceSerialNumberValue)
CompareItemsTwo(json.device.orderActions, deviceOrderActions)
CompareItemsTwo(json.employee._meta.href, employee_metaHref)
CompareItemsTwo(json.employee.id, employeeId)
CompareItemsTwo(json.employee.companyEmployeeId, employeeCompanyEmployeeId)
CompareItemsTwo(json.employee.firstName, employeeFirstName)
CompareItemsTwo(json.employee.lastName, employeeLastName)
CompareItemsTwo(json.employee.status, employeeStatus)
CompareItemsTwo(json.employee.email, employeeEmail)
CompareItemsTwo(json.employee.department.id, employeeDepartmentId)
CompareItemsTwo(json.employee.department.name, employeeDepartmentName)
CompareItemsTwo(json.orderActions, orderActions)


// ///////////////////////////////////////////////////////////////////
// ////////////////////////// METHODS ////////////////////////////////
// ///////////////////////////////////////////////////////////////////

void CompareItemsTwo(json, expectedValueString)
{
	String jsonString = json
	
	// this will show each compare being made - DEBUG ONLY ${#TestCase#companyEmployeeId}
	//log.info jsonString + "    " + expectedValueString 
	assert(jsonString == expectedValueString)
}

void CompareItems(jsonString, expectedValueString)
{
	// this will show each compare being made - DEBUG ONLY 
	log.info jsonString + " " + expectedValueString 
	assert(jsonString == expectedValueString)
}

// this trims the rightmoast item from the href string pssed in and retuns it. the rightmost item is a number 
// example: "http://tg-mobility.cloudhub.io/mobility/v1/employees/28672245" - "28672245" is removed
// it also does a sanity check on the part that is trimmed off
def TrimRightFromHref(String tempStringHref)
{
	//log.info tempStringHref // debug
	
	// create array to hold all parts that are separated by a "/".
	def allParts = []
	allParts = tempStringHref.split("/")
	// for (str in allParts) {log.info str} // show all string list - DEBUG
	
	// remove last element from string passed in and return
	def listSize = allParts.length
	String whatToRemove = allParts[listSize - 1]

	// make sure part to remove (rightmost item) is there and an interger
	assert whatToRemove.size() >= 1
	assert whatToRemove.isInteger()
	
	// String FinalString = tempStringHref.replaceAll(whatToRemove,"") // DEBUG to see final string
	// log.info FinalString // debug
	
	return tempStringHref.replaceAll(whatToRemove,"")
}

// remove leading/trailing spaces
String GetRightLeftTrimmed(def strToTrim)
{
	String tempString = strToTrim.replaceAll("\"","")
	String strBack = tempString.trim() // need this. If not done, string length would be wrong with expected when doing a compare.
	return strBack
}

// This return last item in a n href
// example: "http://tg-mobility.cloudhub.io/mobility/v1/employees/28672245" - "28672245" is returned
def TrimHrefAndReturnLastItem(String tempStringHref)
{
	// create array to hold all parts that are separated by a "/".
	def allParts = []
	allParts = tempStringHref.split("/")
	// for (str in allParts) {log.info str} // show all string list - DEBUG
	
	// remove last element from string passed in and return
	def listSize = allParts.length

	def idToReturn = allParts[listSize - 1]

	return idToReturn
}


</script></con:config></con:testStep><con:testStep type="groovy" name="ScriptSetupForCreatingFail" id="01e522e9-dbcf-48a5-adca-ef99c9d7b4c4"><con:settings/><con:config><script>testRunner.testCase.setPropertyValue( "Tenant", "" ) // set header name property in request pane.			
testRunner.testCase.setPropertyValue( "limit", "10" ) // set header limit name property in request pane.			
testRunner.testCase.setPropertyValue( "companyEmployeeId", "Dudley.Doright2.XX1" ) // set employee id  property in request pane so only one user will be in response.
</script></con:config></con:testStep><con:testStep type="restrequest" name="GetServiceOneUserSouldFail" id="eef84de8-2a50-466d-b55f-16101b1a417e"><con:settings/><con:config service="http://tg-mobility.cloudhub.io" resourcePath="/assets/services/{id}" methodName="Services" xsi:type="con:RestRequestStep" xmlns:xsi="http://www.w3.org/2001/XMLSchema-instance"><con:restRequest name="GetServiceOneUserSouldFail" id="46d81593-8596-48cc-88dd-26415d894d8d" mediaType="application/json"><con:settings><con:setting id="com.eviware.soapui.impl.wsdl.WsdlRequest@request-headers">&lt;xml-fragment/></con:setting></con:settings><con:endpoint>${#TestCase#URL}</con:endpoint><con:request/><con:originalUri>http://tg-mobility.cloudhub.io/mobility/v1/assets/services</con:originalUri><con:assertion type="Valid HTTP Status Codes" id="c327a3a0-3a0a-4656-ba17-f5d98507b9c7" name="Valid HTTP Status Codes"><con:settings/><con:configuration><codes>403

</codes></con:configuration></con:assertion><con:assertion type="JsonPath Match" id="e6d2cf83-69dd-44c6-b0a9-bd1ecb7f9749" name="Match content of [description]"><con:configuration><path>$.description</path><content>The access token is missing.</content><allowWildcards>false</allowWildcards><ignoreNamspaceDifferences>false</ignoreNamspaceDifferences><ignoreComments>false</ignoreComments></con:configuration></con:assertion><con:credentials><con:selectedAuthProfile>No Authorization</con:selectedAuthProfile><con:authType>No Authorization</con:authType></con:credentials><con:jmsConfig JMSDeliveryMode="PERSISTENT"/><con:jmsPropertyConfig/><con:parameters>
  <con:entry key="offset" value="0"/>
  <con:entry key="X-TNGO-TENANT" value="${#TestCase#Tenant}"/>
  <con:entry key="limit" value="${#TestCase#limit}"/>
  <con:entry key="client_secret" value="${#TestCase#client_secret}"/>
  <con:entry key="client_id" value="${#TestCase#client_Id}"/>
</con:parameters><con:parameterOrder><con:entry>X-TNGO-TENANT</con:entry><con:entry>limit</con:entry><con:entry>offset</con:entry><con:entry>Authorization</con:entry><con:entry>id</con:entry><con:entry>client_id</con:entry><con:entry>client_secret</con:entry></con:parameterOrder></con:restRequest></con:config></con:testStep><con:properties><con:property><con:name>Tenant</con:name><con:value/></con:property><con:property><con:name>limit</con:name><con:value>10</con:value></con:property><con:property><con:name>companyEmployeeId</con:name><con:value>Dudley.Doright2.XX1</con:value></con:property><con:property><con:name>AccessToken</con:name><con:value>jSUCzgzwO3spQsK1NeedMn2sgehW-OeCxnChhY7QQwvISc8NZ1mEFdkN46EXkMMBTJNY-RYK4n9bBTllBD9NPw</con:value></con:property><con:property><con:name>RefreshToken</con:name><con:value>BdKEAzLXe-p7Ir2rAMwLaKgumt4sVKwfUsrSBhi-AzjTTv13AIuJUNYB3x5QgeHqPQTM3Vg6RNsBX_17eI7qew</con:value></con:property><con:property><con:name>serviceId</con:name><con:value>38457007</con:value></con:property><con:property><con:name>DeviceId</con:name><con:value>35433759</con:value></con:property><con:property><con:name>EmployeeId</con:name><con:value>28680044</con:value></con:property><con:property><con:name>DepartmentId</con:name><con:value>11569020350</con:value></con:property><con:property><con:name>offset</con:name><con:value>0</con:value></con:property><con:property><con:name>LogoUrl</con:name><con:value>https://qa1cmd.tangoe.com/</con:value></con:property><con:property><con:name>URL</con:name><con:value>https://tngo-qa-mobproc-cmd.cloudhub.io/mobproc/v1.qa</con:value></con:property><con:property><con:name>client_id</con:name><con:value>3c276cecdc674aabb5456f54b605bbbf</con:value></con:property><con:property><con:name>client_secret</con:name><con:value>c513c4a67492405d95CE4DB4B40B73FF</con:value></con:property></con:properties><con:reportParameters/></con:testCase><con:properties/><con:reportParameters/></con:testSuite><con:requirements/><con:properties/><con:wssContainer/><con:databaseConnectionContainer/><con:oAuth2ProfileContainer/><con:reporting><con:xmlTemplates/><con:parameters/></con:reporting><con:sensitiveInformation/><con:authRepository/><con:tags/></con:soapui-project>