<?xml version="1.0" encoding="UTF-8"?>
<con:soapui-project id="3813030a-6066-44e0-964f-35e774afdadd" activeEnvironment="Default environment" name="API_AssetsDevicesFiltering" lastOpened="2016-06-14T09:28:58.159-03:00" soapui-version="6.0.0" xmlns:con="http://eviware.com/soapui/config"><con:settings/><con:interface xsi:type="con:RestService" id="bb8ab172-36ee-451a-a090-9c3cbcee26bf" wadlVersion="http://wadl.dev.java.net/2009/02" name="Assets Devices" type="rest" xmlns:xsi="http://www.w3.org/2001/XMLSchema-instance"><con:settings/><con:definitionCache type="TEXT" rootPart=""/><con:endpoints><con:endpoint>${#TestCase#URL}</con:endpoint><con:endpoint>http://tg-mobility.cloudhub.io</con:endpoint></con:endpoints><con:resource name="V1" path="/assets/devices" id="4ed8e67e-f6a0-486f-ba37-8f042e8574f8"><con:settings/><con:parameters><con:parameter><con:name>X-TNGO-TENANT</con:name><con:value/><con:style>HEADER</con:style><con:default/><con:description xsi:nil="true"/></con:parameter><con:parameter><con:name>limit</con:name><con:value/><con:style>QUERY</con:style><con:default/><con:description xsi:nil="true"/></con:parameter><con:parameter><con:name>offset</con:name><con:value/><con:style>QUERY</con:style><con:default/><con:description xsi:nil="true"/></con:parameter><con:parameter><con:name>Authorization</con:name><con:value/><con:style>HEADER</con:style><con:default/><con:description xsi:nil="true"/></con:parameter><con:parameter><con:name>client_id</con:name><con:value/><con:style>HEADER</con:style><con:default/><con:description xsi:nil="true"/></con:parameter><con:parameter><con:name>client_secret</con:name><con:value/><con:style>HEADER</con:style><con:default/><con:description xsi:nil="true"/></con:parameter><con:parameter><con:name>companyEmployeeId</con:name><con:value/><con:style>QUERY</con:style><con:default/><con:description xsi:nil="true"/></con:parameter><con:parameter><con:name>department</con:name><con:value/><con:style>QUERY</con:style><con:default/><con:description xsi:nil="true"/></con:parameter><con:parameter><con:name>employee</con:name><con:value/><con:style>QUERY</con:style><con:default/><con:description xsi:nil="true"/></con:parameter><con:parameter><con:name>includeSubDepartments</con:name><con:value/><con:style>QUERY</con:style><con:default/><con:description xsi:nil="true"/></con:parameter><con:parameter><con:name>manufacturer</con:name><con:value/><con:style>QUERY</con:style><con:default/><con:description xsi:nil="true"/></con:parameter><con:parameter><con:name>models</con:name><con:value/><con:style>QUERY</con:style><con:default/><con:description xsi:nil="true"/></con:parameter><con:parameter><con:name>serviceNumber</con:name><con:value/><con:style>QUERY</con:style><con:default/><con:description xsi:nil="true"/></con:parameter><con:parameter><con:name>transactionType</con:name><con:value/><con:style>QUERY</con:style><con:default/><con:description xsi:nil="true"/></con:parameter></con:parameters><con:method name="GetAssetsDevices" id="6e7bd85d-d27a-43b2-b07e-60040ef77148" method="GET"><con:settings/><con:parameters/><con:representation type="FAULT"><con:mediaType>application/json</con:mediaType><con:status>403 400 500</con:status><con:params/><con:element xmlns:dev="http://tg-mobility.cloudhub.io/mobility/v1/assets/devices">dev:Fault</con:element></con:representation><con:representation type="RESPONSE"><con:mediaType>application/json;charset=UTF-8</con:mediaType><con:status>200</con:status><con:params/><con:element xmlns:dev="http://tg-mobility.cloudhub.io/mobility/v1/assets/devices">dev:Response</con:element></con:representation><con:representation type="RESPONSE"><con:mediaType xsi:nil="true"/><con:status>0</con:status><con:params/><con:element>data</con:element></con:representation><con:representation type="FAULT"><con:mediaType xsi:nil="true"/><con:status>404</con:status><con:params/><con:element>data</con:element></con:representation><con:representation type="FAULT"><con:mediaType xsi:nil="true"/><con:status>404</con:status><con:params/><con:element>data</con:element></con:representation><con:representation type="FAULT"><con:mediaType xsi:nil="true"/><con:status>404</con:status><con:params/><con:element>data</con:element></con:representation><con:representation type="FAULT"><con:mediaType xsi:nil="true"/><con:status>404</con:status><con:params/><con:element>data</con:element></con:representation><con:representation type="FAULT"><con:mediaType xsi:nil="true"/><con:status>404</con:status><con:params/><con:element>data</con:element></con:representation><con:representation type="FAULT"><con:mediaType xsi:nil="true"/><con:status>404</con:status><con:params/><con:element>data</con:element></con:representation><con:representation type="FAULT"><con:mediaType xsi:nil="true"/><con:status>404</con:status><con:params/><con:element>data</con:element></con:representation><con:representation type="FAULT"><con:mediaType xsi:nil="true"/><con:status>404</con:status><con:params/><con:element>data</con:element></con:representation><con:representation type="FAULT"><con:mediaType xsi:nil="true"/><con:status>404</con:status><con:params/><con:element>data</con:element></con:representation><con:representation type="FAULT"><con:mediaType xsi:nil="true"/><con:status>404</con:status><con:params/><con:element>data</con:element></con:representation><con:representation type="FAULT"><con:mediaType xsi:nil="true"/><con:status>404</con:status><con:params/><con:element>data</con:element></con:representation><con:representation type="FAULT"><con:mediaType xsi:nil="true"/><con:status>404</con:status><con:params/><con:element>data</con:element></con:representation><con:representation type="RESPONSE"><con:mediaType xsi:nil="true"/><con:status>0</con:status><con:params/><con:element>data</con:element></con:representation><con:representation type="FAULT"><con:mediaType xsi:nil="true"/><con:status>404</con:status><con:params/><con:element>data</con:element></con:representation><con:representation type="RESPONSE"><con:mediaType xsi:nil="true"/><con:status>0</con:status><con:params/><con:element>data</con:element></con:representation><con:representation type="RESPONSE"><con:mediaType xsi:nil="true"/><con:status>0</con:status><con:params/><con:element>data</con:element></con:representation><con:request name="GetAssetsDevices" id="6cadcee2-d091-4b19-ac24-559c4645fe58" mediaType="application/json"><con:settings><con:setting id="com.eviware.soapui.impl.wsdl.WsdlRequest@request-headers">&lt;xml-fragment/></con:setting></con:settings><con:endpoint>None</con:endpoint><con:request/><con:originalUri>http://tg-mobility.cloudhub.io/mobility/v1/assets/devices</con:originalUri><con:credentials><con:selectedAuthProfile>No Authorization</con:selectedAuthProfile><con:authType>No Authorization</con:authType></con:credentials><con:jmsConfig JMSDeliveryMode="PERSISTENT"/><con:jmsPropertyConfig/><con:parameters/><con:parameterOrder><con:entry>X-TNGO-TENANT</con:entry><con:entry>Authorization</con:entry><con:entry>client_id</con:entry><con:entry>client_secret</con:entry><con:entry>limit</con:entry><con:entry>offset</con:entry><con:entry>companyEmployeeId</con:entry><con:entry>department</con:entry><con:entry>employee</con:entry><con:entry>includeSubDepartments</con:entry><con:entry>manufacturer</con:entry><con:entry>models</con:entry><con:entry>serviceNumber</con:entry><con:entry>transactionType</con:entry></con:parameterOrder></con:request></con:method></con:resource></con:interface><con:interface xsi:type="con:RestService" id="500b2fb8-e31a-429e-a22e-7be275927cba" wadlVersion="http://wadl.dev.java.net/2009/02" name="Manufacturers" type="rest" xmlns:xsi="http://www.w3.org/2001/XMLSchema-instance"><con:settings/><con:definitionCache type="TEXT" rootPart=""/><con:endpoints><con:endpoint>https://tngo-dev-mobproc-cmd.cloudhub.io</con:endpoint></con:endpoints><con:resource name="Manufacturers" path="/manufacturers" id="2d9a35b7-bf4f-403d-b73e-18bed800b411"><con:settings/><con:parameters><con:parameter><con:name>type</con:name><con:value>ALL</con:value><con:style>QUERY</con:style><con:default>ALL</con:default><con:path xsi:nil="true"/><con:description xsi:nil="true"/></con:parameter><con:parameter><con:name>X-TNGO-TENANT</con:name><con:value/><con:style>HEADER</con:style><con:default/><con:description xsi:nil="true"/></con:parameter><con:parameter><con:name>Authorization</con:name><con:value/><con:style>HEADER</con:style><con:default/><con:description xsi:nil="true"/></con:parameter><con:parameter><con:name>client_id</con:name><con:value/><con:style>HEADER</con:style><con:default/><con:description xsi:nil="true"/></con:parameter><con:parameter><con:name>client_secret</con:name><con:value/><con:style>HEADER</con:style><con:default/><con:description xsi:nil="true"/></con:parameter></con:parameters><con:method name="Manufacturers" id="c463e9b6-7412-4d35-bb5c-1e926db6a16d" method="GET"><con:settings/><con:parameters/><con:representation type="RESPONSE"><con:mediaType>application/json;charset=UTF-8</con:mediaType><con:status>200</con:status><con:params/><con:element xmlns:man="https://tngo-qa-mobproc-cmd.cloudhub.io/mobproc/v1.qa/manufacturers">man:Response</con:element></con:representation><con:request name="Request 1" id="070b9051-3541-435a-8860-1de3826be02d" mediaType="application/json"><con:settings><con:setting id="com.eviware.soapui.impl.wsdl.WsdlRequest@request-headers">&lt;xml-fragment/></con:setting></con:settings><con:endpoint>None</con:endpoint><con:request/><con:credentials><con:selectedAuthProfile>No Authorization</con:selectedAuthProfile><con:authType>No Authorization</con:authType></con:credentials><con:jmsConfig JMSDeliveryMode="PERSISTENT"/><con:parameters><entry key="type" value="ALL" xmlns="http://eviware.com/soapui/config"/></con:parameters><con:parameterOrder><con:entry>X-TNGO-TENANT</con:entry><con:entry>Authorization</con:entry><con:entry>client_id</con:entry><con:entry>client_secret</con:entry><con:entry>type</con:entry></con:parameterOrder></con:request></con:method></con:resource></con:interface><con:interface xsi:type="con:RestService" id="a4be8be1-87b1-464c-b909-6cde7a611f88" wadlVersion="http://wadl.dev.java.net/2009/02" name="https://tngo-qa-mobproc-cmd.cloudhub.io" type="rest" xmlns:xsi="http://www.w3.org/2001/XMLSchema-instance"><con:settings/><con:definitionCache/><con:endpoints><con:endpoint>https://tngo-qa-mobproc-cmd.cloudhub.io</con:endpoint></con:endpoints><con:resource name="Models" path="/mobproc/v1.qa/manufacturers/Apple/models" id="8ea458bc-f982-4484-8cdb-7aeb47a858c0"><con:settings/><con:parameters><con:parameter><con:name>type</con:name><con:value>ALL</con:value><con:style>QUERY</con:style><con:default>ALL</con:default><con:path xsi:nil="true"/><con:description xsi:nil="true"/></con:parameter></con:parameters><con:method name="Models" id="d8d1477b-c957-4d4a-a174-5e5f3767df2c" method="GET"><con:settings/><con:parameters/><con:request name="Request 1" id="d7a8ed58-cacb-48c0-8f2c-8fa45db75796" mediaType="application/json"><con:settings/><con:endpoint>https://tngo-qa-mobproc-cmd.cloudhub.io</con:endpoint><con:request/><con:credentials><con:selectedAuthProfile>No Authorization</con:selectedAuthProfile><con:authType>No Authorization</con:authType></con:credentials><con:jmsConfig JMSDeliveryMode="PERSISTENT"/><con:parameters><entry key="type" value="ALL" xmlns="http://eviware.com/soapui/config"/></con:parameters><con:parameterOrder><con:entry>type</con:entry></con:parameterOrder></con:request></con:method></con:resource></con:interface><con:testSuite id="9b9d89e8-9f99-49b2-a758-9a47906fc6f4" name="TS_AssetsDevicesFiltering"><con:settings/><con:runType>SEQUENTIAL</con:runType><con:testCase id="ddd57ce6-b7eb-4a45-8846-d412f1c2143e" discardOkResults="true" failOnError="true" failTestCaseOnErrors="true" keepSession="false" name="TC_AssetsDevicesFiltering" searchProperties="true"><con:settings/><con:testStep type="groovy" name="ScriptSetupAssetsDevices" id="a777aa3b-a244-48b8-b271-51d001330396"><con:settings/><con:config><script>// /////////////////////////////////////////////
// This sets up all of the test case properties
// /////////////////////////////////////////////

def groovyUtils = new com.eviware.soapui.support.GroovyUtils( context ); 
def projectPath = groovyUtils.projectPath //gets the path of the project root

// this is sanity check with a simple call. all this does is verify a simple connection 
// to the external clases by logging a message in log window.
soapUIScripts.CommonMethods.StaticMethod(log) 

// setup test case properties stored in 'DudleyDorightDataActions' class.
soapUIScripts.DudleyDorightDataActions.SetupTestCaseProperties(log, testRunner) 

// read in token pair and put in test case properties.
// NOTE: token pair must be in same folder as project
//       token pair must be up to date (not expired)
assert(soapUIScripts.CommonMethods.ReadTokenPair(projectPath + "\\" + "TokenPair.txt", log, testRunner) == true)

// read user Ids and assign to test case properties 
def userIdsFileName = projectPath + "\\" + "DudleyDoright.txt"
assert soapUIScripts.CommonMethods.ReadUserIdsURL(userIdsFileName, log, testRunner) == true

def userIdsFileName2 = projectPath + "\\" + "AnaUserData.txt"
assert soapUIScripts.CommonMethods.ReadUserIds(userIdsFileName2, log, testRunner) == true

context.offset = 0
context.limit = 100

testRunner.testCase.setPropertyValue("offset", context.offset.toString())
testRunner.testCase.setPropertyValue("limit", context.limit.toString())

testRunner.testCase.setPropertyValue("regionId", "70144640")
testRunner.testCase.setPropertyValue("manufacturerId", "Apple")








</script></con:config></con:testStep><con:testStep type="restrequest" name="GetAssetsDevicesByCompanyEmployeeId" id="2a347edf-7c4f-4add-b714-dd64d68a172b"><con:settings/><con:config service="Assets Devices" resourcePath="/assets/devices" methodName="GetAssetsDevices" xsi:type="con:RestRequestStep" xmlns:xsi="http://www.w3.org/2001/XMLSchema-instance"><con:restRequest name="GetAssetsDevicesByCompanyEmployeeId" id="78225f30-ac27-4fc1-b283-2688b59cb02f" mediaType="application/json"><con:settings><con:setting id="com.eviware.soapui.impl.wsdl.WsdlRequest@request-headers">&lt;xml-fragment/></con:setting></con:settings><con:endpoint>${#TestCase#URL}</con:endpoint><con:request/><con:originalUri>http://tg-mobility.cloudhub.io/mobility/v1/assets/devices</con:originalUri><con:assertion type="Valid HTTP Status Codes" id="e847023d-e7d0-44a2-a0ed-3d7d9c4d20b9" name="Valid HTTP Status Codes"><con:settings/><con:configuration><codes>200</codes></con:configuration></con:assertion><con:credentials><con:selectedAuthProfile>No Authorization</con:selectedAuthProfile><con:authType>No Authorization</con:authType></con:credentials><con:jmsConfig JMSDeliveryMode="PERSISTENT"/><con:jmsPropertyConfig/><con:parameters>
  <con:entry key="models" value=""/>
  <con:entry key="serviceNumber" value=""/>
  <con:entry key="offset" value="${#TestCase#offset}"/>
  <con:entry key="X-TNGO-TENANT" value="${#TestCase#Tenant}"/>
  <con:entry key="companyEmployeeId" value="${#TestCase#CompanyEmployeeId}"/>
  <con:entry key="employee" value=""/>
  <con:entry key="client_id" value="${#TestCase#client_Id}"/>
  <con:entry key="manufacturer" value=""/>
  <con:entry key="Authorization" value="Bearer ${#TestCase#AccessToken}"/>
  <con:entry key="transactionType" value="${DataSource#transactionType}"/>
  <con:entry key="limit" value="${#TestCase#limit}"/>
  <con:entry key="includeSubDepartments" value=""/>
  <con:entry key="client_secret" value="${#TestCase#client_secret}"/>
  <con:entry key="department" value=""/>
</con:parameters><con:parameterOrder><con:entry>X-TNGO-TENANT</con:entry><con:entry>Authorization</con:entry><con:entry>client_id</con:entry><con:entry>client_secret</con:entry><con:entry>limit</con:entry><con:entry>offset</con:entry><con:entry>companyEmployeeId</con:entry><con:entry>department</con:entry><con:entry>employee</con:entry><con:entry>includeSubDepartments</con:entry><con:entry>manufacturer</con:entry><con:entry>models</con:entry><con:entry>serviceNumber</con:entry><con:entry>transactionType</con:entry></con:parameterOrder></con:restRequest></con:config></con:testStep><con:testStep type="groovy" name="VerifyAssetsDevicesByCompanyEmployeeId" id="d075cdc1-9464-4da9-8419-2da47ca70a9f"><con:settings/><con:config><script>import groovy.json.JsonSlurper 

def groovyUtils = new com.eviware.soapui.support.GroovyUtils( context ); 
def testCase = context.testCase; 
def testStep = testCase.getTestStepByName("GetAssetsDevicesByCompanyEmployeeId") 

//  need for external call.
testRunner = new com.eviware.soapui.impl.wsdl.testcase.WsdlTestCaseRunner(testCase, null); 
testStepContext = new com.eviware.soapui.impl.wsdl.testcase.WsdlTestRunContext(testStep); 

// get response of last test step run.
def response = testStep.testRequest.messageExchange.response.responseContent
def slurper = new JsonSlurper()
def json = slurper.parseText response


def companyEmployeeId = testRunner.testCase.getPropertyValue("CompanyEmployeeId")
def listCompEmployeeIds = json.devices.items.employee.companyEmployeeId


for (emp in listCompEmployeeIds){
	assert (companyEmployeeId.equals(emp))
}

log.info "CompanyEmployeeId Ok"</script></con:config></con:testStep><con:testStep type="restrequest" name="GetAssetsDevicesByDepartment" id="ff78e0fe-76ec-477a-9a4b-620ae3d2548a"><con:settings/><con:config service="Assets Devices" resourcePath="/assets/devices" methodName="GetAssetsDevices" xsi:type="con:RestRequestStep" xmlns:xsi="http://www.w3.org/2001/XMLSchema-instance"><con:restRequest name="GetAssetsDevicesByDepartment" id="78225f30-ac27-4fc1-b283-2688b59cb02f" mediaType="application/json"><con:settings><con:setting id="com.eviware.soapui.impl.wsdl.WsdlRequest@request-headers">&lt;xml-fragment/></con:setting></con:settings><con:endpoint>${#TestCase#URL}</con:endpoint><con:request/><con:originalUri>http://tg-mobility.cloudhub.io/mobility/v1/assets/devices</con:originalUri><con:assertion type="Valid HTTP Status Codes" id="e847023d-e7d0-44a2-a0ed-3d7d9c4d20b9" name="Valid HTTP Status Codes"><con:settings/><con:configuration><codes>200</codes></con:configuration></con:assertion><con:credentials><con:selectedAuthProfile>No Authorization</con:selectedAuthProfile><con:authType>No Authorization</con:authType></con:credentials><con:jmsConfig JMSDeliveryMode="PERSISTENT"/><con:jmsPropertyConfig/><con:parameters>
  <con:entry key="models" value=""/>
  <con:entry key="serviceNumber" value=""/>
  <con:entry key="offset" value="${#TestCase#offset}"/>
  <con:entry key="X-TNGO-TENANT" value="${#TestCase#Tenant}"/>
  <con:entry key="employee" value=""/>
  <con:entry key="client_id" value="${#TestCase#client_Id}"/>
  <con:entry key="manufacturer" value=""/>
  <con:entry key="Authorization" value="Bearer ${#TestCase#AccessToken}"/>
  <con:entry key="transactionType" value=""/>
  <con:entry key="limit" value="${#TestCase#limit}"/>
  <con:entry key="includeSubDepartments" value=""/>
  <con:entry key="client_secret" value="${#TestCase#client_secret}"/>
  <con:entry key="department" value="${#TestCase#DepartmentId}"/>
</con:parameters><con:parameterOrder><con:entry>X-TNGO-TENANT</con:entry><con:entry>Authorization</con:entry><con:entry>client_id</con:entry><con:entry>client_secret</con:entry><con:entry>limit</con:entry><con:entry>offset</con:entry><con:entry>companyEmployeeId</con:entry><con:entry>department</con:entry><con:entry>employee</con:entry><con:entry>includeSubDepartments</con:entry><con:entry>manufacturer</con:entry><con:entry>models</con:entry><con:entry>serviceNumber</con:entry><con:entry>transactionType</con:entry></con:parameterOrder></con:restRequest></con:config></con:testStep><con:testStep type="groovy" name="VerifyAssetsDevicesByDepartment" id="a7cf9eed-2c79-4491-9f51-ab9e5c161c74"><con:settings/><con:config><script>import groovy.json.JsonSlurper 

def groovyUtils = new com.eviware.soapui.support.GroovyUtils( context ); 
def testCase = context.testCase; 
def testStep = testCase.getTestStepByName("GetAssetsDevicesByDepartment") 

//  need for external call.
testRunner = new com.eviware.soapui.impl.wsdl.testcase.WsdlTestCaseRunner(testCase, null); 
testStepContext = new com.eviware.soapui.impl.wsdl.testcase.WsdlTestRunContext(testStep); 

// get response of last test step run.
def response = testStep.testRequest.messageExchange.response.responseContent
def slurper = new JsonSlurper()
def json = slurper.parseText response


def departmentId = testRunner.testCase.getPropertyValue("DepartmentId")
def listDepartmentIds = json.devices.items.employee.department.id


for (dep in listDepartmentIds){
	assert (departmentId.equals(dep))
}

log.info "Department Ok"</script></con:config></con:testStep><con:testStep type="restrequest" name="GetAssetsDevicesByEmployeeId" id="a6a046bf-def7-4920-add5-5882ebc65aa9"><con:settings/><con:config service="Assets Devices" resourcePath="/assets/devices" methodName="GetAssetsDevices" xsi:type="con:RestRequestStep" xmlns:xsi="http://www.w3.org/2001/XMLSchema-instance"><con:restRequest name="GetAssetsDevicesByEmployeeId" id="78225f30-ac27-4fc1-b283-2688b59cb02f" mediaType="application/json"><con:settings><con:setting id="com.eviware.soapui.impl.wsdl.WsdlRequest@request-headers">&lt;xml-fragment/></con:setting></con:settings><con:endpoint>${#TestCase#URL}</con:endpoint><con:request/><con:originalUri>http://tg-mobility.cloudhub.io/mobility/v1/assets/devices</con:originalUri><con:assertion type="Valid HTTP Status Codes" id="e847023d-e7d0-44a2-a0ed-3d7d9c4d20b9" name="Valid HTTP Status Codes"><con:settings/><con:configuration><codes>200</codes></con:configuration></con:assertion><con:credentials><con:selectedAuthProfile>No Authorization</con:selectedAuthProfile><con:authType>No Authorization</con:authType></con:credentials><con:jmsConfig JMSDeliveryMode="PERSISTENT"/><con:jmsPropertyConfig/><con:parameters>
  <con:entry key="models" value=""/>
  <con:entry key="serviceNumber" value=""/>
  <con:entry key="offset" value="${#TestCase#offset}"/>
  <con:entry key="X-TNGO-TENANT" value="${#TestCase#Tenant}"/>
  <con:entry key="employee" value="${#TestCase#EmployeeId}"/>
  <con:entry key="client_id" value="${#TestCase#client_Id}"/>
  <con:entry key="manufacturer" value=""/>
  <con:entry key="Authorization" value="Bearer ${#TestCase#AccessToken}"/>
  <con:entry key="transactionType" value=""/>
  <con:entry key="limit" value="${#TestCase#limit}"/>
  <con:entry key="includeSubDepartments" value=""/>
  <con:entry key="client_secret" value="${#TestCase#client_secret}"/>
  <con:entry key="department" value=""/>
</con:parameters><con:parameterOrder><con:entry>X-TNGO-TENANT</con:entry><con:entry>Authorization</con:entry><con:entry>client_id</con:entry><con:entry>client_secret</con:entry><con:entry>limit</con:entry><con:entry>offset</con:entry><con:entry>companyEmployeeId</con:entry><con:entry>department</con:entry><con:entry>employee</con:entry><con:entry>includeSubDepartments</con:entry><con:entry>manufacturer</con:entry><con:entry>models</con:entry><con:entry>serviceNumber</con:entry><con:entry>transactionType</con:entry></con:parameterOrder></con:restRequest></con:config></con:testStep><con:testStep type="groovy" name="VerifyAssetsDevicesByEmployeeId" id="a444d641-b1f4-47d4-a656-1e264d2f8615"><con:settings/><con:config><script>import groovy.json.JsonSlurper 

def groovyUtils = new com.eviware.soapui.support.GroovyUtils( context ); 
def testCase = context.testCase; 
def testStep = testCase.getTestStepByName("GetAssetsDevicesByEmployeeId") 

//  need for external call.
testRunner = new com.eviware.soapui.impl.wsdl.testcase.WsdlTestCaseRunner(testCase, null); 
testStepContext = new com.eviware.soapui.impl.wsdl.testcase.WsdlTestRunContext(testStep); 

// get response of last test step run.
def response = testStep.testRequest.messageExchange.response.responseContent
def slurper = new JsonSlurper()
def json = slurper.parseText response


def employeeId = testRunner.testCase.getPropertyValue("EmployeeId")
def listEmployeeIds = json.devices.items.employee.id


for (emp in listEmployeeIds){
	assert (employeeId.equals(emp))
}

log.info "Employee Id Ok"</script></con:config></con:testStep><con:testStep type="restrequest" name="GetAssetsDevicesByManufacturer" id="c7220f9a-c873-4cb1-8a48-cdf230b405c1"><con:settings/><con:config service="Assets Devices" resourcePath="/assets/devices" methodName="GetAssetsDevices" xsi:type="con:RestRequestStep" xmlns:xsi="http://www.w3.org/2001/XMLSchema-instance"><con:restRequest name="GetAssetsDevicesByManufacturer" id="78225f30-ac27-4fc1-b283-2688b59cb02f" mediaType="application/json"><con:settings><con:setting id="com.eviware.soapui.impl.wsdl.WsdlRequest@request-headers">&lt;xml-fragment/></con:setting></con:settings><con:endpoint>${#TestCase#URL}</con:endpoint><con:request/><con:originalUri>http://tg-mobility.cloudhub.io/mobility/v1/assets/devices</con:originalUri><con:assertion type="Valid HTTP Status Codes" id="e847023d-e7d0-44a2-a0ed-3d7d9c4d20b9" name="Valid HTTP Status Codes"><con:settings/><con:configuration><codes>200</codes></con:configuration></con:assertion><con:credentials><con:selectedAuthProfile>No Authorization</con:selectedAuthProfile><con:authType>No Authorization</con:authType></con:credentials><con:jmsConfig JMSDeliveryMode="PERSISTENT"/><con:jmsPropertyConfig/><con:parameters>
  <con:entry key="models" value=""/>
  <con:entry key="serviceNumber" value=""/>
  <con:entry key="offset" value="${#TestCase#offset}"/>
  <con:entry key="X-TNGO-TENANT" value="${#TestCase#Tenant}"/>
  <con:entry key="client_id" value="${#TestCase#client_Id}"/>
  <con:entry key="manufacturer" value="${#TestCase#manufacturerId}"/>
  <con:entry key="Authorization" value="Bearer ${#TestCase#AccessToken}"/>
  <con:entry key="transactionType" value=""/>
  <con:entry key="limit" value="${#TestCase#limit}"/>
  <con:entry key="includeSubDepartments" value=""/>
  <con:entry key="client_secret" value="${#TestCase#client_secret}"/>
  <con:entry key="department" value=""/>
</con:parameters><con:parameterOrder><con:entry>X-TNGO-TENANT</con:entry><con:entry>Authorization</con:entry><con:entry>client_id</con:entry><con:entry>client_secret</con:entry><con:entry>limit</con:entry><con:entry>offset</con:entry><con:entry>companyEmployeeId</con:entry><con:entry>department</con:entry><con:entry>employee</con:entry><con:entry>includeSubDepartments</con:entry><con:entry>manufacturer</con:entry><con:entry>models</con:entry><con:entry>serviceNumber</con:entry><con:entry>transactionType</con:entry></con:parameterOrder></con:restRequest></con:config></con:testStep><con:testStep type="groovy" name="VerifyAssetsDevicesByManufacturer" id="acd88357-2754-49e8-bcab-543b4458d268"><con:settings/><con:config><script>import groovy.json.JsonSlurper 

def groovyUtils = new com.eviware.soapui.support.GroovyUtils( context ); 
def testCase = context.testCase; 
def testStep = testCase.getTestStepByName("GetAssetsDevicesByManufacturer") 

//  need for external call.
testRunner = new com.eviware.soapui.impl.wsdl.testcase.WsdlTestCaseRunner(testCase, null); 
testStepContext = new com.eviware.soapui.impl.wsdl.testcase.WsdlTestRunContext(testStep); 

// get response of last test step run.
def response = testStep.testRequest.messageExchange.response.responseContent
def slurper = new JsonSlurper()
def json = slurper.parseText response


def manufacturerId = testRunner.testCase.getPropertyValue("manufacturerId")
def listManufacturers = json.devices.items.manufacturer.id


for (mnf in listManufacturers){
	//log.info mnf
	assert (manufacturerId.equals(mnf))
}

// ----------------------------------------------------------------------------------------------------------
// Filter "models" can hold one or more models.
// First only one model will be used on filter, then a second test will have models set up with two models
// Set up the models for the next verification steps

int amount = json.devices._meta.totalCount
int limit = Integer.parseInt(testRunner.testCase.getPropertyValue("limit"))

// If the total amount of devices is greater than the limit specified on the request, assign the limit's value to the "amount" variable
if (amount > limit){
	amount = limit
}

// Gets a random index to get a model for next test step
Random random = new Random()
int max = amount - 1
int index1 = random.nextInt(max)
int index2 = random.nextInt(max)

// If index1 == index2 then generate a newer index for the second model  
while (index1 == index2){
	index2 = random.nextInt(max)
}

// Set up model for next filter verification
def model1 = json.devices.items[index1].model.name
testRunner.testCase.setPropertyValue("model1", model1)

def model2 = json.devices.items[index2].model.name
testRunner.testCase.setPropertyValue("model2", model2)

//log.info "model 1: " + model1 + ",  model 2: " + model2

log.info "Manufacturer Id Ok"
</script></con:config></con:testStep><con:testStep type="restrequest" name="GetAssetsDevicesByOneModel" id="15191cfa-536d-4902-b373-c04ed36d8da1"><con:settings/><con:config service="Assets Devices" resourcePath="/assets/devices" methodName="GetAssetsDevices" xsi:type="con:RestRequestStep" xmlns:xsi="http://www.w3.org/2001/XMLSchema-instance"><con:restRequest name="GetAssetsDevicesByOneModel" id="78225f30-ac27-4fc1-b283-2688b59cb02f" mediaType="application/json"><con:settings><con:setting id="com.eviware.soapui.impl.wsdl.WsdlRequest@request-headers">&lt;xml-fragment/></con:setting></con:settings><con:endpoint>${#TestCase#URL}</con:endpoint><con:request/><con:originalUri>http://tg-mobility.cloudhub.io/mobility/v1/assets/devices</con:originalUri><con:assertion type="Valid HTTP Status Codes" id="e847023d-e7d0-44a2-a0ed-3d7d9c4d20b9" name="Valid HTTP Status Codes"><con:settings/><con:configuration><codes>200</codes></con:configuration></con:assertion><con:credentials><con:selectedAuthProfile>No Authorization</con:selectedAuthProfile><con:authType>No Authorization</con:authType></con:credentials><con:jmsConfig JMSDeliveryMode="PERSISTENT"/><con:jmsPropertyConfig/><con:parameters>
  <con:entry key="Authorization" value="Bearer ${#TestCase#AccessToken}"/>
  <con:entry key="transactionType" value=""/>
  <con:entry key="models" value="${#TestCase#model1}"/>
  <con:entry key="serviceNumber" value=""/>
  <con:entry key="offset" value="${#TestCase#offset}"/>
  <con:entry key="X-TNGO-TENANT" value="${#TestCase#Tenant}"/>
  <con:entry key="limit" value="${#TestCase#limit}"/>
  <con:entry key="includeSubDepartments" value=""/>
  <con:entry key="client_secret" value="${#TestCase#client_secret}"/>
  <con:entry key="department" value=""/>
  <con:entry key="client_id" value="${#TestCase#client_Id}"/>
</con:parameters><con:parameterOrder><con:entry>X-TNGO-TENANT</con:entry><con:entry>Authorization</con:entry><con:entry>client_id</con:entry><con:entry>client_secret</con:entry><con:entry>limit</con:entry><con:entry>offset</con:entry><con:entry>companyEmployeeId</con:entry><con:entry>department</con:entry><con:entry>employee</con:entry><con:entry>includeSubDepartments</con:entry><con:entry>manufacturer</con:entry><con:entry>models</con:entry><con:entry>serviceNumber</con:entry><con:entry>transactionType</con:entry></con:parameterOrder></con:restRequest></con:config></con:testStep><con:testStep type="groovy" name="VerifyAssetsDevicesByOneModel" id="9f36eb24-fac2-451b-bc59-8b3fc5cd9ef1"><con:settings/><con:config><script>import groovy.json.JsonSlurper 

def groovyUtils = new com.eviware.soapui.support.GroovyUtils(context ); 
def testCase = context.testCase; 
def testStep = testCase.getTestStepByName("GetAssetsDevicesByOneModel") 

//  need for external call.
testRunner = new com.eviware.soapui.impl.wsdl.testcase.WsdlTestCaseRunner(testCase, null); 
testStepContext = new com.eviware.soapui.impl.wsdl.testcase.WsdlTestRunContext(testStep); 

// get response of last test step run.
def response = testStep.testRequest.messageExchange.response.responseContent
def slurper = new JsonSlurper()
def json = slurper.parseText response


def modelId = testRunner.testCase.getPropertyValue("model1")
def listModels = json.devices.items.model.id


for (model in listModels){
	//log.info model
	assert (modelId.equals(model))
}

log.info "One Model Ok"

</script></con:config></con:testStep><con:testStep type="restrequest" name="GetAssetsDevicesByTwoModels" id="e7e68d5c-e256-4e55-ad83-34dd65f6150f"><con:settings/><con:config service="Assets Devices" resourcePath="/assets/devices" methodName="GetAssetsDevices" xsi:type="con:RestRequestStep" xmlns:xsi="http://www.w3.org/2001/XMLSchema-instance"><con:restRequest name="GetAssetsDevicesByTwoModels" id="78225f30-ac27-4fc1-b283-2688b59cb02f" mediaType="application/json"><con:settings><con:setting id="com.eviware.soapui.impl.wsdl.WsdlRequest@request-headers">&lt;xml-fragment/></con:setting></con:settings><con:endpoint>${#TestCase#URL}</con:endpoint><con:request/><con:originalUri>http://tg-mobility.cloudhub.io/mobility/v1/assets/devices</con:originalUri><con:assertion type="Valid HTTP Status Codes" id="e847023d-e7d0-44a2-a0ed-3d7d9c4d20b9" name="Valid HTTP Status Codes"><con:settings/><con:configuration><codes>200</codes></con:configuration></con:assertion><con:credentials><con:selectedAuthProfile>No Authorization</con:selectedAuthProfile><con:authType>No Authorization</con:authType></con:credentials><con:jmsConfig JMSDeliveryMode="PERSISTENT"/><con:jmsPropertyConfig/><con:parameters>
  <con:entry key="Authorization" value="Bearer ${#TestCase#AccessToken}"/>
  <con:entry key="transactionType" value=""/>
  <con:entry key="models" value="${#TestCase#model1}, ${#TestCase#model2}"/>
  <con:entry key="serviceNumber" value=""/>
  <con:entry key="offset" value="${#TestCase#offset}"/>
  <con:entry key="X-TNGO-TENANT" value="${#TestCase#Tenant}"/>
  <con:entry key="limit" value="${#TestCase#limit}"/>
  <con:entry key="includeSubDepartments" value=""/>
  <con:entry key="client_secret" value="${#TestCase#client_secret}"/>
  <con:entry key="department" value=""/>
  <con:entry key="client_id" value="${#TestCase#client_Id}"/>
</con:parameters><con:parameterOrder><con:entry>X-TNGO-TENANT</con:entry><con:entry>Authorization</con:entry><con:entry>client_id</con:entry><con:entry>client_secret</con:entry><con:entry>limit</con:entry><con:entry>offset</con:entry><con:entry>companyEmployeeId</con:entry><con:entry>department</con:entry><con:entry>employee</con:entry><con:entry>includeSubDepartments</con:entry><con:entry>manufacturer</con:entry><con:entry>models</con:entry><con:entry>serviceNumber</con:entry><con:entry>transactionType</con:entry></con:parameterOrder></con:restRequest></con:config></con:testStep><con:testStep type="groovy" name="VerifyAssetsDevicesByTwoModels" id="29d57597-0f54-47a0-bb85-16835f989b97"><con:settings/><con:config><script>import groovy.json.JsonSlurper 

def groovyUtils = new com.eviware.soapui.support.GroovyUtils(context); 
def testCase = context.testCase; 
def testStep = testCase.getTestStepByName("GetAssetsDevicesByTwoModels")

//  need for external call.
testRunner = new com.eviware.soapui.impl.wsdl.testcase.WsdlTestCaseRunner(testCase, null); 
testStepContext = new com.eviware.soapui.impl.wsdl.testcase.WsdlTestRunContext(testStep); 

// get response of last test step run.
def response = testStep.testRequest.messageExchange.response.responseContent
def slurper = new JsonSlurper()
def json = slurper.parseText response


def modelId1 = testRunner.testCase.getPropertyValue("model1")
def modelId2 = testRunner.testCase.getPropertyValue("model2")
def listModels = json.devices.items.model.id


for (model in listModels){
	log.info model
	assert (modelId1.equals(model) || modelId2.equals(model))
}

log.info "Two Models Ok"
</script></con:config></con:testStep><con:testStep type="restrequest" name="GetAssetsDevicesByServiceNumber" id="2d2e9dda-c05d-498e-bf35-480a49fb3869"><con:settings/><con:config service="Assets Devices" resourcePath="/assets/devices" methodName="GetAssetsDevices" xsi:type="con:RestRequestStep" xmlns:xsi="http://www.w3.org/2001/XMLSchema-instance"><con:restRequest name="GetAssetsDevicesByServiceNumber" id="78225f30-ac27-4fc1-b283-2688b59cb02f" mediaType="application/json"><con:settings><con:setting id="com.eviware.soapui.impl.wsdl.WsdlRequest@request-headers">&lt;xml-fragment/></con:setting></con:settings><con:endpoint>${#TestCase#URL}</con:endpoint><con:request/><con:originalUri>http://tg-mobility.cloudhub.io/mobility/v1/assets/devices</con:originalUri><con:assertion type="Valid HTTP Status Codes" id="e847023d-e7d0-44a2-a0ed-3d7d9c4d20b9" name="Valid HTTP Status Codes"><con:settings/><con:configuration><codes>200</codes></con:configuration></con:assertion><con:credentials><con:selectedAuthProfile>No Authorization</con:selectedAuthProfile><con:authType>No Authorization</con:authType></con:credentials><con:jmsConfig JMSDeliveryMode="PERSISTENT"/><con:jmsPropertyConfig/><con:parameters>
  <con:entry key="Authorization" value="Bearer ${#TestCase#AccessToken}"/>
  <con:entry key="transactionType" value=""/>
  <con:entry key="serviceNumber" value="${#TestCase#ServiceNumber}"/>
  <con:entry key="offset" value="${#TestCase#offset}"/>
  <con:entry key="X-TNGO-TENANT" value="${#TestCase#Tenant}"/>
  <con:entry key="limit" value="${#TestCase#limit}"/>
  <con:entry key="includeSubDepartments" value=""/>
  <con:entry key="client_secret" value="${#TestCase#client_secret}"/>
  <con:entry key="department" value=""/>
  <con:entry key="client_id" value="${#TestCase#client_Id}"/>
</con:parameters><con:parameterOrder><con:entry>X-TNGO-TENANT</con:entry><con:entry>Authorization</con:entry><con:entry>client_id</con:entry><con:entry>client_secret</con:entry><con:entry>limit</con:entry><con:entry>offset</con:entry><con:entry>companyEmployeeId</con:entry><con:entry>department</con:entry><con:entry>employee</con:entry><con:entry>includeSubDepartments</con:entry><con:entry>manufacturer</con:entry><con:entry>models</con:entry><con:entry>serviceNumber</con:entry><con:entry>transactionType</con:entry></con:parameterOrder></con:restRequest></con:config></con:testStep><con:testStep type="groovy" name="VerifyAssetsDevicesByServiceNumber" id="ec5b0000-94de-4605-85ff-7430b8278aae"><con:settings/><con:config><script>import groovy.json.JsonSlurper 

def groovyUtils = new com.eviware.soapui.support.GroovyUtils(context); 
def testCase = context.testCase; 
def testStep = testCase.getTestStepByName("GetAssetsDevicesByServiceNumber")

//  need for external call.
testRunner = new com.eviware.soapui.impl.wsdl.testcase.WsdlTestCaseRunner(testCase, null); 
testStepContext = new com.eviware.soapui.impl.wsdl.testcase.WsdlTestRunContext(testStep); 

// get response of last test step run.
def response = testStep.testRequest.messageExchange.response.responseContent
def slurper = new JsonSlurper()
def json = slurper.parseText response


def serviceNumber = testRunner.testCase.getPropertyValue("ServiceNumber")
def listServiceNumbers = json.devices.items.service.serviceNumber


for (num in listServiceNumbers){
	log.info num
	assert (serviceNumber.equals(num))
}

log.info "Service Number Ok"
</script></con:config></con:testStep><con:testStep type="datasource" name="DataSource" id="7df103a3-cc2f-4633-97ef-183f24c1c388"><con:settings/><con:config xsi:type="con:DataSourceStep" xmlns:xsi="http://www.w3.org/2001/XMLSchema-instance"><con:dataSource type="Grid"><con:configuration><check><![CDATA[<xml-fragment><con:entry xmlns:con="http://eviware.com/soapui/config">true</con:entry><con:entry xmlns:con="http://eviware.com/soapui/config">true</con:entry><con:entry xmlns:con="http://eviware.com/soapui/config">true</con:entry><con:entry xmlns:con="http://eviware.com/soapui/config">true</con:entry><con:entry xmlns:con="http://eviware.com/soapui/config">true</con:entry><con:entry xmlns:con="http://eviware.com/soapui/config">true</con:entry><con:entry xmlns:con="http://eviware.com/soapui/config">true</con:entry><con:entry xmlns:con="http://eviware.com/soapui/config">true</con:entry></xml-fragment>]]></check><row>&lt;xml-fragment>&lt;con:entry xmlns:con="http://eviware.com/soapui/config">ORDER_ACCESSORIES&lt;/con:entry>&lt;con:entry xmlns:con="http://eviware.com/soapui/config"/>&lt;/xml-fragment></row><row>&lt;xml-fragment>&lt;con:entry xmlns:con="http://eviware.com/soapui/config">UPDATE_FEATURES&lt;/con:entry>&lt;con:entry xmlns:con="http://eviware.com/soapui/config"/>&lt;/xml-fragment></row><row>&lt;xml-fragment>&lt;con:entry xmlns:con="http://eviware.com/soapui/config">SWAP_DEVICES&lt;/con:entry>&lt;con:entry xmlns:con="http://eviware.com/soapui/config"/>&lt;/xml-fragment></row><row>&lt;xml-fragment>&lt;con:entry xmlns:con="http://eviware.com/soapui/config">SUSPEND&lt;/con:entry>&lt;con:entry xmlns:con="http://eviware.com/soapui/config"/>&lt;/xml-fragment></row><row>&lt;xml-fragment>&lt;con:entry xmlns:con="http://eviware.com/soapui/config">DEACTIVATE&lt;/con:entry>&lt;con:entry xmlns:con="http://eviware.com/soapui/config"/>&lt;/xml-fragment></row><row>&lt;xml-fragment>&lt;con:entry xmlns:con="http://eviware.com/soapui/config">UNSUSPEND&lt;/con:entry>&lt;con:entry xmlns:con="http://eviware.com/soapui/config"/>&lt;/xml-fragment></row><row>&lt;xml-fragment>&lt;con:entry xmlns:con="http://eviware.com/soapui/config">UPGRADE&lt;/con:entry>&lt;con:entry xmlns:con="http://eviware.com/soapui/config"/>&lt;/xml-fragment></row><row>&lt;xml-fragment>&lt;con:entry xmlns:con="http://eviware.com/soapui/config">PORT_NUMBER&lt;/con:entry>&lt;con:entry xmlns:con="http://eviware.com/soapui/config"/>&lt;/xml-fragment></row></con:configuration></con:dataSource><con:property>transactionType</con:property><con:restartOnRun>true</con:restartOnRun></con:config></con:testStep><con:testStep type="restrequest" name="GetAssetsDevicesByTransactionType" id="809d8ff3-17a1-4ba1-966b-902c92a24689"><con:settings/><con:config service="Assets Devices" resourcePath="/assets/devices" methodName="GetAssetsDevices" xsi:type="con:RestRequestStep" xmlns:xsi="http://www.w3.org/2001/XMLSchema-instance"><con:restRequest name="GetAssetsDevicesByTransactionType" id="78225f30-ac27-4fc1-b283-2688b59cb02f" mediaType="application/json"><con:settings><con:setting id="com.eviware.soapui.impl.wsdl.WsdlRequest@request-headers">&lt;xml-fragment/></con:setting></con:settings><con:endpoint>${#TestCase#URL}</con:endpoint><con:request/><con:originalUri>http://tg-mobility.cloudhub.io/mobility/v1/assets/devices</con:originalUri><con:assertion type="Valid HTTP Status Codes" id="e847023d-e7d0-44a2-a0ed-3d7d9c4d20b9" name="Valid HTTP Status Codes"><con:settings/><con:configuration><codes>200</codes></con:configuration></con:assertion><con:credentials><con:selectedAuthProfile>No Authorization</con:selectedAuthProfile><con:authType>No Authorization</con:authType></con:credentials><con:jmsConfig JMSDeliveryMode="PERSISTENT"/><con:jmsPropertyConfig/><con:parameters>
  <con:entry key="Authorization" value="Bearer ${#TestCase#AccessToken}"/>
  <con:entry key="transactionType" value="${DataSource#transactionType}"/>
  <con:entry key="offset" value="${#TestCase#offset}"/>
  <con:entry key="X-TNGO-TENANT" value="${#TestCase#Tenant}"/>
  <con:entry key="limit" value="${#TestCase#limit}"/>
  <con:entry key="includeSubDepartments" value=""/>
  <con:entry key="client_secret" value="${#TestCase#client_secret}"/>
  <con:entry key="department" value=""/>
  <con:entry key="client_id" value="${#TestCase#client_Id}"/>
</con:parameters><con:parameterOrder><con:entry>X-TNGO-TENANT</con:entry><con:entry>Authorization</con:entry><con:entry>client_id</con:entry><con:entry>client_secret</con:entry><con:entry>limit</con:entry><con:entry>offset</con:entry><con:entry>companyEmployeeId</con:entry><con:entry>department</con:entry><con:entry>employee</con:entry><con:entry>includeSubDepartments</con:entry><con:entry>manufacturer</con:entry><con:entry>models</con:entry><con:entry>serviceNumber</con:entry><con:entry>transactionType</con:entry></con:parameterOrder></con:restRequest></con:config></con:testStep><con:testStep type="groovy" name="VerifyAssetsDevicesByTransactionType" id="3f0b00e0-34b0-4d86-bd15-a604a7bd5b22"><con:settings/><con:config><script>import groovy.json.JsonSlurper 

def groovyUtils = new com.eviware.soapui.support.GroovyUtils(context); 
def testCase = context.testCase; 
def testStep = testCase.getTestStepByName("GetAssetsDevicesByTransactionType")
def dataSource = testCase.getTestStepByName("DataSource")

//  need for external call.
testRunner = new com.eviware.soapui.impl.wsdl.testcase.WsdlTestCaseRunner(testCase, null); 
testStepContext = new com.eviware.soapui.impl.wsdl.testcase.WsdlTestRunContext(testStep); 

// get response of last test step run.
def response = testStep.testRequest.messageExchange.response.responseContent
def slurper = new JsonSlurper()
def json = slurper.parseText response


def transactionType = dataSource.getPropertyValue("transactionType")
def metaHref = json.devices._meta.href

assert (metaHref.contains(transactionType))

log.info "Transaction Type Ok"
</script></con:config></con:testStep><con:testStep type="datasourceloop" name="DataSource Loop" id="cbfc9dce-ee27-41e5-9319-7eccc514dd3d"><con:settings/><con:config><dataSourceStep>DataSource</dataSourceStep><targetStep>GetAssetsDevicesByTransactionType</targetStep></con:config></con:testStep><con:properties><con:property><con:name>Tenant</con:name><con:value>XX1</con:value></con:property><con:property><con:name>limit</con:name><con:value>100</con:value></con:property><con:property><con:name>offset</con:name><con:value>0</con:value></con:property><con:property><con:name>companyEmployeeId</con:name><con:value>ana.pace.xx1</con:value></con:property><con:property><con:name>AccessToken</con:name><con:value>vQASZTtMm6AXug3AtTzMPFULcYHbYZ8dtksrfSjY4TmbHZwM5demEGz6kYWXuLdHgUJG3ZNbHEHme9ZXydb6NQ</con:value></con:property><con:property><con:name>RefreshToken</con:name><con:value>3QiqQ4fDVY1YUs8CiUtCEkX605wNeYiawLR9zrx9GShAC8wlZorTgv3N0sxx3YjSz_53TXxeYDWcFMTxmtKuGw</con:value></con:property><con:property><con:name>DeviceId</con:name><con:value>35433799</con:value></con:property><con:property><con:name>ServiceId</con:name><con:value>38457027</con:value></con:property><con:property><con:name>EmployeeId</con:name><con:value>28680025</con:value></con:property><con:property><con:name>DepartmentId</con:name><con:value>11569020385</con:value></con:property><con:property><con:name>LogoUrl</con:name><con:value>https://qa1cmd.tangoe.com/</con:value></con:property><con:property><con:name>client_id</con:name><con:value>3c276cecdc674aabb5456f54b605bbbf</con:value></con:property><con:property><con:name>client_secret</con:name><con:value>c513c4a67492405d95CE4DB4B40B73FF</con:value></con:property><con:property><con:name>URL</con:name><con:value>https://tngo-qa-mobproc-cmd.cloudhub.io/mobproc/v1.qa</con:value></con:property><con:property><con:name>FirstName</con:name><con:value>AnaLaura</con:value></con:property><con:property><con:name>LastName</con:name><con:value>Pace</con:value></con:property><con:property><con:name>DepartmentName</con:name><con:value>Development</con:value></con:property><con:property><con:name>OfficePhone</con:name><con:value>123-555-4567</con:value></con:property><con:property><con:name>Email</con:name><con:value>analaura@example.com</con:value></con:property><con:property><con:name>ServiceNumber</con:name><con:value>7775551234</con:value></con:property><con:property><con:name>DeviceId2</con:name><con:value>35433839</con:value></con:property><con:property><con:name>ServiceId2</con:name><con:value>38457047</con:value></con:property><con:property><con:name>ServiceNumber2</con:name><con:value>7774567890</con:value></con:property><con:property><con:name>DeviceId3</con:name><con:value>35434039</con:value></con:property><con:property><con:name>ServiceId3</con:name><con:value>38457207</con:value></con:property><con:property><con:name>ServiceNumber3</con:name><con:value>7774561122</con:value></con:property><con:property><con:name>DeviceId4</con:name><con:value>35434179</con:value></con:property><con:property><con:name>ServiceId4</con:name><con:value>38457327</con:value></con:property><con:property><con:name>ServiceNumber4</con:name><con:value>7894561230</con:value></con:property><con:property><con:name>regionId</con:name><con:value>70144640</con:value></con:property><con:property><con:name>manufacturerId</con:name><con:value>Apple</con:value></con:property><con:property><con:name>manufacturerAssertion</con:name><con:value>Cellworks</con:value></con:property><con:property><con:name>model</con:name><con:value>iPhone 5 (16GB) - Black</con:value></con:property><con:property><con:name>model1</con:name><con:value>iPhone 6 Plus (16GB) gold</con:value></con:property><con:property><con:name>model2</con:name><con:value>iPhone 3G S (16GB) - Black</con:value></con:property></con:properties><con:reportParameters/><con:breakPoints><con:testStepId>543745f7-716c-4385-b6b5-8d1467f5c0df</con:testStepId><con:status>NONE</con:status><con:properties/></con:breakPoints><con:breakPoints><con:testStepId>5d8df568-2caf-4a28-82cc-f8593bbdec84</con:testStepId><con:status>NONE</con:status><con:properties/></con:breakPoints><con:breakPoints><con:testStepId>63cad784-ac2f-4b1b-bbc2-632bd1405cbf</con:testStepId><con:status>NONE</con:status><con:properties/></con:breakPoints><con:breakPoints><con:testStepId>f24f6058-1e9d-4dc7-aab8-ee712f233b07</con:testStepId><con:status>NONE</con:status><con:properties/></con:breakPoints></con:testCase><con:properties/><con:reportParameters/></con:testSuite><con:requirements/><con:properties/><con:wssContainer/><con:databaseConnectionContainer/><con:oAuth2ProfileContainer/><con:reporting><con:reportTemplates/><con:xmlTemplates/><con:xmlTemplates/><con:parameters/><con:parameters/></con:reporting><con:reporting/><con:authRepository/><con:tags/></con:soapui-project>