<?xml version="1.0" encoding="UTF-8"?>
<con:soapui-project id="69eda2c8-bb09-41c1-a8da-cd08d42b0b11" activeEnvironment="Default environment" name="API_CatalogAccessoriesFiltering" lastOpened="2016-06-14T09:25:22.587-03:00" soapui-version="6.0.0" xmlns:con="http://eviware.com/soapui/config"><con:settings/><con:interface xsi:type="con:RestService" id="677b2167-8016-454c-a590-7eb6da97a18d" wadlVersion="http://wadl.dev.java.net/2009/02" name="/catalog/devices" type="rest" xmlns:xsi="http://www.w3.org/2001/XMLSchema-instance"><con:settings/><con:definitionCache type="TEXT" rootPart=""/><con:endpoints><con:endpoint>https://tngo-dev-mobproc-cmd.cloudhub.io</con:endpoint></con:endpoints><con:resource name="Devices" path="/catalog/devices" id="319545eb-4bda-4773-80ae-7abd98cc64d4"><con:settings/><con:parameters><con:parameter><con:name>transactionType</con:name><con:value>NEW_ACTIVATION</con:value><con:style>QUERY</con:style><con:default>NEW_ACTIVATION</con:default><con:path xsi:nil="true"/><con:description xsi:nil="true"/></con:parameter><con:parameter><con:name>region</con:name><con:value>70144640</con:value><con:style>QUERY</con:style><con:default>70144640</con:default><con:path xsi:nil="true"/><con:description xsi:nil="true"/></con:parameter><con:parameter><con:name>sortAscending</con:name><con:value>true</con:value><con:style>QUERY</con:style><con:default>true</con:default><con:path xsi:nil="true"/><con:description xsi:nil="true"/></con:parameter><con:parameter><con:name>offset</con:name><con:value>0</con:value><con:style>QUERY</con:style><con:default>0</con:default><con:path xsi:nil="true"/><con:description xsi:nil="true"/></con:parameter><con:parameter><con:name>limit</con:name><con:value>10</con:value><con:style>QUERY</con:style><con:default>10</con:default><con:path xsi:nil="true"/><con:description xsi:nil="true"/></con:parameter><con:parameter><con:name>Authorization</con:name><con:value/><con:style>HEADER</con:style><con:default/><con:description xsi:nil="true"/></con:parameter><con:parameter><con:name>X-TNGO-TENANT</con:name><con:value/><con:style>HEADER</con:style><con:default/><con:description xsi:nil="true"/></con:parameter><con:parameter><con:name>client_id</con:name><con:value/><con:style>HEADER</con:style><con:default/><con:description xsi:nil="true"/></con:parameter><con:parameter><con:name>client_secret</con:name><con:value/><con:style>HEADER</con:style><con:default/><con:description xsi:nil="true"/></con:parameter><con:parameter><con:name>postalCode</con:name><con:value/><con:style>QUERY</con:style><con:default/><con:description xsi:nil="true"/></con:parameter></con:parameters><con:method name="Devices" id="020ddb1f-06d0-4879-9ad4-08597f5c6206" method="GET"><con:settings/><con:parameters/><con:representation type="RESPONSE"><con:mediaType>application/json;charset=UTF-8</con:mediaType><con:status>200</con:status><con:params/><con:element xmlns:dev="https://tngo-qa-mobproc-cmd.cloudhub.io/mobproc/v1.qa/catalog/devices">dev:Response</con:element></con:representation><con:request name="Request 1" id="d70d102e-9f4e-4b18-83a2-bc1dce6a7bd6" mediaType="application/json"><con:settings><con:setting id="com.eviware.soapui.impl.wsdl.WsdlRequest@request-headers">&lt;xml-fragment/></con:setting></con:settings><con:endpoint>None</con:endpoint><con:request/><con:credentials><con:selectedAuthProfile>No Authorization</con:selectedAuthProfile><con:authType>No Authorization</con:authType></con:credentials><con:jmsConfig JMSDeliveryMode="PERSISTENT"/><con:parameters>
  <con:entry key="transactionType" value=""/>
  <con:entry key="sortAscending" value=""/>
  <con:entry key="offset" value=""/>
  <con:entry key="limit" value=""/>
  <con:entry key="region" value=""/>
</con:parameters><con:parameterOrder><con:entry>X-TNGO-TENANT</con:entry><con:entry>Authorization</con:entry><con:entry>client_id</con:entry><con:entry>client_secret</con:entry><con:entry>transactionType</con:entry><con:entry>region</con:entry><con:entry>sortAscending</con:entry><con:entry>offset</con:entry><con:entry>limit</con:entry><con:entry>postalCode</con:entry></con:parameterOrder></con:request></con:method></con:resource></con:interface><con:interface xsi:type="con:RestService" id="e5961388-2c96-4c59-8055-b716c6bf1ed3" wadlVersion="http://wadl.dev.java.net/2009/02" name="/vendors" type="rest" xmlns:xsi="http://www.w3.org/2001/XMLSchema-instance"><con:settings/><con:definitionCache type="TEXT" rootPart=""/><con:endpoints><con:endpoint>https://tngo-dev-mobproc-cmd.cloudhub.io</con:endpoint></con:endpoints><con:resource name="Vendors" path="/vendors" id="69363ba1-fb75-4f9c-ab88-86be048c52ba"><con:settings/><con:parameters><con:parameter><con:name>sortAscending</con:name><con:value>true</con:value><con:style>QUERY</con:style><con:default>true</con:default><con:path xsi:nil="true"/><con:description xsi:nil="true"/></con:parameter><con:parameter><con:name>region</con:name><con:value>70144640</con:value><con:style>QUERY</con:style><con:default>70144640</con:default><con:path xsi:nil="true"/><con:description xsi:nil="true"/></con:parameter><con:parameter><con:name>Authorization</con:name><con:value/><con:style>HEADER</con:style><con:default/><con:description xsi:nil="true"/></con:parameter><con:parameter><con:name>X-TNGO-TENANT</con:name><con:value/><con:style>HEADER</con:style><con:default/><con:description xsi:nil="true"/></con:parameter><con:parameter><con:name>client_id</con:name><con:value/><con:style>HEADER</con:style><con:default/><con:description xsi:nil="true"/></con:parameter><con:parameter><con:name>client_secret</con:name><con:value/><con:style>HEADER</con:style><con:default/><con:description xsi:nil="true"/></con:parameter></con:parameters><con:method name="Vendors" id="687fcff6-713f-4143-92bc-24026728d2d2" method="GET"><con:settings/><con:parameters/><con:representation type="FAULT"><con:mediaType>application/json</con:mediaType><con:status>400</con:status><con:params/><con:element xmlns:ven="https://tngo-qa-mobproc-cmd.cloudhub.io/mobproc/v1.qa/vendors">ven:Fault</con:element></con:representation><con:representation type="RESPONSE"><con:mediaType>application/json;charset=UTF-8</con:mediaType><con:status>200</con:status><con:params/><con:element xmlns:ven="https://tngo-qa-mobproc-cmd.cloudhub.io/mobproc/v1.qa/vendors">ven:Response</con:element></con:representation><con:request name="Request 1" id="af21cc97-455b-404d-bb94-48edd2fe6923" mediaType="application/json"><con:settings><con:setting id="com.eviware.soapui.impl.wsdl.WsdlRequest@request-headers">&lt;xml-fragment/></con:setting></con:settings><con:endpoint>None</con:endpoint><con:request/><con:credentials><con:selectedAuthProfile>No Authorization</con:selectedAuthProfile><con:authType>No Authorization</con:authType></con:credentials><con:jmsConfig JMSDeliveryMode="PERSISTENT"/><con:parameters>
  <con:entry key="sortAscending" value=""/>
  <con:entry key="region" value=""/>
</con:parameters><con:parameterOrder><con:entry>X-TNGO-TENANT</con:entry><con:entry>Authorization</con:entry><con:entry>client_id</con:entry><con:entry>client_secret</con:entry><con:entry>region</con:entry><con:entry>sortAscending</con:entry></con:parameterOrder></con:request></con:method></con:resource></con:interface><con:interface xsi:type="con:RestService" id="3581670a-d668-4257-aa3d-7df10058db28" wadlVersion="http://wadl.dev.java.net/2009/02" name="/manufacturers" type="rest" xmlns:xsi="http://www.w3.org/2001/XMLSchema-instance"><con:settings/><con:definitionCache type="TEXT" rootPart=""/><con:endpoints><con:endpoint>https://tngo-dev-mobproc-cmd.cloudhub.io</con:endpoint></con:endpoints><con:resource name="Manufacturers" path="/manufacturers" id="77b2ee47-f066-4e5f-b71c-89433015afc7"><con:settings/><con:parameters><con:parameter><con:name>type</con:name><con:value>ACCESSORY</con:value><con:style>QUERY</con:style><con:default>ACCESSORY</con:default><con:path xsi:nil="true"/><con:description xsi:nil="true"/></con:parameter><con:parameter><con:name>Authorization</con:name><con:value/><con:style>HEADER</con:style><con:default/><con:description xsi:nil="true"/></con:parameter><con:parameter><con:name>X-TNGO-TENANT</con:name><con:value/><con:style>HEADER</con:style><con:default/><con:description xsi:nil="true"/></con:parameter><con:parameter><con:name>client_id</con:name><con:value/><con:style>HEADER</con:style><con:default/><con:description xsi:nil="true"/></con:parameter><con:parameter><con:name>client_secret</con:name><con:value/><con:style>HEADER</con:style><con:default/><con:description xsi:nil="true"/></con:parameter></con:parameters><con:method name="Manufacturers" id="ab1c5eae-6953-45cd-a050-4e93dd997509" method="GET"><con:settings/><con:parameters/><con:representation type="FAULT"><con:mediaType>application/json</con:mediaType><con:status>403</con:status><con:params/></con:representation><con:representation type="RESPONSE"><con:mediaType>application/json;charset=UTF-8</con:mediaType><con:status>200</con:status><con:params/><con:element xmlns:man="https://tngo-qa-mobproc-cmd.cloudhub.io/mobproc/v1.qa/manufacturers">man:Response</con:element></con:representation><con:request name="Request 1" id="94477046-751c-4fc9-a402-de70dd49e89e" mediaType="application/json"><con:settings><con:setting id="com.eviware.soapui.impl.wsdl.WsdlRequest@request-headers">&lt;xml-fragment/></con:setting></con:settings><con:endpoint>None</con:endpoint><con:request/><con:credentials><con:selectedAuthProfile>No Authorization</con:selectedAuthProfile><con:authType>No Authorization</con:authType></con:credentials><con:jmsConfig JMSDeliveryMode="PERSISTENT"/><con:parameters><entry key="type" value="" xmlns="http://eviware.com/soapui/config"/></con:parameters><con:parameterOrder><con:entry>Authorization</con:entry><con:entry>X-TNGO-TENANT</con:entry><con:entry>client_id</con:entry><con:entry>client_secret</con:entry><con:entry>type</con:entry></con:parameterOrder></con:request></con:method></con:resource></con:interface><con:interface xsi:type="con:RestService" id="4d298e0a-71ac-4e7f-ae16-d338af67b308" wadlVersion="http://wadl.dev.java.net/2009/02" name="/catalog/accessories" type="rest" xmlns:xsi="http://www.w3.org/2001/XMLSchema-instance"><con:settings/><con:definitionCache type="TEXT" rootPart=""/><con:endpoints><con:endpoint>https://tg-mobility.cloudhub.io</con:endpoint></con:endpoints><con:resource name="Accessories" path="/catalog/accessories" id="ca4fa0b4-32a8-46f7-ab5a-713db6212703"><con:settings/><con:parameters><con:parameter required="false" disableUrlEncoding="false"><con:name>X-TNGO-TENANT</con:name><con:value/><con:style>HEADER</con:style><con:type xmlns:xs="http://www.w3.org/2001/XMLSchema">xs:string</con:type><con:default/><con:description xsi:nil="true"/></con:parameter><con:parameter required="false" disableUrlEncoding="false"><con:name>Authorization</con:name><con:value/><con:style>HEADER</con:style><con:type xmlns:xs="http://www.w3.org/2001/XMLSchema">xs:string</con:type><con:default/><con:description xsi:nil="true"/></con:parameter><con:parameter required="false" disableUrlEncoding="false"><con:name>client_id</con:name><con:value/><con:style>HEADER</con:style><con:type xmlns:xs="http://www.w3.org/2001/XMLSchema">xs:string</con:type><con:default/><con:description xsi:nil="true"/></con:parameter><con:parameter required="false" disableUrlEncoding="false"><con:name>client_secret</con:name><con:value/><con:style>HEADER</con:style><con:type xmlns:xs="http://www.w3.org/2001/XMLSchema">xs:string</con:type><con:default/><con:description xsi:nil="true"/></con:parameter><con:parameter><con:name>transactionType</con:name><con:value/><con:style>QUERY</con:style><con:default/><con:path xsi:nil="true"/><con:description xsi:nil="true"/></con:parameter><con:parameter><con:name>region</con:name><con:value/><con:style>QUERY</con:style><con:default/><con:path xsi:nil="true"/><con:description xsi:nil="true"/></con:parameter><con:parameter><con:name>offset</con:name><con:value/><con:style>QUERY</con:style><con:default/><con:path xsi:nil="true"/><con:description xsi:nil="true"/></con:parameter><con:parameter><con:name>limit</con:name><con:value/><con:style>QUERY</con:style><con:default/><con:path xsi:nil="true"/><con:description xsi:nil="true"/></con:parameter><con:parameter><con:name>compatibleWithDevice</con:name><con:value/><con:style>QUERY</con:style><con:default/></con:parameter><con:parameter><con:name>manufacturer</con:name><con:value/><con:style>QUERY</con:style><con:default/></con:parameter><con:parameter><con:name>postalCode</con:name><con:value/><con:style>QUERY</con:style><con:default/></con:parameter><con:parameter><con:name>service</con:name><con:value/><con:style>QUERY</con:style><con:default/></con:parameter><con:parameter><con:name>vendor</con:name><con:value/><con:style>QUERY</con:style><con:default/></con:parameter><con:parameter><con:name>compatibleWithDeviceAsset</con:name><con:value/><con:style>QUERY</con:style><con:default/><con:description xsi:nil="true"/></con:parameter></con:parameters><con:method name="Accessories" id="f65778f6-5da4-43b7-80fe-3a646853ca6d" method="GET"><con:settings/><con:parameters/><con:representation type="RESPONSE"><con:mediaType>application/json;charset=UTF-8</con:mediaType><con:status>200</con:status><con:params/><con:element xmlns:acc="https://tg-mobility.cloudhub.io/mobility/v1/catalog/accessories">acc:Response</con:element></con:representation><con:representation type="FAULT"><con:mediaType>application/json</con:mediaType><con:status>500</con:status><con:params/><con:element xmlns:acc="https://tg-mobility.cloudhub.io/mobility/v1/catalog/accessories">acc:Fault</con:element></con:representation><con:representation type="FAULT"><con:mediaType xsi:nil="true"/><con:status>404</con:status><con:params/><con:element>data</con:element></con:representation><con:representation type="FAULT"><con:mediaType xsi:nil="true"/><con:status>404</con:status><con:params/><con:element>data</con:element></con:representation><con:representation type="FAULT"><con:mediaType xsi:nil="true"/><con:status>404</con:status><con:params/><con:element>data</con:element></con:representation><con:request name="Request 1" id="005ff084-2f67-47a4-96dc-321e6c175e59" mediaType="application/json"><con:settings><con:setting id="com.eviware.soapui.impl.wsdl.WsdlRequest@request-headers">&lt;xml-fragment/></con:setting></con:settings><con:endpoint>None</con:endpoint><con:request/><con:credentials><con:selectedAuthProfile>No Authorization</con:selectedAuthProfile><con:authType>No Authorization</con:authType></con:credentials><con:jmsConfig JMSDeliveryMode="PERSISTENT"/><con:parameters>
  <con:entry key="transactionType" value=""/>
  <con:entry key="offset" value=""/>
  <con:entry key="service" value=""/>
  <con:entry key="vendor" value=""/>
  <con:entry key="postalCode" value=""/>
  <con:entry key="limit" value=""/>
  <con:entry key="compatibleWithDevice" value=""/>
  <con:entry key="region" value=""/>
  <con:entry key="manufacturer" value=""/>
</con:parameters><con:parameterOrder><con:entry>X-TNGO-TENANT</con:entry><con:entry>Authorization</con:entry><con:entry>client_id</con:entry><con:entry>client_secret</con:entry><con:entry>transactionType</con:entry><con:entry>region</con:entry><con:entry>offset</con:entry><con:entry>limit</con:entry><con:entry>compatibleWithDevice</con:entry><con:entry>compatibleWithDeviceAsset</con:entry><con:entry>manufacturer</con:entry><con:entry>postalCode</con:entry><con:entry>service</con:entry><con:entry>vendor</con:entry></con:parameterOrder></con:request></con:method></con:resource></con:interface><con:interface xsi:type="con:RestService" id="c92b30af-6df2-4bcb-aa7a-acf09f154343" wadlVersion="http://wadl.dev.java.net/2009/02" name="/assets/services" type="rest" xmlns:xsi="http://www.w3.org/2001/XMLSchema-instance"><con:settings/><con:definitionCache type="TEXT" rootPart=""/><con:endpoints/><con:resource name="Services" path="/assets/services" id="ebbaae8e-0127-4b0e-9702-9267166ce9e1"><con:settings/><con:parameters><con:parameter><con:name>X-TNGO-TENANT</con:name><con:value/><con:style>HEADER</con:style><con:default/><con:description xsi:nil="true"/></con:parameter><con:parameter><con:name>Authorization</con:name><con:value/><con:style>HEADER</con:style><con:default/><con:description xsi:nil="true"/></con:parameter><con:parameter><con:name>client_id</con:name><con:value/><con:style>HEADER</con:style><con:default/><con:description xsi:nil="true"/></con:parameter><con:parameter><con:name>client_secret</con:name><con:value/><con:style>HEADER</con:style><con:default/><con:description xsi:nil="true"/></con:parameter><con:parameter><con:name>offset</con:name><con:value/><con:style>QUERY</con:style><con:default/><con:description xsi:nil="true"/></con:parameter><con:parameter><con:name>limit</con:name><con:value/><con:style>QUERY</con:style><con:default/><con:description xsi:nil="true"/></con:parameter><con:parameter><con:name>transactionType</con:name><con:value/><con:style>QUERY</con:style><con:default/><con:description xsi:nil="true"/></con:parameter></con:parameters><con:method name="Services" id="b0487afc-b3ae-40b0-924c-084db293bb2a" method="GET"><con:settings/><con:parameters/><con:representation type="FAULT"><con:mediaType>application/json</con:mediaType><con:status>403</con:status><con:params/></con:representation><con:representation type="RESPONSE"><con:mediaType>application/json;charset=UTF-8</con:mediaType><con:status>200</con:status><con:params/><con:element xmlns:ser="https://tngo-qa-mobproc-cmd.cloudhub.io/mobproc/v1.qa/assets/services">ser:Response</con:element></con:representation><con:request name="Request 1" id="7411795b-ce62-428a-a63f-e1cd858b76d1" mediaType="application/json"><con:settings><con:setting id="com.eviware.soapui.impl.wsdl.WsdlRequest@request-headers">&lt;xml-fragment/></con:setting></con:settings><con:endpoint>None</con:endpoint><con:request/><con:credentials><con:selectedAuthProfile>No Authorization</con:selectedAuthProfile><con:authType>No Authorization</con:authType></con:credentials><con:jmsConfig JMSDeliveryMode="PERSISTENT"/><con:parameters/><con:parameterOrder><con:entry>X-TNGO-TENANT</con:entry><con:entry>Authorization</con:entry><con:entry>client_id</con:entry><con:entry>client_secret</con:entry><con:entry>offset</con:entry><con:entry>limit</con:entry><con:entry>transactionType</con:entry></con:parameterOrder></con:request></con:method></con:resource></con:interface><con:testSuite id="edace4c2-f3e5-4e9a-a6eb-1a15ac065973" name="TS_AccessoriesFiltering"><con:settings/><con:runType>SEQUENTIAL</con:runType><con:testCase id="cb95f636-75d3-4950-8165-b5a7fdde1ce3" discardOkResults="true" failOnError="true" failTestCaseOnErrors="true" keepSession="false" name="TC_AccessoriesFiltering" searchProperties="true"><con:settings/><con:testStep type="groovy" name="ScriptSetupAccessories" id="af818c1c-3b4d-40f2-8df4-4591a551f03a"><con:settings/><con:config><script>// /////////////////////////////////////////////
// This sets up all of the test case properties
// /////////////////////////////////////////////

def groovyUtils = new com.eviware.soapui.support.GroovyUtils( context ); 
def projectPath = groovyUtils.projectPath //gets the path of the project root

// this is sanity check with a simple call. all this does is verify a simple connection 
// to the external clases by logging a message in log window.
soapUIScripts.CommonMethods.StaticMethod(log) 

// setup test case properties stored in 'DudleyDorightDataActions' class.
soapUIScripts.DudleyDorightDataActions.SetupTestCaseProperties(log, testRunner) 

// read in token pair and put in test case properties.
// NOTE: token pair must be in same folder as project
//       token pair must be up to date (not expired)
assert(soapUIScripts.CommonMethods.ReadTokenPair(projectPath + "\\" + "TokenPair.txt", log, testRunner) == true)

// read user Ids and assign to test case properties 
def userIdsFileName = projectPath + "\\" + "DudleyDoright.txt"
assert soapUIScripts.CommonMethods.ReadUserIdsURL(userIdsFileName, log, testRunner) == true

def userIdsFileName2 = projectPath + "\\" + "AnaUserData.txt"
assert soapUIScripts.CommonMethods.ReadUserIds(userIdsFileName2, log, testRunner) == true

context.offset = 0
context.limit = 20

testRunner.testCase.setPropertyValue("offset", context.offset.toString())
testRunner.testCase.setPropertyValue("limit", context.limit.toString())

testRunner.testCase.setPropertyValue("regionId", "70144640")
testRunner.testCase.setPropertyValue("vendorId", "98")

def assetId = testRunner.testCase.getPropertyValue("DeviceId")
testRunner.testCase.setPropertyValue("compatibleDeviceAsset", assetId)

testRunner.testCase.setPropertyValue("transactionType", "NEW_ACTIVATION")
testRunner.testCase.setPropertyValue("manufacturerId", "Apple")
testRunner.testCase.setPropertyValue("postalCode", "02452")


</script></con:config></con:testStep><con:testStep type="restrequest" name="GetCatalogDevices" id="72fc9166-356a-4a02-9415-496329e1e3d1"><con:settings/><con:config service="/catalog/devices" resourcePath="/catalog/devices" methodName="Devices" xsi:type="con:RestRequestStep" xmlns:xsi="http://www.w3.org/2001/XMLSchema-instance"><con:restRequest name="GetCatalogDevices" id="0caae985-5665-4eae-9df6-7dd68dee70a8" mediaType="application/json"><con:settings><con:setting id="com.eviware.soapui.impl.wsdl.WsdlRequest@request-headers">&lt;xml-fragment/></con:setting></con:settings><con:endpoint>${#TestCase#URL}</con:endpoint><con:request/><con:originalUri>https://tngo-qa-mobproc-cmd.cloudhub.io/mobproc/v1.qa/catalog/devices</con:originalUri><con:assertion type="Valid HTTP Status Codes" id="b41525b6-b546-4eb6-8a91-3659d300fa8b" name="Valid HTTP Status Codes"><con:settings/><con:configuration><codes>200</codes></con:configuration></con:assertion><con:credentials><con:selectedAuthProfile>No Authorization</con:selectedAuthProfile><con:authType>No Authorization</con:authType></con:credentials><con:jmsConfig JMSDeliveryMode="PERSISTENT"/><con:parameters>
  <con:entry key="transactionType" value="${#TestCase#transactionType}"/>
  <con:entry key="Authorization" value="Bearer ${#TestCase#AccessToken}"/>
  <con:entry key="sortAscending" value=""/>
  <con:entry key="offset" value="${#TestCase#offset}"/>
  <con:entry key="X-TNGO-TENANT" value="${#TestCase#Tenant}"/>
  <con:entry key="postalCode" value=""/>
  <con:entry key="limit" value="${#TestCase#limit}"/>
  <con:entry key="client_secret" value="${#TestCase#client_secret}"/>
  <con:entry key="region" value="${#TestCase#regionId}"/>
  <con:entry key="client_id" value="${#TestCase#client_Id}"/>
</con:parameters><con:parameterOrder><con:entry>X-TNGO-TENANT</con:entry><con:entry>Authorization</con:entry><con:entry>client_id</con:entry><con:entry>client_secret</con:entry><con:entry>transactionType</con:entry><con:entry>region</con:entry><con:entry>offset</con:entry><con:entry>limit</con:entry><con:entry>sortAscending</con:entry><con:entry>postalCode</con:entry></con:parameterOrder></con:restRequest></con:config></con:testStep><con:testStep type="groovy" name="SetupQueryParameterCompatibleWithDevice" id="2ba466b5-c919-44f7-bf40-98d3d40a199c"><con:settings/><con:config><script>import groovy.json.JsonSlurper 
import java.util.Random

def groovyUtils = new com.eviware.soapui.support.GroovyUtils( context ); 
def testCase = context.testCase; 
def testStep = testCase.getTestStepByName("GetCatalogDevices") 

//  need for external call.
testRunner = new com.eviware.soapui.impl.wsdl.testcase.WsdlTestCaseRunner(testCase, null); 
testStepContext = new com.eviware.soapui.impl.wsdl.testcase.WsdlTestRunContext(testStep); 

// get response of last test step run.
def response = testStep.testRequest.messageExchange.response.responseContent
def slurper = new JsonSlurper()
def json = slurper.parseText response


int amount = json.devices._meta.totalCount
int limit = Integer.parseInt(testRunner.testCase.getPropertyValue("limit"))
//log.info "amount: " + amount

// Gets a random index to get a device's id for next test step
Random random = new Random()

// If the total amount of devices is greater than the limit specified on the request, assign the limit's value to the "amount" variable
if (amount > limit){
	amount = limit
}
int max = amount - 1
int index = random.nextInt(max)

//log.info "index: " + index

def compatibleDeviceId = json.devices.items[index].id
log.info "compatibleDeviceId: " + compatibleDeviceId

testRunner.testCase.setPropertyValue("compatibleDeviceId", compatibleDeviceId)



</script></con:config></con:testStep><con:testStep type="restrequest" name="GetAccessoriesByCompatibleWithDevice" id="578967ce-1246-4704-8bda-7f169b3521d3"><con:settings/><con:config service="/catalog/accessories" resourcePath="/catalog/accessories" methodName="Accessories" xsi:type="con:RestRequestStep" xmlns:xsi="http://www.w3.org/2001/XMLSchema-instance"><con:restRequest name="GetAccessoriesByCompatibleWithDevice" id="36a35b3f-56a9-4a29-9cc9-bb21f91bcf7a" mediaType="application/json"><con:settings><con:setting id="com.eviware.soapui.impl.wsdl.WsdlRequest@request-headers">&lt;xml-fragment/></con:setting></con:settings><con:endpoint>${#TestCase#URL}</con:endpoint><con:request/><con:originalUri>https://tg-mobility.cloudhub.io/mobility/v1/catalog/accessories</con:originalUri><con:assertion type="Valid HTTP Status Codes" id="43944773-127e-4b23-a3a4-9bc03a4862d1" name="Valid HTTP Status Codes"><con:settings/><con:configuration><codes>200</codes></con:configuration></con:assertion><con:assertion type="Simple Contains" id="40733103-b7d8-4f0c-8f2f-c5609be10b18" name="Contains"><con:configuration><token>compatibleWithDevice=${#TestCase#compatibleDeviceId}</token><ignoreCase>false</ignoreCase><useRegEx>false</useRegEx></con:configuration></con:assertion><con:credentials><con:selectedAuthProfile>No Authorization</con:selectedAuthProfile><con:authType>No Authorization</con:authType></con:credentials><con:jmsConfig JMSDeliveryMode="PERSISTENT"/><con:parameters>
  <con:entry key="offset" value="${#TestCase#offset}"/>
  <con:entry key="X-TNGO-TENANT" value="${#TestCase#Tenant}"/>
  <con:entry key="postalCode" value=""/>
  <con:entry key="client_id" value="${#TestCase#client_Id}"/>
  <con:entry key="manufacturer" value=""/>
  <con:entry key="transactionType" value="${#TestCase#transactionType}"/>
  <con:entry key="Authorization" value="Bearer ${#TestCase#AccessToken}"/>
  <con:entry key="compatibleWithDeviceAsset" value=""/>
  <con:entry key="service" value=""/>
  <con:entry key="vendor" value=""/>
  <con:entry key="limit" value="${#TestCase#limit}"/>
  <con:entry key="compatibleWithDevice" value="${#TestCase#compatibleDeviceId}"/>
  <con:entry key="client_secret" value="${#TestCase#client_secret}"/>
  <con:entry key="region" value="${#TestCase#regionId}"/>
</con:parameters><con:parameterOrder><con:entry>X-TNGO-TENANT</con:entry><con:entry>Authorization</con:entry><con:entry>client_id</con:entry><con:entry>client_secret</con:entry><con:entry>transactionType</con:entry><con:entry>region</con:entry><con:entry>offset</con:entry><con:entry>limit</con:entry><con:entry>compatibleWithDevice</con:entry><con:entry>compatibleWithDeviceAsset</con:entry><con:entry>manufacturer</con:entry><con:entry>postalCode</con:entry><con:entry>service</con:entry><con:entry>vendor</con:entry></con:parameterOrder></con:restRequest></con:config></con:testStep><con:testStep type="groovy" name="VerifyAccessoriesByCompatibleWithDevice" id="b0bfe946-7d87-47fe-99c4-322ef999fd52"><con:settings/><con:config><script>import groovy.json.JsonSlurper 

def groovyUtils = new com.eviware.soapui.support.GroovyUtils( context ); 
def testCase = context.testCase; 
def testStep = testCase.getTestStepByName("GetAccessoriesByCompatibleWithDevice") 

//  need for external call.
testRunner = new com.eviware.soapui.impl.wsdl.testcase.WsdlTestCaseRunner(testCase, null); 
testStepContext = new com.eviware.soapui.impl.wsdl.testcase.WsdlTestRunContext(testStep); 

// get response of last test step run.
def response = testStep.testRequest.messageExchange.response.responseContent
def slurper = new JsonSlurper()
def json = slurper.parseText response


def compatibleDeviceId = testRunner.testCase.getPropertyValue("compatibleDeviceId")
def metaHref = json.accessories._meta.href

assert (metaHref.contains(compatibleDeviceId))


log.info "Compatible Device Id Ok"

</script></con:config></con:testStep><con:testStep type="restrequest" name="GetAccessoriesByCompatibleWithDeviceAsset" id="388f7c56-2604-4cfc-a428-59dabfdd2d5a"><con:settings/><con:config service="/catalog/accessories" resourcePath="/catalog/accessories" methodName="Accessories" xsi:type="con:RestRequestStep" xmlns:xsi="http://www.w3.org/2001/XMLSchema-instance"><con:restRequest name="GetAccessoriesByCompatibleWithDeviceAsset" id="36a35b3f-56a9-4a29-9cc9-bb21f91bcf7a" mediaType="application/json"><con:settings><con:setting id="com.eviware.soapui.impl.wsdl.WsdlRequest@request-headers">&lt;xml-fragment/></con:setting></con:settings><con:endpoint>${#TestCase#URL}</con:endpoint><con:request/><con:originalUri>https://tg-mobility.cloudhub.io/mobility/v1/catalog/accessories</con:originalUri><con:assertion type="Valid HTTP Status Codes" id="43944773-127e-4b23-a3a4-9bc03a4862d1" name="Valid HTTP Status Codes"><con:settings/><con:configuration><codes>200</codes></con:configuration></con:assertion><con:assertion type="Simple Contains" id="40733103-b7d8-4f0c-8f2f-c5609be10b18" name="Contains"><con:configuration><token>compatibleWithDeviceAsset=${#TestCase#compatibleDeviceAsset}</token><ignoreCase>false</ignoreCase><useRegEx>false</useRegEx></con:configuration></con:assertion><con:credentials><con:selectedAuthProfile>No Authorization</con:selectedAuthProfile><con:authType>No Authorization</con:authType></con:credentials><con:jmsConfig JMSDeliveryMode="PERSISTENT"/><con:parameters>
  <con:entry key="offset" value="${#TestCase#offset}"/>
  <con:entry key="X-TNGO-TENANT" value="${#TestCase#Tenant}"/>
  <con:entry key="postalCode" value=""/>
  <con:entry key="client_id" value="${#TestCase#client_Id}"/>
  <con:entry key="manufacturer" value=""/>
  <con:entry key="transactionType" value="${#TestCase#transactionType}"/>
  <con:entry key="Authorization" value="Bearer ${#TestCase#AccessToken}"/>
  <con:entry key="compatibleWithDeviceAsset" value="${#TestCase#compatibleDeviceAsset}"/>
  <con:entry key="service" value=""/>
  <con:entry key="vendor" value=""/>
  <con:entry key="limit" value="${#TestCase#limit}"/>
  <con:entry key="client_secret" value="${#TestCase#client_secret}"/>
  <con:entry key="region" value="${#TestCase#regionId}"/>
</con:parameters><con:parameterOrder><con:entry>X-TNGO-TENANT</con:entry><con:entry>Authorization</con:entry><con:entry>client_id</con:entry><con:entry>client_secret</con:entry><con:entry>transactionType</con:entry><con:entry>region</con:entry><con:entry>offset</con:entry><con:entry>limit</con:entry><con:entry>compatibleWithDevice</con:entry><con:entry>compatibleWithDeviceAsset</con:entry><con:entry>manufacturer</con:entry><con:entry>postalCode</con:entry><con:entry>service</con:entry><con:entry>vendor</con:entry></con:parameterOrder></con:restRequest></con:config></con:testStep><con:testStep type="groovy" name="VerifyAccessoriesByCompatibleWithDeviceAsset" id="b32922f4-f8c2-4146-9b98-f82250ff732d"><con:settings/><con:config><script>import groovy.json.JsonSlurper 

def groovyUtils = new com.eviware.soapui.support.GroovyUtils( context ); 
def testCase = context.testCase; 
def testStep = testCase.getTestStepByName("GetAccessoriesByCompatibleWithDeviceAsset") 

//  need for external call.
testRunner = new com.eviware.soapui.impl.wsdl.testcase.WsdlTestCaseRunner(testCase, null); 
testStepContext = new com.eviware.soapui.impl.wsdl.testcase.WsdlTestRunContext(testStep); 

// get response of last test step run.
def response = testStep.testRequest.messageExchange.response.responseContent
def slurper = new JsonSlurper()
def json = slurper.parseText response


def compatibleDeviceAsset = testRunner.testCase.getPropertyValue("compatibleDeviceAsset")
def metaHref = json.accessories._meta.href

assert (metaHref.contains(compatibleDeviceAsset))

log.info "Compatible Device Asset Ok"

</script></con:config></con:testStep><con:testStep type="restrequest" name="GetAccessoriesByManufacturer" id="9ace6d14-42c9-462e-ac93-d4822d2cb244"><con:settings/><con:config service="/catalog/accessories" resourcePath="/catalog/accessories" methodName="Accessories" xsi:type="con:RestRequestStep" xmlns:xsi="http://www.w3.org/2001/XMLSchema-instance"><con:restRequest name="GetAccessoriesByManufacturer" id="36a35b3f-56a9-4a29-9cc9-bb21f91bcf7a" mediaType="application/json"><con:settings><con:setting id="com.eviware.soapui.impl.wsdl.WsdlRequest@request-headers">&lt;xml-fragment/></con:setting></con:settings><con:endpoint>${#TestCase#URL}</con:endpoint><con:request/><con:originalUri>https://tg-mobility.cloudhub.io/mobility/v1/catalog/accessories</con:originalUri><con:assertion type="Valid HTTP Status Codes" id="43944773-127e-4b23-a3a4-9bc03a4862d1" name="Valid HTTP Status Codes"><con:settings/><con:configuration><codes>200</codes></con:configuration></con:assertion><con:credentials><con:selectedAuthProfile>No Authorization</con:selectedAuthProfile><con:authType>No Authorization</con:authType></con:credentials><con:jmsConfig JMSDeliveryMode="PERSISTENT"/><con:parameters>
  <con:entry key="offset" value="${#TestCase#offset}"/>
  <con:entry key="X-TNGO-TENANT" value="${#TestCase#Tenant}"/>
  <con:entry key="postalCode" value=""/>
  <con:entry key="client_id" value="${#TestCase#client_Id}"/>
  <con:entry key="manufacturer" value="${#TestCase#manufacturerId}"/>
  <con:entry key="transactionType" value="${#TestCase#transactionType}"/>
  <con:entry key="Authorization" value="Bearer ${#TestCase#AccessToken}"/>
  <con:entry key="compatibleWithDeviceAsset" value=""/>
  <con:entry key="service" value=""/>
  <con:entry key="vendor" value=""/>
  <con:entry key="limit" value="${#TestCase#limit}"/>
  <con:entry key="client_secret" value="${#TestCase#client_secret}"/>
  <con:entry key="region" value="${#TestCase#regionId}"/>
</con:parameters><con:parameterOrder><con:entry>X-TNGO-TENANT</con:entry><con:entry>Authorization</con:entry><con:entry>client_id</con:entry><con:entry>client_secret</con:entry><con:entry>transactionType</con:entry><con:entry>region</con:entry><con:entry>offset</con:entry><con:entry>limit</con:entry><con:entry>compatibleWithDevice</con:entry><con:entry>manufacturer</con:entry><con:entry>postalCode</con:entry><con:entry>service</con:entry><con:entry>vendor</con:entry><con:entry>compatibleWithDeviceAsset</con:entry></con:parameterOrder></con:restRequest></con:config></con:testStep><con:testStep type="groovy" name="VerifyAccessoriesByManufacturer" id="422e2a5d-e735-4609-aaf8-51fe1101c82d"><con:settings/><con:config><script>import groovy.json.JsonSlurper 

def groovyUtils = new com.eviware.soapui.support.GroovyUtils( context ); 
def testCase = context.testCase; 
def testStep = testCase.getTestStepByName("GetAccessoriesByManufacturer") 

//  need for external call.
testRunner = new com.eviware.soapui.impl.wsdl.testcase.WsdlTestCaseRunner(testCase, null); 
testStepContext = new com.eviware.soapui.impl.wsdl.testcase.WsdlTestRunContext(testStep); 

// get response of last test step run.
def response = testStep.testRequest.messageExchange.response.responseContent
def slurper = new JsonSlurper()
def json = slurper.parseText response

log.info "manufacturer: " + testRunner.testCase.getPropertyValue("manufacturerId")
def manufacturerId = testRunner.testCase.getPropertyValue("manufacturerId")
def listManufacturers = json.accessories.items.manufacturer.id


for (mnf in listManufacturers){
	//log.info mnf
	assert (manufacturerId.equals(mnf))
}

log.info "Manufacturer Id Ok"
</script></con:config></con:testStep><con:testStep type="restrequest" name="GetAccessoriesByService" id="658c3cdc-f2d7-494a-aca0-139f85f3c8a1"><con:settings/><con:config service="/catalog/accessories" resourcePath="/catalog/accessories" methodName="Accessories" xsi:type="con:RestRequestStep" xmlns:xsi="http://www.w3.org/2001/XMLSchema-instance"><con:restRequest name="GetAccessoriesByService" id="36a35b3f-56a9-4a29-9cc9-bb21f91bcf7a" mediaType="application/json"><con:settings><con:setting id="com.eviware.soapui.impl.wsdl.WsdlRequest@request-headers">&lt;xml-fragment/></con:setting></con:settings><con:endpoint>${#TestCase#URL}</con:endpoint><con:request/><con:originalUri>https://tg-mobility.cloudhub.io/mobility/v1/catalog/accessories</con:originalUri><con:assertion type="Valid HTTP Status Codes" id="43944773-127e-4b23-a3a4-9bc03a4862d1" name="Valid HTTP Status Codes"><con:settings/><con:configuration><codes>200</codes></con:configuration></con:assertion><con:assertion type="Simple Contains" id="9951cb19-ae41-4d94-b93c-f923397867d1" name="Contains"><con:configuration><token>service=${#TestCase#serviceId}</token><ignoreCase>false</ignoreCase><useRegEx>false</useRegEx></con:configuration></con:assertion><con:credentials><con:selectedAuthProfile>No Authorization</con:selectedAuthProfile><con:authType>No Authorization</con:authType></con:credentials><con:jmsConfig JMSDeliveryMode="PERSISTENT"/><con:parameters>
  <con:entry key="transactionType" value="${#TestCase#transactionType}"/>
  <con:entry key="Authorization" value="Bearer ${#TestCase#AccessToken}"/>
  <con:entry key="offset" value="${#TestCase#offset}"/>
  <con:entry key="compatibleWithDeviceAsset" value=""/>
  <con:entry key="service" value="${#TestCase#ServiceId}"/>
  <con:entry key="vendor" value=""/>
  <con:entry key="X-TNGO-TENANT" value="${#TestCase#Tenant}"/>
  <con:entry key="postalCode" value=""/>
  <con:entry key="limit" value="${#TestCase#limit}"/>
  <con:entry key="client_secret" value="${#TestCase#client_secret}"/>
  <con:entry key="region" value="${#TestCase#regionId}"/>
  <con:entry key="client_id" value="${#TestCase#client_Id}"/>
</con:parameters><con:parameterOrder><con:entry>X-TNGO-TENANT</con:entry><con:entry>Authorization</con:entry><con:entry>client_id</con:entry><con:entry>client_secret</con:entry><con:entry>transactionType</con:entry><con:entry>region</con:entry><con:entry>offset</con:entry><con:entry>limit</con:entry><con:entry>compatibleWithDevice</con:entry><con:entry>manufacturer</con:entry><con:entry>postalCode</con:entry><con:entry>service</con:entry><con:entry>vendor</con:entry><con:entry>compatibleWithDeviceAsset</con:entry></con:parameterOrder></con:restRequest></con:config></con:testStep><con:testStep type="groovy" name="VerifyAccessoriesByService" id="12a23cc5-2d5a-44e5-820b-8d8573e59495"><con:settings/><con:config><script>import groovy.json.JsonSlurper 

def groovyUtils = new com.eviware.soapui.support.GroovyUtils(context ); 
def testCase = context.testCase; 
def testStep = testCase.getTestStepByName("GetAccessoriesByService") 

//  need for external call.
testRunner = new com.eviware.soapui.impl.wsdl.testcase.WsdlTestCaseRunner(testCase, null); 
testStepContext = new com.eviware.soapui.impl.wsdl.testcase.WsdlTestRunContext(testStep); 

// get response of last test step run.
def response = testStep.testRequest.messageExchange.response.responseContent
def slurper = new JsonSlurper()
def json = slurper.parseText response


def serviceId = testRunner.testCase.getPropertyValue("ServiceId")
def metaHref = json.accessories._meta.href

assert (metaHref.contains(serviceId))

log.info "Service Ok"
</script></con:config></con:testStep><con:testStep type="datasource" name="DataSource" id="3578b11f-4cd1-40c9-abb8-4cd8328f9715"><con:settings/><con:config xsi:type="con:DataSourceStep" xmlns:xsi="http://www.w3.org/2001/XMLSchema-instance"><con:dataSource type="Grid"><con:configuration><check><![CDATA[<xml-fragment><con:entry xmlns:con="http://eviware.com/soapui/config">true</con:entry><con:entry xmlns:con="http://eviware.com/soapui/config">true</con:entry><con:entry xmlns:con="http://eviware.com/soapui/config">true</con:entry><con:entry xmlns:con="http://eviware.com/soapui/config">true</con:entry></xml-fragment>]]></check><row>&lt;xml-fragment>&lt;con:entry xmlns:con="http://eviware.com/soapui/config">ORDER_ACCESSORIES&lt;/con:entry>&lt;con:entry xmlns:con="http://eviware.com/soapui/config"/>&lt;/xml-fragment></row><row>&lt;xml-fragment>&lt;con:entry xmlns:con="http://eviware.com/soapui/config">UPGRADE&lt;/con:entry>&lt;con:entry xmlns:con="http://eviware.com/soapui/config"/>&lt;/xml-fragment></row><row>&lt;xml-fragment>&lt;con:entry xmlns:con="http://eviware.com/soapui/config">PORT_NUMBER&lt;/con:entry>&lt;con:entry xmlns:con="http://eviware.com/soapui/config"/>&lt;/xml-fragment></row><row>&lt;xml-fragment>&lt;con:entry xmlns:con="http://eviware.com/soapui/config">NEW_ACTIVATION&lt;/con:entry>&lt;con:entry xmlns:con="http://eviware.com/soapui/config"/>&lt;/xml-fragment></row></con:configuration></con:dataSource><con:property>transactionType</con:property><con:restartOnRun>true</con:restartOnRun></con:config></con:testStep><con:testStep type="restrequest" name="GetAccessoriesByTransactionType" id="6f13c988-e37d-40a2-8009-820f9d42c60b"><con:settings/><con:config service="/catalog/accessories" resourcePath="/catalog/accessories" methodName="Accessories" xsi:type="con:RestRequestStep" xmlns:xsi="http://www.w3.org/2001/XMLSchema-instance"><con:restRequest name="GetAccessoriesByTransactionType" id="36a35b3f-56a9-4a29-9cc9-bb21f91bcf7a" mediaType="application/json"><con:settings><con:setting id="com.eviware.soapui.impl.wsdl.WsdlRequest@request-headers">&lt;xml-fragment/></con:setting></con:settings><con:endpoint>${#TestCase#URL}</con:endpoint><con:request/><con:originalUri>https://tg-mobility.cloudhub.io/mobility/v1/catalog/accessories</con:originalUri><con:assertion type="Valid HTTP Status Codes" id="43944773-127e-4b23-a3a4-9bc03a4862d1" name="Valid HTTP Status Codes"><con:settings/><con:configuration><codes>200</codes></con:configuration></con:assertion><con:credentials><con:selectedAuthProfile>No Authorization</con:selectedAuthProfile><con:authType>No Authorization</con:authType></con:credentials><con:jmsConfig JMSDeliveryMode="PERSISTENT"/><con:parameters>
  <con:entry key="transactionType" value="${DataSource#transactionType}"/>
  <con:entry key="Authorization" value="Bearer ${#TestCase#AccessToken}"/>
  <con:entry key="offset" value="${#TestCase#offset}"/>
  <con:entry key="compatibleWithDeviceAsset" value=""/>
  <con:entry key="X-TNGO-TENANT" value="${#TestCase#Tenant}"/>
  <con:entry key="postalCode" value=""/>
  <con:entry key="limit" value="${#TestCase#limit}"/>
  <con:entry key="client_secret" value="${#TestCase#client_secret}"/>
  <con:entry key="region" value="${#TestCase#regionId}"/>
  <con:entry key="client_id" value="${#TestCase#client_Id}"/>
</con:parameters><con:parameterOrder><con:entry>X-TNGO-TENANT</con:entry><con:entry>Authorization</con:entry><con:entry>client_id</con:entry><con:entry>client_secret</con:entry><con:entry>transactionType</con:entry><con:entry>region</con:entry><con:entry>offset</con:entry><con:entry>limit</con:entry><con:entry>compatibleWithDevice</con:entry><con:entry>manufacturer</con:entry><con:entry>postalCode</con:entry><con:entry>service</con:entry><con:entry>vendor</con:entry><con:entry>compatibleWithDeviceAsset</con:entry></con:parameterOrder></con:restRequest></con:config></con:testStep><con:testStep type="groovy" name="VerifyAccessoriesByTransactionType" id="568da85a-f0c3-438e-b230-9e2944225685"><con:settings/><con:config><script>import groovy.json.JsonSlurper 

def groovyUtils = new com.eviware.soapui.support.GroovyUtils(context); 
def testCase = context.testCase; 
def testStep = testCase.getTestStepByName("GetAccessoriesByTransactionType")
def dataSource = testCase.getTestStepByName("DataSource")

//  need for external call.
testRunner = new com.eviware.soapui.impl.wsdl.testcase.WsdlTestCaseRunner(testCase, null); 
testStepContext = new com.eviware.soapui.impl.wsdl.testcase.WsdlTestRunContext(testStep); 

// get response of last test step run.
def response = testStep.testRequest.messageExchange.response.responseContent
def slurper = new JsonSlurper()
def json = slurper.parseText response


def transactionType = dataSource.getPropertyValue("transactionType")
def metaHref = json.accessories._meta.href

assert (metaHref.contains(transactionType))

//log.info transactionType
log.info "Transaction Type Ok"
</script></con:config></con:testStep><con:testStep type="datasourceloop" name="DataSource Loop" id="ef76b4eb-b7c3-451e-99fd-d5be1c608141"><con:settings/><con:config><dataSourceStep>DataSource</dataSourceStep><targetStep>GetAccessoriesByTransactionType</targetStep></con:config></con:testStep><con:testStep type="restrequest" name="GetAccessoriesByVendorAndRegion" id="3dcb891f-38f6-45f6-b2d1-67903f1573b9"><con:settings/><con:config service="/catalog/accessories" resourcePath="/catalog/accessories" methodName="Accessories" xsi:type="con:RestRequestStep" xmlns:xsi="http://www.w3.org/2001/XMLSchema-instance"><con:restRequest name="GetAccessoriesByVendorAndRegion" id="36a35b3f-56a9-4a29-9cc9-bb21f91bcf7a" mediaType="application/json"><con:settings><con:setting id="com.eviware.soapui.impl.wsdl.WsdlRequest@request-headers">&lt;xml-fragment/></con:setting></con:settings><con:endpoint>${#TestCase#URL}</con:endpoint><con:request/><con:originalUri>https://tg-mobility.cloudhub.io/mobility/v1/catalog/accessories</con:originalUri><con:assertion type="Valid HTTP Status Codes" id="43944773-127e-4b23-a3a4-9bc03a4862d1" name="Valid HTTP Status Codes"><con:settings/><con:configuration><codes>200</codes></con:configuration></con:assertion><con:assertion type="Simple Contains" id="3c80e6ac-ef45-47ae-b687-0d1a4b35329b" name="Contains"><con:configuration><token>vendor=${#TestCase#vendorId}</token><ignoreCase>false</ignoreCase><useRegEx>false</useRegEx></con:configuration></con:assertion><con:credentials><con:selectedAuthProfile>No Authorization</con:selectedAuthProfile><con:authType>No Authorization</con:authType></con:credentials><con:jmsConfig JMSDeliveryMode="PERSISTENT"/><con:parameters>
  <con:entry key="offset" value="${#TestCase#offset}"/>
  <con:entry key="X-TNGO-TENANT" value="${#TestCase#Tenant}"/>
  <con:entry key="postalCode" value=""/>
  <con:entry key="client_id" value="${#TestCase#client_Id}"/>
  <con:entry key="transactionType" value="${#TestCase#transactionType}"/>
  <con:entry key="Authorization" value="Bearer ${#TestCase#AccessToken}"/>
  <con:entry key="compatibleWithDeviceAsset" value=""/>
  <con:entry key="vendor" value="${#TestCase#vendorId}"/>
  <con:entry key="limit" value="${#TestCase#limit}"/>
  <con:entry key="client_secret" value="${#TestCase#client_secret}"/>
  <con:entry key="region" value="${#TestCase#regionId}"/>
</con:parameters><con:parameterOrder><con:entry>X-TNGO-TENANT</con:entry><con:entry>Authorization</con:entry><con:entry>client_id</con:entry><con:entry>client_secret</con:entry><con:entry>transactionType</con:entry><con:entry>region</con:entry><con:entry>offset</con:entry><con:entry>limit</con:entry><con:entry>compatibleWithDevice</con:entry><con:entry>manufacturer</con:entry><con:entry>postalCode</con:entry><con:entry>service</con:entry><con:entry>vendor</con:entry><con:entry>compatibleWithDeviceAsset</con:entry></con:parameterOrder></con:restRequest></con:config></con:testStep><con:testStep type="groovy" name="VerifyAccessoriesByVendorAndRegion" id="1fedad5a-e539-4e47-ab05-26afbe9eb8f8"><con:settings/><con:config><script>import groovy.json.JsonSlurper 

def groovyUtils = new com.eviware.soapui.support.GroovyUtils( context ); 
def testCase = context.testCase; 
def testStep = testCase.getTestStepByName("GetAccessoriesByVendorAndRegion") 

//  need for external call.
testRunner = new com.eviware.soapui.impl.wsdl.testcase.WsdlTestCaseRunner(testCase, null); 
testStepContext = new com.eviware.soapui.impl.wsdl.testcase.WsdlTestRunContext(testStep); 

// get response of last test step run.
def response = testStep.testRequest.messageExchange.response.responseContent
def slurper = new JsonSlurper()
def json = slurper.parseText response


def vendorId = testRunner.testCase.getPropertyValue("vendorId")
def listVendors = json.accessories.items.vendor.id


for (v in listVendors){
	//log.info v
	assert (vendorId.equals(v))
}

log.info "Vendor Id Ok"</script></con:config></con:testStep><con:testStep type="restrequest" name="GetAccessoriesByPostalCode" id="2e0509cf-e931-4528-bae2-b3b04f3b1097"><con:settings/><con:config service="/catalog/accessories" resourcePath="/catalog/accessories" methodName="Accessories" xsi:type="con:RestRequestStep" xmlns:xsi="http://www.w3.org/2001/XMLSchema-instance"><con:restRequest name="GetAccessoriesByPostalCode" id="36a35b3f-56a9-4a29-9cc9-bb21f91bcf7a" mediaType="application/json"><con:settings><con:setting id="com.eviware.soapui.impl.wsdl.WsdlRequest@request-headers">&lt;xml-fragment/></con:setting></con:settings><con:endpoint>${#TestCase#URL}</con:endpoint><con:request/><con:originalUri>https://tg-mobility.cloudhub.io/mobility/v1/catalog/accessories</con:originalUri><con:assertion type="Valid HTTP Status Codes" id="43944773-127e-4b23-a3a4-9bc03a4862d1" name="Valid HTTP Status Codes"><con:settings/><con:configuration><codes>200</codes></con:configuration></con:assertion><con:credentials><con:selectedAuthProfile>No Authorization</con:selectedAuthProfile><con:authType>No Authorization</con:authType></con:credentials><con:jmsConfig JMSDeliveryMode="PERSISTENT"/><con:parameters>
  <con:entry key="transactionType" value="${#TestCase#transactionType}"/>
  <con:entry key="Authorization" value="Bearer ${#TestCase#AccessToken}"/>
  <con:entry key="offset" value="${#TestCase#offset}"/>
  <con:entry key="compatibleWithDeviceAsset" value=""/>
  <con:entry key="X-TNGO-TENANT" value="${#TestCase#Tenant}"/>
  <con:entry key="postalCode" value="${#TestCase#postalCode}"/>
  <con:entry key="limit" value="${#TestCase#limit}"/>
  <con:entry key="client_secret" value="${#TestCase#client_secret}"/>
  <con:entry key="region" value="${#TestCase#regionId}"/>
  <con:entry key="client_id" value="${#TestCase#client_Id}"/>
</con:parameters><con:parameterOrder><con:entry>X-TNGO-TENANT</con:entry><con:entry>Authorization</con:entry><con:entry>client_id</con:entry><con:entry>client_secret</con:entry><con:entry>transactionType</con:entry><con:entry>region</con:entry><con:entry>offset</con:entry><con:entry>limit</con:entry><con:entry>compatibleWithDevice</con:entry><con:entry>manufacturer</con:entry><con:entry>postalCode</con:entry><con:entry>service</con:entry><con:entry>vendor</con:entry><con:entry>compatibleWithDeviceAsset</con:entry></con:parameterOrder></con:restRequest></con:config></con:testStep><con:testStep type="groovy" name="VerifyAccessoriesByPostalCode" id="fdc610dc-f563-46a8-a524-b7c12cf6fc35"><con:settings/><con:config><script>import groovy.json.JsonSlurper 

def groovyUtils = new com.eviware.soapui.support.GroovyUtils( context ); 
def testCase = context.testCase; 
def testStep = testCase.getTestStepByName("GetAccessoriesByPostalCode") 

//  need for external call.
testRunner = new com.eviware.soapui.impl.wsdl.testcase.WsdlTestCaseRunner(testCase, null); 
testStepContext = new com.eviware.soapui.impl.wsdl.testcase.WsdlTestRunContext(testStep); 

// get response of last test step run.
def response = testStep.testRequest.messageExchange.response.responseContent
def slurper = new JsonSlurper()
def json = slurper.parseText response


def postalCode = testRunner.testCase.getPropertyValue("postalCode")
def metaHref = json.accessories._meta.href

assert (metaHref.contains(postalCode))

log.info "Postal Code Ok"</script></con:config></con:testStep><con:properties><con:property><con:name>Tenant</con:name><con:value>XX1</con:value></con:property><con:property><con:name>limit</con:name><con:value>20</con:value></con:property><con:property><con:name>offset</con:name><con:value>0</con:value></con:property><con:property><con:name>companyEmployeeId</con:name><con:value>ana.pace.xx1</con:value></con:property><con:property><con:name>AccessToken</con:name><con:value>vQASZTtMm6AXug3AtTzMPFULcYHbYZ8dtksrfSjY4TmbHZwM5demEGz6kYWXuLdHgUJG3ZNbHEHme9ZXydb6NQ</con:value></con:property><con:property><con:name>RefreshToken</con:name><con:value>3QiqQ4fDVY1YUs8CiUtCEkX605wNeYiawLR9zrx9GShAC8wlZorTgv3N0sxx3YjSz_53TXxeYDWcFMTxmtKuGw</con:value></con:property><con:property><con:name>DeviceId</con:name><con:value>35433799</con:value></con:property><con:property><con:name>ServiceId</con:name><con:value>38457027</con:value></con:property><con:property><con:name>EmployeeId</con:name><con:value>28680025</con:value></con:property><con:property><con:name>DepartmentId</con:name><con:value>11569020385</con:value></con:property><con:property><con:name>LogoUrl</con:name><con:value>https://qa1cmd.tangoe.com/</con:value></con:property><con:property><con:name>client_id</con:name><con:value>3c276cecdc674aabb5456f54b605bbbf</con:value></con:property><con:property><con:name>client_secret</con:name><con:value>c513c4a67492405d95CE4DB4B40B73FF</con:value></con:property><con:property><con:name>URL</con:name><con:value>https://tngo-qa-mobproc-cmd.cloudhub.io/mobproc/v1.qa</con:value></con:property><con:property><con:name>FirstName</con:name><con:value>AnaLaura</con:value></con:property><con:property><con:name>LastName</con:name><con:value>Pace</con:value></con:property><con:property><con:name>DepartmentName</con:name><con:value>Development</con:value></con:property><con:property><con:name>OfficePhone</con:name><con:value>123-555-4567</con:value></con:property><con:property><con:name>Email</con:name><con:value>analaura@example.com</con:value></con:property><con:property><con:name>ServiceNumber</con:name><con:value>7775551234</con:value></con:property><con:property><con:name>DeviceId2</con:name><con:value>35433839</con:value></con:property><con:property><con:name>ServiceId2</con:name><con:value>38457047</con:value></con:property><con:property><con:name>ServiceNumber2</con:name><con:value>7774567890</con:value></con:property><con:property><con:name>DeviceId3</con:name><con:value>35434039</con:value></con:property><con:property><con:name>ServiceId3</con:name><con:value>38457207</con:value></con:property><con:property><con:name>ServiceNumber3</con:name><con:value>7774561122</con:value></con:property><con:property><con:name>DeviceId4</con:name><con:value>35434179</con:value></con:property><con:property><con:name>ServiceId4</con:name><con:value>38457327</con:value></con:property><con:property><con:name>ServiceNumber4</con:name><con:value>7894561230</con:value></con:property><con:property><con:name>regionId</con:name><con:value>70144640</con:value></con:property><con:property><con:name>vendorId</con:name><con:value>98</con:value></con:property><con:property><con:name>compatibleDeviceAsset</con:name><con:value>35433799</con:value></con:property><con:property><con:name>transactionType</con:name><con:value>NEW_ACTIVATION</con:value></con:property><con:property><con:name>compatibleDeviceId</con:name><con:value>11879893651</con:value></con:property><con:property><con:name>manufacturerId</con:name><con:value>Apple</con:value></con:property><con:property><con:name>manufacturerAssertion</con:name><con:value>3M</con:value></con:property><con:property><con:name>postalCode</con:name><con:value>02452</con:value></con:property></con:properties><con:reportParameters/><con:breakPoints><con:testStepId>1fedad5a-e539-4e47-ab05-26afbe9eb8f8</con:testStepId><con:status>NONE</con:status><con:properties/></con:breakPoints><con:breakPoints><con:testStepId>568da85a-f0c3-438e-b230-9e2944225685</con:testStepId><con:status>NONE</con:status><con:properties/></con:breakPoints><con:breakPoints><con:testStepId>12a23cc5-2d5a-44e5-820b-8d8573e59495</con:testStepId><con:status>NONE</con:status><con:properties/></con:breakPoints><con:breakPoints><con:testStepId>422e2a5d-e735-4609-aaf8-51fe1101c82d</con:testStepId><con:status>NONE</con:status><con:properties/></con:breakPoints><con:breakPoints><con:testStepId>b0bfe946-7d87-47fe-99c4-322ef999fd52</con:testStepId><con:status>NONE</con:status><con:properties/></con:breakPoints><con:breakPoints><con:testStepId>b32922f4-f8c2-4146-9b98-f82250ff732d</con:testStepId><con:status>NONE</con:status><con:properties/></con:breakPoints><con:breakPoints><con:testStepId>3578b11f-4cd1-40c9-abb8-4cd8328f9715</con:testStepId><con:status>NONE</con:status><con:properties/></con:breakPoints><con:breakPoints><con:testStepId>ef76b4eb-b7c3-451e-99fd-d5be1c608141</con:testStepId><con:status>NONE</con:status><con:properties/></con:breakPoints><con:breakPoints><con:testStepId>388f7c56-2604-4cfc-a428-59dabfdd2d5a</con:testStepId><con:status>NONE</con:status><con:properties/></con:breakPoints><con:breakPoints><con:testStepId>1e39f809-2859-478b-9718-0b27665c94a3</con:testStepId><con:status>NONE</con:status><con:properties/></con:breakPoints><con:breakPoints><con:testStepId>fbaa025c-1574-4a1d-b40c-e80c9eeadc6a</con:testStepId><con:status>NONE</con:status><con:properties/></con:breakPoints></con:testCase><con:properties/><con:reportParameters/></con:testSuite><con:requirements/><con:properties/><con:wssContainer/><con:databaseConnectionContainer/><con:oAuth2ProfileContainer/><con:reporting><con:reportTemplates/><con:xmlTemplates/><con:xmlTemplates/><con:parameters/><con:parameters/></con:reporting><con:reporting/><con:authRepository/><con:tags/></con:soapui-project>