<?xml version="1.0" encoding="UTF-8"?>
<con:soapui-workspace name="PutRouteWithStatistics" cid="0b547d7e-1957-4395-9637-02e857c807c2" soapui-version="6.0.0" xmlns:con="http://eviware.com/soapui/config">
  <con:settings/>
  <con:project name="API_Route" lastOpened="2018-07-22T13:28:21.049-04:00">C:/SoapUi_Projects/NormandyInfrastructure/NormandyRoutes/API_Route.xml</con:project>
  <con:project name="API_Applications" lastOpened="2018-05-30T10:04:16.508-04:00">C:/SoapUi_Projects/NormandyInfrastructure/NormandyRoutes/API_Applications.xml</con:project>
  <con:project name="API_Deploy" lastOpened="2018-07-03T08:55:25.590-04:00">C:/SoapUi_Projects/NormandyInfrastructure/NormandyRoutes/API_Deploy.xml</con:project>
  <con:project name="ApplicationAssociations" lastOpened="2018-04-07T10:21:14.921-04:00">C:/SoapUi_Projects/NormandyInfrastructure/NormandyRoutes/API_ApplicationAssociations.xml</con:project>
  <con:project name="TokenGenerator" lastOpened="2018-07-17T16:22:37.594-04:00">C:/SoapUi_Projects/NormandyInfrastructure/NormandyRoutes/Token_Generator.xml</con:project>
  <con:project name="API_Tenants" lastOpened="2018-05-14T16:22:34.757-04:00">C:/SoapUi_Projects/NormandyInfrastructure/NormandyRoutes/API_Tenants.xml</con:project>
  <con:project name="RoutesSearchTenantName" lastOpened="2018-03-07T16:32:13.241-05:00">C:/SoapUi_Projects/NormandyInfrastructure/NormandyRoutes/RoutesSearchTenantName.xml</con:project>
  <con:project name="API_TenantsDeployments" lastOpened="2018-05-13T15:53:44.366-04:00">C:/SoapUi_Projects/NormandyInfrastructure/NormandyRoutes/API_TenantsDeployments.xml</con:project>
  <con:project name="GopaDeletes" lastOpened="2018-03-09T06:38:14.943-05:00">C:/SoapUi_Projects/NormandyInfrastructure/NormandyRoutes/GopaDeletes.xml</con:project>
  <con:recentItemCollection>
    <con:moduleId>SoapUiNGModule</con:moduleId>
    <con:itemId>7a019ba9-da6d-4955-8d0a-307cda470a7d</con:itemId>
    <con:itemId>720cd291-db97-4e24-9dce-5b70dcb5a6d5</con:itemId>
    <con:itemId>0a3795e1-f74a-4ffd-b558-f5b57630eed9</con:itemId>
    <con:itemId>9bf90f9e-44f2-4100-96a2-be668f359b1a</con:itemId>
    <con:itemId>511ec5ac-426f-4422-b47c-b48f70f064b3</con:itemId>
  </con:recentItemCollection>
  <con:recentItemCollection>
    <con:moduleId>ProjectsModule</con:moduleId>
    <con:itemId>b58ab9e1-e967-438d-a1f8-85c99fac8a0f</con:itemId>
    <con:itemId>84d37d26-b254-47b0-936f-c3ab7f11496c</con:itemId>
  </con:recentItemCollection>
  <con:navigatorNodeCollection>
    <con:rootNodeLabel>SoapUI</con:rootNodeLabel>
    <con:expandNodeState>
      <con:id>f711b422-efbe-4fc6-a28f-583cb4775175</con:id>
      <con:expandState>true</con:expandState>
    </con:expandNodeState>
    <con:expandNodeState>
      <con:id>0d0555da-b244-4e09-a0db-eaee770e33b2</con:id>
      <con:expandState>true</con:expandState>
    </con:expandNodeState>
    <con:expandNodeState>
      <con:id>3935d494-c603-4dc6-b084-361f503cd149</con:id>
      <con:expandState>false</con:expandState>
    </con:expandNodeState>
    <con:expandNodeState>
      <con:id>84e36797-6dee-4621-bb92-bbd5ea44e819</con:id>
      <con:expandState>false</con:expandState>
    </con:expandNodeState>
    <con:expandNodeState>
      <con:id>05d565f2-9248-4b77-8ad9-b5e83a9e975c</con:id>
      <con:expandState>false</con:expandState>
    </con:expandNodeState>
    <con:expandNodeState>
      <con:id>d782a2b4-172f-4161-8dba-cad13a5ea304</con:id>
      <con:expandState>false</con:expandState>
    </con:expandNodeState>
    <con:expandNodeState>
      <con:id>e1b975aa-04c1-4826-ad8e-07ef0637263b</con:id>
      <con:expandState>true</con:expandState>
    </con:expandNodeState>
    <con:expandNodeState>
      <con:id>054258a0-8072-4565-887a-6c3cc8153b1d</con:id>
      <con:expandState>false</con:expandState>
    </con:expandNodeState>
    <con:expandNodeState>
      <con:id>73af64d9-0994-43cb-98f5-d8c4701d6bc4</con:id>
      <con:expandState>false</con:expandState>
    </con:expandNodeState>
    <con:expandNodeState>
      <con:id>39318ed2-1581-49b1-9293-9428667ecf32</con:id>
      <con:expandState>true</con:expandState>
    </con:expandNodeState>
    <con:expandNodeState>
      <con:id>c998d449-a462-47d0-9df2-ad04a061717c</con:id>
      <con:expandState>true</con:expandState>
    </con:expandNodeState>
    <con:expandNodeState>
      <con:id>87768840-0930-4bbe-a338-a42f5a5cb998</con:id>
      <con:expandState>true</con:expandState>
    </con:expandNodeState>
    <con:expandNodeState>
      <con:id>1e748b6a-63ea-4e5e-93e9-f474d1906647</con:id>
      <con:expandState>true</con:expandState>
    </con:expandNodeState>
    <con:expandNodeState>
      <con:id>cfafca73-b7fa-4969-8b98-c35045e7c901</con:id>
      <con:expandState>true</con:expandState>
    </con:expandNodeState>
    <con:expandNodeState>
      <con:id>a9f13784-e7b5-477a-85f6-2221d6b41d0b</con:id>
      <con:expandState>true</con:expandState>
    </con:expandNodeState>
    <con:expandNodeState>
      <con:id>fc1cd297-50f2-46c8-bf46-3215628f7c7f</con:id>
      <con:expandState>false</con:expandState>
    </con:expandNodeState>
    <con:expandNodeState>
      <con:id>f227d166-0de1-4fba-911c-593b3c718fa7</con:id>
      <con:expandState>true</con:expandState>
    </con:expandNodeState>
    <con:expandNodeState>
      <con:id>c406ffd8-c24f-4c36-82fc-d9c913c70e52</con:id>
      <con:expandState>false</con:expandState>
    </con:expandNodeState>
    <con:expandNodeState>
      <con:id>9d30bc2f-b866-4aba-870b-3038a7e98ec5</con:id>
      <con:expandState>true</con:expandState>
    </con:expandNodeState>
    <con:expandNodeState>
      <con:id>add2206f-682a-4da2-a83c-d8d3d30b6588</con:id>
      <con:expandState>false</con:expandState>
    </con:expandNodeState>
    <con:expandNodeState>
      <con:id>5e94c103-358c-489f-a760-d61bb543c50a</con:id>
      <con:expandState>false</con:expandState>
    </con:expandNodeState>
    <con:expandNodeState>
      <con:id>61072b3e-81ec-4f0a-9731-e8e3f8b6bc4f</con:id>
      <con:expandState>false</con:expandState>
    </con:expandNodeState>
    <con:expandNodeState>
      <con:id>cadf3ccb-78af-4218-b083-469d94dd302d</con:id>
      <con:expandState>false</con:expandState>
    </con:expandNodeState>
    <con:expandNodeState>
      <con:id>8c9fd7e8-c430-4b6b-918f-dac9698bff51</con:id>
      <con:expandState>false</con:expandState>
    </con:expandNodeState>
    <con:expandNodeState>
      <con:id>f5bd4c7c-3268-4c50-ae43-3f86629358d8</con:id>
      <con:expandState>false</con:expandState>
    </con:expandNodeState>
    <con:expandNodeState>
      <con:id>5edb68ea-3def-4eca-a28a-2cc8e74002b7</con:id>
      <con:expandState>false</con:expandState>
    </con:expandNodeState>
    <con:expandNodeState>
      <con:id>9bf90f9e-44f2-4100-96a2-be668f359b1a</con:id>
      <con:expandState>true</con:expandState>
    </con:expandNodeState>
    <con:expandNodeState>
      <con:id>7f13417e-a5ec-4358-9b38-2915ff7bb3c8</con:id>
      <con:expandState>false</con:expandState>
    </con:expandNodeState>
    <con:expandNodeState>
      <con:id>9652435d-3e52-41ac-8ffc-a8587a1bdfbc</con:id>
      <con:expandState>false</con:expandState>
    </con:expandNodeState>
    <con:expandNodeState>
      <con:id>6a80c4c2-590b-407c-bae1-1a3f48f9c27c</con:id>
      <con:expandState>false</con:expandState>
    </con:expandNodeState>
    <con:expandNodeState>
      <con:id>677ac6cb-0d3a-47d6-aa55-63c0f8610d80</con:id>
      <con:expandState>true</con:expandState>
    </con:expandNodeState>
    <con:expandNodeState>
      <con:id>1bcda5fc-b587-49f2-af71-f86485b7ed3b</con:id>
      <con:expandState>false</con:expandState>
    </con:expandNodeState>
    <con:expandNodeState>
      <con:id>94ca7ff4-e4fc-4503-a4bd-cf161445d63c</con:id>
      <con:expandState>false</con:expandState>
    </con:expandNodeState>
    <con:expandNodeState>
      <con:id>6a5f33ef-faab-48f7-973b-93ef30f98678</con:id>
      <con:expandState>false</con:expandState>
    </con:expandNodeState>
    <con:expandNodeState>
      <con:id>19f306cb-9bae-41f3-b7c3-e4959ec81978</con:id>
      <con:expandState>false</con:expandState>
    </con:expandNodeState>
    <con:expandNodeState>
      <con:id>67ba136d-c7a7-4508-a5b3-4bb4787bb6c6</con:id>
      <con:expandState>false</con:expandState>
    </con:expandNodeState>
    <con:expandNodeState>
      <con:id>0a963707-cc1a-49aa-9c6a-bb86c11dbde6</con:id>
      <con:expandState>false</con:expandState>
    </con:expandNodeState>
    <con:expandNodeState>
      <con:id>764ac3fd-3d1c-41fa-8978-eec8bc6c5e00</con:id>
      <con:expandState>false</con:expandState>
    </con:expandNodeState>
    <con:expandNodeState>
      <con:id>893fad78-12bd-4554-bbae-7cf96c270975</con:id>
      <con:expandState>false</con:expandState>
    </con:expandNodeState>
    <con:expandNodeState>
      <con:id>41abb4a7-19a9-4290-8f01-cdbfd2482759</con:id>
      <con:expandState>false</con:expandState>
    </con:expandNodeState>
    <con:expandNodeState>
      <con:id>efc4bdfd-d5a5-4aee-b4fb-2af4772636f1</con:id>
      <con:expandState>false</con:expandState>
    </con:expandNodeState>
    <con:expandNodeState>
      <con:id>9f4866d0-820f-4ca5-8714-89e5c0304ce0</con:id>
      <con:expandState>false</con:expandState>
    </con:expandNodeState>
    <con:expandNodeState>
      <con:id>41916671-f29e-4389-b2e6-d907a0979701</con:id>
      <con:expandState>false</con:expandState>
    </con:expandNodeState>
    <con:expandNodeState>
      <con:id>e86a1427-7156-4bcc-b523-63b86ac8411e</con:id>
      <con:expandState>false</con:expandState>
    </con:expandNodeState>
    <con:expandNodeState>
      <con:id>ac5da7ff-02ed-4976-a5d5-7c0682075e37</con:id>
      <con:expandState>false</con:expandState>
    </con:expandNodeState>
    <con:expandNodeState>
      <con:id>45886e6d-1003-4209-a8fd-8563d6bf8298</con:id>
      <con:expandState>false</con:expandState>
    </con:expandNodeState>
    <con:expandNodeState>
      <con:id>27ab25ad-a320-4e63-9e69-600ba1c65e85</con:id>
      <con:expandState>false</con:expandState>
    </con:expandNodeState>
    <con:expandNodeState>
      <con:id>ea011a1c-6b74-4883-a987-9000281f956e</con:id>
      <con:expandState>false</con:expandState>
    </con:expandNodeState>
    <con:expandNodeState>
      <con:id>d5a0d3e4-32b8-49ec-b224-9dc2ead1ee80</con:id>
      <con:expandState>false</con:expandState>
    </con:expandNodeState>
    <con:expandNodeState>
      <con:id>c06309e1-18ac-432a-8405-8871fe1b250d</con:id>
      <con:expandState>false</con:expandState>
    </con:expandNodeState>
    <con:expandNodeState>
      <con:id>5f0a7f37-d472-48d0-aac7-018f0228fda0</con:id>
      <con:expandState>false</con:expandState>
    </con:expandNodeState>
    <con:expandNodeState>
      <con:id>8aa750ec-bde0-4e03-93bb-0aa1cbfa59be</con:id>
      <con:expandState>false</con:expandState>
    </con:expandNodeState>
    <con:expandNodeState>
      <con:id>197c84af-7e31-4953-92bc-bdd92593e3e5</con:id>
      <con:expandState>false</con:expandState>
    </con:expandNodeState>
    <con:expandNodeState>
      <con:id>b417bf79-fbe6-484e-a4e5-edcf58d10e7b</con:id>
      <con:expandState>false</con:expandState>
    </con:expandNodeState>
    <con:expandNodeState>
      <con:id>8335f202-e874-4058-acc7-9abcf8b9e89f</con:id>
      <con:expandState>false</con:expandState>
    </con:expandNodeState>
    <con:expandNodeState>
      <con:id>8b5e6112-e297-4301-bf7a-aa91f6b9e61a</con:id>
      <con:expandState>false</con:expandState>
    </con:expandNodeState>
    <con:expandNodeState>
      <con:id>e0ed993b-3e82-45ac-9be7-0903c4014bd8</con:id>
      <con:expandState>false</con:expandState>
    </con:expandNodeState>
    <con:expandNodeState>
      <con:id>a43ec9fc-49ec-46ca-81aa-6b3ec4920f5c</con:id>
      <con:expandState>false</con:expandState>
    </con:expandNodeState>
    <con:expandNodeState>
      <con:id>9ebbf3e9-b0b0-4814-ad2d-a91a2b00531c</con:id>
      <con:expandState>false</con:expandState>
    </con:expandNodeState>
    <con:expandNodeState>
      <con:id>21e8e1f6-115d-4d33-8ece-a49c1342a305</con:id>
      <con:expandState>false</con:expandState>
    </con:expandNodeState>
    <con:expandNodeState>
      <con:id>259b5c85-a4e4-402f-860f-8634e12105b0</con:id>
      <con:expandState>false</con:expandState>
    </con:expandNodeState>
    <con:expandNodeState>
      <con:id>bdad1ed0-7c9f-4d33-8796-fe2708525085</con:id>
      <con:expandState>false</con:expandState>
    </con:expandNodeState>
    <con:expandNodeState>
      <con:id>2c140902-6f06-4c07-92ed-fe4c12519700</con:id>
      <con:expandState>false</con:expandState>
    </con:expandNodeState>
    <con:expandNodeState>
      <con:id>acc896bb-de3d-47f2-b741-a5410647841a</con:id>
      <con:expandState>false</con:expandState>
    </con:expandNodeState>
    <con:expandNodeState>
      <con:id>ea9468eb-794c-442a-b8e6-e4c080acfd19</con:id>
      <con:expandState>false</con:expandState>
    </con:expandNodeState>
    <con:expandNodeState>
      <con:id>82bff6c5-6c9b-44a5-86ce-de7059faa0c4</con:id>
      <con:expandState>false</con:expandState>
    </con:expandNodeState>
    <con:expandNodeState>
      <con:id>2d3643e0-1d94-4630-bae2-95a4ca15484a</con:id>
      <con:expandState>false</con:expandState>
    </con:expandNodeState>
    <con:expandNodeState>
      <con:id>23cba10b-3268-4ef9-8375-435cac101bf3</con:id>
      <con:expandState>false</con:expandState>
    </con:expandNodeState>
    <con:expandNodeState>
      <con:id>4063f0af-d24a-4c35-8850-d198dcd8c8ef</con:id>
      <con:expandState>false</con:expandState>
    </con:expandNodeState>
    <con:expandNodeState>
      <con:id>01e0709e-444c-437d-9095-dea813271e43</con:id>
      <con:expandState>false</con:expandState>
    </con:expandNodeState>
    <con:expandNodeState>
      <con:id>a5439a2e-758c-40e8-b31e-d6bea53b26ee</con:id>
      <con:expandState>false</con:expandState>
    </con:expandNodeState>
    <con:expandNodeState>
      <con:id>15a8f532-5a3c-4421-b78d-177c803e8368</con:id>
      <con:expandState>false</con:expandState>
    </con:expandNodeState>
    <con:expandNodeState>
      <con:id>84e78ef0-57f2-4e47-939b-348deae469f6</con:id>
      <con:expandState>false</con:expandState>
    </con:expandNodeState>
    <con:expandNodeState>
      <con:id>9d6b66b6-4f80-4c7b-89c5-abfb36d5a0ef</con:id>
      <con:expandState>false</con:expandState>
    </con:expandNodeState>
    <con:expandNodeState>
      <con:id>21665353-c7a7-4e9e-9cd1-645bc2cd0ee8</con:id>
      <con:expandState>false</con:expandState>
    </con:expandNodeState>
    <con:expandNodeState>
      <con:id>d10a6fc1-3496-4f8e-a9f5-ca455e416e51</con:id>
      <con:expandState>false</con:expandState>
    </con:expandNodeState>
    <con:expandNodeState>
      <con:id>b3f4f858-ef23-43ed-a0e5-d0b8ca25e770</con:id>
      <con:expandState>false</con:expandState>
    </con:expandNodeState>
    <con:expandNodeState>
      <con:id>44eb5bbe-260e-4d81-976f-9c08af58b865</con:id>
      <con:expandState>false</con:expandState>
    </con:expandNodeState>
    <con:expandNodeState>
      <con:id>4331c897-8a3e-4602-9074-940683c2fd65</con:id>
      <con:expandState>false</con:expandState>
    </con:expandNodeState>
    <con:expandNodeState>
      <con:id>dcc4d8da-10b4-4e01-9200-98571a13a05a</con:id>
      <con:expandState>false</con:expandState>
    </con:expandNodeState>
    <con:expandNodeState>
      <con:id>0c791649-f64a-4704-bede-2db8d1ed4d9a</con:id>
      <con:expandState>false</con:expandState>
    </con:expandNodeState>
    <con:expandNodeState>
      <con:id>9d7ffdeb-af25-41a0-b787-30c7f6d597a8</con:id>
      <con:expandState>false</con:expandState>
    </con:expandNodeState>
    <con:expandNodeState>
      <con:id>ace6a764-4445-4ed6-b7d5-107f607e5bbe</con:id>
      <con:expandState>false</con:expandState>
    </con:expandNodeState>
    <con:expandNodeState>
      <con:id>f4504863-ca77-4d4f-b244-009fe0b2ebda</con:id>
      <con:expandState>false</con:expandState>
    </con:expandNodeState>
    <con:expandNodeState>
      <con:id>0240edaa-3069-4475-9e73-5c3172fb24db</con:id>
      <con:expandState>false</con:expandState>
    </con:expandNodeState>
    <con:expandNodeState>
      <con:id>ab4f5637-8b81-4abd-b699-d77cc813dc7d</con:id>
      <con:expandState>false</con:expandState>
    </con:expandNodeState>
    <con:expandNodeState>
      <con:id>f28fb0e4-415b-4830-97cc-ac05ff5092fd</con:id>
      <con:expandState>false</con:expandState>
    </con:expandNodeState>
    <con:expandNodeState>
      <con:id>0be91b7e-3d4e-46f6-88f6-edf17d304282</con:id>
      <con:expandState>false</con:expandState>
    </con:expandNodeState>
    <con:expandNodeState>
      <con:id>f3038777-7a32-4ce7-badb-95acb620131f</con:id>
      <con:expandState>true</con:expandState>
    </con:expandNodeState>
    <con:expandNodeState>
      <con:id>9bb416a1-0f6d-4956-a6ef-d99c7bbc9805</con:id>
      <con:expandState>false</con:expandState>
    </con:expandNodeState>
    <con:expandNodeState>
      <con:id>269a15ab-2188-4b34-a80a-ed95a2a2fc03</con:id>
      <con:expandState>false</con:expandState>
    </con:expandNodeState>
    <con:expandNodeState>
      <con:id>19f0dd89-9192-413b-af56-4330ae86fa82</con:id>
      <con:expandState>false</con:expandState>
    </con:expandNodeState>
    <con:expandNodeState>
      <con:id>a3628ee9-51b3-4b99-acb9-ddfa24b1d221</con:id>
      <con:expandState>false</con:expandState>
    </con:expandNodeState>
    <con:expandNodeState>
      <con:id>9b76dfc7-b78d-4126-9818-0bf9b89680bd</con:id>
      <con:expandState>false</con:expandState>
    </con:expandNodeState>
    <con:expandNodeState>
      <con:id>ac3efbce-28a3-4e04-b62a-73ec6a72df01</con:id>
      <con:expandState>false</con:expandState>
    </con:expandNodeState>
    <con:expandNodeState>
      <con:id>7b2fe070-46d3-49aa-b518-76048c6dd023</con:id>
      <con:expandState>false</con:expandState>
    </con:expandNodeState>
    <con:expandNodeState>
      <con:id>f2f42881-6ff5-4955-9870-84deeb3b2108</con:id>
      <con:expandState>false</con:expandState>
    </con:expandNodeState>
    <con:expandNodeState>
      <con:id>91e567fa-4f09-47c9-9868-c160ddbe7312</con:id>
      <con:expandState>false</con:expandState>
    </con:expandNodeState>
    <con:expandNodeState>
      <con:id>229b3b20-07a2-4e30-8068-0c03225993cb</con:id>
      <con:expandState>false</con:expandState>
    </con:expandNodeState>
    <con:expandNodeState>
      <con:id>69be5137-c7ae-4f5a-a5a5-fd122621d945</con:id>
      <con:expandState>false</con:expandState>
    </con:expandNodeState>
    <con:expandNodeState>
      <con:id>2ccf12f7-07a2-4fe6-8113-ee14c2f275f0</con:id>
      <con:expandState>false</con:expandState>
    </con:expandNodeState>
    <con:expandNodeState>
      <con:id>5cc4052f-9f3b-48fb-bb19-30b7a94eb148</con:id>
      <con:expandState>false</con:expandState>
    </con:expandNodeState>
    <con:expandNodeState>
      <con:id>abeb1ed4-e0bd-4ac6-a4c0-d7070811d64a</con:id>
      <con:expandState>false</con:expandState>
    </con:expandNodeState>
    <con:expandNodeState>
      <con:id>33c80ce5-8f8f-4770-8d80-deb0eb8ab96b</con:id>
      <con:expandState>false</con:expandState>
    </con:expandNodeState>
    <con:expandNodeState>
      <con:id>3024c6b1-0a9a-40ea-a934-cd4d880fcda2</con:id>
      <con:expandState>false</con:expandState>
    </con:expandNodeState>
    <con:expandNodeState>
      <con:id>3815cdb0-1546-4441-84af-611d3661ed37</con:id>
      <con:expandState>false</con:expandState>
    </con:expandNodeState>
    <con:expandNodeState>
      <con:id>7ca26c7e-f425-4c82-917b-71ec75b0574b</con:id>
      <con:expandState>false</con:expandState>
    </con:expandNodeState>
    <con:expandNodeState>
      <con:id>3807df62-8450-4c60-9c3c-15b73741255a</con:id>
      <con:expandState>false</con:expandState>
    </con:expandNodeState>
    <con:expandNodeState>
      <con:id>fa086be2-1b95-4680-a165-3d4c85961b8c</con:id>
      <con:expandState>false</con:expandState>
    </con:expandNodeState>
    <con:expandNodeState>
      <con:id>0d484b2a-a210-4918-b2ac-f3a03144b7f0</con:id>
      <con:expandState>true</con:expandState>
    </con:expandNodeState>
    <con:expandNodeState>
      <con:id>096f40d4-45c4-4f31-9a3e-290be06f8815</con:id>
      <con:expandState>true</con:expandState>
    </con:expandNodeState>
    <con:expandNodeState>
      <con:id>761487e8-4e46-4286-919c-623b4b5125cd</con:id>
      <con:expandState>false</con:expandState>
    </con:expandNodeState>
    <con:expandNodeState>
      <con:id>d2432389-b7cf-4c0a-ae9a-191dde3a802a</con:id>
      <con:expandState>false</con:expandState>
    </con:expandNodeState>
    <con:expandNodeState>
      <con:id>608eb949-2fa1-4a67-8d64-bd93d27bc8fd</con:id>
      <con:expandState>true</con:expandState>
    </con:expandNodeState>
    <con:expandNodeState>
      <con:id>b3805ac0-7fd7-430d-9463-53921b8ee778</con:id>
      <con:expandState>true</con:expandState>
    </con:expandNodeState>
    <con:expandNodeState>
      <con:id>c9eda738-bdd9-4d3f-8dc5-fa03952a4aca</con:id>
      <con:expandState>false</con:expandState>
    </con:expandNodeState>
    <con:expandNodeState>
      <con:id>d1caf5ae-1e25-44eb-a801-4399ec4a8f9b</con:id>
      <con:expandState>true</con:expandState>
    </con:expandNodeState>
    <con:expandNodeState>
      <con:id>2928d6f2-73c6-47cf-a781-4aa4d80de0cd</con:id>
      <con:expandState>true</con:expandState>
    </con:expandNodeState>
    <con:expandNodeState>
      <con:id>074882d7-493c-4fac-a904-1ffe35cd071e</con:id>
      <con:expandState>false</con:expandState>
    </con:expandNodeState>
    <con:expandNodeState>
      <con:id>cf372db2-11ee-470c-9e2f-99510d0790d8</con:id>
      <con:expandState>false</con:expandState>
    </con:expandNodeState>
    <con:expandNodeState>
      <con:id>c2bc78d1-0d27-4321-b34a-1aeea06221a8</con:id>
      <con:expandState>false</con:expandState>
    </con:expandNodeState>
    <con:expandNodeState>
      <con:id>ea5e2f08-68bd-444f-bde4-598729b8b7be</con:id>
      <con:expandState>false</con:expandState>
    </con:expandNodeState>
    <con:expandNodeState>
      <con:id>89a37c73-0ca4-42d9-81ee-537ae764a542</con:id>
      <con:expandState>false</con:expandState>
    </con:expandNodeState>
    <con:expandNodeState>
      <con:id>a92c4f1a-43b0-49a8-8045-d1655b33e851</con:id>
      <con:expandState>false</con:expandState>
    </con:expandNodeState>
    <con:expandNodeState>
      <con:id>46ee9f92-ca38-4194-835e-a8596f8aeebf</con:id>
      <con:expandState>false</con:expandState>
    </con:expandNodeState>
    <con:expandNodeState>
      <con:id>b6b8c365-876e-4873-a351-93831faa14d0</con:id>
      <con:expandState>false</con:expandState>
    </con:expandNodeState>
    <con:expandNodeState>
      <con:id>68499b01-2eca-4d7d-94e1-63e48fdb257b</con:id>
      <con:expandState>false</con:expandState>
    </con:expandNodeState>
    <con:expandNodeState>
      <con:id>16a6c0d9-f028-4f16-980c-81d9bdf4b725</con:id>
      <con:expandState>false</con:expandState>
    </con:expandNodeState>
    <con:expandNodeState>
      <con:id>68d1dc45-4e59-4974-83d5-73b212d35dea</con:id>
      <con:expandState>false</con:expandState>
    </con:expandNodeState>
    <con:expandNodeState>
      <con:id>7f3a0423-356c-4c3a-8480-5f450bb5509d</con:id>
      <con:expandState>false</con:expandState>
    </con:expandNodeState>
    <con:expandNodeState>
      <con:id>ef6f7cb8-4bb1-4217-99c0-6d96e66ed15c</con:id>
      <con:expandState>false</con:expandState>
    </con:expandNodeState>
    <con:expandNodeState>
      <con:id>0f905ef4-1788-4bec-b16f-d3c0c5842bd7</con:id>
      <con:expandState>false</con:expandState>
    </con:expandNodeState>
    <con:expandNodeState>
      <con:id>6743c376-77c2-431b-83e3-b151f82755e5</con:id>
      <con:expandState>false</con:expandState>
    </con:expandNodeState>
  </con:navigatorNodeCollection>
  <con:navigatorNodeCollection>
    <con:rootNodeLabel>Projects</con:rootNodeLabel>
    <con:expandNodeState>
      <con:id>f711b422-efbe-4fc6-a28f-583cb4775175</con:id>
      <con:expandState>true</con:expandState>
    </con:expandNodeState>
    <con:expandNodeState>
      <con:id>84e36797-6dee-4621-bb92-bbd5ea44e819</con:id>
      <con:expandState>false</con:expandState>
    </con:expandNodeState>
    <con:expandNodeState>
      <con:id>05d565f2-9248-4b77-8ad9-b5e83a9e975c</con:id>
      <con:expandState>true</con:expandState>
    </con:expandNodeState>
    <con:expandNodeState>
      <con:id>d782a2b4-172f-4161-8dba-cad13a5ea304</con:id>
      <con:expandState>false</con:expandState>
    </con:expandNodeState>
    <con:expandNodeState>
      <con:id>e1b975aa-04c1-4826-ad8e-07ef0637263b</con:id>
      <con:expandState>false</con:expandState>
    </con:expandNodeState>
    <con:expandNodeState>
      <con:id>054258a0-8072-4565-887a-6c3cc8153b1d</con:id>
      <con:expandState>false</con:expandState>
    </con:expandNodeState>
    <con:expandNodeState>
      <con:id>73af64d9-0994-43cb-98f5-d8c4701d6bc4</con:id>
      <con:expandState>false</con:expandState>
    </con:expandNodeState>
    <con:expandNodeState>
      <con:id>67ba136d-c7a7-4508-a5b3-4bb4787bb6c6</con:id>
      <con:expandState>false</con:expandState>
    </con:expandNodeState>
    <con:expandNodeState>
      <con:id>bb5ff0a4-6e05-44e2-8f9a-1d7879879f28</con:id>
      <con:expandState>true</con:expandState>
    </con:expandNodeState>
    <con:expandNodeState>
      <con:id>564260ee-e315-4d71-b831-78e7aea204f6</con:id>
      <con:expandState>true</con:expandState>
    </con:expandNodeState>
    <con:expandNodeState>
      <con:id>94ca7ff4-e4fc-4503-a4bd-cf161445d63c</con:id>
      <con:expandState>false</con:expandState>
    </con:expandNodeState>
    <con:expandNodeState>
      <con:id>6a5f33ef-faab-48f7-973b-93ef30f98678</con:id>
      <con:expandState>false</con:expandState>
    </con:expandNodeState>
    <con:expandNodeState>
      <con:id>19f306cb-9bae-41f3-b7c3-e4959ec81978</con:id>
      <con:expandState>false</con:expandState>
    </con:expandNodeState>
    <con:expandNodeState>
      <con:id>84d37d26-b254-47b0-936f-c3ab7f11496c</con:id>
      <con:expandState>false</con:expandState>
    </con:expandNodeState>
    <con:expandNodeState>
      <con:id>0a963707-cc1a-49aa-9c6a-bb86c11dbde6</con:id>
      <con:expandState>false</con:expandState>
    </con:expandNodeState>
    <con:expandNodeState>
      <con:id>764ac3fd-3d1c-41fa-8978-eec8bc6c5e00</con:id>
      <con:expandState>false</con:expandState>
    </con:expandNodeState>
    <con:expandNodeState>
      <con:id>893fad78-12bd-4554-bbae-7cf96c270975</con:id>
      <con:expandState>false</con:expandState>
    </con:expandNodeState>
    <con:expandNodeState>
      <con:id>41abb4a7-19a9-4290-8f01-cdbfd2482759</con:id>
      <con:expandState>false</con:expandState>
    </con:expandNodeState>
    <con:expandNodeState>
      <con:id>efc4bdfd-d5a5-4aee-b4fb-2af4772636f1</con:id>
      <con:expandState>false</con:expandState>
    </con:expandNodeState>
    <con:expandNodeState>
      <con:id>9f4866d0-820f-4ca5-8714-89e5c0304ce0</con:id>
      <con:expandState>false</con:expandState>
    </con:expandNodeState>
    <con:expandNodeState>
      <con:id>41916671-f29e-4389-b2e6-d907a0979701</con:id>
      <con:expandState>false</con:expandState>
    </con:expandNodeState>
    <con:expandNodeState>
      <con:id>e86a1427-7156-4bcc-b523-63b86ac8411e</con:id>
      <con:expandState>false</con:expandState>
    </con:expandNodeState>
    <con:expandNodeState>
      <con:id>ac5da7ff-02ed-4976-a5d5-7c0682075e37</con:id>
      <con:expandState>false</con:expandState>
    </con:expandNodeState>
    <con:expandNodeState>
      <con:id>45886e6d-1003-4209-a8fd-8563d6bf8298</con:id>
      <con:expandState>false</con:expandState>
    </con:expandNodeState>
    <con:expandNodeState>
      <con:id>27ab25ad-a320-4e63-9e69-600ba1c65e85</con:id>
      <con:expandState>false</con:expandState>
    </con:expandNodeState>
    <con:expandNodeState>
      <con:id>ea011a1c-6b74-4883-a987-9000281f956e</con:id>
      <con:expandState>false</con:expandState>
    </con:expandNodeState>
    <con:expandNodeState>
      <con:id>d5a0d3e4-32b8-49ec-b224-9dc2ead1ee80</con:id>
      <con:expandState>false</con:expandState>
    </con:expandNodeState>
    <con:expandNodeState>
      <con:id>c06309e1-18ac-432a-8405-8871fe1b250d</con:id>
      <con:expandState>false</con:expandState>
    </con:expandNodeState>
    <con:expandNodeState>
      <con:id>2ccf12f7-07a2-4fe6-8113-ee14c2f275f0</con:id>
      <con:expandState>false</con:expandState>
    </con:expandNodeState>
    <con:expandNodeState>
      <con:id>a6a90ef0-5888-49f8-bb30-d5b80d7012e8</con:id>
      <con:expandState>true</con:expandState>
    </con:expandNodeState>
    <con:expandNodeState>
      <con:id>056d78f8-4b85-4f35-9aab-20566d246b57</con:id>
      <con:expandState>true</con:expandState>
    </con:expandNodeState>
    <con:expandNodeState>
      <con:id>a34ad07d-a370-47d4-bbb8-5c119f9ece56</con:id>
      <con:expandState>true</con:expandState>
    </con:expandNodeState>
    <con:expandNodeState>
      <con:id>d8062525-02d7-42d9-a4bf-5519461a95fb</con:id>
      <con:expandState>true</con:expandState>
    </con:expandNodeState>
    <con:expandNodeState>
      <con:id>2d3643e0-1d94-4630-bae2-95a4ca15484a</con:id>
      <con:expandState>true</con:expandState>
    </con:expandNodeState>
    <con:expandNodeState>
      <con:id>8a266c5a-b0bd-4e23-8b31-8b9e1cb84eca</con:id>
      <con:expandState>true</con:expandState>
    </con:expandNodeState>
    <con:expandNodeState>
      <con:id>853bd1be-7dc5-48c9-b296-29b76c200ffb</con:id>
      <con:expandState>true</con:expandState>
    </con:expandNodeState>
    <con:expandNodeState>
      <con:id>7ca26c7e-f425-4c82-917b-71ec75b0574b</con:id>
      <con:expandState>false</con:expandState>
    </con:expandNodeState>
    <con:expandNodeState>
      <con:id>5cc4052f-9f3b-48fb-bb19-30b7a94eb148</con:id>
      <con:expandState>false</con:expandState>
    </con:expandNodeState>
    <con:expandNodeState>
      <con:id>e10bf478-5711-41cc-a65e-b9dee0c96f58</con:id>
      <con:expandState>true</con:expandState>
    </con:expandNodeState>
    <con:expandNodeState>
      <con:id>d6bb31d3-1848-48d8-9df9-55b6c4ca4e0c</con:id>
      <con:expandState>true</con:expandState>
    </con:expandNodeState>
    <con:expandNodeState>
      <con:id>abeb1ed4-e0bd-4ac6-a4c0-d7070811d64a</con:id>
      <con:expandState>false</con:expandState>
    </con:expandNodeState>
    <con:expandNodeState>
      <con:id>f0e37218-1204-4f11-8094-e228fbf3d072</con:id>
      <con:expandState>true</con:expandState>
    </con:expandNodeState>
    <con:expandNodeState>
      <con:id>1dbc39aa-bf88-40d5-a284-cb47b76d8721</con:id>
      <con:expandState>true</con:expandState>
    </con:expandNodeState>
    <con:expandNodeState>
      <con:id>f8f6d51a-3074-4861-9b09-f4a56e5f442f</con:id>
      <con:expandState>false</con:expandState>
    </con:expandNodeState>
    <con:expandNodeState>
      <con:id>0d9ba924-7be5-45b9-bc4d-888f82ca5fa1</con:id>
      <con:expandState>false</con:expandState>
    </con:expandNodeState>
    <con:expandNodeState>
      <con:id>8872ffe7-02fd-40f2-b315-acfddeddba74</con:id>
      <con:expandState>false</con:expandState>
    </con:expandNodeState>
    <con:expandNodeState>
      <con:id>33c80ce5-8f8f-4770-8d80-deb0eb8ab96b</con:id>
      <con:expandState>true</con:expandState>
    </con:expandNodeState>
    <con:expandNodeState>
      <con:id>3024c6b1-0a9a-40ea-a934-cd4d880fcda2</con:id>
      <con:expandState>false</con:expandState>
    </con:expandNodeState>
    <con:expandNodeState>
      <con:id>3815cdb0-1546-4441-84af-611d3661ed37</con:id>
      <con:expandState>false</con:expandState>
    </con:expandNodeState>
    <con:expandNodeState>
      <con:id>3807df62-8450-4c60-9c3c-15b73741255a</con:id>
      <con:expandState>false</con:expandState>
    </con:expandNodeState>
    <con:expandNodeState>
      <con:id>5f0a7f37-d472-48d0-aac7-018f0228fda0</con:id>
      <con:expandState>false</con:expandState>
    </con:expandNodeState>
    <con:expandNodeState>
      <con:id>8aa750ec-bde0-4e03-93bb-0aa1cbfa59be</con:id>
      <con:expandState>false</con:expandState>
    </con:expandNodeState>
    <con:expandNodeState>
      <con:id>197c84af-7e31-4953-92bc-bdd92593e3e5</con:id>
      <con:expandState>false</con:expandState>
    </con:expandNodeState>
    <con:expandNodeState>
      <con:id>b417bf79-fbe6-484e-a4e5-edcf58d10e7b</con:id>
      <con:expandState>false</con:expandState>
    </con:expandNodeState>
    <con:expandNodeState>
      <con:id>8335f202-e874-4058-acc7-9abcf8b9e89f</con:id>
      <con:expandState>false</con:expandState>
    </con:expandNodeState>
    <con:expandNodeState>
      <con:id>8b5e6112-e297-4301-bf7a-aa91f6b9e61a</con:id>
      <con:expandState>false</con:expandState>
    </con:expandNodeState>
    <con:expandNodeState>
      <con:id>8fa608db-0527-4f64-aaeb-d563abe254f6</con:id>
      <con:expandState>true</con:expandState>
    </con:expandNodeState>
    <con:expandNodeState>
      <con:id>229605a8-45a9-47af-8e3d-6dca525cb050</con:id>
      <con:expandState>true</con:expandState>
    </con:expandNodeState>
    <con:expandNodeState>
      <con:id>377c9134-d5cc-4700-9423-3f89f1365cf7</con:id>
      <con:expandState>true</con:expandState>
    </con:expandNodeState>
    <con:expandNodeState>
      <con:id>f6dc2beb-a7fe-459d-840d-41ebc7f2e691</con:id>
      <con:expandState>true</con:expandState>
    </con:expandNodeState>
    <con:expandNodeState>
      <con:id>8e39c231-76ec-4461-8912-39658efd12b3</con:id>
      <con:expandState>false</con:expandState>
    </con:expandNodeState>
    <con:expandNodeState>
      <con:id>fa086be2-1b95-4680-a165-3d4c85961b8c</con:id>
      <con:expandState>false</con:expandState>
    </con:expandNodeState>
    <con:expandNodeState>
      <con:id>761487e8-4e46-4286-919c-623b4b5125cd</con:id>
      <con:expandState>true</con:expandState>
    </con:expandNodeState>
    <con:expandNodeState>
      <con:id>d3777425-e93e-40ab-8455-0880077fecfc</con:id>
      <con:expandState>true</con:expandState>
    </con:expandNodeState>
    <con:expandNodeState>
      <con:id>26bbce3d-c335-4313-afaf-305b6d6845d9</con:id>
      <con:expandState>true</con:expandState>
    </con:expandNodeState>
    <con:expandNodeState>
      <con:id>e0ed993b-3e82-45ac-9be7-0903c4014bd8</con:id>
      <con:expandState>false</con:expandState>
    </con:expandNodeState>
    <con:expandNodeState>
      <con:id>fe0ef312-ab29-4000-9059-8b7561b66225</con:id>
      <con:expandState>true</con:expandState>
    </con:expandNodeState>
    <con:expandNodeState>
      <con:id>8952616e-bb6d-4a81-b25d-d1b2e9e6b0eb</con:id>
      <con:expandState>true</con:expandState>
    </con:expandNodeState>
    <con:expandNodeState>
      <con:id>f5b957a5-4ea3-422b-bf7b-da97fdeda943</con:id>
      <con:expandState>true</con:expandState>
    </con:expandNodeState>
    <con:expandNodeState>
      <con:id>2e46952c-a5ab-4915-8870-1719113a5fa5</con:id>
      <con:expandState>true</con:expandState>
    </con:expandNodeState>
    <con:expandNodeState>
      <con:id>d2432389-b7cf-4c0a-ae9a-191dde3a802a</con:id>
      <con:expandState>true</con:expandState>
    </con:expandNodeState>
    <con:expandNodeState>
      <con:id>1fa5cf41-0da3-4210-b33d-a6fec47deef1</con:id>
      <con:expandState>true</con:expandState>
    </con:expandNodeState>
    <con:expandNodeState>
      <con:id>18ed2b0b-1594-4219-8759-9c181eb36d60</con:id>
      <con:expandState>true</con:expandState>
    </con:expandNodeState>
    <con:expandNodeState>
      <con:id>be604202-be3f-44db-8d15-7691ead2d93d</con:id>
      <con:expandState>false</con:expandState>
    </con:expandNodeState>
    <con:expandNodeState>
      <con:id>f4ba6bd2-af1d-47ed-9c3d-b34a8fab38f6</con:id>
      <con:expandState>false</con:expandState>
    </con:expandNodeState>
    <con:expandNodeState>
      <con:id>c9eda738-bdd9-4d3f-8dc5-fa03952a4aca</con:id>
      <con:expandState>false</con:expandState>
    </con:expandNodeState>
    <con:expandNodeState>
      <con:id>074882d7-493c-4fac-a904-1ffe35cd071e</con:id>
      <con:expandState>true</con:expandState>
    </con:expandNodeState>
    <con:expandNodeState>
      <con:id>19cf34e1-9003-459d-9145-ac1dfe0dfbba</con:id>
      <con:expandState>true</con:expandState>
    </con:expandNodeState>
    <con:expandNodeState>
      <con:id>e2fb3329-2b9d-4541-a2f7-09ffff2cc347</con:id>
      <con:expandState>true</con:expandState>
    </con:expandNodeState>
    <con:expandNodeState>
      <con:id>20a45637-ef38-425a-8f3b-fe29dd66438a</con:id>
      <con:expandState>false</con:expandState>
    </con:expandNodeState>
    <con:expandNodeState>
      <con:id>a43ec9fc-49ec-46ca-81aa-6b3ec4920f5c</con:id>
      <con:expandState>false</con:expandState>
    </con:expandNodeState>
    <con:expandNodeState>
      <con:id>9ebbf3e9-b0b0-4814-ad2d-a91a2b00531c</con:id>
      <con:expandState>false</con:expandState>
    </con:expandNodeState>
    <con:expandNodeState>
      <con:id>21e8e1f6-115d-4d33-8ece-a49c1342a305</con:id>
      <con:expandState>false</con:expandState>
    </con:expandNodeState>
    <con:expandNodeState>
      <con:id>259b5c85-a4e4-402f-860f-8634e12105b0</con:id>
      <con:expandState>false</con:expandState>
    </con:expandNodeState>
    <con:expandNodeState>
      <con:id>bdad1ed0-7c9f-4d33-8796-fe2708525085</con:id>
      <con:expandState>false</con:expandState>
    </con:expandNodeState>
    <con:expandNodeState>
      <con:id>2c140902-6f06-4c07-92ed-fe4c12519700</con:id>
      <con:expandState>false</con:expandState>
    </con:expandNodeState>
    <con:expandNodeState>
      <con:id>acc896bb-de3d-47f2-b741-a5410647841a</con:id>
      <con:expandState>false</con:expandState>
    </con:expandNodeState>
    <con:expandNodeState>
      <con:id>ea9468eb-794c-442a-b8e6-e4c080acfd19</con:id>
      <con:expandState>true</con:expandState>
    </con:expandNodeState>
    <con:expandNodeState>
      <con:id>82bff6c5-6c9b-44a5-86ce-de7059faa0c4</con:id>
      <con:expandState>false</con:expandState>
    </con:expandNodeState>
    <con:expandNodeState>
      <con:id>80d419f6-2a00-4b61-96a6-b3a1de0502ec</con:id>
      <con:expandState>false</con:expandState>
    </con:expandNodeState>
    <con:expandNodeState>
      <con:id>23cba10b-3268-4ef9-8375-435cac101bf3</con:id>
      <con:expandState>false</con:expandState>
    </con:expandNodeState>
    <con:expandNodeState>
      <con:id>4063f0af-d24a-4c35-8850-d198dcd8c8ef</con:id>
      <con:expandState>false</con:expandState>
    </con:expandNodeState>
    <con:expandNodeState>
      <con:id>01e0709e-444c-437d-9095-dea813271e43</con:id>
      <con:expandState>false</con:expandState>
    </con:expandNodeState>
    <con:expandNodeState>
      <con:id>24e3af16-2391-4672-b1b6-eef833fca11e</con:id>
      <con:expandState>false</con:expandState>
    </con:expandNodeState>
    <con:expandNodeState>
      <con:id>cf372db2-11ee-470c-9e2f-99510d0790d8</con:id>
      <con:expandState>false</con:expandState>
    </con:expandNodeState>
    <con:expandNodeState>
      <con:id>c2bc78d1-0d27-4321-b34a-1aeea06221a8</con:id>
      <con:expandState>false</con:expandState>
    </con:expandNodeState>
    <con:expandNodeState>
      <con:id>ea5e2f08-68bd-444f-bde4-598729b8b7be</con:id>
      <con:expandState>false</con:expandState>
    </con:expandNodeState>
    <con:expandNodeState>
      <con:id>22dcafe5-83d9-448a-9816-deb991d9017a</con:id>
      <con:expandState>true</con:expandState>
    </con:expandNodeState>
    <con:expandNodeState>
      <con:id>544d53ec-9be0-4a2e-800c-a30eae89caa6</con:id>
      <con:expandState>true</con:expandState>
    </con:expandNodeState>
    <con:expandNodeState>
      <con:id>d06606fb-4c57-4859-acea-9dd7b3ab85f7</con:id>
      <con:expandState>false</con:expandState>
    </con:expandNodeState>
    <con:expandNodeState>
      <con:id>6527cf42-c326-4801-8eae-078771d51e6d</con:id>
      <con:expandState>true</con:expandState>
    </con:expandNodeState>
    <con:expandNodeState>
      <con:id>29a8f0a8-7b81-45c1-a860-b795ea7b29a8</con:id>
      <con:expandState>true</con:expandState>
    </con:expandNodeState>
    <con:expandNodeState>
      <con:id>ce9538eb-c691-4204-9a58-3e53e16736de</con:id>
      <con:expandState>false</con:expandState>
    </con:expandNodeState>
    <con:expandNodeState>
      <con:id>46ee9f92-ca38-4194-835e-a8596f8aeebf</con:id>
      <con:expandState>true</con:expandState>
    </con:expandNodeState>
    <con:expandNodeState>
      <con:id>d403b3de-eee3-4f6f-9d9d-bbb76b0feafb</con:id>
      <con:expandState>true</con:expandState>
    </con:expandNodeState>
    <con:expandNodeState>
      <con:id>dad2b393-38c7-4e7e-9728-93f57b7a5af9</con:id>
      <con:expandState>true</con:expandState>
    </con:expandNodeState>
    <con:expandNodeState>
      <con:id>69be5137-c7ae-4f5a-a5a5-fd122621d945</con:id>
      <con:expandState>false</con:expandState>
    </con:expandNodeState>
    <con:expandNodeState>
      <con:id>dc6ce8b5-6e76-4898-91e4-d961c8c5a7d4</con:id>
      <con:expandState>true</con:expandState>
    </con:expandNodeState>
    <con:expandNodeState>
      <con:id>1b29b00f-0b70-4cf9-8d52-e660da6b32e7</con:id>
      <con:expandState>true</con:expandState>
    </con:expandNodeState>
    <con:expandNodeState>
      <con:id>68499b01-2eca-4d7d-94e1-63e48fdb257b</con:id>
      <con:expandState>true</con:expandState>
    </con:expandNodeState>
    <con:expandNodeState>
      <con:id>675ebf60-04ee-4cbd-8f1c-5b7252b46989</con:id>
      <con:expandState>true</con:expandState>
    </con:expandNodeState>
    <con:expandNodeState>
      <con:id>376196f4-86a4-4480-bc7d-07753aca2b2e</con:id>
      <con:expandState>true</con:expandState>
    </con:expandNodeState>
    <con:expandNodeState>
      <con:id>202815d4-e4e3-47d3-8232-6c0b89a3bb68</con:id>
      <con:expandState>false</con:expandState>
    </con:expandNodeState>
    <con:expandNodeState>
      <con:id>b6b8c365-876e-4873-a351-93831faa14d0</con:id>
      <con:expandState>false</con:expandState>
    </con:expandNodeState>
    <con:expandNodeState>
      <con:id>cb5df208-997a-4a11-80af-1322f5ce0ec4</con:id>
      <con:expandState>false</con:expandState>
    </con:expandNodeState>
    <con:expandNodeState>
      <con:id>a3628ee9-51b3-4b99-acb9-ddfa24b1d221</con:id>
      <con:expandState>false</con:expandState>
    </con:expandNodeState>
    <con:expandNodeState>
      <con:id>9b76dfc7-b78d-4126-9818-0bf9b89680bd</con:id>
      <con:expandState>false</con:expandState>
    </con:expandNodeState>
    <con:expandNodeState>
      <con:id>ac3efbce-28a3-4e04-b62a-73ec6a72df01</con:id>
      <con:expandState>false</con:expandState>
    </con:expandNodeState>
    <con:expandNodeState>
      <con:id>7b2fe070-46d3-49aa-b518-76048c6dd023</con:id>
      <con:expandState>false</con:expandState>
    </con:expandNodeState>
    <con:expandNodeState>
      <con:id>f2f42881-6ff5-4955-9870-84deeb3b2108</con:id>
      <con:expandState>false</con:expandState>
    </con:expandNodeState>
    <con:expandNodeState>
      <con:id>91e567fa-4f09-47c9-9868-c160ddbe7312</con:id>
      <con:expandState>false</con:expandState>
    </con:expandNodeState>
    <con:expandNodeState>
      <con:id>229b3b20-07a2-4e30-8068-0c03225993cb</con:id>
      <con:expandState>false</con:expandState>
    </con:expandNodeState>
    <con:expandNodeState>
      <con:id>16a6c0d9-f028-4f16-980c-81d9bdf4b725</con:id>
      <con:expandState>false</con:expandState>
    </con:expandNodeState>
    <con:expandNodeState>
      <con:id>5853cee6-68d2-4953-a250-80a588c1fe72</con:id>
      <con:expandState>true</con:expandState>
    </con:expandNodeState>
    <con:expandNodeState>
      <con:id>90037c69-a531-4fac-a38a-a1a1edd9dfd3</con:id>
      <con:expandState>true</con:expandState>
    </con:expandNodeState>
    <con:expandNodeState>
      <con:id>af6a641c-08fb-4203-b27b-17addd70b7a7</con:id>
      <con:expandState>true</con:expandState>
    </con:expandNodeState>
    <con:expandNodeState>
      <con:id>4eff9e05-d640-4074-ae0b-86d78d93fe44</con:id>
      <con:expandState>true</con:expandState>
    </con:expandNodeState>
    <con:expandNodeState>
      <con:id>963fd8bd-055a-4051-a9d0-cfa3f4c108d8</con:id>
      <con:expandState>true</con:expandState>
    </con:expandNodeState>
    <con:expandNodeState>
      <con:id>4a3df5a0-06e2-43ab-802d-1fa00e13f27e</con:id>
      <con:expandState>true</con:expandState>
    </con:expandNodeState>
    <con:expandNodeState>
      <con:id>59a6d20f-bd46-42f1-a341-16dca6688a7b</con:id>
      <con:expandState>true</con:expandState>
    </con:expandNodeState>
    <con:expandNodeState>
      <con:id>03a352db-8de9-42b8-bb0e-bbd56c8aedda</con:id>
      <con:expandState>true</con:expandState>
    </con:expandNodeState>
    <con:expandNodeState>
      <con:id>de531f83-72d1-4605-9383-9795585da743</con:id>
      <con:expandState>true</con:expandState>
    </con:expandNodeState>
    <con:expandNodeState>
      <con:id>3f968869-054e-4c8f-8f8c-c7052a9f786c</con:id>
      <con:expandState>true</con:expandState>
    </con:expandNodeState>
    <con:expandNodeState>
      <con:id>3942a1f0-d52c-44f9-a92e-fb2ac5fd63a3</con:id>
      <con:expandState>true</con:expandState>
    </con:expandNodeState>
    <con:expandNodeState>
      <con:id>a2b60582-c947-4eea-97ed-668eeaf81142</con:id>
      <con:expandState>true</con:expandState>
    </con:expandNodeState>
    <con:expandNodeState>
      <con:id>b1b30e02-273e-4920-886f-ee84d2648234</con:id>
      <con:expandState>false</con:expandState>
    </con:expandNodeState>
    <con:expandNodeState>
      <con:id>dbfb23ec-30d3-40b2-9927-12fda1b9b7fa</con:id>
      <con:expandState>false</con:expandState>
    </con:expandNodeState>
    <con:expandNodeState>
      <con:id>82b7a727-3d94-485d-8154-a4aad11dcc71</con:id>
      <con:expandState>true</con:expandState>
    </con:expandNodeState>
    <con:expandNodeState>
      <con:id>9d59d5f0-6c0c-472f-be4b-a921758f8e97</con:id>
      <con:expandState>true</con:expandState>
    </con:expandNodeState>
    <con:expandNodeState>
      <con:id>68d1dc45-4e59-4974-83d5-73b212d35dea</con:id>
      <con:expandState>false</con:expandState>
    </con:expandNodeState>
    <con:expandNodeState>
      <con:id>7f3a0423-356c-4c3a-8480-5f450bb5509d</con:id>
      <con:expandState>false</con:expandState>
    </con:expandNodeState>
    <con:expandNodeState>
      <con:id>ba5dfa86-2091-4eda-ab75-6eb28633d5e6</con:id>
      <con:expandState>false</con:expandState>
    </con:expandNodeState>
    <con:expandNodeState>
      <con:id>ef6f7cb8-4bb1-4217-99c0-6d96e66ed15c</con:id>
      <con:expandState>false</con:expandState>
    </con:expandNodeState>
    <con:expandNodeState>
      <con:id>a36c037a-1f2d-461e-a076-dd2fd1ed3069</con:id>
      <con:expandState>true</con:expandState>
    </con:expandNodeState>
    <con:expandNodeState>
      <con:id>b8dc9976-058b-4d82-a51f-d309a15c20aa</con:id>
      <con:expandState>true</con:expandState>
    </con:expandNodeState>
    <con:expandNodeState>
      <con:id>06208100-5171-4cfa-b07e-0e0cb3ef8217</con:id>
      <con:expandState>true</con:expandState>
    </con:expandNodeState>
    <con:expandNodeState>
      <con:id>c66186fb-a24c-4566-a2ba-5d4d92e02c4c</con:id>
      <con:expandState>true</con:expandState>
    </con:expandNodeState>
    <con:expandNodeState>
      <con:id>89f59037-587b-4cf7-97f3-c973493004ab</con:id>
      <con:expandState>false</con:expandState>
    </con:expandNodeState>
    <con:expandNodeState>
      <con:id>12f5ab0e-b83f-444b-9d78-36e0f8ce9343</con:id>
      <con:expandState>false</con:expandState>
    </con:expandNodeState>
    <con:expandNodeState>
      <con:id>0f905ef4-1788-4bec-b16f-d3c0c5842bd7</con:id>
      <con:expandState>false</con:expandState>
    </con:expandNodeState>
    <con:expandNodeState>
      <con:id>6743c376-77c2-431b-83e3-b151f82755e5</con:id>
      <con:expandState>true</con:expandState>
    </con:expandNodeState>
    <con:expandNodeState>
      <con:id>8ebfe769-d3ec-4aca-abcc-82bda03ccac2</con:id>
      <con:expandState>true</con:expandState>
    </con:expandNodeState>
    <con:expandNodeState>
      <con:id>876717d5-05b1-4ede-8fdb-fa43022e0bf0</con:id>
      <con:expandState>true</con:expandState>
    </con:expandNodeState>
    <con:expandNodeState>
      <con:id>b58ab9e1-e967-438d-a1f8-85c99fac8a0f</con:id>
      <con:expandState>false</con:expandState>
    </con:expandNodeState>
    <con:expandNodeState>
      <con:id>68a17b90-4b1f-4cbb-a193-93489f1db8e0</con:id>
      <con:expandState>false</con:expandState>
    </con:expandNodeState>
  </con:navigatorNodeCollection>
  <con:navigatorNodeCollection>
    <con:rootNodeLabel>ServiceV</con:rootNodeLabel>
    <con:expandNodeState>
      <con:id>f711b422-efbe-4fc6-a28f-583cb4775175</con:id>
      <con:expandState>false</con:expandState>
    </con:expandNodeState>
    <con:expandNodeState>
      <con:id>84e36797-6dee-4621-bb92-bbd5ea44e819</con:id>
      <con:expandState>false</con:expandState>
    </con:expandNodeState>
    <con:expandNodeState>
      <con:id>05d565f2-9248-4b77-8ad9-b5e83a9e975c</con:id>
      <con:expandState>false</con:expandState>
    </con:expandNodeState>
    <con:expandNodeState>
      <con:id>d782a2b4-172f-4161-8dba-cad13a5ea304</con:id>
      <con:expandState>false</con:expandState>
    </con:expandNodeState>
    <con:expandNodeState>
      <con:id>e1b975aa-04c1-4826-ad8e-07ef0637263b</con:id>
      <con:expandState>false</con:expandState>
    </con:expandNodeState>
    <con:expandNodeState>
      <con:id>054258a0-8072-4565-887a-6c3cc8153b1d</con:id>
      <con:expandState>false</con:expandState>
    </con:expandNodeState>
    <con:expandNodeState>
      <con:id>73af64d9-0994-43cb-98f5-d8c4701d6bc4</con:id>
      <con:expandState>false</con:expandState>
    </con:expandNodeState>
    <con:expandNodeState>
      <con:id>fa086be2-1b95-4680-a165-3d4c85961b8c</con:id>
      <con:expandState>false</con:expandState>
    </con:expandNodeState>
    <con:expandNodeState>
      <con:id>c9eda738-bdd9-4d3f-8dc5-fa03952a4aca</con:id>
      <con:expandState>false</con:expandState>
    </con:expandNodeState>
  </con:navigatorNodeCollection>
  <con:navigatorNodeCollection>
    <con:rootNodeLabel>Secure</con:rootNodeLabel>
    <con:expandNodeState>
      <con:id>f711b422-efbe-4fc6-a28f-583cb4775175</con:id>
      <con:expandState>false</con:expandState>
    </con:expandNodeState>
    <con:expandNodeState>
      <con:id>84e36797-6dee-4621-bb92-bbd5ea44e819</con:id>
      <con:expandState>false</con:expandState>
    </con:expandNodeState>
    <con:expandNodeState>
      <con:id>05d565f2-9248-4b77-8ad9-b5e83a9e975c</con:id>
      <con:expandState>false</con:expandState>
    </con:expandNodeState>
    <con:expandNodeState>
      <con:id>d782a2b4-172f-4161-8dba-cad13a5ea304</con:id>
      <con:expandState>false</con:expandState>
    </con:expandNodeState>
    <con:expandNodeState>
      <con:id>e1b975aa-04c1-4826-ad8e-07ef0637263b</con:id>
      <con:expandState>false</con:expandState>
    </con:expandNodeState>
    <con:expandNodeState>
      <con:id>054258a0-8072-4565-887a-6c3cc8153b1d</con:id>
      <con:expandState>false</con:expandState>
    </con:expandNodeState>
    <con:expandNodeState>
      <con:id>73af64d9-0994-43cb-98f5-d8c4701d6bc4</con:id>
      <con:expandState>false</con:expandState>
    </con:expandNodeState>
    <con:expandNodeState>
      <con:id>fa086be2-1b95-4680-a165-3d4c85961b8c</con:id>
      <con:expandState>false</con:expandState>
    </con:expandNodeState>
    <con:expandNodeState>
      <con:id>c9eda738-bdd9-4d3f-8dc5-fa03952a4aca</con:id>
      <con:expandState>false</con:expandState>
    </con:expandNodeState>
  </con:navigatorNodeCollection>
  <con:dashboardTileCollection>
    <con:dashboardTiles>
      <con:dashboardTile tileId="cd18afbf-b6a5-4f06-82d9-6c9756e1fd46" tileType="NEW_TEST"/>
      <con:dashboardTile tileId="33feca08-5655-4052-b816-2a92f0364a3a" tileType="TEST_SUITE_STATUS">
        <con:settings xsi:type="con:TestStatusTileSettings" xmlns:xsi="http://www.w3.org/2001/XMLSchema-instance">
          <con:mode>
            <con:today>true</con:today>
          </con:mode>
          <con:filter>
            <con:failed>true</con:failed>
            <con:passed>true</con:passed>
            <con:unknown>true</con:unknown>
          </con:filter>
        </con:settings>
      </con:dashboardTile>
      <con:dashboardTile tileId="fa8a186f-d069-40e3-8a02-aaa65d7003ca" tileType="TEST_CASE_STATUS_TILE">
        <con:settings xsi:type="con:TestCaseStatusTileSettings" xmlns:xsi="http://www.w3.org/2001/XMLSchema-instance">
          <con:mode>
            <con:today>true</con:today>
          </con:mode>
          <con:filter>
            <con:failed>true</con:failed>
            <con:passed>true</con:passed>
            <con:unknown>true</con:unknown>
          </con:filter>
        </con:settings>
      </con:dashboardTile>
      <con:dashboardTile tileId="48e4a675-224f-4ac5-ad8a-ff5f4c451281" tileType="SECURE_TILE">
        <con:settings xsi:type="con:SecureTileSettings" xmlns:xsi="http://www.w3.org/2001/XMLSchema-instance">
          <con:mode>
            <con:today>true</con:today>
          </con:mode>
          <con:scan>All Scans</con:scan>
          <con:project>All Projects</con:project>
        </con:settings>
      </con:dashboardTile>
      <con:dashboardTile tileId="97e4416f-4d39-4598-923d-2b0c53adb587" tileType="LOADUI_HISTORY_TILE">
        <con:settings xsi:type="con:LoadHistoryTileSettings" xmlns:xsi="http://www.w3.org/2001/XMLSchema-instance">
          <con:mode>
            <con:today>true</con:today>
          </con:mode>
          <con:project>All Projects</con:project>
          <con:filter>
            <con:avg>true</con:avg>
            <con:duration>true</con:duration>
            <con:failures>true</con:failures>
          </con:filter>
        </con:settings>
      </con:dashboardTile>
      <con:dashboardTile tileId="591e5f91-6df4-4a3a-a393-034e389c379e" tileType="SERVICEV">
        <con:settings xsi:type="con:ServiceVTileSettings" xmlns:xsi="http://www.w3.org/2001/XMLSchema-instance">
          <con:tableSettings>
            <con:column>Name</con:column>
            <con:column>Status</con:column>
            <con:column>Location</con:column>
            <con:column>Port</con:column>
          </con:tableSettings>
          <con:searchSettings>
            <con:searchType>All</con:searchType>
          </con:searchSettings>
        </con:settings>
      </con:dashboardTile>
    </con:dashboardTiles>
    <con:recentDashboardTiles/>
  </con:dashboardTileCollection>
</con:soapui-workspace>