<?xml version="1.0" encoding="UTF-8"?>
<con:soapui-project id="882f6a5b-c99a-416c-b329-f87eda5d60c3" activeEnvironment="Default environment" name="API_EmployeesFiltering" lastOpened="2017-08-18T14:23:54.280-03:00" soapui-version="6.0.0" updated="2.2.0 2017-11-28T12:17:25Z" xmlns:con="http://eviware.com/soapui/config">
  <con:settings/>
  <con:interface xsi:type="con:RestService" id="00b70357-5079-495b-a6a9-de8b7eb6ecbd" wadlVersion="http://wadl.dev.java.net/2009/02" name="Employees" type="rest" xmlns:xsi="http://www.w3.org/2001/XMLSchema-instance">
    <con:settings>
      <con:setting id="e680d78a-7279-49d2-9a46-de094529a2dffileName">https%3A%2F%2Ftg-mobility.cloudhub.io</con:setting>
    </con:settings>
    <con:definitionCache type="TEXT" rootPart=""/>
    <con:endpoints>
      <con:endpoint>https://tg-mobility.cloudhub.io</con:endpoint>
    </con:endpoints>
    <con:resource name="Employees" path="/employees" id="2a7e9948-ba91-48df-9531-4679c8d24f98">
      <con:settings>
        <con:setting id="7e3f94b0-6328-4fbd-b2ce-b6143c84f038fileName">Employees</con:setting>
      </con:settings>
      <con:parameters>
        <con:parameter>
          <con:name>X-TNGO-TENANT</con:name>
          <con:value/>
          <con:style>HEADER</con:style>
          <con:default/>
          <con:description xsi:nil="true"/>
        </con:parameter>
        <con:parameter>
          <con:name>limit</con:name>
          <con:value/>
          <con:style>QUERY</con:style>
          <con:default/>
          <con:description xsi:nil="true"/>
        </con:parameter>
        <con:parameter>
          <con:name>offset</con:name>
          <con:value/>
          <con:style>QUERY</con:style>
          <con:default/>
          <con:description xsi:nil="true"/>
        </con:parameter>
        <con:parameter>
          <con:name>Authorization</con:name>
          <con:value/>
          <con:style>HEADER</con:style>
          <con:default/>
          <con:description xsi:nil="true"/>
        </con:parameter>
        <con:parameter>
          <con:name>includeAddress</con:name>
          <con:value/>
          <con:style>QUERY</con:style>
          <con:default/>
          <con:description xsi:nil="true"/>
        </con:parameter>
        <con:parameter>
          <con:name>client_id</con:name>
          <con:value/>
          <con:style>HEADER</con:style>
          <con:default/>
          <con:description xsi:nil="true"/>
        </con:parameter>
        <con:parameter>
          <con:name>client_secret</con:name>
          <con:value/>
          <con:style>HEADER</con:style>
          <con:default/>
          <con:description xsi:nil="true"/>
        </con:parameter>
        <con:parameter>
          <con:name>status</con:name>
          <con:value/>
          <con:style>QUERY</con:style>
          <con:default/>
          <con:description xsi:nil="true"/>
        </con:parameter>
        <con:parameter>
          <con:name>companyEmployeeId</con:name>
          <con:value/>
          <con:style>QUERY</con:style>
          <con:default/>
          <con:description xsi:nil="true"/>
        </con:parameter>
        <con:parameter>
          <con:name>department</con:name>
          <con:value/>
          <con:style>QUERY</con:style>
          <con:default/>
          <con:description xsi:nil="true"/>
        </con:parameter>
        <con:parameter>
          <con:name>firstName</con:name>
          <con:value/>
          <con:style>QUERY</con:style>
          <con:default/>
          <con:description xsi:nil="true"/>
        </con:parameter>
        <con:parameter>
          <con:name>lastName</con:name>
          <con:value/>
          <con:style>QUERY</con:style>
          <con:default/>
          <con:description xsi:nil="true"/>
        </con:parameter>
        <con:parameter>
          <con:name>dateTimeUpdated</con:name>
          <con:value/>
          <con:style>QUERY</con:style>
          <con:default/>
          <con:description xsi:nil="true"/>
        </con:parameter>
      </con:parameters>
      <con:method name="Employees" id="6d74b9c0-ecb6-4111-b20b-bd825f0f2665" method="GET">
        <con:settings/>
        <con:parameters/>
        <con:representation type="FAULT">
          <con:mediaType>application/json</con:mediaType>
          <con:status>400 403 404 500</con:status>
          <con:params/>
          <con:element xmlns:emp="https://tg-mobility.cloudhub.io/mobility/v1/employees">emp:Fault</con:element>
        </con:representation>
        <con:representation type="RESPONSE">
          <con:mediaType>application/json;charset=UTF-8</con:mediaType>
          <con:status>200</con:status>
          <con:params/>
          <con:element xmlns:emp="https://tg-mobility.cloudhub.io/mobility/v1/employees">emp:Response</con:element>
        </con:representation>
        <con:representation type="RESPONSE">
          <con:mediaType xsi:nil="true"/>
          <con:status>0</con:status>
          <con:params/>
          <con:element>data</con:element>
        </con:representation>
        <con:request name="Request 1" id="cf393f81-ca4b-488f-9a34-5a9aa62b10b8" mediaType="application/json">
          <con:settings>
            <con:setting id="com.eviware.soapui.impl.wsdl.WsdlRequest@request-headers">&lt;xml-fragment/></con:setting>
          </con:settings>
          <con:endpoint>None</con:endpoint>
          <con:request/>
          <con:originalUri>https://tg-mobility.cloudhub.io/mobility/v1/employees</con:originalUri>
          <con:credentials>
            <con:selectedAuthProfile>No Authorization</con:selectedAuthProfile>
            <con:authType>No Authorization</con:authType>
          </con:credentials>
          <con:jmsConfig JMSDeliveryMode="PERSISTENT"/>
          <con:parameters/>
          <con:parameterOrder>
            <con:entry>X-TNGO-TENANT</con:entry>
            <con:entry>Authorization</con:entry>
            <con:entry>client_id</con:entry>
            <con:entry>client_secret</con:entry>
            <con:entry>includeAddress</con:entry>
            <con:entry>offset</con:entry>
            <con:entry>limit</con:entry>
            <con:entry>status</con:entry>
            <con:entry>companyEmployeeId</con:entry>
            <con:entry>department</con:entry>
            <con:entry>firstName</con:entry>
            <con:entry>lastName</con:entry>
            <con:entry>dateTimeUpdated</con:entry>
          </con:parameterOrder>
        </con:request>
      </con:method>
    </con:resource>
  </con:interface>
  <con:testSuite id="9420cfb6-8044-4e67-b1f5-17aa75b385a6" name="TS_EmployeesFiltering">
    <con:settings/>
    <con:runType>SEQUENTIAL</con:runType>
    <con:testCase id="620bc2c9-d884-482a-b70b-603b4699f6d8" discardOkResults="true" failOnError="true" failTestCaseOnErrors="true" keepSession="false" name="TC_EmployeesFiltering" searchProperties="true">
      <con:description>SFE13512 -Ability to filter employee collection by timestamp last updated-  is covered by steps:
----------------------------------------------------------------------------------------------------
 *GetEmployeesByDateTimeUpdated
 *VerifyEmployeesByDateTimeUpdated</con:description>
      <con:settings/>
      <con:testStep type="groovy" name="ScriptSetupEmployees" id="81c2e414-6020-4623-81c1-147ca439d4d9">
        <con:settings/>
        <con:config>
          <script>// /////////////////////////////////////////////
// This sets up all of the test case properties
// /////////////////////////////////////////////

def groovyUtils = new com.eviware.soapui.support.GroovyUtils( context ); 
def projectPath = groovyUtils.projectPath //gets the path of the project root

// this is sanity check with a simple call. all this does is verify a simple connection 
// to the external clases by logging a message in log window.
soapUIScripts.CommonMethods.StaticMethod(log) 

// setup test case properties stored in 'DudleyDorightDataActions' class.
soapUIScripts.DudleyDorightDataActions.SetupTestCaseProperties(log, testRunner) 

// read in token pair and put in test case properties.
// NOTE: token pair must be in same folder as project
//       token pair must be up to date (not expired)
assert(soapUIScripts.CommonMethods.ReadTokenPair(projectPath + "\\" + "TokenPair.txt", log, testRunner) == true)

// read user Ids and assign to test case properties 
def userIdsFileName = projectPath + "\\" + "DudleyDoright.txt"
assert soapUIScripts.CommonMethods.ReadUserIdsURL(userIdsFileName, log, testRunner) == true

def userIdsFileName2 = projectPath + "\\" + "AnaUserData.txt"
assert soapUIScripts.CommonMethods.ReadUserIds(userIdsFileName2, log, testRunner) == true

def userIdsFileName3 = projectPath + "\\" + "AnaAddressData.txt"
assert soapUIScripts.CommonMethods.ReadUserIds(userIdsFileName3, log, testRunner) == true

context.offset = 0
context.limit = 30

testRunner.testCase.setPropertyValue("offset", context.offset.toString())
testRunner.testCase.setPropertyValue("limit", context.limit.toString())

testRunner.testCase.setPropertyValue("dateTimeUpdated", "2017-08-13T12:51:41Z")</script>
        </con:config>
      </con:testStep>
      <con:testStep type="restrequest" name="GetEmployeeByCompanyEmployeeId" id="d9dc51ae-3145-46ce-92b9-dfdd1a18d4ae">
        <con:settings/>
        <con:config service="Employees" resourcePath="/employees" methodName="Employees" xsi:type="con:RestRequestStep" xmlns:xsi="http://www.w3.org/2001/XMLSchema-instance">
          <con:restRequest name="GetEmployeeByCompanyEmployeeId" id="70330f33-2653-4756-a366-cdfdf3857ea6" mediaType="application/json">
            <con:settings>
              <con:setting id="com.eviware.soapui.impl.wsdl.WsdlRequest@request-headers">&lt;xml-fragment/></con:setting>
            </con:settings>
            <con:endpoint>${#TestCase#URL}</con:endpoint>
            <con:request/>
            <con:originalUri>https://tg-mobility.cloudhub.io/mobility/v1/employees</con:originalUri>
            <con:assertion type="Valid HTTP Status Codes" id="b669a04e-10c6-4d97-a695-514bd5b9b49f" name="Valid HTTP Status Codes">
              <con:settings/>
              <con:configuration>
                <codes>200</codes>
              </con:configuration>
            </con:assertion>
            <con:credentials>
              <con:selectedAuthProfile>No Authorization</con:selectedAuthProfile>
              <con:authType>No Authorization</con:authType>
            </con:credentials>
            <con:jmsConfig JMSDeliveryMode="PERSISTENT"/>
            <con:parameters>
              <con:entry key="Authorization" value="Bearer ${#TestCase#AccessToken}"/>
              <con:entry key="lastName" value=""/>
              <con:entry key="firstName" value=""/>
              <con:entry key="offset" value="${#TestCase#offset}"/>
              <con:entry key="X-TNGO-TENANT" value="${#TestCase#Tenant}"/>
              <con:entry key="dateTimeUpdated" value=""/>
              <con:entry key="limit" value="${#TestCase#limit}"/>
              <con:entry key="companyEmployeeId" value="${#TestCase#CompanyEmployeeId}"/>
              <con:entry key="client_secret" value="${#TestCase#clientSecret}"/>
              <con:entry key="department" value=""/>
              <con:entry key="client_id" value="${#TestCase#clientId}"/>
              <con:entry key="status" value=""/>
            </con:parameters>
            <con:parameterOrder>
              <con:entry>X-TNGO-TENANT</con:entry>
              <con:entry>Authorization</con:entry>
              <con:entry>client_id</con:entry>
              <con:entry>client_secret</con:entry>
              <con:entry>limit</con:entry>
              <con:entry>offset</con:entry>
              <con:entry>includeAddress</con:entry>
              <con:entry>status</con:entry>
              <con:entry>companyEmployeeId</con:entry>
              <con:entry>department</con:entry>
              <con:entry>firstName</con:entry>
              <con:entry>lastName</con:entry>
              <con:entry>dateTimeUpdated</con:entry>
            </con:parameterOrder>
          </con:restRequest>
        </con:config>
      </con:testStep>
      <con:testStep type="groovy" name="VerifyEmployeeByCompanyEmployeeId" id="33ee5a82-3066-46b2-8dfd-bdac7e56967f">
        <con:settings/>
        <con:config>
          <script>import groovy.json.JsonSlurper 

def groovyUtils = new com.eviware.soapui.support.GroovyUtils(context ); 
def testCase = context.testCase; 
def testStep = testCase.getTestStepByName("GetEmployeeByCompanyEmployeeId") 

//  need for external call.
testRunner = new com.eviware.soapui.impl.wsdl.testcase.WsdlTestCaseRunner(testCase, null); 
testStepContext = new com.eviware.soapui.impl.wsdl.testcase.WsdlTestRunContext(testStep); 

// get response of last test step run.
def response = testStep.testRequest.messageExchange.response.responseContent
def slurper = new JsonSlurper()
def json = slurper.parseText response


def companyEmployeeId = testRunner.testCase.getPropertyValue("CompanyEmployeeId")
def listCmpEmployeeIds = json.employees.items.companyEmployeeId


for (e in listCmpEmployeeIds){
	//log.info e
	assert (companyEmployeeId.equals(e))
}

log.info "Company Employee Id Ok"</script>
        </con:config>
      </con:testStep>
      <con:testStep type="restrequest" name="GetEmployeesByDepartment" id="498c25df-b994-4e12-8209-d0de927ee8ae">
        <con:settings/>
        <con:config service="Employees" resourcePath="/employees" methodName="Employees" xsi:type="con:RestRequestStep" xmlns:xsi="http://www.w3.org/2001/XMLSchema-instance">
          <con:restRequest name="GetEmployeesByDepartment" id="70330f33-2653-4756-a366-cdfdf3857ea6" mediaType="application/json">
            <con:settings>
              <con:setting id="com.eviware.soapui.impl.wsdl.WsdlRequest@request-headers">&lt;xml-fragment/></con:setting>
            </con:settings>
            <con:endpoint>${#TestCase#URL}</con:endpoint>
            <con:request/>
            <con:originalUri>https://tg-mobility.cloudhub.io/mobility/v1/employees</con:originalUri>
            <con:assertion type="Valid HTTP Status Codes" id="b669a04e-10c6-4d97-a695-514bd5b9b49f" name="Valid HTTP Status Codes">
              <con:settings/>
              <con:configuration>
                <codes>200</codes>
              </con:configuration>
            </con:assertion>
            <con:credentials>
              <con:selectedAuthProfile>No Authorization</con:selectedAuthProfile>
              <con:authType>No Authorization</con:authType>
            </con:credentials>
            <con:jmsConfig JMSDeliveryMode="PERSISTENT"/>
            <con:parameters>
              <con:entry key="Authorization" value="Bearer ${#TestCase#AccessToken}"/>
              <con:entry key="firstName" value=""/>
              <con:entry key="lastName" value=""/>
              <con:entry key="offset" value="${#TestCase#offset}"/>
              <con:entry key="X-TNGO-TENANT" value="${#TestCase#Tenant}"/>
              <con:entry key="dateTimeUpdated" value=""/>
              <con:entry key="limit" value="${#TestCase#limit}"/>
              <con:entry key="client_secret" value="${#TestCase#clientSecret}"/>
              <con:entry key="department" value="${#TestCase#DepartmentId}"/>
              <con:entry key="client_id" value="${#TestCase#clientId}"/>
              <con:entry key="status" value=""/>
            </con:parameters>
            <con:parameterOrder>
              <con:entry>X-TNGO-TENANT</con:entry>
              <con:entry>Authorization</con:entry>
              <con:entry>client_id</con:entry>
              <con:entry>client_secret</con:entry>
              <con:entry>limit</con:entry>
              <con:entry>offset</con:entry>
              <con:entry>includeAddress</con:entry>
              <con:entry>status</con:entry>
              <con:entry>companyEmployeeId</con:entry>
              <con:entry>department</con:entry>
              <con:entry>firstName</con:entry>
              <con:entry>lastName</con:entry>
              <con:entry>dateTimeUpdated</con:entry>
            </con:parameterOrder>
          </con:restRequest>
        </con:config>
      </con:testStep>
      <con:testStep type="groovy" name="VerifyEmployeesByDepartment" id="43e95601-d5d6-4d91-b149-7fa868b3d06d">
        <con:settings/>
        <con:config>
          <script>import groovy.json.JsonSlurper 

def groovyUtils = new com.eviware.soapui.support.GroovyUtils(context ); 
def testCase = context.testCase; 
def testStep = testCase.getTestStepByName("GetEmployeesByDepartment") 

//  need for external call.
testRunner = new com.eviware.soapui.impl.wsdl.testcase.WsdlTestCaseRunner(testCase, null); 
testStepContext = new com.eviware.soapui.impl.wsdl.testcase.WsdlTestRunContext(testStep); 

// get response of last test step run.
def response = testStep.testRequest.messageExchange.response.responseContent
def slurper = new JsonSlurper()
def json = slurper.parseText response


def departmentId = testRunner.testCase.getPropertyValue("DepartmentId")
def listDepartmentIds = json.employees.items.department.id


for (d in listDepartmentIds){
	//log.info d
	assert (departmentId.equals(d))
}

log.info "Department Id Ok"</script>
        </con:config>
      </con:testStep>
      <con:testStep type="restrequest" name="GetEmployeesByFirstName" id="0369294e-23c6-4b6b-b5a3-7587bd4bc3d9">
        <con:settings/>
        <con:config service="Employees" resourcePath="/employees" methodName="Employees" xsi:type="con:RestRequestStep" xmlns:xsi="http://www.w3.org/2001/XMLSchema-instance">
          <con:restRequest name="GetEmployeesByFirstName" id="70330f33-2653-4756-a366-cdfdf3857ea6" mediaType="application/json">
            <con:settings>
              <con:setting id="com.eviware.soapui.impl.wsdl.WsdlRequest@request-headers">&lt;xml-fragment/></con:setting>
            </con:settings>
            <con:endpoint>${#TestCase#URL}</con:endpoint>
            <con:request/>
            <con:originalUri>https://tg-mobility.cloudhub.io/mobility/v1/employees</con:originalUri>
            <con:assertion type="Valid HTTP Status Codes" id="b669a04e-10c6-4d97-a695-514bd5b9b49f" name="Valid HTTP Status Codes">
              <con:settings/>
              <con:configuration>
                <codes>200</codes>
              </con:configuration>
            </con:assertion>
            <con:credentials>
              <con:selectedAuthProfile>No Authorization</con:selectedAuthProfile>
              <con:authType>No Authorization</con:authType>
            </con:credentials>
            <con:jmsConfig JMSDeliveryMode="PERSISTENT"/>
            <con:parameters>
              <con:entry key="Authorization" value="Bearer ${#TestCase#AccessToken}"/>
              <con:entry key="firstName" value="${#TestCase#FirstName}"/>
              <con:entry key="lastName" value=""/>
              <con:entry key="offset" value="${#TestCase#offset}"/>
              <con:entry key="X-TNGO-TENANT" value="${#TestCase#Tenant}"/>
              <con:entry key="dateTimeUpdated" value=""/>
              <con:entry key="limit" value="${#TestCase#limit}"/>
              <con:entry key="client_secret" value="${#TestCase#clientSecret}"/>
              <con:entry key="client_id" value="${#TestCase#clientId}"/>
              <con:entry key="status" value=""/>
            </con:parameters>
            <con:parameterOrder>
              <con:entry>X-TNGO-TENANT</con:entry>
              <con:entry>Authorization</con:entry>
              <con:entry>client_id</con:entry>
              <con:entry>client_secret</con:entry>
              <con:entry>limit</con:entry>
              <con:entry>offset</con:entry>
              <con:entry>includeAddress</con:entry>
              <con:entry>status</con:entry>
              <con:entry>companyEmployeeId</con:entry>
              <con:entry>department</con:entry>
              <con:entry>firstName</con:entry>
              <con:entry>lastName</con:entry>
              <con:entry>dateTimeUpdated</con:entry>
            </con:parameterOrder>
          </con:restRequest>
        </con:config>
      </con:testStep>
      <con:testStep type="groovy" name="VerifyEmployeesByFirstName" id="da4e8e64-72ff-4c04-92d1-c696f0165e30">
        <con:settings/>
        <con:config>
          <script>import groovy.json.JsonSlurper 

def groovyUtils = new com.eviware.soapui.support.GroovyUtils(context ); 
def testCase = context.testCase; 
def testStep = testCase.getTestStepByName("GetEmployeesByFirstName") 

//  need for external call.
testRunner = new com.eviware.soapui.impl.wsdl.testcase.WsdlTestCaseRunner(testCase, null); 
testStepContext = new com.eviware.soapui.impl.wsdl.testcase.WsdlTestRunContext(testStep); 

// get response of last test step run.
def response = testStep.testRequest.messageExchange.response.responseContent
def slurper = new JsonSlurper()
def json = slurper.parseText response


def firstName = testRunner.testCase.getPropertyValue("FirstName")
def listFirstNames = json.employees.items.firstName


for (n in listFirstNames ){
	//log.info n
	assert (firstName.equals(n))
}

log.info "First Name Ok"</script>
        </con:config>
      </con:testStep>
      <con:testStep type="restrequest" name="GetEmployeesByLastName" id="6144968d-a1d6-47c2-9722-c25e4eea9bc8">
        <con:settings/>
        <con:config service="Employees" resourcePath="/employees" methodName="Employees" xsi:type="con:RestRequestStep" xmlns:xsi="http://www.w3.org/2001/XMLSchema-instance">
          <con:restRequest name="GetEmployeesByLastName" id="70330f33-2653-4756-a366-cdfdf3857ea6" mediaType="application/json">
            <con:settings>
              <con:setting id="com.eviware.soapui.impl.wsdl.WsdlRequest@request-headers">&lt;xml-fragment/></con:setting>
            </con:settings>
            <con:endpoint>${#TestCase#URL}</con:endpoint>
            <con:request/>
            <con:originalUri>https://tg-mobility.cloudhub.io/mobility/v1/employees</con:originalUri>
            <con:assertion type="Valid HTTP Status Codes" id="b669a04e-10c6-4d97-a695-514bd5b9b49f" name="Valid HTTP Status Codes">
              <con:settings/>
              <con:configuration>
                <codes>200</codes>
              </con:configuration>
            </con:assertion>
            <con:credentials>
              <con:selectedAuthProfile>No Authorization</con:selectedAuthProfile>
              <con:authType>No Authorization</con:authType>
            </con:credentials>
            <con:jmsConfig JMSDeliveryMode="PERSISTENT"/>
            <con:parameters>
              <con:entry key="Authorization" value="Bearer ${#TestCase#AccessToken}"/>
              <con:entry key="lastName" value="${#TestCase#LastName}"/>
              <con:entry key="offset" value="${#TestCase#offset}"/>
              <con:entry key="X-TNGO-TENANT" value="${#TestCase#Tenant}"/>
              <con:entry key="dateTimeUpdated" value=""/>
              <con:entry key="limit" value="${#TestCase#limit}"/>
              <con:entry key="client_secret" value="${#TestCase#clientSecret}"/>
              <con:entry key="client_id" value="${#TestCase#clientId}"/>
              <con:entry key="status" value=""/>
            </con:parameters>
            <con:parameterOrder>
              <con:entry>X-TNGO-TENANT</con:entry>
              <con:entry>Authorization</con:entry>
              <con:entry>client_id</con:entry>
              <con:entry>client_secret</con:entry>
              <con:entry>limit</con:entry>
              <con:entry>offset</con:entry>
              <con:entry>includeAddress</con:entry>
              <con:entry>status</con:entry>
              <con:entry>companyEmployeeId</con:entry>
              <con:entry>department</con:entry>
              <con:entry>firstName</con:entry>
              <con:entry>lastName</con:entry>
              <con:entry>dateTimeUpdated</con:entry>
            </con:parameterOrder>
          </con:restRequest>
        </con:config>
      </con:testStep>
      <con:testStep type="groovy" name="VerifyEmployeesByLastName" id="558f910c-070f-4624-a10f-8afeb7ec097b">
        <con:settings/>
        <con:config>
          <script>import groovy.json.JsonSlurper 

def groovyUtils = new com.eviware.soapui.support.GroovyUtils(context ); 
def testCase = context.testCase; 
def testStep = testCase.getTestStepByName("GetEmployeesByLastName") 

//  need for external call.
testRunner = new com.eviware.soapui.impl.wsdl.testcase.WsdlTestCaseRunner(testCase, null); 
testStepContext = new com.eviware.soapui.impl.wsdl.testcase.WsdlTestRunContext(testStep); 

// get response of last test step run.
def response = testStep.testRequest.messageExchange.response.responseContent
def slurper = new JsonSlurper()
def json = slurper.parseText response


def lastName = testRunner.testCase.getPropertyValue("LastName")
def listLastNames = json.employees.items.lastName


for (n in listLastNames ){
	//log.info n
	assert (lastName.equals(n))
}

log.info "Last Name Ok"</script>
        </con:config>
      </con:testStep>
      <con:testStep type="restrequest" name="GetEmployeesWithAddress" id="4ac25ab6-9bcb-429c-9bb9-fee18a508a81">
        <con:settings/>
        <con:config service="Employees" resourcePath="/employees" methodName="Employees" xsi:type="con:RestRequestStep" xmlns:xsi="http://www.w3.org/2001/XMLSchema-instance">
          <con:restRequest name="GetEmployeesWithAddress" id="70330f33-2653-4756-a366-cdfdf3857ea6" mediaType="application/json">
            <con:settings>
              <con:setting id="com.eviware.soapui.impl.wsdl.WsdlRequest@request-headers">&lt;xml-fragment/></con:setting>
            </con:settings>
            <con:endpoint>${#TestCase#URL}</con:endpoint>
            <con:request/>
            <con:originalUri>https://tg-mobility.cloudhub.io/mobility/v1/employees</con:originalUri>
            <con:assertion type="Valid HTTP Status Codes" id="b669a04e-10c6-4d97-a695-514bd5b9b49f" name="Valid HTTP Status Codes">
              <con:settings/>
              <con:configuration>
                <codes>200</codes>
              </con:configuration>
            </con:assertion>
            <con:credentials>
              <con:selectedAuthProfile>No Authorization</con:selectedAuthProfile>
              <con:authType>No Authorization</con:authType>
            </con:credentials>
            <con:jmsConfig JMSDeliveryMode="PERSISTENT"/>
            <con:parameters>
              <con:entry key="Authorization" value="Bearer ${#TestCase#AccessToken}"/>
              <con:entry key="offset" value="${#TestCase#offset}"/>
              <con:entry key="X-TNGO-TENANT" value="${#TestCase#Tenant}"/>
              <con:entry key="dateTimeUpdated" value=""/>
              <con:entry key="limit" value="${#TestCase#limit}"/>
              <con:entry key="includeAddress" value="true"/>
              <con:entry key="client_secret" value="${#TestCase#clientSecret}"/>
              <con:entry key="companyEmployeeId" value="${#TestCase#CompanyEmployeeId}"/>
              <con:entry key="client_id" value="${#TestCase#clientId}"/>
              <con:entry key="status" value=""/>
            </con:parameters>
            <con:parameterOrder>
              <con:entry>X-TNGO-TENANT</con:entry>
              <con:entry>Authorization</con:entry>
              <con:entry>client_id</con:entry>
              <con:entry>client_secret</con:entry>
              <con:entry>limit</con:entry>
              <con:entry>offset</con:entry>
              <con:entry>includeAddress</con:entry>
              <con:entry>status</con:entry>
              <con:entry>companyEmployeeId</con:entry>
              <con:entry>department</con:entry>
              <con:entry>firstName</con:entry>
              <con:entry>lastName</con:entry>
              <con:entry>dateTimeUpdated</con:entry>
            </con:parameterOrder>
          </con:restRequest>
        </con:config>
      </con:testStep>
      <con:testStep type="groovy" name="VerifyEmployeesWithAddress" id="1749d48f-6807-4545-96a8-baa9c40cd66a">
        <con:settings/>
        <con:config>
          <script>import groovy.json.JsonSlurper 

def groovyUtils = new com.eviware.soapui.support.GroovyUtils(context ); 
def testCase = context.testCase; 
def testStep = testCase.getTestStepByName("GetEmployeesWithAddress") 

//  need for external call.
testRunner = new com.eviware.soapui.impl.wsdl.testcase.WsdlTestCaseRunner(testCase, null); 
testStepContext = new com.eviware.soapui.impl.wsdl.testcase.WsdlTestRunContext(testStep); 

// get response of last test step run.
def response = testStep.testRequest.messageExchange.response.responseContent
def slurper = new JsonSlurper()
def json = slurper.parseText response


def addressComponents1Id = testRunner.testCase.getPropertyValue("AddressComponents1Id")
def addressComponents1Label = testRunner.testCase.getPropertyValue("AddressComponents1Label")
def addressComponents1Value = testRunner.testCase.getPropertyValue("AddressComponents1Value")
def addressComponents2Id = testRunner.testCase.getPropertyValue("AddressComponents2Id")
def addressComponents2Label = testRunner.testCase.getPropertyValue("AddressComponents2Label")
def addressComponents2Value = testRunner.testCase.getPropertyValue("AddressComponents2Value")
def addressComponents3Id = testRunner.testCase.getPropertyValue("AddressComponents3Id")
def addressComponents3Label = testRunner.testCase.getPropertyValue("AddressComponents3Label")
def addressComponents3Value = testRunner.testCase.getPropertyValue("AddressComponents3Value")
def regionId = testRunner.testCase.getPropertyValue("AnaRegionId")
def regionName = testRunner.testCase.getPropertyValue("AnaRegionName")

/*assert (addressComponents1Id == json.employees.items[0].address.components[0].id)
assert (addressComponents1Label == json.employees.items[0].address.components[0].label)
assert (addressComponents1Value == json.employees.items[0].address.components[0].value)

assert (addressComponents2Id == json.employees.items[0].address.components[1].id)
assert (addressComponents2Label == json.employees.items[0].address.components[1].label)
assert (addressComponents2Value == json.employees.items[0].address.components[1].value)

assert (addressComponents3Id == json.employees.items[0].address.components[2].id)
assert (addressComponents3Label == json.employees.items[0].address.components[2].label)
assert (addressComponents3Value == json.employees.items[0].address.components[2].value)

assert (regionId == json.employees.items[0].address.region.id)
assert (regionName == json.employees.items[0].address.region.name)
*/

// *** SEE FROM HERE!!!!!!!!!!!!!!
def testString = json.employees.items[0].address.components[0].id
assert (addressComponents1Id == testString)
assert (addressComponents1Label == json.employees.items[0].address.components[0].label)
assert (addressComponents1Value == json.employees.items[0].address.components[0].value)

assert (addressComponents2Id == json.employees.items[0].address.components[1].id)
assert (addressComponents2Label == json.employees.items[0].address.components[1].label)
assert (addressComponents2Value == json.employees.items[0].address.components[1].value)

assert (addressComponents3Id == json.employees.items[0].address.components[2].id)
assert (addressComponents3Label == json.employees.items[0].address.components[2].label)
assert (addressComponents3Value == json.employees.items[0].address.components[2].value)

assert (regionId == json.employees.items[0].address.region.id)
assert (regionName == json.employees.items[0].address.region.name)

log.info "Address Included Ok"</script>
        </con:config>
      </con:testStep>
      <con:testStep type="restrequest" name="GetEmployeesByStatusActive" id="918783be-7a0f-4a30-a91b-fe6655ded525">
        <con:settings/>
        <con:config service="Employees" resourcePath="/employees" methodName="Employees" xsi:type="con:RestRequestStep" xmlns:xsi="http://www.w3.org/2001/XMLSchema-instance">
          <con:restRequest name="GetEmployeesByStatusActive" id="70330f33-2653-4756-a366-cdfdf3857ea6" mediaType="application/json">
            <con:settings>
              <con:setting id="com.eviware.soapui.impl.wsdl.WsdlRequest@request-headers">&lt;xml-fragment/></con:setting>
            </con:settings>
            <con:endpoint>${#TestCase#URL}</con:endpoint>
            <con:request/>
            <con:originalUri>https://tg-mobility.cloudhub.io/mobility/v1/employees</con:originalUri>
            <con:assertion type="Valid HTTP Status Codes" id="b669a04e-10c6-4d97-a695-514bd5b9b49f" name="Valid HTTP Status Codes">
              <con:settings/>
              <con:configuration>
                <codes>200</codes>
              </con:configuration>
            </con:assertion>
            <con:credentials>
              <con:selectedAuthProfile>No Authorization</con:selectedAuthProfile>
              <con:authType>No Authorization</con:authType>
            </con:credentials>
            <con:jmsConfig JMSDeliveryMode="PERSISTENT"/>
            <con:parameters>
              <con:entry key="Authorization" value="Bearer ${#TestCase#AccessToken}"/>
              <con:entry key="offset" value="${#TestCase#offset}"/>
              <con:entry key="X-TNGO-TENANT" value="${#TestCase#Tenant}"/>
              <con:entry key="dateTimeUpdated" value=""/>
              <con:entry key="limit" value="${#TestCase#limit}"/>
              <con:entry key="includeAddress" value="true"/>
              <con:entry key="client_secret" value="${#TestCase#clientSecret}"/>
              <con:entry key="client_id" value="${#TestCase#clientId}"/>
              <con:entry key="status" value="ACTIVE"/>
            </con:parameters>
            <con:parameterOrder>
              <con:entry>X-TNGO-TENANT</con:entry>
              <con:entry>Authorization</con:entry>
              <con:entry>client_id</con:entry>
              <con:entry>client_secret</con:entry>
              <con:entry>limit</con:entry>
              <con:entry>offset</con:entry>
              <con:entry>includeAddress</con:entry>
              <con:entry>status</con:entry>
              <con:entry>companyEmployeeId</con:entry>
              <con:entry>department</con:entry>
              <con:entry>firstName</con:entry>
              <con:entry>lastName</con:entry>
              <con:entry>dateTimeUpdated</con:entry>
            </con:parameterOrder>
          </con:restRequest>
        </con:config>
      </con:testStep>
      <con:testStep type="groovy" name="VerifyEmployeesByStatus" id="5f50caeb-f8fa-42e6-a16e-eff05cdda6a8">
        <con:settings/>
        <con:config>
          <script>import groovy.json.JsonSlurper 

def groovyUtils = new com.eviware.soapui.support.GroovyUtils(context); 
def testCase = context.testCase; 
def testStep = testCase.getTestStepByName("GetEmployeesByStatusActive") 

//  need for external call.
testRunner = new com.eviware.soapui.impl.wsdl.testcase.WsdlTestCaseRunner(testCase, null); 
testStepContext = new com.eviware.soapui.impl.wsdl.testcase.WsdlTestRunContext(testStep); 

// get response of last test step run.
def response = testStep.testRequest.messageExchange.response.responseContent
def slurper = new JsonSlurper()
def json = slurper.parseText response


def status = "ACTIVE"
def listStatuses = json.employees.items.status


for (s in listStatuses){
	//log.info s
	assert (status.equals(s))
}

log.info "Status ACTIVE Ok"</script>
        </con:config>
      </con:testStep>
      <con:testStep type="restrequest" name="GetEmployeesByStatusInactive" id="111f1a03-5581-42d4-ade4-714771467cb6">
        <con:settings/>
        <con:config service="Employees" resourcePath="/employees" methodName="Employees" xsi:type="con:RestRequestStep" xmlns:xsi="http://www.w3.org/2001/XMLSchema-instance">
          <con:restRequest name="GetEmployeesByStatusInactive" id="70330f33-2653-4756-a366-cdfdf3857ea6" mediaType="application/json">
            <con:settings>
              <con:setting id="com.eviware.soapui.impl.wsdl.WsdlRequest@request-headers">&lt;xml-fragment/></con:setting>
            </con:settings>
            <con:endpoint>${#TestCase#URL}</con:endpoint>
            <con:request/>
            <con:originalUri>https://tg-mobility.cloudhub.io/mobility/v1/employees</con:originalUri>
            <con:assertion type="Valid HTTP Status Codes" id="b669a04e-10c6-4d97-a695-514bd5b9b49f" name="Valid HTTP Status Codes">
              <con:settings/>
              <con:configuration>
                <codes>200</codes>
              </con:configuration>
            </con:assertion>
            <con:credentials>
              <con:selectedAuthProfile>No Authorization</con:selectedAuthProfile>
              <con:authType>No Authorization</con:authType>
            </con:credentials>
            <con:jmsConfig JMSDeliveryMode="PERSISTENT"/>
            <con:parameters>
              <con:entry key="Authorization" value="Bearer ${#TestCase#AccessToken}"/>
              <con:entry key="offset" value="${#TestCase#offset}"/>
              <con:entry key="X-TNGO-TENANT" value="${#TestCase#Tenant}"/>
              <con:entry key="dateTimeUpdated" value=""/>
              <con:entry key="limit" value="${#TestCase#limit}"/>
              <con:entry key="includeAddress" value="true"/>
              <con:entry key="client_secret" value="${#TestCase#clientSecret}"/>
              <con:entry key="client_id" value="${#TestCase#clientId}"/>
              <con:entry key="status" value="INACTIVE"/>
            </con:parameters>
            <con:parameterOrder>
              <con:entry>X-TNGO-TENANT</con:entry>
              <con:entry>Authorization</con:entry>
              <con:entry>client_id</con:entry>
              <con:entry>client_secret</con:entry>
              <con:entry>limit</con:entry>
              <con:entry>offset</con:entry>
              <con:entry>includeAddress</con:entry>
              <con:entry>status</con:entry>
              <con:entry>companyEmployeeId</con:entry>
              <con:entry>department</con:entry>
              <con:entry>firstName</con:entry>
              <con:entry>lastName</con:entry>
              <con:entry>dateTimeUpdated</con:entry>
            </con:parameterOrder>
          </con:restRequest>
        </con:config>
      </con:testStep>
      <con:testStep type="groovy" name="VerifyEmployeesByStatusInactive" id="1a92937e-850a-4c66-9425-438e471b55f3">
        <con:settings/>
        <con:config>
          <script>import groovy.json.JsonSlurper 

def groovyUtils = new com.eviware.soapui.support.GroovyUtils(context); 
def testCase = context.testCase; 
def testStep = testCase.getTestStepByName("GetEmployeesByStatusInactive") 

//  need for external call.
testRunner = new com.eviware.soapui.impl.wsdl.testcase.WsdlTestCaseRunner(testCase, null); 
testStepContext = new com.eviware.soapui.impl.wsdl.testcase.WsdlTestRunContext(testStep); 

// get response of last test step run.
def response = testStep.testRequest.messageExchange.response.responseContent
def slurper = new JsonSlurper()
def json = slurper.parseText response


def status = "INACTIVE"
def listStatuses = json.employees.items.status


for (s in listStatuses){
	//log.info s
	assert (status.equals(s))
}

log.info "Status INACTIVE Ok"</script>
        </con:config>
      </con:testStep>
      <con:testStep type="restrequest" name="GetEmployeesByDateTimeUpdated" id="0d0c3940-8006-47b9-b084-716ca4d2884d">
        <con:settings/>
        <con:config service="Employees" resourcePath="/employees" methodName="Employees" xsi:type="con:RestRequestStep" xmlns:xsi="http://www.w3.org/2001/XMLSchema-instance">
          <con:restRequest name="GetEmployeesByDateTimeUpdated" id="70330f33-2653-4756-a366-cdfdf3857ea6" mediaType="application/json">
            <con:settings>
              <con:setting id="com.eviware.soapui.impl.wsdl.WsdlRequest@request-headers">&lt;xml-fragment/></con:setting>
            </con:settings>
            <con:endpoint>${#TestCase#URL}</con:endpoint>
            <con:request/>
            <con:originalUri>https://tg-mobility.cloudhub.io/mobility/v1/employees</con:originalUri>
            <con:assertion type="Valid HTTP Status Codes" id="b669a04e-10c6-4d97-a695-514bd5b9b49f" name="Valid HTTP Status Codes">
              <con:settings/>
              <con:configuration>
                <codes>200</codes>
              </con:configuration>
            </con:assertion>
            <con:credentials>
              <con:selectedAuthProfile>No Authorization</con:selectedAuthProfile>
              <con:authType>No Authorization</con:authType>
            </con:credentials>
            <con:jmsConfig JMSDeliveryMode="PERSISTENT"/>
            <con:parameters>
              <con:entry key="Authorization" value="Bearer ${#TestCase#AccessToken}"/>
              <con:entry key="offset" value="${#TestCase#offset}"/>
              <con:entry key="X-TNGO-TENANT" value="${#TestCase#Tenant}"/>
              <con:entry key="dateTimeUpdated" value="${#TestCase#dateTimeUpdated}"/>
              <con:entry key="limit" value="${#TestCase#limit}"/>
              <con:entry key="includeAddress" value="true"/>
              <con:entry key="client_secret" value="${#TestCase#clientSecret}"/>
              <con:entry key="client_id" value="${#TestCase#clientId}"/>
            </con:parameters>
            <con:parameterOrder>
              <con:entry>X-TNGO-TENANT</con:entry>
              <con:entry>Authorization</con:entry>
              <con:entry>client_id</con:entry>
              <con:entry>client_secret</con:entry>
              <con:entry>limit</con:entry>
              <con:entry>offset</con:entry>
              <con:entry>includeAddress</con:entry>
              <con:entry>status</con:entry>
              <con:entry>companyEmployeeId</con:entry>
              <con:entry>department</con:entry>
              <con:entry>firstName</con:entry>
              <con:entry>lastName</con:entry>
              <con:entry>dateTimeUpdated</con:entry>
            </con:parameterOrder>
          </con:restRequest>
        </con:config>
      </con:testStep>
      <con:testStep type="groovy" name="VerifyEmployeesByDateTimeUpdated" id="322c696a-d30c-40ea-b298-c690a9c1a950">
        <con:settings/>
        <con:config>
          <script>///////////////////////////////////////////////////////////////////////////
// This test step covers SFE 13512
///////////////////////////////////////////////////////////////////////////

import groovy.json.JsonSlurper 
import java.text.DateFormat
import java.text.SimpleDateFormat
import java.util.Date

def groovyUtils = new com.eviware.soapui.support.GroovyUtils(context); 
def testCase = context.testCase; 
def testStep = testCase.getTestStepByName("GetEmployeesByDateTimeUpdated") 

//  need for external call.
testRunner = new com.eviware.soapui.impl.wsdl.testcase.WsdlTestCaseRunner(testCase, null); 
testStepContext = new com.eviware.soapui.impl.wsdl.testcase.WsdlTestRunContext(testStep); 

// get response of last test step run.
def response = testStep.testRequest.messageExchange.response.responseContent
def slurper = new JsonSlurper()
def json = slurper.parseText response


def dateTimeUpdated = testRunner.testCase.getPropertyValue("dateTimeUpdated")
def listDates = json.employees.items.updated

SimpleDateFormat sdf = new SimpleDateFormat("yyyy-MM-dd'T'HH:mm:ss'Z'")
Date dateCompare = sdf.parse(dateTimeUpdated)
Date dateJson

//log.info dateCompare

for (d in listDates){

	//log.info d
	dateJson = sdf.parse(d)
		
	try{
		assert (dateCompare.equals(dateJson) || dateCompare.before(dateJson))	
		log.info " DateTimeUpdated Ok  " //+ "dateCompare: " + dateCompare + ",  dateJson: " + dateJson
	}catch (AssertionError error){
		log.info " DateTimeUpdated " + dateJson + " is not equal or greater than filter DateTimeUpdated = " + dateCompare
	}

}</script>
        </con:config>
      </con:testStep>
      <con:properties>
        <con:property>
          <con:name>Tenant</con:name>
          <con:value>XX1</con:value>
        </con:property>
        <con:property>
          <con:name>limit</con:name>
          <con:value>30</con:value>
        </con:property>
        <con:property>
          <con:name>offset</con:name>
          <con:value>0</con:value>
        </con:property>
        <con:property>
          <con:name>companyEmployeeId</con:name>
          <con:value>ana.pace.xx1</con:value>
        </con:property>
        <con:property>
          <con:name>AccessToken</con:name>
          <con:value>VT9INsdNlCrZSc6cInKdHQrEPJDt</con:value>
        </con:property>
        <con:property>
          <con:name>RefreshToken</con:name>
          <con:value>1g7Mll5qNK7H72IuPqlQMBnoQqwUMUxfECmP7aEb56</con:value>
        </con:property>
        <con:property>
          <con:name>DeviceId</con:name>
          <con:value>36819056</con:value>
        </con:property>
        <con:property>
          <con:name>ServiceId</con:name>
          <con:value>40061836</con:value>
        </con:property>
        <con:property>
          <con:name>EmployeeId</con:name>
          <con:value>28691388</con:value>
        </con:property>
        <con:property>
          <con:name>DepartmentId</con:name>
          <con:value>11569020385</con:value>
        </con:property>
        <con:property>
          <con:name>LogoUrl</con:name>
          <con:value>https://qa1cmd.tangoe.com/</con:value>
        </con:property>
        <con:property>
          <con:name>client_id</con:name>
          <con:value>3c276cecdc674aabb5456f54b605bbbf</con:value>
        </con:property>
        <con:property>
          <con:name>client_secret</con:name>
          <con:value>c513c4a67492405d95CE4DB4B40B73FF</con:value>
        </con:property>
        <con:property>
          <con:name>URL</con:name>
          <con:value>https://tngo-qa-mobproc.cloudhub.io/mobproc/v1.qa</con:value>
        </con:property>
        <con:property>
          <con:name>FirstName</con:name>
          <con:value>AnaLaura</con:value>
        </con:property>
        <con:property>
          <con:name>LastName</con:name>
          <con:value>Pace</con:value>
        </con:property>
        <con:property>
          <con:name>DepartmentName</con:name>
          <con:value>Development</con:value>
        </con:property>
        <con:property>
          <con:name>OfficePhone</con:name>
          <con:value>5551234567</con:value>
        </con:property>
        <con:property>
          <con:name>Email</con:name>
          <con:value>analaura.pace@test.com</con:value>
        </con:property>
        <con:property>
          <con:name>ServiceNumber</con:name>
          <con:value>5551114444</con:value>
        </con:property>
        <con:property>
          <con:name>DeviceId2</con:name>
          <con:value>36819035</con:value>
        </con:property>
        <con:property>
          <con:name>ServiceId2</con:name>
          <con:value>40057595</con:value>
        </con:property>
        <con:property>
          <con:name>ServiceNumber2</con:name>
          <con:value>5551110000</con:value>
        </con:property>
        <con:property>
          <con:name>DeviceId3</con:name>
          <con:value>36819055</con:value>
        </con:property>
        <con:property>
          <con:name>ServiceId3</con:name>
          <con:value>40061835</con:value>
        </con:property>
        <con:property>
          <con:name>ServiceNumber3</con:name>
          <con:value>5551115555</con:value>
        </con:property>
        <con:property>
          <con:name>DeviceId4</con:name>
          <con:value>36819135</con:value>
        </con:property>
        <con:property>
          <con:name>ServiceId4</con:name>
          <con:value>40094054</con:value>
        </con:property>
        <con:property>
          <con:name>ServiceNumber4</con:name>
          <con:value>5556667788</con:value>
        </con:property>
        <con:property>
          <con:name>AddressComponents1Id</con:name>
          <con:value>LINE_1</con:value>
        </con:property>
        <con:property>
          <con:name>AddressComponents1Label</con:name>
          <con:value>Line 1</con:value>
        </con:property>
        <con:property>
          <con:name>AddressComponents1Value</con:name>
          <con:value>123 Main</con:value>
        </con:property>
        <con:property>
          <con:name>AddressComponents2Id</con:name>
          <con:value>CITY</con:value>
        </con:property>
        <con:property>
          <con:name>AddressComponents2Label</con:name>
          <con:value>City</con:value>
        </con:property>
        <con:property>
          <con:name>AddressComponents2Value</con:name>
          <con:value>Mendoza</con:value>
        </con:property>
        <con:property>
          <con:name>AddressComponents3Id</con:name>
          <con:value>POSTAL_CODE</con:value>
        </con:property>
        <con:property>
          <con:name>AddressComponents3Label</con:name>
          <con:value>Postal Code</con:value>
        </con:property>
        <con:property>
          <con:name>AddressComponents3Value</con:name>
          <con:value>88987</con:value>
        </con:property>
        <con:property>
          <con:name>AnaRegionId</con:name>
          <con:value>70143764</con:value>
        </con:property>
        <con:property>
          <con:name>AnaRegionName</con:name>
          <con:value>Argentina</con:value>
        </con:property>
        <con:property>
          <con:name>DeviceId5</con:name>
          <con:value>35972142</con:value>
        </con:property>
        <con:property>
          <con:name>ServiceId5</con:name>
          <con:value>39039374</con:value>
        </con:property>
        <con:property>
          <con:name>ServiceNumber5</con:name>
          <con:value>7007007000</con:value>
        </con:property>
        <con:property>
          <con:name>DeviceId6</con:name>
          <con:value>35972282</con:value>
        </con:property>
        <con:property>
          <con:name>ServiceId6</con:name>
          <con:value>39039375</con:value>
        </con:property>
        <con:property>
          <con:name>ServiceNumber6</con:name>
          <con:value>7774567777</con:value>
        </con:property>
        <con:property>
          <con:name>dateTimeUpdated</con:name>
          <con:value>2017-08-13T12:51:41Z</con:value>
        </con:property>
        <con:property>
          <con:name>clientID</con:name>
          <con:value>676ff94144f4400e9227c89937c1ade4</con:value>
        </con:property>
        <con:property>
          <con:name>clientSecret</con:name>
          <con:value>71f90d2437ee4a41A992931F17AC9AEC</con:value>
        </con:property>
      </con:properties>
      <con:reportParameters/>
      <con:breakPoints>
        <con:testStepId>51be4806-ed86-4a03-a96b-ff7806cbdf2f</con:testStepId>
        <con:status>NONE</con:status>
        <con:properties/>
      </con:breakPoints>
    </con:testCase>
    <con:properties/>
    <con:reportParameters/>
  </con:testSuite>
  <con:requirements/>
  <con:properties/>
  <con:wssContainer/>
  <con:databaseConnectionContainer/>
  <con:jmsConnectionContainer/>
  <con:oAuth2ProfileContainer/>
  <con:oAuth1ProfileContainer/>
  <con:reporting>
    <con:reportTemplates/>
    <con:xmlTemplates/>
    <con:xmlTemplates/>
    <con:parameters/>
    <con:parameters/>
  </con:reporting>
  <con:reporting/>
  <con:authRepository/>
  <con:tags/>
</con:soapui-project>
