<?xml version="1.0" encoding="UTF-8"?>
<con:soapui-project id="d3fe6d02-4d2e-48e7-b848-021d1bca3525" activeEnvironment="Default environment" name="API_CatalogDevicesFiltering" lastOpened="2017-08-04T16:53:13.663-03:00" soapui-version="6.0.0" resourceRoot="" updated="2.3.0 2018-03-06T16:28:42Z" encryptionMode="Not encrypted" xmlns:con="http://eviware.com/soapui/config">
  <con:settings/>
  <con:interface xsi:type="con:RestService" id="8566f9dd-4f14-4ced-b801-b8b2fd7f8061" wadlVersion="http://wadl.dev.java.net/2009/02" name="/catalog/devices" type="rest" xmlns:xsi="http://www.w3.org/2001/XMLSchema-instance">
    <con:settings/>
    <con:definitionCache type="TEXT" rootPart=""/>
    <con:endpoints>
      <con:endpoint>https://tg-mobility.cloudhub.io</con:endpoint>
    </con:endpoints>
    <con:resource name="Devices" path="/catalog/devices" id="b559826d-b129-4cca-8659-ee950612d954">
      <con:settings/>
      <con:parameters>
        <con:parameter>
          <con:name>X-TNGO-TENANT</con:name>
          <con:value/>
          <con:style>HEADER</con:style>
          <con:default/>
          <con:description xsi:nil="true"/>
        </con:parameter>
        <con:parameter>
          <con:name>Authorization</con:name>
          <con:value/>
          <con:style>HEADER</con:style>
          <con:default/>
          <con:description xsi:nil="true"/>
        </con:parameter>
        <con:parameter>
          <con:name>vendor</con:name>
          <con:style>QUERY</con:style>
        </con:parameter>
        <con:parameter>
          <con:name>transactionType</con:name>
          <con:style>QUERY</con:style>
        </con:parameter>
        <con:parameter>
          <con:name>region</con:name>
          <con:style>QUERY</con:style>
        </con:parameter>
        <con:parameter>
          <con:name>offset</con:name>
          <con:style>QUERY</con:style>
        </con:parameter>
        <con:parameter>
          <con:name>limit</con:name>
          <con:style>QUERY</con:style>
        </con:parameter>
        <con:parameter>
          <con:name>client_id</con:name>
          <con:value/>
          <con:style>HEADER</con:style>
          <con:default/>
          <con:description xsi:nil="true"/>
        </con:parameter>
        <con:parameter>
          <con:name>client_secret</con:name>
          <con:value/>
          <con:style>HEADER</con:style>
          <con:default/>
          <con:description xsi:nil="true"/>
        </con:parameter>
        <con:parameter>
          <con:name>compatibleWithPlan</con:name>
          <con:value/>
          <con:style>QUERY</con:style>
          <con:default/>
          <con:description xsi:nil="true"/>
        </con:parameter>
        <con:parameter>
          <con:name>manufacturer</con:name>
          <con:value/>
          <con:style>QUERY</con:style>
          <con:default/>
          <con:description xsi:nil="true"/>
        </con:parameter>
        <con:parameter>
          <con:name>postalCode</con:name>
          <con:value/>
          <con:style>QUERY</con:style>
          <con:default/>
          <con:description xsi:nil="true"/>
        </con:parameter>
        <con:parameter>
          <con:name>service</con:name>
          <con:value/>
          <con:style>QUERY</con:style>
          <con:default/>
          <con:description xsi:nil="true"/>
        </con:parameter>
      </con:parameters>
      <con:method name="Devices" id="9006b40c-095a-404c-b1ab-793ee44e6f85" method="GET">
        <con:settings/>
        <con:parameters/>
        <con:representation type="RESPONSE">
          <con:mediaType>application/json;charset=UTF-8</con:mediaType>
          <con:status>200</con:status>
          <con:params/>
          <con:element xmlns:dev="https://tg-mobility.cloudhub.io/mobility/v1/catalog/devices">dev:Response</con:element>
        </con:representation>
        <con:representation type="FAULT">
          <con:mediaType xsi:nil="true"/>
          <con:status>404</con:status>
          <con:params/>
          <con:element>data</con:element>
        </con:representation>
        <con:representation type="FAULT">
          <con:mediaType xsi:nil="true"/>
          <con:status>404</con:status>
          <con:params/>
          <con:element>data</con:element>
        </con:representation>
        <con:representation type="FAULT">
          <con:mediaType xsi:nil="true"/>
          <con:status>404</con:status>
          <con:params/>
          <con:element>data</con:element>
        </con:representation>
        <con:representation type="FAULT">
          <con:mediaType>application/json</con:mediaType>
          <con:status>403 400</con:status>
          <con:params/>
        </con:representation>
        <con:request name="Request 1" id="dc6a4a79-ec42-4804-ae75-735b52b08f5a" mediaType="application/json">
          <con:settings>
            <con:setting id="com.eviware.soapui.impl.wsdl.WsdlRequest@request-headers">&lt;xml-fragment/></con:setting>
          </con:settings>
          <con:endpoint>None</con:endpoint>
          <con:request/>
          <con:credentials>
            <con:selectedAuthProfile>No Authorization</con:selectedAuthProfile>
            <con:authType>No Authorization</con:authType>
          </con:credentials>
          <con:jmsConfig JMSDeliveryMode="PERSISTENT"/>
          <con:parameters/>
          <con:parameterOrder>
            <con:entry>X-TNGO-TENANT</con:entry>
            <con:entry>Authorization</con:entry>
            <con:entry>client_id</con:entry>
            <con:entry>client_secret</con:entry>
            <con:entry>transactionType</con:entry>
            <con:entry>offset</con:entry>
            <con:entry>limit</con:entry>
            <con:entry>region</con:entry>
            <con:entry>vendor</con:entry>
            <con:entry>compatibleWithPlan</con:entry>
            <con:entry>manufacturer</con:entry>
            <con:entry>postalCode</con:entry>
            <con:entry>service</con:entry>
          </con:parameterOrder>
        </con:request>
      </con:method>
    </con:resource>
  </con:interface>
  <con:interface xsi:type="con:RestService" id="92df835d-2c45-41be-b182-bb16fb4bd145" wadlVersion="http://wadl.dev.java.net/2009/02" name="/catalog/plans" type="rest" xmlns:xsi="http://www.w3.org/2001/XMLSchema-instance">
    <con:settings/>
    <con:definitionCache type="TEXT" rootPart=""/>
    <con:endpoints>
      <con:endpoint>https://tngo-qa-mobproc-cmd.cloudhub.io</con:endpoint>
    </con:endpoints>
    <con:resource name="Plans" path="/catalog/plans" id="d855375b-d8e0-4c2a-ac11-a1e48fb063d5">
      <con:settings/>
      <con:parameters>
        <con:parameter>
          <con:name>X-TNGO-TENANT</con:name>
          <con:value/>
          <con:style>HEADER</con:style>
          <con:default/>
          <con:description xsi:nil="true"/>
        </con:parameter>
        <con:parameter>
          <con:name>Authorization</con:name>
          <con:value/>
          <con:style>HEADER</con:style>
          <con:default/>
          <con:description xsi:nil="true"/>
        </con:parameter>
        <con:parameter>
          <con:name>client_id</con:name>
          <con:value/>
          <con:style>HEADER</con:style>
          <con:default/>
          <con:description xsi:nil="true"/>
        </con:parameter>
        <con:parameter>
          <con:name>client_secret</con:name>
          <con:value/>
          <con:style>HEADER</con:style>
          <con:default/>
          <con:description xsi:nil="true"/>
        </con:parameter>
        <con:parameter>
          <con:name>limit</con:name>
          <con:value/>
          <con:style>QUERY</con:style>
          <con:default/>
          <con:description xsi:nil="true"/>
        </con:parameter>
        <con:parameter>
          <con:name>offset</con:name>
          <con:value/>
          <con:style>QUERY</con:style>
          <con:default/>
          <con:description xsi:nil="true"/>
        </con:parameter>
        <con:parameter>
          <con:name>region</con:name>
          <con:value/>
          <con:style>QUERY</con:style>
          <con:default/>
          <con:description xsi:nil="true"/>
        </con:parameter>
      </con:parameters>
      <con:method name="Plans" id="9a00e34e-1453-4cf5-a45e-2d3e6a858914" method="GET">
        <con:settings/>
        <con:parameters>
          <con:parameter>
            <con:name>transactionType</con:name>
            <con:style>QUERY</con:style>
          </con:parameter>
        </con:parameters>
        <con:representation type="FAULT">
          <con:mediaType>application/json</con:mediaType>
          <con:status>400</con:status>
          <con:params/>
          <con:element xmlns:plan="https://tngo-qa-mobproc-cmd.cloudhub.io/mobproc/v1.qa/catalog/plans">plan:Fault</con:element>
        </con:representation>
        <con:representation type="RESPONSE">
          <con:mediaType>application/json;charset=UTF-8</con:mediaType>
          <con:status>200</con:status>
          <con:params/>
          <con:element xmlns:plan="https://tngo-qa-mobproc-cmd.cloudhub.io/mobproc/v1.qa/catalog/plans">plan:Response</con:element>
        </con:representation>
        <con:request name="Request 1" id="9414633f-0c0d-4d93-9a1a-3384070617b1" mediaType="application/json">
          <con:settings>
            <con:setting id="com.eviware.soapui.impl.wsdl.WsdlRequest@request-headers">&lt;xml-fragment/></con:setting>
          </con:settings>
          <con:endpoint>None</con:endpoint>
          <con:request/>
          <con:credentials>
            <con:selectedAuthProfile>No Authorization</con:selectedAuthProfile>
            <con:authType>No Authorization</con:authType>
          </con:credentials>
          <con:jmsConfig JMSDeliveryMode="PERSISTENT"/>
          <con:parameters/>
          <con:parameterOrder>
            <con:entry>X-TNGO-TENANT</con:entry>
            <con:entry>Authorization</con:entry>
            <con:entry>client_id</con:entry>
            <con:entry>client_secret</con:entry>
            <con:entry>transactionType</con:entry>
            <con:entry>limit</con:entry>
            <con:entry>offset</con:entry>
            <con:entry>region</con:entry>
          </con:parameterOrder>
        </con:request>
      </con:method>
    </con:resource>
  </con:interface>
  <con:testSuite id="4462f34a-4970-434b-a320-cac8a8992f5a" name="TS_DevicesFiltering">
    <con:settings/>
    <con:runType>SEQUENTIAL</con:runType>
    <con:testCase id="4abba4fa-3f4f-4813-a49f-56478db4757c" discardOkResults="true" failOnError="true" failTestCaseOnErrors="true" keepSession="false" name="TC_DevicesFiltering" searchProperties="true">
      <con:settings/>
      <con:savedRecentRuns>1</con:savedRecentRuns>
      <con:testStep type="groovy" name="ScriptSetupDevices" id="04e54c93-9f7e-45f4-a22f-84e6f1ecf8f5">
        <con:settings/>
        <con:config>
          <script>// /////////////////////////////////////////////
// This sets up all of the test case properties
// /////////////////////////////////////////////

def groovyUtils = new com.eviware.soapui.support.GroovyUtils( context ); 
def projectPath = groovyUtils.projectPath //gets the path of the project root

// this is sanity check with a simple call. all this does is verify a simple connection 
// to the external clases by logging a message in log window.
soapUIScripts.CommonMethods.StaticMethod(log) 

// setup test case properties stored in 'DudleyDorightDataActions' class.
soapUIScripts.DudleyDorightDataActions.SetupTestCaseProperties(log, testRunner) 

// read in token pair and put in test case properties.
// NOTE: token pair must be in same folder as project
//       token pair must be up to date (not expired)
assert(soapUIScripts.CommonMethods.ReadTokenPair(projectPath + "\\" + "TokenPair.txt", log, testRunner) == true)

// read user Ids and assign to test case properties 
def userIdsFileName = projectPath + "\\" + "DudleyDoright.txt"
assert soapUIScripts.CommonMethods.ReadUserIdsURL(userIdsFileName, log, testRunner) == true

def userIdsFileName2 = projectPath + "\\" + "AnaUserData.txt"
assert soapUIScripts.CommonMethods.ReadUserIds(userIdsFileName2, log, testRunner) == true

context.offset = 0
context.limit = 20

testRunner.testCase.setPropertyValue("offset", context.offset.toString())
testRunner.testCase.setPropertyValue("limit", context.limit.toString())

testRunner.testCase.setPropertyValue("regionId", "70144640")
testRunner.testCase.setPropertyValue("vendorId", "98")

testRunner.testCase.setPropertyValue("transactionType", "NEW_ACTIVATION")
testRunner.testCase.setPropertyValue("manufacturerId", "Apple")
testRunner.testCase.setPropertyValue("postalCode", "02452")</script>
        </con:config>
      </con:testStep>
      <con:testStep type="restrequest" name="GetPlans" id="123df0aa-141e-47c7-838b-db7c6488b16b">
        <con:settings/>
        <con:config service="/catalog/plans" resourcePath="/catalog/plans" methodName="Plans" xsi:type="con:RestRequestStep" xmlns:xsi="http://www.w3.org/2001/XMLSchema-instance">
          <con:restRequest name="GetPlans" id="9414633f-0c0d-4d93-9a1a-3384070617b1" mediaType="application/json">
            <con:settings>
              <con:setting id="com.eviware.soapui.impl.wsdl.WsdlRequest@request-headers">&lt;xml-fragment/></con:setting>
            </con:settings>
            <con:endpoint>${#TestCase#URL}</con:endpoint>
            <con:request/>
            <con:originalUri>https://tngo-qa-mobproc-cmd.cloudhub.io/mobproc/v1.qa/catalog/plans</con:originalUri>
            <con:assertion type="Valid HTTP Status Codes" id="3cf61d1e-1ea3-4423-be2e-ac364800c89d" name="Valid HTTP Status Codes">
              <con:settings/>
              <con:configuration>
                <codes>200</codes>
              </con:configuration>
            </con:assertion>
            <con:credentials>
              <con:selectedAuthProfile>No Authorization</con:selectedAuthProfile>
              <con:authType>No Authorization</con:authType>
            </con:credentials>
            <con:jmsConfig JMSDeliveryMode="PERSISTENT"/>
            <con:parameters>
              <con:entry key="Authorization" value="Bearer ${#TestCase#AccessToken}"/>
              <con:entry key="transactionType" value="${#TestCase#transactionType}"/>
              <con:entry key="offset" value="${#TestCase#offset}"/>
              <con:entry key="X-TNGO-TENANT" value="${#TestCase#Tenant}"/>
              <con:entry key="limit" value="${#TestCase#limit}"/>
              <con:entry key="client_secret" value="${#TestCase#clientSecret}"/>
              <con:entry key="region" value="${#TestCase#regionId}"/>
              <con:entry key="client_id" value="${#TestCase#clientId}"/>
            </con:parameters>
            <con:parameterOrder>
              <con:entry>X-TNGO-TENANT</con:entry>
              <con:entry>Authorization</con:entry>
              <con:entry>client_id</con:entry>
              <con:entry>client_secret</con:entry>
              <con:entry>transactionType</con:entry>
              <con:entry>limit</con:entry>
              <con:entry>offset</con:entry>
              <con:entry>region</con:entry>
            </con:parameterOrder>
          </con:restRequest>
        </con:config>
      </con:testStep>
      <con:testStep type="groovy" name="SetupQueryParameterCompatibleWithPlan" id="029dcbf4-8f25-4bf7-b4f7-a83c5343615a">
        <con:settings/>
        <con:config>
          <script>import groovy.json.JsonSlurper 
import java.util.Random

def groovyUtils = new com.eviware.soapui.support.GroovyUtils( context ); 
def testCase = context.testCase; 
def testStep = testCase.getTestStepByName("GetPlans") 

//  need for external call.
testRunner = new com.eviware.soapui.impl.wsdl.testcase.WsdlTestCaseRunner(testCase, null); 
testStepContext = new com.eviware.soapui.impl.wsdl.testcase.WsdlTestRunContext(testStep); 

// get response of last test step run.
def response = testStep.testRequest.messageExchange.response.responseContent
def slurper = new JsonSlurper()
def json = slurper.parseText response


int amount = json.plans._meta.totalCount
int limit = Integer.parseInt(testRunner.testCase.getPropertyValue("limit"))
//log.info "amount: " + amount

// Gets a random index to get a Plan's id for next test step
Random random = new Random()

// If the total amount of Plans is greater than the limit specified on the request, assign the limit's value to the "amount" variable
if (amount > limit){
	amount = limit
}
int max = amount - 1
int index = random.nextInt(max)

//log.info "index: " + index

def compatiblePlanId = json.plans.items[index].id
log.info "compatiblePlanId: " + compatiblePlanId

testRunner.testCase.setPropertyValue("compatiblePlanId", compatiblePlanId)</script>
        </con:config>
      </con:testStep>
      <con:testStep type="restrequest" name="GetDevicesByCompatibleWithPlan" id="58aad4f0-1605-4ad7-9ff1-590e0bff787e">
        <con:settings/>
        <con:config service="/catalog/devices" methodName="Devices" resourcePath="/catalog/devices" xsi:type="con:RestRequestStep" xmlns:xsi="http://www.w3.org/2001/XMLSchema-instance">
          <con:restRequest name="GetDevicesByCompatibleWithPlan" id="c888430b-a749-439e-b5ff-70c09d871062" mediaType="application/json">
            <con:settings>
              <con:setting id="com.eviware.soapui.impl.wsdl.WsdlRequest@request-headers">&lt;xml-fragment/></con:setting>
            </con:settings>
            <con:encoding>UTF-8</con:encoding>
            <con:endpoint>${#TestCase#URL}</con:endpoint>
            <con:request/>
            <con:originalUri>https://tg-mobility.cloudhub.io/mobility/v1/catalog/devices</con:originalUri>
            <con:assertion type="Valid HTTP Status Codes" id="542612c5-4bb8-46c4-93de-b3d4c8cac190" name="Valid HTTP Status Codes">
              <con:settings/>
              <con:configuration>
                <codes>200</codes>
              </con:configuration>
            </con:assertion>
            <con:credentials>
              <con:selectedAuthProfile>No Authorization</con:selectedAuthProfile>
              <con:authType>No Authorization</con:authType>
            </con:credentials>
            <con:jmsConfig JMSDeliveryMode="PERSISTENT"/>
            <con:parameters>
              <con:entry key="Authorization" value="Bearer ${#TestCase#AccessToken}"/>
              <con:entry key="transactionType" value="${#TestCase#transactionType}"/>
              <con:entry key="offset" value="${#TestCase#offset}"/>
              <con:entry key="service" value=""/>
              <con:entry key="X-TNGO-TENANT" value="${#TestCase#Tenant}"/>
              <con:entry key="postalCode" value=""/>
              <con:entry key="limit" value="${#TestCase#limit}"/>
              <con:entry key="client_secret" value="${#TestCase#clientSecret}"/>
              <con:entry key="region" value="${#TestCase#regionId}"/>
              <con:entry key="compatibleWithPlan" value="${#TestCase#compatiblePlanId}"/>
              <con:entry key="client_id" value="${#TestCase#clientId}"/>
              <con:entry key="manufacturer" value=""/>
            </con:parameters>
            <con:parameterOrder>
              <con:entry>X-TNGO-TENANT</con:entry>
              <con:entry>Authorization</con:entry>
              <con:entry>client_id</con:entry>
              <con:entry>client_secret</con:entry>
              <con:entry>transactionType</con:entry>
              <con:entry>region</con:entry>
              <con:entry>offset</con:entry>
              <con:entry>limit</con:entry>
              <con:entry>compatibleWithPlan</con:entry>
              <con:entry>manufacturer</con:entry>
              <con:entry>postalCode</con:entry>
              <con:entry>service</con:entry>
              <con:entry>vendor</con:entry>
            </con:parameterOrder>
          </con:restRequest>
        </con:config>
      </con:testStep>
      <con:testStep type="groovy" name="VerifyDevicesByCompatibleWithPlan" id="a349f34a-0ddf-4130-aa1f-d05cb757a688">
        <con:settings/>
        <con:config>
          <script>import groovy.json.JsonSlurper 

def groovyUtils = new com.eviware.soapui.support.GroovyUtils( context ); 
def testCase = context.testCase; 
def testStep = testCase.getTestStepByName("GetDevicesByCompatibleWithPlan") 

//  need for external call.
testRunner = new com.eviware.soapui.impl.wsdl.testcase.WsdlTestCaseRunner(testCase, null); 
testStepContext = new com.eviware.soapui.impl.wsdl.testcase.WsdlTestRunContext(testStep); 

// get response of last test step run.
def response = testStep.testRequest.messageExchange.response.responseContent
def slurper = new JsonSlurper()
def json = slurper.parseText response


def compatiblePlanId = testRunner.testCase.getPropertyValue("compatiblePlanId")
def metaHref = json.devices._meta.href

assert (metaHref.contains(compatiblePlanId))


log.info "Compatible Plan Id Ok"</script>
        </con:config>
      </con:testStep>
      <con:testStep type="restrequest" name="GetDevicesByManufacturer" id="6f6e46cd-d02e-44db-aa57-80a97d3bad33">
        <con:settings/>
        <con:config service="/catalog/devices" methodName="Devices" resourcePath="/catalog/devices" xsi:type="con:RestRequestStep" xmlns:xsi="http://www.w3.org/2001/XMLSchema-instance">
          <con:restRequest name="GetDevicesByManufacturer" id="c888430b-a749-439e-b5ff-70c09d871062" mediaType="application/json">
            <con:settings>
              <con:setting id="com.eviware.soapui.impl.wsdl.WsdlRequest@request-headers">&lt;xml-fragment/></con:setting>
            </con:settings>
            <con:encoding>UTF-8</con:encoding>
            <con:endpoint>${#TestCase#URL}</con:endpoint>
            <con:request/>
            <con:originalUri>https://tg-mobility.cloudhub.io/mobility/v1/catalog/devices</con:originalUri>
            <con:assertion type="Valid HTTP Status Codes" id="542612c5-4bb8-46c4-93de-b3d4c8cac190" name="Valid HTTP Status Codes">
              <con:settings/>
              <con:configuration>
                <codes>200</codes>
              </con:configuration>
            </con:assertion>
            <con:credentials>
              <con:selectedAuthProfile>No Authorization</con:selectedAuthProfile>
              <con:authType>No Authorization</con:authType>
            </con:credentials>
            <con:jmsConfig JMSDeliveryMode="PERSISTENT"/>
            <con:parameters>
              <con:entry key="Authorization" value="Bearer ${#TestCase#AccessToken}"/>
              <con:entry key="transactionType" value="${#TestCase#transactionType}"/>
              <con:entry key="offset" value="${#TestCase#offset}"/>
              <con:entry key="service" value=""/>
              <con:entry key="X-TNGO-TENANT" value="${#TestCase#Tenant}"/>
              <con:entry key="postalCode" value=""/>
              <con:entry key="limit" value="${#TestCase#limit}"/>
              <con:entry key="client_secret" value="${#TestCase#clientSecret}"/>
              <con:entry key="region" value="${#TestCase#regionId}"/>
              <con:entry key="compatibleWithPlan" value=""/>
              <con:entry key="client_id" value="${#TestCase#clientId}"/>
              <con:entry key="manufacturer" value="${#TestCase#manufacturerId}"/>
            </con:parameters>
            <con:parameterOrder>
              <con:entry>X-TNGO-TENANT</con:entry>
              <con:entry>Authorization</con:entry>
              <con:entry>client_id</con:entry>
              <con:entry>client_secret</con:entry>
              <con:entry>transactionType</con:entry>
              <con:entry>region</con:entry>
              <con:entry>offset</con:entry>
              <con:entry>limit</con:entry>
              <con:entry>compatibleWithPlan</con:entry>
              <con:entry>manufacturer</con:entry>
              <con:entry>postalCode</con:entry>
              <con:entry>service</con:entry>
              <con:entry>vendor</con:entry>
            </con:parameterOrder>
          </con:restRequest>
        </con:config>
      </con:testStep>
      <con:testStep type="groovy" name="VerifyDevicesByManufacturer" id="a7797a09-61ec-4dad-a1d8-7de44a29a296">
        <con:settings/>
        <con:config>
          <script>import groovy.json.JsonSlurper 

def groovyUtils = new com.eviware.soapui.support.GroovyUtils( context ); 
def testCase = context.testCase; 
def testStep = testCase.getTestStepByName("GetDevicesByManufacturer") 

//  need for external call.
testRunner = new com.eviware.soapui.impl.wsdl.testcase.WsdlTestCaseRunner(testCase, null); 
testStepContext = new com.eviware.soapui.impl.wsdl.testcase.WsdlTestRunContext(testStep); 

// get response of last test step run.
def response = testStep.testRequest.messageExchange.response.responseContent
def slurper = new JsonSlurper()
def json = slurper.parseText response


def manufacturerId = testRunner.testCase.getPropertyValue("manufacturerId")
def listManufacturers = json.devices.items.manufacturer.id


for (mnf in listManufacturers){
	//log.info mnf
	assert (manufacturerId.equals(mnf))
}

log.info "Manufacturer Id Ok"</script>
        </con:config>
      </con:testStep>
      <con:testStep type="restrequest" name="GetDevicesByService" id="914570a8-f8de-4b60-a986-0da385fd534c">
        <con:settings/>
        <con:config service="/catalog/devices" methodName="Devices" resourcePath="/catalog/devices" xsi:type="con:RestRequestStep" xmlns:xsi="http://www.w3.org/2001/XMLSchema-instance">
          <con:restRequest name="GetDevicesByService" id="c888430b-a749-439e-b5ff-70c09d871062" mediaType="application/json">
            <con:settings>
              <con:setting id="com.eviware.soapui.impl.wsdl.WsdlRequest@request-headers">&lt;xml-fragment/></con:setting>
            </con:settings>
            <con:encoding>UTF-8</con:encoding>
            <con:endpoint>${#TestCase#URL}</con:endpoint>
            <con:request/>
            <con:originalUri>https://tg-mobility.cloudhub.io/mobility/v1/catalog/devices</con:originalUri>
            <con:assertion type="Valid HTTP Status Codes" id="542612c5-4bb8-46c4-93de-b3d4c8cac190" name="Valid HTTP Status Codes">
              <con:settings/>
              <con:configuration>
                <codes>200</codes>
              </con:configuration>
            </con:assertion>
            <con:credentials>
              <con:selectedAuthProfile>No Authorization</con:selectedAuthProfile>
              <con:authType>No Authorization</con:authType>
            </con:credentials>
            <con:jmsConfig JMSDeliveryMode="PERSISTENT"/>
            <con:parameters>
              <con:entry key="Authorization" value="Bearer ${#TestCase#AccessToken}"/>
              <con:entry key="transactionType" value="${#TestCase#transactionType}"/>
              <con:entry key="offset" value="${#TestCase#offset}"/>
              <con:entry key="service" value="${#TestCase#ServiceId}"/>
              <con:entry key="X-TNGO-TENANT" value="${#TestCase#Tenant}"/>
              <con:entry key="postalCode" value=""/>
              <con:entry key="limit" value="${#TestCase#limit}"/>
              <con:entry key="client_secret" value="${#TestCase#clientSecret}"/>
              <con:entry key="region" value="${#TestCase#regionId}"/>
              <con:entry key="compatibleWithPlan" value=""/>
              <con:entry key="client_id" value="${#TestCase#clientId}"/>
              <con:entry key="manufacturer" value=""/>
            </con:parameters>
            <con:parameterOrder>
              <con:entry>X-TNGO-TENANT</con:entry>
              <con:entry>Authorization</con:entry>
              <con:entry>client_id</con:entry>
              <con:entry>client_secret</con:entry>
              <con:entry>transactionType</con:entry>
              <con:entry>region</con:entry>
              <con:entry>offset</con:entry>
              <con:entry>limit</con:entry>
              <con:entry>compatibleWithPlan</con:entry>
              <con:entry>manufacturer</con:entry>
              <con:entry>postalCode</con:entry>
              <con:entry>service</con:entry>
              <con:entry>vendor</con:entry>
            </con:parameterOrder>
          </con:restRequest>
        </con:config>
      </con:testStep>
      <con:testStep type="groovy" name="VerifyDevicesByService" id="504bd8fa-8265-4cf0-b6b0-0bdcd9556a69">
        <con:settings/>
        <con:config>
          <script>import groovy.json.JsonSlurper 

def groovyUtils = new com.eviware.soapui.support.GroovyUtils(context ); 
def testCase = context.testCase; 
def testStep = testCase.getTestStepByName("GetDevicesByService") 

//  need for external call.
testRunner = new com.eviware.soapui.impl.wsdl.testcase.WsdlTestCaseRunner(testCase, null); 
testStepContext = new com.eviware.soapui.impl.wsdl.testcase.WsdlTestRunContext(testStep); 

// get response of last test step run.
def response = testStep.testRequest.messageExchange.response.responseContent
def slurper = new JsonSlurper()
def json = slurper.parseText response


def serviceId = testRunner.testCase.getPropertyValue("ServiceId")
def metaHref = json.devices._meta.href

assert (metaHref.contains(serviceId))

log.info "Service Ok"</script>
        </con:config>
      </con:testStep>
      <con:testStep type="datasource" name="DataSource" id="5ccf1f1f-5deb-4ad6-86c7-3f9b439db4d8">
        <con:settings/>
        <con:config xsi:type="con:DataSourceStep" xmlns:xsi="http://www.w3.org/2001/XMLSchema-instance">
          <con:dataSource type="Grid">
            <con:configuration>
              <check><![CDATA[<xml-fragment><con:entry xmlns:con="http://eviware.com/soapui/config">true</con:entry><con:entry xmlns:con="http://eviware.com/soapui/config">true</con:entry><con:entry xmlns:con="http://eviware.com/soapui/config">true</con:entry><con:entry xmlns:con="http://eviware.com/soapui/config">true</con:entry><con:entry xmlns:con="http://eviware.com/soapui/config">true</con:entry></xml-fragment>]]></check>
              <row>&lt;xml-fragment>&lt;con:entry xmlns:con="http://eviware.com/soapui/config">UPGRADE&lt;/con:entry>&lt;con:entry xmlns:con="http://eviware.com/soapui/config"/>&lt;/xml-fragment></row>
              <row>&lt;xml-fragment>&lt;con:entry xmlns:con="http://eviware.com/soapui/config">PORT_NUMBER&lt;/con:entry>&lt;con:entry xmlns:con="http://eviware.com/soapui/config"/>&lt;/xml-fragment></row>
              <row>&lt;xml-fragment>&lt;con:entry xmlns:con="http://eviware.com/soapui/config">NEW_ACTIVATION&lt;/con:entry>&lt;con:entry xmlns:con="http://eviware.com/soapui/config"/>&lt;/xml-fragment></row>
              <row>&lt;xml-fragment>&lt;con:entry xmlns:con="http://eviware.com/soapui/config">XFER_SERVICE_IN&lt;/con:entry>&lt;con:entry xmlns:con="http://eviware.com/soapui/config"/>&lt;/xml-fragment></row>
              <row>&lt;xml-fragment>&lt;con:entry xmlns:con="http://eviware.com/soapui/config">XFER_SERVICE_IN_AND_PORT&lt;/con:entry>&lt;con:entry xmlns:con="http://eviware.com/soapui/config"/>&lt;/xml-fragment></row>
              <recognizeAsPlainText>true</recognizeAsPlainText>
            </con:configuration>
          </con:dataSource>
          <con:property>transactionType</con:property>
          <con:restartOnRun>true</con:restartOnRun>
        </con:config>
      </con:testStep>
      <con:testStep type="restrequest" name="GetDevicesByTransactionType" id="2ee3eb41-074e-4c7a-88db-d680dc4df8f8">
        <con:settings/>
        <con:config service="/catalog/devices" methodName="Devices" resourcePath="/catalog/devices" xsi:type="con:RestRequestStep" xmlns:xsi="http://www.w3.org/2001/XMLSchema-instance">
          <con:restRequest name="GetDevicesByTransactionType" id="c888430b-a749-439e-b5ff-70c09d871062" mediaType="application/json">
            <con:settings>
              <con:setting id="com.eviware.soapui.impl.wsdl.WsdlRequest@request-headers">&lt;xml-fragment/></con:setting>
            </con:settings>
            <con:encoding>UTF-8</con:encoding>
            <con:endpoint>${#TestCase#URL}</con:endpoint>
            <con:request/>
            <con:originalUri>https://tg-mobility.cloudhub.io/mobility/v1/catalog/devices</con:originalUri>
            <con:assertion type="Valid HTTP Status Codes" id="542612c5-4bb8-46c4-93de-b3d4c8cac190" name="Valid HTTP Status Codes">
              <con:settings/>
              <con:configuration>
                <codes>200</codes>
              </con:configuration>
            </con:assertion>
            <con:credentials>
              <con:selectedAuthProfile>No Authorization</con:selectedAuthProfile>
              <con:authType>No Authorization</con:authType>
            </con:credentials>
            <con:jmsConfig JMSDeliveryMode="PERSISTENT"/>
            <con:parameters>
              <con:entry key="Authorization" value="Bearer ${#TestCase#AccessToken}"/>
              <con:entry key="transactionType" value="${DataSource#transactionType}"/>
              <con:entry key="offset" value="${#TestCase#offset}"/>
              <con:entry key="service" value=""/>
              <con:entry key="X-TNGO-TENANT" value="${#TestCase#Tenant}"/>
              <con:entry key="postalCode" value=""/>
              <con:entry key="limit" value="${#TestCase#limit}"/>
              <con:entry key="client_secret" value="${#TestCase#clientSecret}"/>
              <con:entry key="region" value="${#TestCase#regionId}"/>
              <con:entry key="compatibleWithPlan" value=""/>
              <con:entry key="client_id" value="${#TestCase#clientId}"/>
              <con:entry key="manufacturer" value=""/>
            </con:parameters>
            <con:parameterOrder>
              <con:entry>X-TNGO-TENANT</con:entry>
              <con:entry>Authorization</con:entry>
              <con:entry>client_id</con:entry>
              <con:entry>client_secret</con:entry>
              <con:entry>transactionType</con:entry>
              <con:entry>region</con:entry>
              <con:entry>offset</con:entry>
              <con:entry>limit</con:entry>
              <con:entry>compatibleWithPlan</con:entry>
              <con:entry>manufacturer</con:entry>
              <con:entry>postalCode</con:entry>
              <con:entry>service</con:entry>
              <con:entry>vendor</con:entry>
            </con:parameterOrder>
          </con:restRequest>
        </con:config>
      </con:testStep>
      <con:testStep type="groovy" name="VerifyDevicesByTransactionType" id="78959981-3fcb-40f5-93e9-97ae5af2904a">
        <con:settings/>
        <con:config>
          <script>import groovy.json.JsonSlurper 

def groovyUtils = new com.eviware.soapui.support.GroovyUtils(context); 
def testCase = context.testCase; 
def testStep = testCase.getTestStepByName("GetDevicesByTransactionType")
def dataSource = testCase.getTestStepByName("DataSource")

//  need for external call.
testRunner = new com.eviware.soapui.impl.wsdl.testcase.WsdlTestCaseRunner(testCase, null); 
testStepContext = new com.eviware.soapui.impl.wsdl.testcase.WsdlTestRunContext(testStep); 

// get response of last test step run.
def response = testStep.testRequest.messageExchange.response.responseContent
def slurper = new JsonSlurper()
def json = slurper.parseText response


def transactionType = dataSource.getPropertyValue("transactionType")
def metaHref = json.devices._meta.href

assert (metaHref.contains(transactionType))

log.info transactionType
log.info "Transaction Type Ok"</script>
        </con:config>
      </con:testStep>
      <con:testStep type="datasourceloop" name="DataSource Loop" id="a26e0add-572f-460f-84f1-fa39c7e7e741">
        <con:settings/>
        <con:config>
          <dataSourceStep>DataSource</dataSourceStep>
          <targetStep>GetDevicesByTransactionType</targetStep>
        </con:config>
      </con:testStep>
      <con:testStep type="restrequest" name="GetDevicesByVendorAndRegion" id="9d8d6257-310e-467b-a9bb-1fdd76080f7f">
        <con:settings/>
        <con:config service="/catalog/devices" methodName="Devices" resourcePath="/catalog/devices" xsi:type="con:RestRequestStep" xmlns:xsi="http://www.w3.org/2001/XMLSchema-instance">
          <con:restRequest name="GetDevicesByVendorAndRegion" id="c888430b-a749-439e-b5ff-70c09d871062" mediaType="application/json">
            <con:settings>
              <con:setting id="com.eviware.soapui.impl.wsdl.WsdlRequest@request-headers">&lt;xml-fragment/></con:setting>
            </con:settings>
            <con:encoding>UTF-8</con:encoding>
            <con:endpoint>${#TestCase#URL}</con:endpoint>
            <con:request/>
            <con:originalUri>https://tg-mobility.cloudhub.io/mobility/v1/catalog/devices</con:originalUri>
            <con:assertion type="Valid HTTP Status Codes" id="542612c5-4bb8-46c4-93de-b3d4c8cac190" name="Valid HTTP Status Codes">
              <con:settings/>
              <con:configuration>
                <codes>200</codes>
              </con:configuration>
            </con:assertion>
            <con:credentials>
              <con:selectedAuthProfile>No Authorization</con:selectedAuthProfile>
              <con:authType>No Authorization</con:authType>
            </con:credentials>
            <con:jmsConfig JMSDeliveryMode="PERSISTENT"/>
            <con:parameters>
              <con:entry key="offset" value="${#TestCase#offset}"/>
              <con:entry key="X-TNGO-TENANT" value="${#TestCase#Tenant}"/>
              <con:entry key="postalCode" value=""/>
              <con:entry key="client_id" value="${#TestCase#clientId}"/>
              <con:entry key="manufacturer" value=""/>
              <con:entry key="Authorization" value="Bearer ${#TestCase#AccessToken}"/>
              <con:entry key="transactionType" value="${#TestCase#transactionType}"/>
              <con:entry key="service" value=""/>
              <con:entry key="vendor" value="${#TestCase#vendorId}"/>
              <con:entry key="limit" value="${#TestCase#limit}"/>
              <con:entry key="client_secret" value="${#TestCase#clientSecret}"/>
              <con:entry key="region" value="${#TestCase#regionId}"/>
              <con:entry key="compatibleWithPlan" value=""/>
            </con:parameters>
            <con:parameterOrder>
              <con:entry>X-TNGO-TENANT</con:entry>
              <con:entry>Authorization</con:entry>
              <con:entry>client_id</con:entry>
              <con:entry>client_secret</con:entry>
              <con:entry>transactionType</con:entry>
              <con:entry>region</con:entry>
              <con:entry>offset</con:entry>
              <con:entry>limit</con:entry>
              <con:entry>compatibleWithPlan</con:entry>
              <con:entry>manufacturer</con:entry>
              <con:entry>postalCode</con:entry>
              <con:entry>service</con:entry>
              <con:entry>vendor</con:entry>
            </con:parameterOrder>
          </con:restRequest>
        </con:config>
      </con:testStep>
      <con:testStep type="groovy" name="VerifyDevicesByVendorAndRegion" id="a94b2207-6e1d-4bbf-8aea-50c9c07203d5">
        <con:settings/>
        <con:config>
          <script>import groovy.json.JsonSlurper 

def groovyUtils = new com.eviware.soapui.support.GroovyUtils( context ); 
def testCase = context.testCase; 
def testStep = testCase.getTestStepByName("GetDevicesByVendorAndRegion") 

//  need for external call.
testRunner = new com.eviware.soapui.impl.wsdl.testcase.WsdlTestCaseRunner(testCase, null); 
testStepContext = new com.eviware.soapui.impl.wsdl.testcase.WsdlTestRunContext(testStep); 

// get response of last test step run.
def response = testStep.testRequest.messageExchange.response.responseContent
def slurper = new JsonSlurper()
def json = slurper.parseText response


def vendorId = testRunner.testCase.getPropertyValue("vendorId")
def listVendors = json.devices.items.vendor.id


for (v in listVendors){
	//log.info v
	assert (vendorId.equals(v))
}

log.info "Vendor Id Ok"</script>
        </con:config>
      </con:testStep>
      <con:testStep type="restrequest" name="GetDevicesByPostalCode" id="e040565f-1703-4e59-aacb-2163c244c599">
        <con:settings/>
        <con:config service="/catalog/devices" methodName="Devices" resourcePath="/catalog/devices" xsi:type="con:RestRequestStep" xmlns:xsi="http://www.w3.org/2001/XMLSchema-instance">
          <con:restRequest name="GetDevicesByPostalCode" id="c888430b-a749-439e-b5ff-70c09d871062" mediaType="application/json">
            <con:settings>
              <con:setting id="com.eviware.soapui.impl.wsdl.WsdlRequest@request-headers">&lt;xml-fragment/></con:setting>
            </con:settings>
            <con:encoding>UTF-8</con:encoding>
            <con:endpoint>${#TestCase#URL}</con:endpoint>
            <con:request/>
            <con:originalUri>https://tg-mobility.cloudhub.io/mobility/v1/catalog/devices</con:originalUri>
            <con:assertion type="Valid HTTP Status Codes" id="542612c5-4bb8-46c4-93de-b3d4c8cac190" name="Valid HTTP Status Codes">
              <con:settings/>
              <con:configuration>
                <codes>200</codes>
              </con:configuration>
            </con:assertion>
            <con:credentials>
              <con:selectedAuthProfile>No Authorization</con:selectedAuthProfile>
              <con:authType>No Authorization</con:authType>
            </con:credentials>
            <con:jmsConfig JMSDeliveryMode="PERSISTENT"/>
            <con:parameters>
              <con:entry key="Authorization" value="Bearer ${#TestCase#AccessToken}"/>
              <con:entry key="transactionType" value="${#TestCase#transactionType}"/>
              <con:entry key="offset" value="${#TestCase#offset}"/>
              <con:entry key="service" value=""/>
              <con:entry key="X-TNGO-TENANT" value="${#TestCase#Tenant}"/>
              <con:entry key="postalCode" value="${#TestCase#postalCode}"/>
              <con:entry key="limit" value="${#TestCase#limit}"/>
              <con:entry key="client_secret" value="${#TestCase#clientSecret}"/>
              <con:entry key="region" value="${#TestCase#regionId}"/>
              <con:entry key="compatibleWithPlan" value=""/>
              <con:entry key="client_id" value="${#TestCase#clientId}"/>
              <con:entry key="manufacturer" value=""/>
            </con:parameters>
            <con:parameterOrder>
              <con:entry>X-TNGO-TENANT</con:entry>
              <con:entry>Authorization</con:entry>
              <con:entry>client_id</con:entry>
              <con:entry>client_secret</con:entry>
              <con:entry>transactionType</con:entry>
              <con:entry>region</con:entry>
              <con:entry>offset</con:entry>
              <con:entry>limit</con:entry>
              <con:entry>compatibleWithPlan</con:entry>
              <con:entry>manufacturer</con:entry>
              <con:entry>postalCode</con:entry>
              <con:entry>service</con:entry>
              <con:entry>vendor</con:entry>
            </con:parameterOrder>
          </con:restRequest>
        </con:config>
      </con:testStep>
      <con:testStep type="groovy" name="VerifyDevicesByPostalCode" id="165a6eba-c1bb-47fa-860e-bec79a6c1f12">
        <con:settings/>
        <con:config>
          <script>import groovy.json.JsonSlurper 

def groovyUtils = new com.eviware.soapui.support.GroovyUtils( context ); 
def testCase = context.testCase; 
def testStep = testCase.getTestStepByName("GetDevicesByPostalCode") 

//  need for external call.
testRunner = new com.eviware.soapui.impl.wsdl.testcase.WsdlTestCaseRunner(testCase, null); 
testStepContext = new com.eviware.soapui.impl.wsdl.testcase.WsdlTestRunContext(testStep); 

// get response of last test step run.
def response = testStep.testRequest.messageExchange.response.responseContent
def slurper = new JsonSlurper()
def json = slurper.parseText response


def postalCode = testRunner.testCase.getPropertyValue("postalCode")
def metaHref = json.devices._meta.href

assert (metaHref.contains(postalCode))

log.info "Postal Code Ok"</script>
        </con:config>
      </con:testStep>
      <con:properties>
        <con:property>
          <con:name>Tenant</con:name>
          <con:value>XX1</con:value>
        </con:property>
        <con:property>
          <con:name>limit</con:name>
          <con:value>20</con:value>
        </con:property>
        <con:property>
          <con:name>offset</con:name>
          <con:value>0</con:value>
        </con:property>
        <con:property>
          <con:name>companyEmployeeId</con:name>
          <con:value>ana.pace.xx1</con:value>
        </con:property>
        <con:property>
          <con:name>AccessToken</con:name>
          <con:value>8qXppTezXUFm1siOkmwnN3cW6NsT</con:value>
        </con:property>
        <con:property>
          <con:name>RefreshToken</con:name>
          <con:value>vPJGo2OXbS6HO7niZO6sbe75HIlZUlblLQu6KED9yN</con:value>
        </con:property>
        <con:property>
          <con:name>DeviceId</con:name>
          <con:value>37948380</con:value>
        </con:property>
        <con:property>
          <con:name>ServiceId</con:name>
          <con:value>41741083</con:value>
        </con:property>
        <con:property>
          <con:name>EmployeeId</con:name>
          <con:value>28691388</con:value>
        </con:property>
        <con:property>
          <con:name>DepartmentId</con:name>
          <con:value>11569020385</con:value>
        </con:property>
        <con:property>
          <con:name>LogoUrl</con:name>
          <con:value>https://qa1cmd.tangoe.com/</con:value>
        </con:property>
        <con:property>
          <con:name>client_id</con:name>
          <con:value>3c276cecdc674aabb5456f54b605bbbf</con:value>
        </con:property>
        <con:property>
          <con:name>client_secret</con:name>
          <con:value>c513c4a67492405d95CE4DB4B40B73FF</con:value>
        </con:property>
        <con:property>
          <con:name>URL</con:name>
          <con:value>https://tngo-qa-mobproc.cloudhub.io/mobproc/v1.qa</con:value>
        </con:property>
        <con:property>
          <con:name>FirstName</con:name>
          <con:value>AnaLaura</con:value>
        </con:property>
        <con:property>
          <con:name>LastName</con:name>
          <con:value>Pace</con:value>
        </con:property>
        <con:property>
          <con:name>DepartmentName</con:name>
          <con:value>Development</con:value>
        </con:property>
        <con:property>
          <con:name>OfficePhone</con:name>
          <con:value>5169999876</con:value>
        </con:property>
        <con:property>
          <con:name>Email</con:name>
          <con:value>ana@test.com</con:value>
        </con:property>
        <con:property>
          <con:name>ServiceNumber</con:name>
          <con:value>3213693699</con:value>
        </con:property>
        <con:property>
          <con:name>DeviceId2</con:name>
          <con:value>37948382</con:value>
        </con:property>
        <con:property>
          <con:name>ServiceId2</con:name>
          <con:value>41741085</con:value>
        </con:property>
        <con:property>
          <con:name>ServiceNumber2</con:name>
          <con:value>1472582588</con:value>
        </con:property>
        <con:property>
          <con:name>DeviceId3</con:name>
          <con:value>37948381</con:value>
        </con:property>
        <con:property>
          <con:name>ServiceId3</con:name>
          <con:value>41741084</con:value>
        </con:property>
        <con:property>
          <con:name>ServiceNumber3</con:name>
          <con:value>2581471477</con:value>
        </con:property>
        <con:property>
          <con:name>DeviceId4</con:name>
          <con:value>null</con:value>
        </con:property>
        <con:property>
          <con:name>ServiceId4</con:name>
          <con:value>null</con:value>
        </con:property>
        <con:property>
          <con:name>ServiceNumber4</con:name>
          <con:value>null</con:value>
        </con:property>
        <con:property>
          <con:name>regionId</con:name>
          <con:value>70144640</con:value>
        </con:property>
        <con:property>
          <con:name>vendorId</con:name>
          <con:value>98</con:value>
        </con:property>
        <con:property>
          <con:name>transactionType</con:name>
          <con:value>NEW_ACTIVATION</con:value>
        </con:property>
        <con:property>
          <con:name>compatiblePlanId</con:name>
          <con:value>19110050284</con:value>
        </con:property>
        <con:property>
          <con:name>manufacturerId</con:name>
          <con:value>Apple</con:value>
        </con:property>
        <con:property>
          <con:name>postalCode</con:name>
          <con:value>02452</con:value>
        </con:property>
        <con:property>
          <con:name>clientID</con:name>
          <con:value>392d0283466b4e00be8e8b8062db5f9f</con:value>
        </con:property>
        <con:property>
          <con:name>clientSecret</con:name>
          <con:value>3c684c3220e740ef92E7177A32AE978D</con:value>
        </con:property>
        <con:property>
          <con:name>Vendor1</con:name>
          <con:value>Verizon Wireless</con:value>
        </con:property>
        <con:property>
          <con:name>Vendor2</con:name>
          <con:value>Sprint</con:value>
        </con:property>
        <con:property>
          <con:name>Vendor3</con:name>
          <con:value>AT&amp;T Mobility</con:value>
        </con:property>
        <con:property>
          <con:name>Vendor4</con:name>
          <con:value>null</con:value>
        </con:property>
      </con:properties>
      <con:reportParameters/>
      <con:breakPoints>
        <con:testStepId>a7797a09-61ec-4dad-a1d8-7de44a29a296</con:testStepId>
        <con:status>NONE</con:status>
        <con:properties/>
      </con:breakPoints>
      <con:breakPoints>
        <con:testStepId>504bd8fa-8265-4cf0-b6b0-0bdcd9556a69</con:testStepId>
        <con:status>NONE</con:status>
        <con:properties/>
      </con:breakPoints>
      <con:breakPoints>
        <con:testStepId>04e54c93-9f7e-45f4-a22f-84e6f1ecf8f5</con:testStepId>
        <con:status>NONE</con:status>
        <con:properties/>
      </con:breakPoints>
      <con:breakPoints>
        <con:testStepId>a349f34a-0ddf-4130-aa1f-d05cb757a688</con:testStepId>
        <con:status>NONE</con:status>
        <con:properties/>
      </con:breakPoints>
      <con:breakPoints>
        <con:testStepId>58aad4f0-1605-4ad7-9ff1-590e0bff787e</con:testStepId>
        <con:status>NONE</con:status>
        <con:properties/>
      </con:breakPoints>
      <con:breakPoints>
        <con:testStepId>6f6e46cd-d02e-44db-aa57-80a97d3bad33</con:testStepId>
        <con:status>NONE</con:status>
        <con:properties/>
      </con:breakPoints>
      <con:breakPoints>
        <con:testStepId>914570a8-f8de-4b60-a986-0da385fd534c</con:testStepId>
        <con:status>NONE</con:status>
        <con:properties/>
      </con:breakPoints>
      <con:breakPoints>
        <con:testStepId>2ee3eb41-074e-4c7a-88db-d680dc4df8f8</con:testStepId>
        <con:status>NONE</con:status>
        <con:properties/>
      </con:breakPoints>
      <con:breakPoints>
        <con:testStepId>98eb345f-f807-437e-b583-d8e45ae322a8</con:testStepId>
        <con:status>NONE</con:status>
        <con:properties/>
      </con:breakPoints>
      <con:breakPoints>
        <con:testStepId>a94b2207-6e1d-4bbf-8aea-50c9c07203d5</con:testStepId>
        <con:status>NONE</con:status>
        <con:properties/>
      </con:breakPoints>
    </con:testCase>
    <con:properties/>
    <con:reportParameters/>
  </con:testSuite>
  <con:requirements/>
  <con:properties/>
  <con:wssContainer/>
  <con:databaseConnectionContainer/>
  <con:jmsConnectionContainer/>
  <con:oAuth2ProfileContainer/>
  <con:oAuth1ProfileContainer/>
  <con:reporting>
    <con:reportTemplates/>
    <con:xmlTemplates/>
    <con:xmlTemplates/>
    <con:parameters/>
    <con:parameters/>
  </con:reporting>
  <con:reporting/>
  <con:authRepository/>
  <con:tags/>
</con:soapui-project>
