<?xml version="1.0" encoding="UTF-8"?>
<con:soapui-project id="7315e435-f8f0-4609-b3d7-0431421b98e0" activeEnvironment="Default environment" name="API_CatalogFeaturesFiltering" lastOpened="2017-08-18T11:23:29.707-03:00" soapui-version="6.0.0" updated="2.2.0 2017-11-28T12:17:25Z" xmlns:con="http://eviware.com/soapui/config">
  <con:settings/>
  <con:interface xsi:type="con:RestService" id="da9c6460-1975-4e14-b98a-bc176a33e12d" wadlVersion="http://wadl.dev.java.net/2009/02" name="https://tg-mobility.cloudhub.io" type="rest" xmlns:xsi="http://www.w3.org/2001/XMLSchema-instance">
    <con:settings/>
    <con:definitionCache type="TEXT" rootPart=""/>
    <con:endpoints>
      <con:endpoint>https://tg-mobility.cloudhub.io</con:endpoint>
    </con:endpoints>
    <con:resource name="Features" path="/catalog/features" id="d3e700e5-11cb-463e-8061-37896fdcdc80">
      <con:settings/>
      <con:parameters>
        <con:parameter>
          <con:name>service</con:name>
          <con:value>31647595</con:value>
          <con:style>QUERY</con:style>
          <con:default>31647595</con:default>
          <con:path xsi:nil="true"/>
          <con:description xsi:nil="true"/>
        </con:parameter>
        <con:parameter>
          <con:name>X-TNGO-TENANT</con:name>
          <con:value/>
          <con:style>HEADER</con:style>
          <con:default/>
          <con:description xsi:nil="true"/>
        </con:parameter>
        <con:parameter>
          <con:name>Authorization</con:name>
          <con:value/>
          <con:style>HEADER</con:style>
          <con:default/>
          <con:description xsi:nil="true"/>
        </con:parameter>
        <con:parameter>
          <con:name>client_id</con:name>
          <con:value/>
          <con:style>HEADER</con:style>
          <con:default/>
          <con:description xsi:nil="true"/>
        </con:parameter>
        <con:parameter>
          <con:name>client_secret</con:name>
          <con:value/>
          <con:style>HEADER</con:style>
          <con:default/>
          <con:description xsi:nil="true"/>
        </con:parameter>
        <con:parameter>
          <con:name>serviceNumber</con:name>
          <con:value/>
          <con:style>QUERY</con:style>
          <con:default/>
          <con:description xsi:nil="true"/>
        </con:parameter>
      </con:parameters>
      <con:method name="Features" id="bf465905-bf90-469e-a906-c2ed653068fd" method="GET">
        <con:settings/>
        <con:parameters/>
        <con:representation type="RESPONSE">
          <con:mediaType>application/json;charset=UTF-8</con:mediaType>
          <con:status>200</con:status>
          <con:params/>
          <con:element xmlns:feat="https://tg-mobility.cloudhub.io/mobility/v1/catalog/features">feat:Response</con:element>
        </con:representation>
        <con:representation type="FAULT">
          <con:mediaType>application/json</con:mediaType>
          <con:status>500 403</con:status>
          <con:params/>
          <con:element xmlns:feat="https://tg-mobility.cloudhub.io/mobility/v1/catalog/features">feat:Fault</con:element>
        </con:representation>
        <con:request name="Request 1" id="2100118e-f100-413f-8293-38ce94e5f4d9" mediaType="application/json">
          <con:settings>
            <con:setting id="com.eviware.soapui.impl.wsdl.WsdlRequest@request-headers">&lt;xml-fragment/></con:setting>
          </con:settings>
          <con:endpoint>None</con:endpoint>
          <con:request/>
          <con:credentials>
            <con:selectedAuthProfile>No Authorization</con:selectedAuthProfile>
            <con:authType>No Authorization</con:authType>
          </con:credentials>
          <con:jmsConfig JMSDeliveryMode="PERSISTENT"/>
          <con:parameters>
            <entry key="service" value="" xmlns="http://eviware.com/soapui/config"/>
          </con:parameters>
          <con:parameterOrder>
            <con:entry>X-TNGO-TENANT</con:entry>
            <con:entry>Authorization</con:entry>
            <con:entry>client_id</con:entry>
            <con:entry>client_secret</con:entry>
            <con:entry>service</con:entry>
            <con:entry>serviceNumber</con:entry>
          </con:parameterOrder>
        </con:request>
      </con:method>
    </con:resource>
  </con:interface>
  <con:testSuite id="bc558647-94e5-41cc-80c7-7be75e060cf4" name="TS_CatalogFeaturesFiltering">
    <con:settings/>
    <con:runType>SEQUENTIAL</con:runType>
    <con:testCase id="f56c037b-3cb5-4476-bcc6-01f36796ef56" discardOkResults="true" failOnError="true" failTestCaseOnErrors="true" keepSession="false" name="TC_CatalogFeaturesFiltering" searchProperties="true">
      <con:settings/>
      <con:testStep type="groovy" name="ScriptSetupFeatures" id="9266c1e1-b886-4170-9a6b-e969370a61f1">
        <con:settings/>
        <con:config>
          <script>// /////////////////////////////////////////////
// This sets up all of the test case properties
// /////////////////////////////////////////////

def groovyUtils = new com.eviware.soapui.support.GroovyUtils( context ); 
def projectPath = groovyUtils.projectPath //gets the path of the project root

// this is sanity check with a simple call. all this does is verify a simple connection 
// to the external clases by logging a message in log window.
soapUIScripts.CommonMethods.StaticMethod(log) 

// setup test case properties stored in 'DudleyDorightDataActions' class.
soapUIScripts.DudleyDorightDataActions.SetupTestCaseProperties(log, testRunner) 

// read in token pair and put in test case properties.
// NOTE: token pair must be in same folder as project
//       token pair must be up to date (not expired)
assert(soapUIScripts.CommonMethods.ReadTokenPair(projectPath + "\\" + "TokenPair.txt", log, testRunner) == true)

// read user Ids and assign to test case properties 
def userIdsFileName = projectPath + "\\" + "DudleyDoright.txt"
assert soapUIScripts.CommonMethods.ReadUserIdsURL(userIdsFileName, log, testRunner) == true

def userIdsFileName2 = projectPath + "\\" + "AnaUserData.txt"
assert soapUIScripts.CommonMethods.ReadUserIds(userIdsFileName2, log, testRunner) == true</script>
        </con:config>
      </con:testStep>
      <con:testStep type="restrequest" name="GetFeaturesByServiceId" id="8d6d76db-9337-4666-b0d1-d8c4f75bfc3f">
        <con:settings/>
        <con:config service="https://tg-mobility.cloudhub.io" resourcePath="/catalog/features" methodName="Features" xsi:type="con:RestRequestStep" xmlns:xsi="http://www.w3.org/2001/XMLSchema-instance">
          <con:restRequest name="GetFeaturesByServiceId" id="49f55077-9407-4221-9bf6-675ab382f21f" mediaType="application/json">
            <con:settings>
              <con:setting id="com.eviware.soapui.impl.wsdl.WsdlRequest@request-headers">&lt;xml-fragment/></con:setting>
            </con:settings>
            <con:endpoint>${#TestCase#URL}</con:endpoint>
            <con:request/>
            <con:originalUri>https://tg-mobility.cloudhub.io/mobility/v1/catalog/features</con:originalUri>
            <con:assertion type="Valid HTTP Status Codes" id="c3d7c936-1ec1-4e5c-a0d1-1e91447171a8" name="Valid HTTP Status Codes">
              <con:settings/>
              <con:configuration>
                <codes>200</codes>
              </con:configuration>
            </con:assertion>
            <con:assertion type="Simple Contains" id="28b7eeb6-6073-46ae-aa3c-959231e38fa6" name="Contains">
              <con:configuration>
                <token>service=${#TestCase#serviceId}</token>
                <ignoreCase>false</ignoreCase>
                <useRegEx>false</useRegEx>
              </con:configuration>
            </con:assertion>
            <con:credentials>
              <con:selectedAuthProfile>No Authorization</con:selectedAuthProfile>
              <con:authType>No Authorization</con:authType>
            </con:credentials>
            <con:jmsConfig JMSDeliveryMode="PERSISTENT"/>
            <con:parameters>
              <con:entry key="Authorization" value="Bearer ${#TestCase#AccessToken}"/>
              <con:entry key="service" value="${#TestCase#ServiceId}"/>
              <con:entry key="X-TNGO-TENANT" value="${#TestCase#Tenant}"/>
              <con:entry key="client_secret" value="${#TestCase#clientSecret}"/>
              <con:entry key="client_id" value="${#TestCase#clientId}"/>
            </con:parameters>
            <con:parameterOrder>
              <con:entry>X-TNGO-TENANT</con:entry>
              <con:entry>Authorization</con:entry>
              <con:entry>client_id</con:entry>
              <con:entry>client_secret</con:entry>
              <con:entry>serviceNumber</con:entry>
              <con:entry>service</con:entry>
            </con:parameterOrder>
          </con:restRequest>
        </con:config>
      </con:testStep>
      <con:testStep type="restrequest" name="GetFeaturesByServiceNumber" id="c34d9115-36be-44bf-a3ce-cd203a42964a">
        <con:settings/>
        <con:config service="https://tg-mobility.cloudhub.io" resourcePath="/catalog/features" methodName="Features" xsi:type="con:RestRequestStep" xmlns:xsi="http://www.w3.org/2001/XMLSchema-instance">
          <con:restRequest name="GetFeaturesByServiceNumber" id="49f55077-9407-4221-9bf6-675ab382f21f" mediaType="application/json">
            <con:settings>
              <con:setting id="com.eviware.soapui.impl.wsdl.WsdlRequest@request-headers">&lt;xml-fragment/></con:setting>
            </con:settings>
            <con:endpoint>${#TestCase#URL}</con:endpoint>
            <con:request/>
            <con:originalUri>https://tg-mobility.cloudhub.io/mobility/v1/catalog/features</con:originalUri>
            <con:assertion type="Valid HTTP Status Codes" id="c3d7c936-1ec1-4e5c-a0d1-1e91447171a8" name="Valid HTTP Status Codes">
              <con:settings/>
              <con:configuration>
                <codes>200</codes>
              </con:configuration>
            </con:assertion>
            <con:assertion type="Simple Contains" id="4e564a6f-7bd3-4e08-abc5-8d53f6af9df5" name="Contains">
              <con:configuration>
                <token>serviceNumber=${#TestCase#ServiceNumber}</token>
                <ignoreCase>false</ignoreCase>
                <useRegEx>false</useRegEx>
              </con:configuration>
            </con:assertion>
            <con:credentials>
              <con:selectedAuthProfile>No Authorization</con:selectedAuthProfile>
              <con:authType>No Authorization</con:authType>
            </con:credentials>
            <con:jmsConfig JMSDeliveryMode="PERSISTENT"/>
            <con:parameters>
              <con:entry key="Authorization" value="Bearer ${#TestCase#AccessToken}"/>
              <con:entry key="serviceNumber" value="${#TestCase#ServiceNumber}"/>
              <con:entry key="service" value=""/>
              <con:entry key="X-TNGO-TENANT" value="${#TestCase#Tenant}"/>
              <con:entry key="client_secret" value="${#TestCase#clientSecret}"/>
              <con:entry key="client_id" value="${#TestCase#clientId}"/>
            </con:parameters>
            <con:parameterOrder>
              <con:entry>X-TNGO-TENANT</con:entry>
              <con:entry>Authorization</con:entry>
              <con:entry>client_id</con:entry>
              <con:entry>client_secret</con:entry>
              <con:entry>serviceNumber</con:entry>
              <con:entry>service</con:entry>
            </con:parameterOrder>
          </con:restRequest>
        </con:config>
      </con:testStep>
      <con:properties>
        <con:property>
          <con:name>Tenant</con:name>
          <con:value>XX1</con:value>
        </con:property>
        <con:property>
          <con:name>limit</con:name>
          <con:value>10</con:value>
        </con:property>
        <con:property>
          <con:name>offset</con:name>
          <con:value>0</con:value>
        </con:property>
        <con:property>
          <con:name>companyEmployeeId</con:name>
          <con:value>ana.pace.xx1</con:value>
        </con:property>
        <con:property>
          <con:name>AccessToken</con:name>
          <con:value>jWv4B8rCEjygwnW5L5Mhj9iWAsEV</con:value>
        </con:property>
        <con:property>
          <con:name>RefreshToken</con:name>
          <con:value>MrEVIX86jYlQ0rdDg37aWdbiVLNggVZljjSuUYFUfo</con:value>
        </con:property>
        <con:property>
          <con:name>DeviceId</con:name>
          <con:value>36819056</con:value>
        </con:property>
        <con:property>
          <con:name>ServiceId</con:name>
          <con:value>40061836</con:value>
        </con:property>
        <con:property>
          <con:name>EmployeeId</con:name>
          <con:value>28691388</con:value>
        </con:property>
        <con:property>
          <con:name>DepartmentId</con:name>
          <con:value>11569020385</con:value>
        </con:property>
        <con:property>
          <con:name>LogoUrl</con:name>
          <con:value>https://qa1cmd.tangoe.com/</con:value>
        </con:property>
        <con:property>
          <con:name>client_id</con:name>
          <con:value>3c276cecdc674aabb5456f54b605bbbf</con:value>
        </con:property>
        <con:property>
          <con:name>client_secret</con:name>
          <con:value>c513c4a67492405d95CE4DB4B40B73FF</con:value>
        </con:property>
        <con:property>
          <con:name>URL</con:name>
          <con:value>https://tngo-qa-mobproc.cloudhub.io/mobproc/v1.qa</con:value>
        </con:property>
        <con:property>
          <con:name>FirstName</con:name>
          <con:value>AnaLaura</con:value>
        </con:property>
        <con:property>
          <con:name>LastName</con:name>
          <con:value>Pace</con:value>
        </con:property>
        <con:property>
          <con:name>DepartmentName</con:name>
          <con:value>Development</con:value>
        </con:property>
        <con:property>
          <con:name>OfficePhone</con:name>
          <con:value>5551234567</con:value>
        </con:property>
        <con:property>
          <con:name>Email</con:name>
          <con:value>analaura.pace@test.com</con:value>
        </con:property>
        <con:property>
          <con:name>ServiceNumber</con:name>
          <con:value>5551114444</con:value>
        </con:property>
        <con:property>
          <con:name>DeviceId2</con:name>
          <con:value>36819035</con:value>
        </con:property>
        <con:property>
          <con:name>ServiceId2</con:name>
          <con:value>40057595</con:value>
        </con:property>
        <con:property>
          <con:name>ServiceNumber2</con:name>
          <con:value>5551110000</con:value>
        </con:property>
        <con:property>
          <con:name>DeviceId3</con:name>
          <con:value>36819055</con:value>
        </con:property>
        <con:property>
          <con:name>ServiceId3</con:name>
          <con:value>40061835</con:value>
        </con:property>
        <con:property>
          <con:name>ServiceNumber3</con:name>
          <con:value>5551115555</con:value>
        </con:property>
        <con:property>
          <con:name>DeviceId4</con:name>
          <con:value>36819135</con:value>
        </con:property>
        <con:property>
          <con:name>ServiceId4</con:name>
          <con:value>40094054</con:value>
        </con:property>
        <con:property>
          <con:name>ServiceNumber4</con:name>
          <con:value>5556667788</con:value>
        </con:property>
        <con:property>
          <con:name>clientID</con:name>
          <con:value>676ff94144f4400e9227c89937c1ade4</con:value>
        </con:property>
        <con:property>
          <con:name>clientSecret</con:name>
          <con:value>71f90d2437ee4a41A992931F17AC9AEC</con:value>
        </con:property>
      </con:properties>
      <con:reportParameters/>
      <con:breakPoints>
        <con:testStepId>9266c1e1-b886-4170-9a6b-e969370a61f1</con:testStepId>
        <con:status>NONE</con:status>
        <con:properties/>
      </con:breakPoints>
    </con:testCase>
    <con:properties/>
    <con:reportParameters/>
  </con:testSuite>
  <con:requirements/>
  <con:properties/>
  <con:wssContainer/>
  <con:databaseConnectionContainer/>
  <con:jmsConnectionContainer/>
  <con:oAuth2ProfileContainer/>
  <con:oAuth1ProfileContainer/>
  <con:reporting>
    <con:reportTemplates/>
    <con:xmlTemplates/>
    <con:xmlTemplates/>
    <con:parameters/>
    <con:parameters/>
  </con:reporting>
  <con:reporting/>
  <con:authRepository/>
  <con:tags/>
</con:soapui-project>
