<?xml version="1.0" encoding="UTF-8"?>
<con:soapui-project id="2751034a-f560-4e87-916e-4286731b5929" activeEnvironment="Default environment" name="API_SortingCatalogPlans" lastOpened="2017-08-16T11:38:49.186-03:00" soapui-version="6.0.0" updated="2.2.0 2017-11-28T12:17:25Z" xmlns:con="http://eviware.com/soapui/config">
  <con:settings/>
  <con:interface xsi:type="con:RestService" id="749e886b-7aae-486b-a2f4-04c56c474235" wadlVersion="http://wadl.dev.java.net/2009/02" name="https://tg-mobility.cloudhub.io" type="rest" xmlns:xsi="http://www.w3.org/2001/XMLSchema-instance">
    <con:settings/>
    <con:definitionCache type="TEXT" rootPart=""/>
    <con:endpoints>
      <con:endpoint>https://tg-mobility.cloudhub.io</con:endpoint>
    </con:endpoints>
    <con:resource name="planId" path="/catalog/plans/{id}" id="39b6b3a8-860a-4855-b400-d21d72615241">
      <con:settings/>
      <con:parameters>
        <con:parameter>
          <con:name>X-TNGO-TENANT</con:name>
          <con:value/>
          <con:style>HEADER</con:style>
          <con:default/>
          <con:description xsi:nil="true"/>
        </con:parameter>
        <con:parameter>
          <con:name>Authorization</con:name>
          <con:value/>
          <con:style>HEADER</con:style>
          <con:default/>
          <con:description xsi:nil="true"/>
        </con:parameter>
        <con:parameter>
          <con:name>id</con:name>
          <con:value/>
          <con:style>TEMPLATE</con:style>
          <con:default/>
          <con:description xsi:nil="true"/>
        </con:parameter>
        <con:parameter>
          <con:name>client_id</con:name>
          <con:value/>
          <con:style>HEADER</con:style>
          <con:default/>
          <con:description xsi:nil="true"/>
        </con:parameter>
        <con:parameter>
          <con:name>client_secret</con:name>
          <con:value/>
          <con:style>HEADER</con:style>
          <con:default/>
          <con:description xsi:nil="true"/>
        </con:parameter>
      </con:parameters>
      <con:method name="Method 1" id="8da15235-5fd0-4e84-b031-d27df8465928" method="GET">
        <con:settings/>
        <con:parameters/>
        <con:representation type="FAULT">
          <con:mediaType>application/json</con:mediaType>
          <con:status>403 400</con:status>
          <con:params/>
        </con:representation>
        <con:representation type="RESPONSE">
          <con:mediaType>application/json;charset=UTF-8</con:mediaType>
          <con:status>200</con:status>
          <con:params/>
          <con:element xmlns:plan="https://tg-mobility.cloudhub.io/mobility/v1/catalog/plans">plan:Response</con:element>
        </con:representation>
        <con:request name="GetPlanById" id="152f2628-7e84-4429-a4c3-e85fa4c0dc41" mediaType="application/json">
          <con:settings>
            <con:setting id="com.eviware.soapui.impl.wsdl.WsdlRequest@request-headers">&lt;xml-fragment/></con:setting>
          </con:settings>
          <con:endpoint>None</con:endpoint>
          <con:request/>
          <con:credentials>
            <con:selectedAuthProfile>No Authorization</con:selectedAuthProfile>
            <con:authType>No Authorization</con:authType>
          </con:credentials>
          <con:jmsConfig JMSDeliveryMode="PERSISTENT"/>
          <con:parameters>
            <entry key="X-TNGO-TENANT" value="XX1" xmlns="http://eviware.com/soapui/config"/>
          </con:parameters>
          <con:parameterOrder>
            <con:entry>X-TNGO-TENANT</con:entry>
            <con:entry>Authorization</con:entry>
            <con:entry>id</con:entry>
            <con:entry>client_id</con:entry>
            <con:entry>client_secret</con:entry>
          </con:parameterOrder>
        </con:request>
      </con:method>
    </con:resource>
    <con:resource name="plans" path="/catalog/plans" id="b87d74e4-da3d-4891-98ef-11cfb8896eaf">
      <con:settings/>
      <con:parameters>
        <con:parameter>
          <con:name>X-TNGO-TENANT</con:name>
          <con:value/>
          <con:style>HEADER</con:style>
          <con:default/>
          <con:description xsi:nil="true"/>
        </con:parameter>
        <con:parameter>
          <con:name>limit</con:name>
          <con:value/>
          <con:style>QUERY</con:style>
          <con:default/>
          <con:description xsi:nil="true"/>
        </con:parameter>
        <con:parameter>
          <con:name>offset</con:name>
          <con:value/>
          <con:style>QUERY</con:style>
          <con:default/>
          <con:description xsi:nil="true"/>
        </con:parameter>
        <con:parameter>
          <con:name>Authorization</con:name>
          <con:value/>
          <con:style>HEADER</con:style>
          <con:default/>
          <con:description xsi:nil="true"/>
        </con:parameter>
        <con:parameter>
          <con:name>transactionType</con:name>
          <con:value/>
          <con:style>QUERY</con:style>
          <con:default/>
          <con:description xsi:nil="true"/>
        </con:parameter>
        <con:parameter>
          <con:name>sortAscending</con:name>
          <con:value/>
          <con:style>QUERY</con:style>
          <con:default/>
          <con:description xsi:nil="true"/>
        </con:parameter>
        <con:parameter>
          <con:name>region</con:name>
          <con:value/>
          <con:style>QUERY</con:style>
          <con:default/>
          <con:description xsi:nil="true"/>
        </con:parameter>
        <con:parameter>
          <con:name>client_id</con:name>
          <con:value/>
          <con:style>HEADER</con:style>
          <con:default/>
          <con:description xsi:nil="true"/>
        </con:parameter>
        <con:parameter>
          <con:name>client_secret</con:name>
          <con:value/>
          <con:style>HEADER</con:style>
          <con:default/>
          <con:description xsi:nil="true"/>
        </con:parameter>
        <con:parameter>
          <con:name>compatibleWithDevice</con:name>
          <con:value/>
          <con:style>QUERY</con:style>
          <con:default/>
          <con:description xsi:nil="true"/>
        </con:parameter>
        <con:parameter>
          <con:name>postalCode</con:name>
          <con:value/>
          <con:style>QUERY</con:style>
          <con:default/>
          <con:description xsi:nil="true"/>
        </con:parameter>
        <con:parameter>
          <con:name>service</con:name>
          <con:value/>
          <con:style>QUERY</con:style>
          <con:default/>
          <con:description xsi:nil="true"/>
        </con:parameter>
        <con:parameter>
          <con:name>sortBy</con:name>
          <con:value/>
          <con:style>QUERY</con:style>
          <con:default/>
          <con:description xsi:nil="true"/>
        </con:parameter>
        <con:parameter>
          <con:name>vendor</con:name>
          <con:value/>
          <con:style>QUERY</con:style>
          <con:default/>
          <con:description xsi:nil="true"/>
        </con:parameter>
      </con:parameters>
      <con:method name="Method 1" id="f8070077-c219-4bdc-8be8-ee70fa12b76e" method="GET">
        <con:settings/>
        <con:parameters/>
        <con:representation type="FAULT">
          <con:mediaType>application/json</con:mediaType>
          <con:status>403 400</con:status>
          <con:params/>
        </con:representation>
        <con:representation type="RESPONSE">
          <con:mediaType>application/json;charset=UTF-8</con:mediaType>
          <con:status>200</con:status>
          <con:params/>
          <con:element xmlns:plan="https://tg-mobility.cloudhub.io/mobility/v1/catalog/plans">plan:Response</con:element>
        </con:representation>
        <con:request name="GetPlans" id="8b39df20-42fa-43ee-a4f4-bb46907be0a0" mediaType="application/json">
          <con:settings>
            <con:setting id="com.eviware.soapui.impl.wsdl.WsdlRequest@request-headers">&lt;xml-fragment/></con:setting>
          </con:settings>
          <con:endpoint>None</con:endpoint>
          <con:request/>
          <con:credentials>
            <con:selectedAuthProfile>No Authorization</con:selectedAuthProfile>
            <con:authType>No Authorization</con:authType>
          </con:credentials>
          <con:jmsConfig JMSDeliveryMode="PERSISTENT"/>
          <con:parameters>
            <entry key="X-TNGO-TENANT" value="XX1" xmlns="http://eviware.com/soapui/config"/>
          </con:parameters>
          <con:parameterOrder>
            <con:entry>X-TNGO-TENANT</con:entry>
            <con:entry>Authorization</con:entry>
            <con:entry>client_id</con:entry>
            <con:entry>client_secret</con:entry>
            <con:entry>limit</con:entry>
            <con:entry>offset</con:entry>
            <con:entry>transactionType</con:entry>
            <con:entry>region</con:entry>
            <con:entry>postalCode</con:entry>
            <con:entry>compatibleWithDevice</con:entry>
            <con:entry>service</con:entry>
            <con:entry>vendor</con:entry>
            <con:entry>sortAscending</con:entry>
            <con:entry>sortBy</con:entry>
          </con:parameterOrder>
        </con:request>
      </con:method>
    </con:resource>
    <con:resource name="regions" path="/regions" id="cd513fa3-8176-4f16-b4f6-65683f37b52f">
      <con:settings/>
      <con:parameters>
        <con:parameter>
          <con:name>type</con:name>
          <con:value>ALL</con:value>
          <con:style>QUERY</con:style>
          <con:default>ALL</con:default>
        </con:parameter>
        <con:parameter>
          <con:name>X-TNGO-TENANT</con:name>
          <con:value/>
          <con:style>HEADER</con:style>
          <con:default/>
          <con:description xsi:nil="true"/>
        </con:parameter>
        <con:parameter>
          <con:name>Authorization</con:name>
          <con:value/>
          <con:style>HEADER</con:style>
          <con:default/>
          <con:description xsi:nil="true"/>
        </con:parameter>
        <con:parameter>
          <con:name>client_id</con:name>
          <con:value/>
          <con:style>HEADER</con:style>
          <con:default/>
          <con:description xsi:nil="true"/>
        </con:parameter>
        <con:parameter>
          <con:name>client_secret</con:name>
          <con:value/>
          <con:style>HEADER</con:style>
          <con:default/>
          <con:description xsi:nil="true"/>
        </con:parameter>
      </con:parameters>
      <con:method name="Method 1" id="a7c7cf40-0d70-493c-8ec8-919169411758" method="GET">
        <con:settings/>
        <con:parameters/>
        <con:representation type="RESPONSE">
          <con:mediaType>application/json;charset=UTF-8</con:mediaType>
          <con:status>200</con:status>
          <con:params/>
          <con:element xmlns:reg="https://tg-mobility.cloudhub.io/mobility/v1/regions">reg:Response</con:element>
        </con:representation>
        <con:representation type="RESPONSE">
          <con:mediaType xsi:nil="true"/>
          <con:status>0</con:status>
          <con:params/>
          <con:element>data</con:element>
        </con:representation>
        <con:representation type="RESPONSE">
          <con:mediaType xsi:nil="true"/>
          <con:status>0</con:status>
          <con:params/>
          <con:element>data</con:element>
        </con:representation>
        <con:representation type="RESPONSE">
          <con:mediaType xsi:nil="true"/>
          <con:status>0</con:status>
          <con:params/>
          <con:element>data</con:element>
        </con:representation>
        <con:representation type="FAULT">
          <con:mediaType>application/json</con:mediaType>
          <con:status>500 403</con:status>
          <con:params/>
          <con:element xmlns:reg="https://tg-mobility.cloudhub.io/mobility/v1/regions">reg:Fault</con:element>
        </con:representation>
        <con:request name="GetRegions" id="491d5194-7d86-4eb1-8b7c-4eb447d2b25b" mediaType="application/json">
          <con:settings>
            <con:setting id="com.eviware.soapui.impl.wsdl.WsdlRequest@request-headers">&lt;xml-fragment/></con:setting>
          </con:settings>
          <con:endpoint>none</con:endpoint>
          <con:request/>
          <con:credentials>
            <con:selectedAuthProfile>No Authorization</con:selectedAuthProfile>
            <con:authType>No Authorization</con:authType>
          </con:credentials>
          <con:jmsConfig JMSDeliveryMode="PERSISTENT"/>
          <con:parameters/>
          <con:parameterOrder>
            <con:entry>X-TNGO-TENANT</con:entry>
            <con:entry>Authorization</con:entry>
            <con:entry>type</con:entry>
            <con:entry>client_id</con:entry>
            <con:entry>client_secret</con:entry>
          </con:parameterOrder>
        </con:request>
      </con:method>
    </con:resource>
  </con:interface>
  <con:testSuite id="3f785227-b2c2-4ff8-af94-82ee7050388d" name="TestSuiteCatalogPlans">
    <con:settings/>
    <con:runType>SEQUENTIAL</con:runType>
    <con:testCase id="e038e416-eaca-4b77-a9b4-c0070aeab68b" discardOkResults="true" failOnError="true" failTestCaseOnErrors="true" keepSession="false" name="TestCaseSortingPlans" searchProperties="true">
      <con:description>NOTE:
*******
Sorting by NAME has been unselected on DataSource since the sorting does not work fine.  Defect # 106914. 

When defect is fixed enable rows back.</con:description>
      <con:settings/>
      <con:savedRecentRuns>1</con:savedRecentRuns>
      <con:testStep type="groovy" name="ScriptSetupCatalogPlans" id="684dcf59-b46e-41ce-a45a-3f39d6da9bcd">
        <con:settings/>
        <con:config>
          <script>// /////////////////////////////////////////////
// This sets up all of the test case properties
// /////////////////////////////////////////////

def groovyUtils = new com.eviware.soapui.support.GroovyUtils( context ); 
def projectPath = groovyUtils.projectPath //gets the path of the project root

// this is sanity check with a simple call. all this does is verify a simple connection 
// to the external clases by logging a message in log window.
soapUIScripts.CommonMethods.StaticMethod(log) 

// setup test case properties stored in 'DudleyDorightDataActions' class.
soapUIScripts.DudleyDorightDataActions.SetupTestCaseProperties(log, testRunner) 

// read in token pair and put in test case properties.
// NOTE: token pair must be in same folder as project
//       token pair must be up to date (not expired)
assert(soapUIScripts.CommonMethods.ReadTokenPair(projectPath + "\\" + "TokenPair.txt", log, testRunner) == true)

// read user Ids and assign to test case properties 
def userIdsFileName = projectPath + "\\" + "DudleyDoright.txt"
assert soapUIScripts.CommonMethods.ReadUserIdsURL(userIdsFileName, log, testRunner) == true

context.offset = 0
context.limit = 100

testRunner.testCase.setPropertyValue("offset", context.offset.toString())
testRunner.testCase.setPropertyValue("limit", context.limit.toString())
testRunner.testCase.setPropertyValue("transactionType", "NEW_ACTIVATION")
testRunner.testCase.setPropertyValue("regionId", "70144640")


log.info "  ** Sort PLANS ** "</script>
        </con:config>
      </con:testStep>
      <con:testStep type="datasource" name="DataSource" id="1c26e270-e4d1-4600-9bc5-b4f3ec753028">
        <con:settings/>
        <con:config xsi:type="con:DataSourceStep" xmlns:xsi="http://www.w3.org/2001/XMLSchema-instance">
          <con:dataSource type="Grid">
            <con:configuration>
              <check><![CDATA[<xml-fragment><con:entry xmlns:con="http://eviware.com/soapui/config">false</con:entry><con:entry xmlns:con="http://eviware.com/soapui/config">true</con:entry><con:entry xmlns:con="http://eviware.com/soapui/config">false</con:entry><con:entry xmlns:con="http://eviware.com/soapui/config">true</con:entry></xml-fragment>]]></check>
              <row><![CDATA[<xml-fragment><con:entry xmlns:con="http://eviware.com/soapui/config">true</con:entry><con:entry xmlns:con="http://eviware.com/soapui/config">NAME</con:entry><con:entry xmlns:con="http://eviware.com/soapui/config"/></xml-fragment>]]></row>
              <row><![CDATA[<xml-fragment><con:entry xmlns:con="http://eviware.com/soapui/config">true</con:entry><con:entry xmlns:con="http://eviware.com/soapui/config">VENDOR</con:entry><con:entry xmlns:con="http://eviware.com/soapui/config"/></xml-fragment>]]></row>
              <row><![CDATA[<xml-fragment><con:entry xmlns:con="http://eviware.com/soapui/config">false</con:entry><con:entry xmlns:con="http://eviware.com/soapui/config">NAME</con:entry><con:entry xmlns:con="http://eviware.com/soapui/config"/></xml-fragment>]]></row>
              <row><![CDATA[<xml-fragment><con:entry xmlns:con="http://eviware.com/soapui/config">false</con:entry><con:entry xmlns:con="http://eviware.com/soapui/config">VENDOR</con:entry><con:entry xmlns:con="http://eviware.com/soapui/config"/></xml-fragment>]]></row>
            </con:configuration>
          </con:dataSource>
          <con:property>sortAscending</con:property>
          <con:property>sortBy</con:property>
          <con:restartOnRun>true</con:restartOnRun>
        </con:config>
      </con:testStep>
      <con:testStep type="restrequest" name="GetPlansSorted" id="9a4f13c8-ef23-4be4-b996-eef225c08b9e">
        <con:settings/>
        <con:config service="https://tg-mobility.cloudhub.io" resourcePath="/catalog/plans" methodName="Method 1" xsi:type="con:RestRequestStep" xmlns:xsi="http://www.w3.org/2001/XMLSchema-instance">
          <con:restRequest name="GetPlansSorted" id="eff9ed00-3612-45af-83ac-3e6291855126" mediaType="application/json">
            <con:settings>
              <con:setting id="com.eviware.soapui.impl.wsdl.WsdlRequest@request-headers">&lt;xml-fragment/></con:setting>
            </con:settings>
            <con:endpoint>${#TestCase#URL}</con:endpoint>
            <con:request/>
            <con:originalUri>https://tg-mobility.cloudhub.io/mobility/v1/catalog/plans</con:originalUri>
            <con:assertion type="Valid HTTP Status Codes" id="2d58f649-1120-47e8-be2a-680643684a4c" name="Valid HTTP Status Codes">
              <con:settings/>
              <con:configuration>
                <codes>200</codes>
              </con:configuration>
            </con:assertion>
            <con:credentials>
              <con:selectedAuthProfile>No Authorization</con:selectedAuthProfile>
              <con:authType>No Authorization</con:authType>
            </con:credentials>
            <con:jmsConfig JMSDeliveryMode="PERSISTENT"/>
            <con:parameters>
              <con:entry key="offset" value="${#TestCase#offset}"/>
              <con:entry key="X-TNGO-TENANT" value="${#TestCase#Tenant}"/>
              <con:entry key="postalCode" value=""/>
              <con:entry key="client_id" value="${#TestCase#clientId}"/>
              <con:entry key="Authorization" value="Bearer ${#TestCase#AccessToken}"/>
              <con:entry key="transactionType" value="${#TestCase#transactionType}"/>
              <con:entry key="sortAscending" value="${DataSource#sortAscending}"/>
              <con:entry key="service" value=""/>
              <con:entry key="vendor" value=""/>
              <con:entry key="limit" value="${#TestCase#limit}"/>
              <con:entry key="compatibleWithDevice" value=""/>
              <con:entry key="sortBy" value="${DataSource#sortBy}"/>
              <con:entry key="client_secret" value="${#TestCase#clientSecret}"/>
              <con:entry key="region" value="${#TestCase#regionId}"/>
            </con:parameters>
            <con:parameterOrder>
              <con:entry>X-TNGO-TENANT</con:entry>
              <con:entry>Authorization</con:entry>
              <con:entry>client_id</con:entry>
              <con:entry>client_secret</con:entry>
              <con:entry>limit</con:entry>
              <con:entry>offset</con:entry>
              <con:entry>transactionType</con:entry>
              <con:entry>region</con:entry>
              <con:entry>postalCode</con:entry>
              <con:entry>compatibleWithDevice</con:entry>
              <con:entry>service</con:entry>
              <con:entry>vendor</con:entry>
              <con:entry>sortAscending</con:entry>
              <con:entry>sortBy</con:entry>
            </con:parameterOrder>
          </con:restRequest>
        </con:config>
      </con:testStep>
      <con:testStep type="groovy" name="VerifyPlansSorting" id="c7e3579e-92b3-481e-b412-c7bd9b0072e1">
        <con:settings/>
        <con:config>
          <script>import groovy.json.JsonSlurper 

def groovyUtils = new com.eviware.soapui.support.GroovyUtils( context ); 
def testCase = context.testCase; 
def testStep = testCase.getTestStepByName("GetPlansSorted") 
def dataSource = testCase.getTestStepByName("DataSource")

//  need for external call.
testRunner = new com.eviware.soapui.impl.wsdl.testcase.WsdlTestCaseRunner(testCase, null); 
testStepContext = new com.eviware.soapui.impl.wsdl.testcase.WsdlTestRunContext(testStep); 

// get response of last test step run.
def response = testStep.testRequest.messageExchange.response.responseContent
def slurper = new JsonSlurper()
def json = slurper.parseText response


def sortAscending = dataSource.getPropertyValue("sortAscending")
def sortBy = dataSource.getPropertyValue("sortBy")

log.info "sortBy: " + sortBy
log.info "sortAscending = " + sortAscending


VerifyOrderSortAscending(json, sortAscending, sortBy)



/* Methods */

void VerifyOrderSortAscending(json, sortAscending, sortBy){

	def originalList = []
	def sortedList = []

	
	if (sortBy == "NAME"){
		originalList = json.plans.items.name
	}
	else if (sortBy == "VENDOR"){
		originalList = json.plans.items.vendor.name
	}
	
	
	// Copy the elements from original list to sorted list
	for(int i = 0; i &lt; originalList.size(); i++){
		sortedList[i] = originalList[i]
	}
	
	sortedList = sortedList.sort()
	
	if(sortAscending.equals("false")){
		sortedList = sortedList.reverse()
	}

	//log.info "originalList: " + originalList
	//log.info "sortedList:   " + sortedList
	
	assert(sortedList.equals(originalList))
	
}</script>
        </con:config>
      </con:testStep>
      <con:testStep type="datasourceloop" name="DataSource Loop" id="c84fd8d9-4f72-4030-a052-4c8872c77db6">
        <con:settings/>
        <con:config>
          <dataSourceStep>DataSource</dataSourceStep>
          <targetStep>GetPlansSorted</targetStep>
        </con:config>
      </con:testStep>
      <con:properties>
        <con:property>
          <con:name>Tenant</con:name>
          <con:value>XX1</con:value>
        </con:property>
        <con:property>
          <con:name>limit</con:name>
          <con:value>100</con:value>
        </con:property>
        <con:property>
          <con:name>offset</con:name>
          <con:value>0</con:value>
        </con:property>
        <con:property>
          <con:name>companyEmployeeId</con:name>
          <con:value>Dudley.Doright2.XX1</con:value>
        </con:property>
        <con:property>
          <con:name>AccessToken</con:name>
          <con:value>e8l060Mb4oIYPuuVIY3wnsq57A8Z</con:value>
        </con:property>
        <con:property>
          <con:name>RefreshToken</con:name>
          <con:value>nmCvYMe6dZa9g1oneCySGH6zpA175O6xfJofM8vXwI</con:value>
        </con:property>
        <con:property>
          <con:name>DeviceId</con:name>
          <con:value>36819015</con:value>
        </con:property>
        <con:property>
          <con:name>ServiceId</con:name>
          <con:value>39968735</con:value>
        </con:property>
        <con:property>
          <con:name>EmployeeId</con:name>
          <con:value>28720153</con:value>
        </con:property>
        <con:property>
          <con:name>DepartmentId</con:name>
          <con:value>11569020350</con:value>
        </con:property>
        <con:property>
          <con:name>LogoUrl</con:name>
          <con:value>https://qa1cmd.tangoe.com/</con:value>
        </con:property>
        <con:property>
          <con:name>client_id</con:name>
          <con:value>3c276cecdc674aabb5456f54b605bbbf</con:value>
        </con:property>
        <con:property>
          <con:name>client_secret</con:name>
          <con:value>c513c4a67492405d95CE4DB4B40B73FF</con:value>
        </con:property>
        <con:property>
          <con:name>URL</con:name>
          <con:value>https://tngo-qa-mobproc.cloudhub.io/mobproc/v1.qa</con:value>
        </con:property>
        <con:property>
          <con:name>transactionType</con:name>
          <con:value>NEW_ACTIVATION</con:value>
        </con:property>
        <con:property>
          <con:name>sortAscending</con:name>
          <con:value>true</con:value>
        </con:property>
        <con:property>
          <con:name>sortBy</con:name>
          <con:value>NAME</con:value>
        </con:property>
        <con:property>
          <con:name>regionId</con:name>
          <con:value>70144640</con:value>
        </con:property>
        <con:property>
          <con:name>clientID</con:name>
          <con:value>392d0283466b4e00be8e8b8062db5f9f</con:value>
        </con:property>
        <con:property>
          <con:name>clientSecret</con:name>
          <con:value>3c684c3220e740ef92E7177A32AE978D</con:value>
        </con:property>
      </con:properties>
      <con:reportParameters/>
      <con:breakPoints>
        <con:testStepId>7b8f2d2b-0292-4873-ab56-fcbaa8ff99f1</con:testStepId>
        <con:status>NONE</con:status>
        <con:properties/>
      </con:breakPoints>
      <con:breakPoints>
        <con:testStepId>66aca81c-be72-452b-ab66-5b341016b808</con:testStepId>
        <con:status>NONE</con:status>
        <con:properties/>
      </con:breakPoints>
      <con:breakPoints>
        <con:testStepId>84bde778-87fe-4b16-955b-7296fde18e70</con:testStepId>
        <con:status>NONE</con:status>
        <con:properties/>
      </con:breakPoints>
      <con:breakPoints>
        <con:testStepId>996750bf-cf5c-46df-82ca-0787e8ff083f</con:testStepId>
        <con:status>NONE</con:status>
        <con:properties/>
      </con:breakPoints>
      <con:breakPoints>
        <con:testStepId>c49bb258-d22c-4ad1-8a23-7955f6f48bcd</con:testStepId>
        <con:status>NONE</con:status>
        <con:properties/>
      </con:breakPoints>
      <con:breakPoints>
        <con:testStepId>9a4f13c8-ef23-4be4-b996-eef225c08b9e</con:testStepId>
        <con:status>NONE</con:status>
        <con:properties/>
      </con:breakPoints>
      <con:breakPoints>
        <con:testStepId>589d5205-65ee-4f97-bb88-0462f9139eb5</con:testStepId>
        <con:status>NONE</con:status>
        <con:properties/>
      </con:breakPoints>
      <con:breakPoints>
        <con:testStepId>c7e3579e-92b3-481e-b412-c7bd9b0072e1</con:testStepId>
        <con:status>NONE</con:status>
        <con:properties/>
      </con:breakPoints>
    </con:testCase>
    <con:properties/>
    <con:reportParameters/>
  </con:testSuite>
  <con:requirements/>
  <con:properties/>
  <con:wssContainer/>
  <con:databaseConnectionContainer/>
  <con:jmsConnectionContainer/>
  <con:oAuth2ProfileContainer/>
  <con:oAuth1ProfileContainer/>
  <con:reporting>
    <con:xmlTemplates/>
    <con:parameters/>
  </con:reporting>
  <con:authRepository/>
  <con:tags/>
</con:soapui-project>
