<?xml version="1.0" encoding="UTF-8"?>
<con:soapui-workspace name="SearchRoutes" cid="5bbf6222-42d9-44c6-8ce8-2a6b1417584a" soapui-version="6.0.0" xmlns:con="http://eviware.com/soapui/config">
  <con:settings/>
  <con:project name="API_GetApplicationsCollectionAUTOMATE!" lastOpened="2018-07-19T09:35:59.967-04:00">C:/SoapUi_Projects/NormandyInfrastructure/NormandyApplications/API_GetApplicationsCollectionAutomate.xml</con:project>
  <con:project name="API_Put_Post_KeyAUTOMATE!" lastOpened="2018-07-19T09:36:46.562-04:00">C:/SoapUi_Projects/NormandyInfrastructure/NormandyApplications/API_Put_Post_KeyAUTOMATE.xml</con:project>
  <con:project name="API_GetApplicationsFiltersPagingAUTOMATE!" lastOpened="2018-07-21T16:17:34.654-04:00">C:/SoapUi_Projects/NormandyInfrastructure/NormandyApplications/API_GetApplicationsFiltersPagingAUTOMATE.xml</con:project>
  <con:project name="API_GetKeyAUTOMATE!" lastOpened="2018-07-19T09:37:18.147-04:00">C:/SoapUi_Projects/NormandyInfrastructure/NormandyApplications/API-GetKeyAutomate-readyapi-project.xml</con:project>
  <con:project name="API_ApplicationsSortingAUTOMATE!" lastOpened="2018-07-19T09:37:33.709-04:00">C:/SoapUi_Projects/NormandyInfrastructure/NormandyApplications/API_ApplicationsSortingAutomated.xml</con:project>
  <con:project name="API_GetPutDeleteByApplicationKey_Deployments" lastOpened="2018-07-18T17:45:17.821-04:00">C:/SoapUi_Projects/NormandyInfrastructure/NormandyApplications/API_GetPutDeleteByApplicationKey_Deployments.xml</con:project>
  <con:project name="API_PostApplication" lastOpened="2018-05-30T16:10:43.799-04:00">C:/SoapUi_Projects/NormandyInfrastructure/NormandyApplications/API_PostApplication.xml</con:project>
  <con:project name="API_Route" lastOpened="2018-02-08T18:41:36.758-05:00">C:/SoapUi_Projects/NormandyInfrastructure/NormandyApplications/API-RouteGetPutDeleteByKey.xml</con:project>
  <con:project name="TokenGenerator" lastOpened="2018-07-18T17:45:09.527-04:00">C:/SoapUi_Projects/NormandyInfrastructure/NormandyApplications/Token_Generator.xml</con:project>
  <con:project name="NewPostApp" lastOpened="2018-05-30T17:24:38.161-04:00">C:/SoapUi_Projects/NormandyInfrastructure/NormandyApplications/NewPostApp.xml</con:project>
  <con:project name="NewGetPutDeleteByApplicationKey" lastOpened="2018-03-22T16:27:42.740-04:00">C:/SoapUi_Projects/NormandyInfrastructure/NormandyApplications/NewGetPutDeleteByApplicationKey.xml</con:project>
  <con:project name="API_Ping" lastOpened="2018-02-08T18:25:36.557-05:00">C:/SoapUi_Projects/NormandyInfrastructure/NormandyApplications/API_Ping.xml</con:project>
  <con:recentItemCollection>
    <con:moduleId>SoapUiNGModule</con:moduleId>
    <con:itemId>4cd69505-5d3f-47d0-8205-b457a1d68bd5</con:itemId>
  </con:recentItemCollection>
  <con:recentItemCollection>
    <con:moduleId>ProjectsModule</con:moduleId>
    <con:itemId>4c4af86a-b324-4111-8b1a-979b21dd66de</con:itemId>
    <con:itemId>78225f30-ac27-4fc1-b283-2688b59cb02f</con:itemId>
  </con:recentItemCollection>
  <con:navigatorNodeCollection>
    <con:rootNodeLabel>SoapUI</con:rootNodeLabel>
    <con:expandNodeState>
      <con:id>a01e23c3-3219-41de-b0cb-17706bb9b33a</con:id>
      <con:expandState>false</con:expandState>
    </con:expandNodeState>
    <con:expandNodeState>
      <con:id>bae40536-5873-463a-82b6-9695616d4fe4</con:id>
      <con:expandState>true</con:expandState>
    </con:expandNodeState>
    <con:expandNodeState>
      <con:id>3b26452e-7d1e-440e-810b-29a916f2a5d0</con:id>
      <con:expandState>true</con:expandState>
    </con:expandNodeState>
    <con:expandNodeState>
      <con:id>14ef7e7f-386f-4812-8ef1-5636d6602010</con:id>
      <con:expandState>false</con:expandState>
    </con:expandNodeState>
    <con:expandNodeState>
      <con:id>e1b975aa-04c1-4826-ad8e-07ef0637263b</con:id>
      <con:expandState>true</con:expandState>
    </con:expandNodeState>
    <con:expandNodeState>
      <con:id>608eb949-2fa1-4a67-8d64-bd93d27bc8fd</con:id>
      <con:expandState>true</con:expandState>
    </con:expandNodeState>
    <con:expandNodeState>
      <con:id>b3805ac0-7fd7-430d-9463-53921b8ee778</con:id>
      <con:expandState>true</con:expandState>
    </con:expandNodeState>
    <con:expandNodeState>
      <con:id>89a37c73-0ca4-42d9-81ee-537ae764a542</con:id>
      <con:expandState>false</con:expandState>
    </con:expandNodeState>
    <con:expandNodeState>
      <con:id>ab51828a-fde9-4755-a1cc-b725c0642086</con:id>
      <con:expandState>true</con:expandState>
    </con:expandNodeState>
    <con:expandNodeState>
      <con:id>3e44b956-bb81-4e49-9f49-4d666cfbdb3e</con:id>
      <con:expandState>true</con:expandState>
    </con:expandNodeState>
    <con:expandNodeState>
      <con:id>4398c21a-2462-4751-93d4-b876dc2bd1c8</con:id>
      <con:expandState>false</con:expandState>
    </con:expandNodeState>
    <con:expandNodeState>
      <con:id>77dc654d-ec8e-419f-9447-b53254575f63</con:id>
      <con:expandState>true</con:expandState>
    </con:expandNodeState>
    <con:expandNodeState>
      <con:id>d8804a76-bbd2-49cc-9732-d6f99a5896fc</con:id>
      <con:expandState>false</con:expandState>
    </con:expandNodeState>
    <con:expandNodeState>
      <con:id>e535db75-3ed1-4e79-b8ca-5cb728e7044b</con:id>
      <con:expandState>true</con:expandState>
    </con:expandNodeState>
    <con:expandNodeState>
      <con:id>f140ae72-6bab-4ff3-846a-06a94f3fb0d3</con:id>
      <con:expandState>false</con:expandState>
    </con:expandNodeState>
    <con:expandNodeState>
      <con:id>f9c3166e-14d0-4098-9791-841d15e87fcc</con:id>
      <con:expandState>false</con:expandState>
    </con:expandNodeState>
    <con:expandNodeState>
      <con:id>37c04593-297b-4f30-8bbd-f8e2360133cc</con:id>
      <con:expandState>false</con:expandState>
    </con:expandNodeState>
    <con:expandNodeState>
      <con:id>2c1f78f4-be6e-41f5-be83-51bc57c0165a</con:id>
      <con:expandState>false</con:expandState>
    </con:expandNodeState>
    <con:expandNodeState>
      <con:id>f666dc0e-ec54-47b0-b7af-f9425afaefe5</con:id>
      <con:expandState>true</con:expandState>
    </con:expandNodeState>
    <con:expandNodeState>
      <con:id>f711b422-efbe-4fc6-a28f-583cb4775175</con:id>
      <con:expandState>false</con:expandState>
    </con:expandNodeState>
    <con:expandNodeState>
      <con:id>0d0555da-b244-4e09-a0db-eaee770e33b2</con:id>
      <con:expandState>true</con:expandState>
    </con:expandNodeState>
    <con:expandNodeState>
      <con:id>87768840-0930-4bbe-a338-a42f5a5cb998</con:id>
      <con:expandState>true</con:expandState>
    </con:expandNodeState>
    <con:expandNodeState>
      <con:id>7c19c94d-1df9-48ac-b488-576e0b3a202f</con:id>
      <con:expandState>false</con:expandState>
    </con:expandNodeState>
    <con:expandNodeState>
      <con:id>426401e2-65a2-4b30-a61a-ee7737731790</con:id>
      <con:expandState>false</con:expandState>
    </con:expandNodeState>
    <con:expandNodeState>
      <con:id>4ba9bfc6-9b5e-4fb7-8a84-69c2a7c03a97</con:id>
      <con:expandState>false</con:expandState>
    </con:expandNodeState>
    <con:expandNodeState>
      <con:id>55bd84d6-55bb-49ef-b672-f58aff4c672c</con:id>
      <con:expandState>true</con:expandState>
    </con:expandNodeState>
    <con:expandNodeState>
      <con:id>52812632-4ec8-4116-8c1b-3c2bf21f32f8</con:id>
      <con:expandState>true</con:expandState>
    </con:expandNodeState>
    <con:expandNodeState>
      <con:id>7525ca10-0d7e-486c-abff-5a1355286f99</con:id>
      <con:expandState>true</con:expandState>
    </con:expandNodeState>
    <con:expandNodeState>
      <con:id>080d3796-52de-42c9-9bd2-c2f42708c6dd</con:id>
      <con:expandState>true</con:expandState>
    </con:expandNodeState>
    <con:expandNodeState>
      <con:id>3593f4d0-729f-4d35-8dbc-62bc1f97dbf5</con:id>
      <con:expandState>true</con:expandState>
    </con:expandNodeState>
    <con:expandNodeState>
      <con:id>35b4b4d3-fdf7-4e3f-87b4-ee7e76e6c235</con:id>
      <con:expandState>true</con:expandState>
    </con:expandNodeState>
    <con:expandNodeState>
      <con:id>1ba69bbf-68cd-4462-a01d-cecb0f04213e</con:id>
      <con:expandState>true</con:expandState>
    </con:expandNodeState>
    <con:expandNodeState>
      <con:id>89a5a720-5970-419f-9145-cb16a498c099</con:id>
      <con:expandState>false</con:expandState>
    </con:expandNodeState>
    <con:expandNodeState>
      <con:id>e4baebaa-d596-4145-90b1-2d0e87bb5fbd</con:id>
      <con:expandState>true</con:expandState>
    </con:expandNodeState>
    <con:expandNodeState>
      <con:id>ac8e1a06-c34c-476d-a2cb-e0695e296856</con:id>
      <con:expandState>true</con:expandState>
    </con:expandNodeState>
    <con:expandNodeState>
      <con:id>d4618dfa-ded7-4964-814c-9b92c0fe3bae</con:id>
      <con:expandState>false</con:expandState>
    </con:expandNodeState>
    <con:expandNodeState>
      <con:id>e5f6bab0-5ee3-495d-9518-e0c1cc05c726</con:id>
      <con:expandState>false</con:expandState>
    </con:expandNodeState>
    <con:expandNodeState>
      <con:id>63a9f899-6308-4d6e-90eb-6129d2bf5ec0</con:id>
      <con:expandState>false</con:expandState>
    </con:expandNodeState>
    <con:expandNodeState>
      <con:id>18501478-1ec1-4e46-b87f-1251c90938ec</con:id>
      <con:expandState>false</con:expandState>
    </con:expandNodeState>
    <con:expandNodeState>
      <con:id>bf1cfdb1-b3c8-48a5-bc19-58a24497a172</con:id>
      <con:expandState>false</con:expandState>
    </con:expandNodeState>
    <con:expandNodeState>
      <con:id>63a0346f-1a8d-4733-863f-7c6da4515f0c</con:id>
      <con:expandState>false</con:expandState>
    </con:expandNodeState>
    <con:expandNodeState>
      <con:id>94ca7ff4-e4fc-4503-a4bd-cf161445d63c</con:id>
      <con:expandState>false</con:expandState>
    </con:expandNodeState>
    <con:expandNodeState>
      <con:id>6a5f33ef-faab-48f7-973b-93ef30f98678</con:id>
      <con:expandState>false</con:expandState>
    </con:expandNodeState>
    <con:expandNodeState>
      <con:id>19f306cb-9bae-41f3-b7c3-e4959ec81978</con:id>
      <con:expandState>false</con:expandState>
    </con:expandNodeState>
    <con:expandNodeState>
      <con:id>67ba136d-c7a7-4508-a5b3-4bb4787bb6c6</con:id>
      <con:expandState>false</con:expandState>
    </con:expandNodeState>
    <con:expandNodeState>
      <con:id>5d177f1f-b3b8-4ab3-844d-820e7afd3a46</con:id>
      <con:expandState>false</con:expandState>
    </con:expandNodeState>
    <con:expandNodeState>
      <con:id>fea65cc5-5243-488c-8cca-ea5463cfa341</con:id>
      <con:expandState>true</con:expandState>
    </con:expandNodeState>
    <con:expandNodeState>
      <con:id>79c23fbc-31e3-4c91-a588-aa118f03bfc5</con:id>
      <con:expandState>true</con:expandState>
    </con:expandNodeState>
    <con:expandNodeState>
      <con:id>32c7f064-9245-4b5a-a126-b46a190dbf9c</con:id>
      <con:expandState>true</con:expandState>
    </con:expandNodeState>
    <con:expandNodeState>
      <con:id>7df6b5db-e0ca-4052-bd1c-fa91bb8c4f28</con:id>
      <con:expandState>true</con:expandState>
    </con:expandNodeState>
    <con:expandNodeState>
      <con:id>2c500f69-5c8b-4da6-bd31-61c96ce07e9c</con:id>
      <con:expandState>true</con:expandState>
    </con:expandNodeState>
    <con:expandNodeState>
      <con:id>2286e7bb-a2ee-4ca3-b3d3-40501322c381</con:id>
      <con:expandState>true</con:expandState>
    </con:expandNodeState>
    <con:expandNodeState>
      <con:id>5825d166-82d6-4dfc-b323-82bbe446c511</con:id>
      <con:expandState>true</con:expandState>
    </con:expandNodeState>
    <con:expandNodeState>
      <con:id>03bfcbb5-0b4c-4138-9877-5b3c96e6e728</con:id>
      <con:expandState>false</con:expandState>
    </con:expandNodeState>
    <con:expandNodeState>
      <con:id>63492137-0fb1-4c46-a21c-6dc28dc3c6bb</con:id>
      <con:expandState>true</con:expandState>
    </con:expandNodeState>
    <con:expandNodeState>
      <con:id>8906dd69-362f-4bb6-a377-d085f6c977c1</con:id>
      <con:expandState>true</con:expandState>
    </con:expandNodeState>
    <con:expandNodeState>
      <con:id>e3ede794-f15a-4ccc-96cb-fd513be14362</con:id>
      <con:expandState>false</con:expandState>
    </con:expandNodeState>
    <con:expandNodeState>
      <con:id>ab2802bb-76fe-458a-a70c-e64867f84b92</con:id>
      <con:expandState>false</con:expandState>
    </con:expandNodeState>
    <con:expandNodeState>
      <con:id>7988da36-235c-46eb-ba8c-2ecac4b56785</con:id>
      <con:expandState>false</con:expandState>
    </con:expandNodeState>
    <con:expandNodeState>
      <con:id>41bdd0ee-81ea-4b7a-a738-e2b47621ade5</con:id>
      <con:expandState>false</con:expandState>
    </con:expandNodeState>
    <con:expandNodeState>
      <con:id>a2443825-af3b-4021-9faf-79ec90f695c6</con:id>
      <con:expandState>false</con:expandState>
    </con:expandNodeState>
    <con:expandNodeState>
      <con:id>cde3bb19-5888-4d79-9647-b01fc13dd406</con:id>
      <con:expandState>false</con:expandState>
    </con:expandNodeState>
    <con:expandNodeState>
      <con:id>4c8ac5f4-323a-40d2-8467-3644b814f6a3</con:id>
      <con:expandState>false</con:expandState>
    </con:expandNodeState>
    <con:expandNodeState>
      <con:id>77643704-74ae-46ef-a68a-ad8987f108f2</con:id>
      <con:expandState>false</con:expandState>
    </con:expandNodeState>
    <con:expandNodeState>
      <con:id>ca54338f-91dd-4320-a5ee-81a7e46f187c</con:id>
      <con:expandState>false</con:expandState>
    </con:expandNodeState>
    <con:expandNodeState>
      <con:id>3c798df7-b59c-487e-a86e-dc7b2a5577b7</con:id>
      <con:expandState>false</con:expandState>
    </con:expandNodeState>
    <con:expandNodeState>
      <con:id>0a126634-05e4-4a1c-81e6-5cbde1cd0044</con:id>
      <con:expandState>false</con:expandState>
    </con:expandNodeState>
    <con:expandNodeState>
      <con:id>6af3a823-4dfb-46e5-b7f3-712e2aea1652</con:id>
      <con:expandState>false</con:expandState>
    </con:expandNodeState>
    <con:expandNodeState>
      <con:id>14317ca0-f784-4537-a539-bc3d9b96e0c7</con:id>
      <con:expandState>false</con:expandState>
    </con:expandNodeState>
    <con:expandNodeState>
      <con:id>4c73d984-0a56-40ba-90f9-912aaf6c8c1d</con:id>
      <con:expandState>false</con:expandState>
    </con:expandNodeState>
    <con:expandNodeState>
      <con:id>ce706e00-5835-4a04-86c5-8e139917319e</con:id>
      <con:expandState>false</con:expandState>
    </con:expandNodeState>
    <con:expandNodeState>
      <con:id>c992d0d9-0fd6-40ad-a18d-4451546a5329</con:id>
      <con:expandState>false</con:expandState>
    </con:expandNodeState>
    <con:expandNodeState>
      <con:id>6d9be8b2-e7a7-4e6b-b2e8-cb8647f8692f</con:id>
      <con:expandState>false</con:expandState>
    </con:expandNodeState>
    <con:expandNodeState>
      <con:id>af72dfe4-4648-4d5f-bed0-76f971a28d89</con:id>
      <con:expandState>false</con:expandState>
    </con:expandNodeState>
    <con:expandNodeState>
      <con:id>5bbf3eb5-f8f0-403e-94f4-65a8acb73df9</con:id>
      <con:expandState>false</con:expandState>
    </con:expandNodeState>
    <con:expandNodeState>
      <con:id>ccc259f9-9682-4397-9eed-ecd3b1df0740</con:id>
      <con:expandState>false</con:expandState>
    </con:expandNodeState>
    <con:expandNodeState>
      <con:id>6b9d64f6-6262-4692-bc95-87be2688fae8</con:id>
      <con:expandState>false</con:expandState>
    </con:expandNodeState>
    <con:expandNodeState>
      <con:id>fd8d72b6-5535-483a-a442-bd30d2871c9b</con:id>
      <con:expandState>false</con:expandState>
    </con:expandNodeState>
    <con:expandNodeState>
      <con:id>149d4d03-3eda-41ac-b3cc-a07c76160ab5</con:id>
      <con:expandState>false</con:expandState>
    </con:expandNodeState>
    <con:expandNodeState>
      <con:id>e1e25a32-b432-4dea-a6a7-f6f99b8b9dfa</con:id>
      <con:expandState>false</con:expandState>
    </con:expandNodeState>
    <con:expandNodeState>
      <con:id>233576a9-82a1-412a-919e-df3aad17ea2c</con:id>
      <con:expandState>false</con:expandState>
    </con:expandNodeState>
    <con:expandNodeState>
      <con:id>88cfe92d-54da-487a-a8cf-6646a41d211b</con:id>
      <con:expandState>true</con:expandState>
    </con:expandNodeState>
    <con:expandNodeState>
      <con:id>364a1d23-1a08-4765-a702-977e569959e3</con:id>
      <con:expandState>false</con:expandState>
    </con:expandNodeState>
    <con:expandNodeState>
      <con:id>13e32c9b-b971-4724-9fb4-0c410c6ac4e8</con:id>
      <con:expandState>false</con:expandState>
    </con:expandNodeState>
    <con:expandNodeState>
      <con:id>5169fbc5-efc5-47c2-91ea-bd7fabc45691</con:id>
      <con:expandState>false</con:expandState>
    </con:expandNodeState>
    <con:expandNodeState>
      <con:id>47d157ca-1a7a-4aa6-8429-ba7f36a25ac4</con:id>
      <con:expandState>false</con:expandState>
    </con:expandNodeState>
    <con:expandNodeState>
      <con:id>f9eaadb6-b809-493b-85ea-9adf4efcd425</con:id>
      <con:expandState>false</con:expandState>
    </con:expandNodeState>
    <con:expandNodeState>
      <con:id>4cc50a26-800d-43bc-a187-aa9ba23b7ac6</con:id>
      <con:expandState>false</con:expandState>
    </con:expandNodeState>
    <con:expandNodeState>
      <con:id>e42681d4-c330-4fe2-8dec-edb360b3cd56</con:id>
      <con:expandState>false</con:expandState>
    </con:expandNodeState>
    <con:expandNodeState>
      <con:id>ab97a9c3-6dd2-44e3-b1ff-f7c561f19340</con:id>
      <con:expandState>false</con:expandState>
    </con:expandNodeState>
    <con:expandNodeState>
      <con:id>1f077356-97f6-4542-8150-6f5f4b7bb587</con:id>
      <con:expandState>false</con:expandState>
    </con:expandNodeState>
    <con:expandNodeState>
      <con:id>ce8bb551-6406-48ca-8234-57e4f8da5c94</con:id>
      <con:expandState>false</con:expandState>
    </con:expandNodeState>
    <con:expandNodeState>
      <con:id>ba350da3-78a2-4e5d-8d8d-f7f60eaae69c</con:id>
      <con:expandState>false</con:expandState>
    </con:expandNodeState>
    <con:expandNodeState>
      <con:id>8fcd8559-1bf4-492d-91a2-8937bf9f466c</con:id>
      <con:expandState>false</con:expandState>
    </con:expandNodeState>
  </con:navigatorNodeCollection>
  <con:navigatorNodeCollection>
    <con:rootNodeLabel>Projects</con:rootNodeLabel>
    <con:expandNodeState>
      <con:id>a01e23c3-3219-41de-b0cb-17706bb9b33a</con:id>
      <con:expandState>false</con:expandState>
    </con:expandNodeState>
    <con:expandNodeState>
      <con:id>e1b975aa-04c1-4826-ad8e-07ef0637263b</con:id>
      <con:expandState>false</con:expandState>
    </con:expandNodeState>
    <con:expandNodeState>
      <con:id>426401e2-65a2-4b30-a61a-ee7737731790</con:id>
      <con:expandState>false</con:expandState>
    </con:expandNodeState>
    <con:expandNodeState>
      <con:id>4ba9bfc6-9b5e-4fb7-8a84-69c2a7c03a97</con:id>
      <con:expandState>false</con:expandState>
    </con:expandNodeState>
    <con:expandNodeState>
      <con:id>ab51828a-fde9-4755-a1cc-b725c0642086</con:id>
      <con:expandState>true</con:expandState>
    </con:expandNodeState>
    <con:expandNodeState>
      <con:id>37c04593-297b-4f30-8bbd-f8e2360133cc</con:id>
      <con:expandState>true</con:expandState>
    </con:expandNodeState>
    <con:expandNodeState>
      <con:id>f9c3166e-14d0-4098-9791-841d15e87fcc</con:id>
      <con:expandState>false</con:expandState>
    </con:expandNodeState>
    <con:expandNodeState>
      <con:id>f140ae72-6bab-4ff3-846a-06a94f3fb0d3</con:id>
      <con:expandState>false</con:expandState>
    </con:expandNodeState>
    <con:expandNodeState>
      <con:id>77dc654d-ec8e-419f-9447-b53254575f63</con:id>
      <con:expandState>false</con:expandState>
    </con:expandNodeState>
    <con:expandNodeState>
      <con:id>d8804a76-bbd2-49cc-9732-d6f99a5896fc</con:id>
      <con:expandState>false</con:expandState>
    </con:expandNodeState>
    <con:expandNodeState>
      <con:id>e535db75-3ed1-4e79-b8ca-5cb728e7044b</con:id>
      <con:expandState>false</con:expandState>
    </con:expandNodeState>
    <con:expandNodeState>
      <con:id>7525ca10-0d7e-486c-abff-5a1355286f99</con:id>
      <con:expandState>false</con:expandState>
    </con:expandNodeState>
    <con:expandNodeState>
      <con:id>f711b422-efbe-4fc6-a28f-583cb4775175</con:id>
      <con:expandState>false</con:expandState>
    </con:expandNodeState>
    <con:expandNodeState>
      <con:id>d4618dfa-ded7-4964-814c-9b92c0fe3bae</con:id>
      <con:expandState>true</con:expandState>
    </con:expandNodeState>
    <con:expandNodeState>
      <con:id>75882267-bb76-4bac-bf9b-b77291d62e52</con:id>
      <con:expandState>true</con:expandState>
    </con:expandNodeState>
    <con:expandNodeState>
      <con:id>e6f588eb-b78c-49c3-88ea-713476ef900e</con:id>
      <con:expandState>true</con:expandState>
    </con:expandNodeState>
    <con:expandNodeState>
      <con:id>e1e25a32-b432-4dea-a6a7-f6f99b8b9dfa</con:id>
      <con:expandState>true</con:expandState>
    </con:expandNodeState>
    <con:expandNodeState>
      <con:id>8109c3f5-d0de-4374-810e-9640685bccec</con:id>
      <con:expandState>true</con:expandState>
    </con:expandNodeState>
    <con:expandNodeState>
      <con:id>0c973f9f-a5c9-412b-8c1f-abcf7b1df058</con:id>
      <con:expandState>true</con:expandState>
    </con:expandNodeState>
    <con:expandNodeState>
      <con:id>149d4d03-3eda-41ac-b3cc-a07c76160ab5</con:id>
      <con:expandState>true</con:expandState>
    </con:expandNodeState>
    <con:expandNodeState>
      <con:id>8015f6bf-435a-4d8e-96bf-5f58ffaf1cab</con:id>
      <con:expandState>false</con:expandState>
    </con:expandNodeState>
    <con:expandNodeState>
      <con:id>288fcf9b-9659-43bb-9537-ac761c0b2d3b</con:id>
      <con:expandState>false</con:expandState>
    </con:expandNodeState>
    <con:expandNodeState>
      <con:id>e5f6bab0-5ee3-495d-9518-e0c1cc05c726</con:id>
      <con:expandState>true</con:expandState>
    </con:expandNodeState>
    <con:expandNodeState>
      <con:id>63a9f899-6308-4d6e-90eb-6129d2bf5ec0</con:id>
      <con:expandState>true</con:expandState>
    </con:expandNodeState>
    <con:expandNodeState>
      <con:id>2c500f69-5c8b-4da6-bd31-61c96ce07e9c</con:id>
      <con:expandState>true</con:expandState>
    </con:expandNodeState>
    <con:expandNodeState>
      <con:id>03bfcbb5-0b4c-4138-9877-5b3c96e6e728</con:id>
      <con:expandState>false</con:expandState>
    </con:expandNodeState>
    <con:expandNodeState>
      <con:id>ab2802bb-76fe-458a-a70c-e64867f84b92</con:id>
      <con:expandState>false</con:expandState>
    </con:expandNodeState>
    <con:expandNodeState>
      <con:id>7598ff23-57bc-45ed-8302-58981ea4c27e</con:id>
      <con:expandState>true</con:expandState>
    </con:expandNodeState>
    <con:expandNodeState>
      <con:id>596313f5-b303-427d-a2b5-a21905aa0005</con:id>
      <con:expandState>true</con:expandState>
    </con:expandNodeState>
    <con:expandNodeState>
      <con:id>4c73d984-0a56-40ba-90f9-912aaf6c8c1d</con:id>
      <con:expandState>true</con:expandState>
    </con:expandNodeState>
    <con:expandNodeState>
      <con:id>e3ede794-f15a-4ccc-96cb-fd513be14362</con:id>
      <con:expandState>false</con:expandState>
    </con:expandNodeState>
    <con:expandNodeState>
      <con:id>b3b23627-d0c2-4372-92a9-b0b4e558e140</con:id>
      <con:expandState>false</con:expandState>
    </con:expandNodeState>
    <con:expandNodeState>
      <con:id>7988da36-235c-46eb-ba8c-2ecac4b56785</con:id>
      <con:expandState>false</con:expandState>
    </con:expandNodeState>
    <con:expandNodeState>
      <con:id>41bdd0ee-81ea-4b7a-a738-e2b47621ade5</con:id>
      <con:expandState>false</con:expandState>
    </con:expandNodeState>
    <con:expandNodeState>
      <con:id>a2443825-af3b-4021-9faf-79ec90f695c6</con:id>
      <con:expandState>false</con:expandState>
    </con:expandNodeState>
    <con:expandNodeState>
      <con:id>cde3bb19-5888-4d79-9647-b01fc13dd406</con:id>
      <con:expandState>false</con:expandState>
    </con:expandNodeState>
    <con:expandNodeState>
      <con:id>4c8ac5f4-323a-40d2-8467-3644b814f6a3</con:id>
      <con:expandState>false</con:expandState>
    </con:expandNodeState>
    <con:expandNodeState>
      <con:id>6af3a823-4dfb-46e5-b7f3-712e2aea1652</con:id>
      <con:expandState>true</con:expandState>
    </con:expandNodeState>
    <con:expandNodeState>
      <con:id>14317ca0-f784-4537-a539-bc3d9b96e0c7</con:id>
      <con:expandState>false</con:expandState>
    </con:expandNodeState>
    <con:expandNodeState>
      <con:id>314088f3-d665-44f3-a0e5-f57962057c5d</con:id>
      <con:expandState>true</con:expandState>
    </con:expandNodeState>
    <con:expandNodeState>
      <con:id>85664db0-7879-4297-b51f-3d91428b299d</con:id>
      <con:expandState>true</con:expandState>
    </con:expandNodeState>
    <con:expandNodeState>
      <con:id>7e1ec5e1-a6a2-47ae-a31a-772f731104ff</con:id>
      <con:expandState>true</con:expandState>
    </con:expandNodeState>
    <con:expandNodeState>
      <con:id>f88b46af-5e57-4094-809b-95d8d027b69e</con:id>
      <con:expandState>true</con:expandState>
    </con:expandNodeState>
    <con:expandNodeState>
      <con:id>6b9d64f6-6262-4692-bc95-87be2688fae8</con:id>
      <con:expandState>true</con:expandState>
    </con:expandNodeState>
    <con:expandNodeState>
      <con:id>fd1ed10a-f5c0-4940-b6a5-ab636d2df66d</con:id>
      <con:expandState>true</con:expandState>
    </con:expandNodeState>
    <con:expandNodeState>
      <con:id>7599851b-42a8-415c-92ac-7b37e230604b</con:id>
      <con:expandState>true</con:expandState>
    </con:expandNodeState>
    <con:expandNodeState>
      <con:id>fd8d72b6-5535-483a-a442-bd30d2871c9b</con:id>
      <con:expandState>true</con:expandState>
    </con:expandNodeState>
    <con:expandNodeState>
      <con:id>8ffb11bc-47ec-4c94-b253-f88e11915679</con:id>
      <con:expandState>true</con:expandState>
    </con:expandNodeState>
    <con:expandNodeState>
      <con:id>1d8fb762-86cc-4028-9439-857c48ba9c76</con:id>
      <con:expandState>true</con:expandState>
    </con:expandNodeState>
    <con:expandNodeState>
      <con:id>e0fdf2f0-04ad-4037-9cf3-f6b385ee56d0</con:id>
      <con:expandState>false</con:expandState>
    </con:expandNodeState>
    <con:expandNodeState>
      <con:id>4ffaef0e-6c40-4482-9f10-0e24d475bf49</con:id>
      <con:expandState>false</con:expandState>
    </con:expandNodeState>
    <con:expandNodeState>
      <con:id>899428ca-73ed-470b-bea6-9defaaf2f282</con:id>
      <con:expandState>false</con:expandState>
    </con:expandNodeState>
    <con:expandNodeState>
      <con:id>91bb0088-907e-4adc-b73d-2adb33d7ec62</con:id>
      <con:expandState>false</con:expandState>
    </con:expandNodeState>
    <con:expandNodeState>
      <con:id>58420b8c-8377-41ff-95e1-2de67e5a92e9</con:id>
      <con:expandState>true</con:expandState>
    </con:expandNodeState>
    <con:expandNodeState>
      <con:id>63a35af1-331d-4b89-979c-4891b439013e</con:id>
      <con:expandState>true</con:expandState>
    </con:expandNodeState>
    <con:expandNodeState>
      <con:id>108b7dbc-f384-4aa3-a91f-535c1512952c</con:id>
      <con:expandState>true</con:expandState>
    </con:expandNodeState>
    <con:expandNodeState>
      <con:id>9dc671bd-1ad8-4ac7-9057-64f1450f2a79</con:id>
      <con:expandState>true</con:expandState>
    </con:expandNodeState>
    <con:expandNodeState>
      <con:id>ccc259f9-9682-4397-9eed-ecd3b1df0740</con:id>
      <con:expandState>true</con:expandState>
    </con:expandNodeState>
    <con:expandNodeState>
      <con:id>4329927b-7e5e-4775-a94c-17bcd6a864ea</con:id>
      <con:expandState>true</con:expandState>
    </con:expandNodeState>
    <con:expandNodeState>
      <con:id>636cfafc-5916-4f58-84f1-57f2b7fb6336</con:id>
      <con:expandState>true</con:expandState>
    </con:expandNodeState>
    <con:expandNodeState>
      <con:id>af6190cc-dfec-4d9e-9037-3d45496abc3f</con:id>
      <con:expandState>true</con:expandState>
    </con:expandNodeState>
    <con:expandNodeState>
      <con:id>490b365f-a70e-4862-accb-081ef63aa38c</con:id>
      <con:expandState>true</con:expandState>
    </con:expandNodeState>
    <con:expandNodeState>
      <con:id>168c0286-46ae-4f3e-a579-bf7fd688ec9b</con:id>
      <con:expandState>false</con:expandState>
    </con:expandNodeState>
    <con:expandNodeState>
      <con:id>9f2fcc7e-874d-4cf1-a65c-a900de5cd1cf</con:id>
      <con:expandState>false</con:expandState>
    </con:expandNodeState>
    <con:expandNodeState>
      <con:id>56f782f3-4c0f-449c-8529-5ac45c87b73c</con:id>
      <con:expandState>true</con:expandState>
    </con:expandNodeState>
    <con:expandNodeState>
      <con:id>d2fed159-5aeb-4a07-b7d5-ad4747cc0a88</con:id>
      <con:expandState>true</con:expandState>
    </con:expandNodeState>
    <con:expandNodeState>
      <con:id>68fb44e1-3d7c-43f4-99d5-6a77091fade5</con:id>
      <con:expandState>true</con:expandState>
    </con:expandNodeState>
    <con:expandNodeState>
      <con:id>d4e3a6b7-aa91-433f-8ec2-f1a578000e27</con:id>
      <con:expandState>true</con:expandState>
    </con:expandNodeState>
    <con:expandNodeState>
      <con:id>7d07da9f-bd0f-4d19-b9a1-836ee781464c</con:id>
      <con:expandState>true</con:expandState>
    </con:expandNodeState>
    <con:expandNodeState>
      <con:id>f52a2c33-991b-41ca-9df6-dcc85cf8f245</con:id>
      <con:expandState>true</con:expandState>
    </con:expandNodeState>
    <con:expandNodeState>
      <con:id>b4f557f5-365d-4b12-b107-4186e83f6176</con:id>
      <con:expandState>true</con:expandState>
    </con:expandNodeState>
    <con:expandNodeState>
      <con:id>1b791526-3b40-4421-a560-fd8573621420</con:id>
      <con:expandState>true</con:expandState>
    </con:expandNodeState>
    <con:expandNodeState>
      <con:id>9fbb15a3-defd-44d6-b452-06d00eed3b3d</con:id>
      <con:expandState>true</con:expandState>
    </con:expandNodeState>
    <con:expandNodeState>
      <con:id>78225f30-ac27-4fc1-b283-2688b59cb02f</con:id>
      <con:expandState>false</con:expandState>
    </con:expandNodeState>
    <con:expandNodeState>
      <con:id>79af14ae-8458-4193-9e64-bfedcbdf4c8d</con:id>
      <con:expandState>false</con:expandState>
    </con:expandNodeState>
    <con:expandNodeState>
      <con:id>e6452310-2f29-4284-9ece-cb32429480ba</con:id>
      <con:expandState>false</con:expandState>
    </con:expandNodeState>
    <con:expandNodeState>
      <con:id>e797655c-ad00-475c-9c29-65305f150231</con:id>
      <con:expandState>true</con:expandState>
    </con:expandNodeState>
    <con:expandNodeState>
      <con:id>68183bf7-f394-4d75-87cb-60ebf300fbfd</con:id>
      <con:expandState>true</con:expandState>
    </con:expandNodeState>
    <con:expandNodeState>
      <con:id>3c5d7344-ef8d-4ae7-936d-0be34347a4ea</con:id>
      <con:expandState>true</con:expandState>
    </con:expandNodeState>
    <con:expandNodeState>
      <con:id>25c320e9-1911-4bb4-b91f-5217e5f23130</con:id>
      <con:expandState>true</con:expandState>
    </con:expandNodeState>
    <con:expandNodeState>
      <con:id>e7d85b39-055b-47c5-8d5a-64403ad36792</con:id>
      <con:expandState>true</con:expandState>
    </con:expandNodeState>
    <con:expandNodeState>
      <con:id>364a1d23-1a08-4765-a702-977e569959e3</con:id>
      <con:expandState>false</con:expandState>
    </con:expandNodeState>
    <con:expandNodeState>
      <con:id>d71f2d68-0898-469a-81cc-9e98eea404c6</con:id>
      <con:expandState>true</con:expandState>
    </con:expandNodeState>
    <con:expandNodeState>
      <con:id>86652e0c-3435-421a-b2a5-72d5a348d4a1</con:id>
      <con:expandState>true</con:expandState>
    </con:expandNodeState>
    <con:expandNodeState>
      <con:id>13e32c9b-b971-4724-9fb4-0c410c6ac4e8</con:id>
      <con:expandState>false</con:expandState>
    </con:expandNodeState>
    <con:expandNodeState>
      <con:id>aa4d3101-66bf-4494-81d4-5c5e1ee133a6</con:id>
      <con:expandState>true</con:expandState>
    </con:expandNodeState>
    <con:expandNodeState>
      <con:id>cddf1975-974b-419c-a752-6b12c084caee</con:id>
      <con:expandState>true</con:expandState>
    </con:expandNodeState>
    <con:expandNodeState>
      <con:id>5169fbc5-efc5-47c2-91ea-bd7fabc45691</con:id>
      <con:expandState>false</con:expandState>
    </con:expandNodeState>
    <con:expandNodeState>
      <con:id>32b26a9b-c6a9-4236-a140-adb9de5a95ef</con:id>
      <con:expandState>true</con:expandState>
    </con:expandNodeState>
    <con:expandNodeState>
      <con:id>2bff1ce3-e4f6-4f42-bde0-0af644b9119b</con:id>
      <con:expandState>true</con:expandState>
    </con:expandNodeState>
    <con:expandNodeState>
      <con:id>cd9e8461-506b-4d40-a7c5-7d6b1231af30</con:id>
      <con:expandState>true</con:expandState>
    </con:expandNodeState>
    <con:expandNodeState>
      <con:id>ddb06fba-168e-4f30-88d7-b9066f358477</con:id>
      <con:expandState>true</con:expandState>
    </con:expandNodeState>
    <con:expandNodeState>
      <con:id>47d157ca-1a7a-4aa6-8429-ba7f36a25ac4</con:id>
      <con:expandState>false</con:expandState>
    </con:expandNodeState>
    <con:expandNodeState>
      <con:id>6c16405f-98dd-484a-b9b5-3da58943499d</con:id>
      <con:expandState>true</con:expandState>
    </con:expandNodeState>
    <con:expandNodeState>
      <con:id>bbfa92b5-dbfc-42de-8c0c-ef2761c22f4d</con:id>
      <con:expandState>true</con:expandState>
    </con:expandNodeState>
    <con:expandNodeState>
      <con:id>f9eaadb6-b809-493b-85ea-9adf4efcd425</con:id>
      <con:expandState>false</con:expandState>
    </con:expandNodeState>
    <con:expandNodeState>
      <con:id>a176551a-0666-41f3-ae3c-b6e54af582fe</con:id>
      <con:expandState>true</con:expandState>
    </con:expandNodeState>
    <con:expandNodeState>
      <con:id>4595dca0-2cb3-47dd-a306-8f01cb15941c</con:id>
      <con:expandState>true</con:expandState>
    </con:expandNodeState>
    <con:expandNodeState>
      <con:id>4cc50a26-800d-43bc-a187-aa9ba23b7ac6</con:id>
      <con:expandState>false</con:expandState>
    </con:expandNodeState>
    <con:expandNodeState>
      <con:id>6d3b57a7-92e4-4530-bb5b-42f9a613db76</con:id>
      <con:expandState>true</con:expandState>
    </con:expandNodeState>
    <con:expandNodeState>
      <con:id>f3e722c7-eb89-4e59-9e17-cd0fe4411748</con:id>
      <con:expandState>true</con:expandState>
    </con:expandNodeState>
    <con:expandNodeState>
      <con:id>e42681d4-c330-4fe2-8dec-edb360b3cd56</con:id>
      <con:expandState>false</con:expandState>
    </con:expandNodeState>
    <con:expandNodeState>
      <con:id>be66f829-c343-45d8-a3c7-3e32462c0745</con:id>
      <con:expandState>true</con:expandState>
    </con:expandNodeState>
    <con:expandNodeState>
      <con:id>b09b4cdd-23ad-4acf-bf60-f00f4c94e9c6</con:id>
      <con:expandState>true</con:expandState>
    </con:expandNodeState>
    <con:expandNodeState>
      <con:id>fe8ce4e2-4fce-4038-b31b-124f4cd164d7</con:id>
      <con:expandState>false</con:expandState>
    </con:expandNodeState>
    <con:expandNodeState>
      <con:id>596dd1bb-d755-4b45-b618-ebc8d4f40e9b</con:id>
      <con:expandState>false</con:expandState>
    </con:expandNodeState>
    <con:expandNodeState>
      <con:id>683d8c25-034d-4c71-a8e0-d616da050621</con:id>
      <con:expandState>false</con:expandState>
    </con:expandNodeState>
    <con:expandNodeState>
      <con:id>30180e62-116a-4d97-a488-244a0541f228</con:id>
      <con:expandState>false</con:expandState>
    </con:expandNodeState>
    <con:expandNodeState>
      <con:id>1f077356-97f6-4542-8150-6f5f4b7bb587</con:id>
      <con:expandState>false</con:expandState>
    </con:expandNodeState>
    <con:expandNodeState>
      <con:id>3b188170-60a7-4834-9ae2-2b8208d94647</con:id>
      <con:expandState>true</con:expandState>
    </con:expandNodeState>
    <con:expandNodeState>
      <con:id>b4d5c9b1-1141-4915-b15f-b376300209f8</con:id>
      <con:expandState>true</con:expandState>
    </con:expandNodeState>
    <con:expandNodeState>
      <con:id>ce8bb551-6406-48ca-8234-57e4f8da5c94</con:id>
      <con:expandState>false</con:expandState>
    </con:expandNodeState>
    <con:expandNodeState>
      <con:id>98da439f-0c35-42d7-afdf-d35d4b007817</con:id>
      <con:expandState>true</con:expandState>
    </con:expandNodeState>
    <con:expandNodeState>
      <con:id>c43e12aa-6ca5-4beb-9ebb-6e134197f246</con:id>
      <con:expandState>true</con:expandState>
    </con:expandNodeState>
    <con:expandNodeState>
      <con:id>64086951-5c59-44fe-bd2c-b71e084f4749</con:id>
      <con:expandState>false</con:expandState>
    </con:expandNodeState>
    <con:expandNodeState>
      <con:id>5679243b-b97b-480f-b01d-e86b3d53cdc7</con:id>
      <con:expandState>false</con:expandState>
    </con:expandNodeState>
    <con:expandNodeState>
      <con:id>a2b1bbac-cb9c-4662-9006-7e4b1546cfe4</con:id>
      <con:expandState>false</con:expandState>
    </con:expandNodeState>
    <con:expandNodeState>
      <con:id>ba350da3-78a2-4e5d-8d8d-f7f60eaae69c</con:id>
      <con:expandState>false</con:expandState>
    </con:expandNodeState>
    <con:expandNodeState>
      <con:id>2400b2b3-2d44-4da4-bd02-f7ff60f11a6a</con:id>
      <con:expandState>false</con:expandState>
    </con:expandNodeState>
    <con:expandNodeState>
      <con:id>ab97a9c3-6dd2-44e3-b1ff-f7c561f19340</con:id>
      <con:expandState>true</con:expandState>
    </con:expandNodeState>
    <con:expandNodeState>
      <con:id>8fcd8559-1bf4-492d-91a2-8937bf9f466c</con:id>
      <con:expandState>true</con:expandState>
    </con:expandNodeState>
    <con:expandNodeState>
      <con:id>d14bddf7-aa2a-49b0-ad96-40eb8e6208ba</con:id>
      <con:expandState>true</con:expandState>
    </con:expandNodeState>
    <con:expandNodeState>
      <con:id>d5872526-34fb-4b74-9aaf-074f7ec6994f</con:id>
      <con:expandState>true</con:expandState>
    </con:expandNodeState>
    <con:expandNodeState>
      <con:id>09ad6410-42fc-40d3-b907-544e257cab4b</con:id>
      <con:expandState>true</con:expandState>
    </con:expandNodeState>
    <con:expandNodeState>
      <con:id>4047de5e-ebbe-4a10-bd34-cef928af06b1</con:id>
      <con:expandState>true</con:expandState>
    </con:expandNodeState>
    <con:expandNodeState>
      <con:id>77643704-74ae-46ef-a68a-ad8987f108f2</con:id>
      <con:expandState>true</con:expandState>
    </con:expandNodeState>
    <con:expandNodeState>
      <con:id>98a9ac5a-648d-4cc9-83ee-af26aefb8bcb</con:id>
      <con:expandState>true</con:expandState>
    </con:expandNodeState>
    <con:expandNodeState>
      <con:id>ad022b70-805f-4106-9ab2-a7f64025580a</con:id>
      <con:expandState>true</con:expandState>
    </con:expandNodeState>
    <con:expandNodeState>
      <con:id>b89a3903-3178-4db2-ba06-e75ddba05b84</con:id>
      <con:expandState>false</con:expandState>
    </con:expandNodeState>
    <con:expandNodeState>
      <con:id>ade38001-9764-4661-abd6-0558152d36d3</con:id>
      <con:expandState>false</con:expandState>
    </con:expandNodeState>
    <con:expandNodeState>
      <con:id>4c4af86a-b324-4111-8b1a-979b21dd66de</con:id>
      <con:expandState>false</con:expandState>
    </con:expandNodeState>
  </con:navigatorNodeCollection>
  <con:dashboardTileCollection>
    <con:dashboardTiles>
      <con:dashboardTile tileId="705f25dc-9eb3-42de-ae59-661d27c1aeb7" tileType="NEW_TEST"/>
      <con:dashboardTile tileId="81a8af85-e8c3-4cbd-b0ad-911f1194de4b" tileType="TEST_SUITE_STATUS">
        <con:settings xsi:type="con:TestStatusTileSettings" xmlns:xsi="http://www.w3.org/2001/XMLSchema-instance">
          <con:mode>
            <con:today>true</con:today>
          </con:mode>
          <con:filter>
            <con:failed>true</con:failed>
            <con:passed>true</con:passed>
            <con:unknown>true</con:unknown>
          </con:filter>
        </con:settings>
      </con:dashboardTile>
      <con:dashboardTile tileId="be453ca9-6984-4f42-b315-497c82add079" tileType="TEST_CASE_STATUS_TILE">
        <con:settings xsi:type="con:TestCaseStatusTileSettings" xmlns:xsi="http://www.w3.org/2001/XMLSchema-instance">
          <con:mode>
            <con:today>true</con:today>
          </con:mode>
          <con:filter>
            <con:failed>true</con:failed>
            <con:passed>true</con:passed>
            <con:unknown>true</con:unknown>
          </con:filter>
        </con:settings>
      </con:dashboardTile>
      <con:dashboardTile tileId="00ce65a8-06fe-488c-a321-f5c9ef6daa8d" tileType="SECURE_TILE">
        <con:settings xsi:type="con:SecureTileSettings" xmlns:xsi="http://www.w3.org/2001/XMLSchema-instance">
          <con:mode>
            <con:today>true</con:today>
          </con:mode>
          <con:scan>All Scans</con:scan>
          <con:project>All Projects</con:project>
        </con:settings>
      </con:dashboardTile>
      <con:dashboardTile tileId="63d6c032-d67b-4608-8582-75d49836b67d" tileType="LOADUI_HISTORY_TILE">
        <con:settings xsi:type="con:LoadHistoryTileSettings" xmlns:xsi="http://www.w3.org/2001/XMLSchema-instance">
          <con:mode>
            <con:today>true</con:today>
          </con:mode>
          <con:project>All Projects</con:project>
          <con:filter>
            <con:avg>true</con:avg>
            <con:duration>true</con:duration>
            <con:failures>true</con:failures>
          </con:filter>
        </con:settings>
      </con:dashboardTile>
      <con:dashboardTile tileId="ca577c37-1b4e-4c00-8876-36bf85793873" tileType="SERVICEV">
        <con:settings xsi:type="con:ServiceVTileSettings" xmlns:xsi="http://www.w3.org/2001/XMLSchema-instance">
          <con:tableSettings>
            <con:column>Name</con:column>
            <con:column>Status</con:column>
            <con:column>Location</con:column>
            <con:column>Port</con:column>
          </con:tableSettings>
          <con:searchSettings>
            <con:searchType>All</con:searchType>
          </con:searchSettings>
        </con:settings>
      </con:dashboardTile>
    </con:dashboardTiles>
    <con:recentDashboardTiles/>
  </con:dashboardTileCollection>
</con:soapui-workspace>