<?xml version="1.0" encoding="UTF-8"?>
<con:soapui-project id="05d565f2-9248-4b77-8ad9-b5e83a9e975c" created="2.1.0" activeEnvironment="Default environment" name="API_Deploy" resourceRoot="" updated="2.1.0 20170726-1100" abortOnError="false" runType="SEQUENTIAL" soapui-version="5.2.1" xmlns:con="http://eviware.com/soapui/config"><con:settings/><con:interface xsi:type="con:RestService" id="5f0a7f37-d472-48d0-aac7-018f0228fda0" wadlVersion="http://wadl.dev.java.net/2009/02" name="GetDeployments" type="rest" xmlns:xsi="http://www.w3.org/2001/XMLSchema-instance"><con:settings/><con:definitionCache type="TEXT" rootPart=""/><con:endpoints><con:endpoint>http://a.com</con:endpoint></con:endpoints><con:resource name="GetDeployments" path="/platformservice/api/v1/deployments" id="ca472753-4d16-4e4c-8cff-d196a5940191"><con:settings/><con:parameters><con:parameter><con:name>tenantKey</con:name><con:value/><con:style>QUERY</con:style><con:default/><con:description xsi:nil="true"/></con:parameter><con:parameter><con:name>applicationKey</con:name><con:value/><con:style>QUERY</con:style><con:default/><con:description xsi:nil="true"/></con:parameter><con:parameter><con:name>routeKey</con:name><con:value/><con:style>QUERY</con:style><con:default/><con:description xsi:nil="true"/></con:parameter><con:parameter><con:name>version</con:name><con:value/><con:style>QUERY</con:style><con:default/><con:description xsi:nil="true"/></con:parameter><con:parameter><con:name>enabled</con:name><con:value/><con:style>QUERY</con:style><con:default/><con:description xsi:nil="true"/></con:parameter><con:parameter><con:name>page</con:name><con:value/><con:style>QUERY</con:style><con:default/><con:description xsi:nil="true"/></con:parameter><con:parameter><con:name>pageSize</con:name><con:value/><con:style>QUERY</con:style><con:default/><con:description xsi:nil="true"/></con:parameter><con:parameter><con:name>Authorization</con:name><con:value/><con:style>HEADER</con:style><con:default/><con:description xsi:nil="true"/></con:parameter></con:parameters><con:method name="GetDeployments" id="2a124a7e-a694-4891-83eb-aef46676d036" method="GET"><con:settings/><con:parameters/><con:representation type="FAULT"><con:mediaType>application/json;charset=UTF-8</con:mediaType><con:status>404 400</con:status><con:params/><con:element xmlns:dep="http://dc2devrmapp44.prod.tangoe.com/v1/deployments">dep:Fault</con:element></con:representation><con:representation type="RESPONSE"><con:mediaType>application/json;charset=UTF-8</con:mediaType><con:status>200</con:status><con:params/><con:element xmlns:dep="http://dc2devrmapp44.prod.tangoe.com/v1/deployments">dep:Response</con:element></con:representation><con:representation type="RESPONSE"><con:mediaType xsi:nil="true"/><con:status>0</con:status><con:params/><con:element>data</con:element></con:representation><con:request name="GetDeployments" id="eb5d279f-915b-4cc3-a4c9-32cea6776417" mediaType="application/json"><con:settings><con:setting id="com.eviware.soapui.impl.wsdl.WsdlRequest@request-headers">&lt;xml-fragment/></con:setting></con:settings><con:endpoint>http://a.com</con:endpoint><con:request/><con:credentials><con:selectedAuthProfile>No Authorization</con:selectedAuthProfile><con:authType>No Authorization</con:authType></con:credentials><con:jmsConfig JMSDeliveryMode="PERSISTENT"/><con:jmsPropertyConfig/><con:parameters/><con:parameterOrder><con:entry>tenantKey</con:entry><con:entry>applicationKey</con:entry><con:entry>routeKey</con:entry><con:entry>version</con:entry><con:entry>enabled</con:entry><con:entry>page</con:entry><con:entry>pageSize</con:entry><con:entry>Authorization</con:entry></con:parameterOrder></con:request></con:method></con:resource></con:interface><con:interface xsi:type="con:RestService" id="8aa750ec-bde0-4e03-93bb-0aa1cbfa59be" wadlVersion="http://wadl.dev.java.net/2009/02" name="PostDeployments" type="rest" xmlns:xsi="http://www.w3.org/2001/XMLSchema-instance"><con:settings/><con:definitionCache type="TEXT" rootPart=""/><con:endpoints><con:endpoint>http://a.com</con:endpoint></con:endpoints><con:resource name="PostDeployments" path="/platformservice/api/v1/deployments" id="8a72da06-a407-4959-a980-cdcd99f338d6"><con:settings/><con:parameters><con:parameter><con:name>Authorization</con:name><con:value/><con:style>HEADER</con:style><con:default/><con:description xsi:nil="true"/></con:parameter></con:parameters><con:method name="PostDeployments" id="4d77d4b4-3336-40d2-af29-b50039b09db2" method="POST"><con:settings/><con:parameters/><con:representation type="FAULT"><con:mediaType>application/json;charset=UTF-8</con:mediaType><con:status>404 400 500</con:status><con:params/><con:element xmlns:dc2="http://dc2devrmapp44.prod.tangoe.com/">dc2:Fault</con:element></con:representation><con:representation type="REQUEST"><con:mediaType>application/json</con:mediaType><con:params/></con:representation><con:representation type="RESPONSE"><con:mediaType xsi:nil="true"/><con:status>201</con:status><con:params/><con:element>data</con:element></con:representation><con:representation type="RESPONSE"><con:mediaType xsi:nil="true"/><con:status>201</con:status><con:params/><con:element>data</con:element></con:representation><con:representation type="RESPONSE"><con:mediaType xsi:nil="true"/><con:status>201</con:status><con:params/><con:element>data</con:element></con:representation><con:representation type="RESPONSE"><con:mediaType xsi:nil="true"/><con:status>201</con:status><con:params/><con:element>data</con:element></con:representation><con:representation type="RESPONSE"><con:mediaType xsi:nil="true"/><con:status>201</con:status><con:params/><con:element>data</con:element></con:representation><con:representation type="RESPONSE"><con:mediaType xsi:nil="true"/><con:status>201</con:status><con:params/><con:element>data</con:element></con:representation><con:representation type="RESPONSE"><con:mediaType xsi:nil="true"/><con:status>201</con:status><con:params/><con:element>data</con:element></con:representation><con:representation type="RESPONSE"><con:mediaType xsi:nil="true"/><con:status>201</con:status><con:params/><con:element>data</con:element></con:representation><con:representation type="RESPONSE"><con:mediaType xsi:nil="true"/><con:status>201</con:status><con:params/><con:element>data</con:element></con:representation><con:request name="PostDeployments" id="1dd39d80-ba02-48ec-8d43-e55d9c3db332" mediaType="application/json" postQueryString="false"><con:settings><con:setting id="com.eviware.soapui.impl.wsdl.WsdlRequest@request-headers">&lt;xml-fragment/></con:setting></con:settings><con:endpoint>http://a.com</con:endpoint><con:request>{
  "key": "string",  
  "applicationKey": "string",
  "version": "string", 
  "clusterName": "string",
  "description": "string",
  "enabled": true  
}</con:request><con:credentials><con:selectedAuthProfile>No Authorization</con:selectedAuthProfile><con:authType>No Authorization</con:authType></con:credentials><con:jmsConfig JMSDeliveryMode="PERSISTENT"/><con:parameters/><con:parameterOrder><con:entry>Authorization</con:entry></con:parameterOrder></con:request></con:method></con:resource></con:interface><con:interface xsi:type="con:RestService" id="197c84af-7e31-4953-92bc-bdd92593e3e5" wadlVersion="http://wadl.dev.java.net/2009/02" name="DeleteDeploymentByKey" type="rest" xmlns:xsi="http://www.w3.org/2001/XMLSchema-instance"><con:settings/><con:definitionCache type="TEXT" rootPart=""/><con:endpoints><con:endpoint>http://a.com</con:endpoint></con:endpoints><con:resource name="DeleteDeploymentByKey" path="/platformservice/api/v1/deployments/{key}" id="11a3cf3c-f0a4-4643-8550-5c123d5b3372"><con:settings/><con:parameters><con:parameter><con:name>key</con:name><con:value/><con:style>TEMPLATE</con:style><con:default/><con:description xsi:nil="true"/></con:parameter><con:parameter><con:name>Authorization</con:name><con:value/><con:style>HEADER</con:style><con:default/><con:description xsi:nil="true"/></con:parameter></con:parameters><con:method name="DeleteDeploymentByKey" id="f5a3a8aa-5c94-48bd-8211-f3663d360d7e" method="DELETE"><con:settings/><con:parameters/><con:representation type="RESPONSE"><con:mediaType xsi:nil="true"/><con:status>204</con:status><con:params/><con:element>data</con:element></con:representation><con:representation type="REQUEST"><con:mediaType>application/json</con:mediaType><con:params/></con:representation><con:representation type="RESPONSE"><con:mediaType xsi:nil="true"/><con:status>204</con:status><con:params/><con:element>data</con:element></con:representation><con:representation type="FAULT"><con:mediaType>application/json;charset=UTF-8</con:mediaType><con:status>404 400</con:status><con:params/><con:element xmlns:bob="http://dc2devrmapp44.prod.tangoe.com/v1/deployments/BOBDDD">bob:Fault</con:element></con:representation><con:representation type="RESPONSE"><con:mediaType xsi:nil="true"/><con:status>204</con:status><con:params/><con:element>data</con:element></con:representation><con:representation type="RESPONSE"><con:mediaType xsi:nil="true"/><con:status>204</con:status><con:params/><con:element>data</con:element></con:representation><con:request name="DeleteDeploymentByKey" id="464abb6d-0be5-4591-a5ba-ad48170e9ba2" mediaType="application/json" postQueryString="false"><con:settings><con:setting id="com.eviware.soapui.impl.wsdl.WsdlRequest@request-headers">&lt;xml-fragment/></con:setting></con:settings><con:endpoint>http://a.com</con:endpoint><con:request/><con:credentials><con:selectedAuthProfile>No Authorization</con:selectedAuthProfile><con:authType>No Authorization</con:authType></con:credentials><con:jmsConfig JMSDeliveryMode="PERSISTENT"/><con:parameters><entry key="key" value="44" xmlns="http://eviware.com/soapui/config"/></con:parameters><con:parameterOrder><con:entry>key</con:entry><con:entry>Authorization</con:entry></con:parameterOrder></con:request></con:method></con:resource></con:interface><con:interface xsi:type="con:RestService" id="b417bf79-fbe6-484e-a4e5-edcf58d10e7b" wadlVersion="http://wadl.dev.java.net/2009/02" name="PutDeploymentByKey" type="rest" xmlns:xsi="http://www.w3.org/2001/XMLSchema-instance"><con:settings/><con:definitionCache type="TEXT" rootPart=""/><con:endpoints><con:endpoint>http://a.com</con:endpoint></con:endpoints><con:resource name="PutDeploymentByKey" path="/platformservice/api/v1/deployments/{key}" id="84f1b85b-79f8-498d-b93b-f4544310c820"><con:settings/><con:parameters><con:parameter><con:name>key</con:name><con:value/><con:style>TEMPLATE</con:style><con:default/><con:description xsi:nil="true"/></con:parameter><con:parameter><con:name>Authorization</con:name><con:value/><con:style>HEADER</con:style><con:default/><con:description xsi:nil="true"/></con:parameter></con:parameters><con:method name="PutDeploymentByKey" id="1e79a310-097e-4c6f-a378-d9f562d2ed65" method="PUT"><con:settings/><con:parameters/><con:representation type="RESPONSE"><con:mediaType xsi:nil="true"/><con:status>204</con:status><con:params/><con:element>data</con:element></con:representation><con:representation type="REQUEST"><con:mediaType>application/json</con:mediaType><con:params/></con:representation><con:representation type="FAULT"><con:mediaType>application/json;charset=UTF-8</con:mediaType><con:status>400</con:status><con:params/><con:element xmlns:bob="http://dc2devrmapp44.prod.tangoe.com/v1/deployments/BOBDDD">bob:Fault</con:element></con:representation><con:representation type="RESPONSE"><con:mediaType xsi:nil="true"/><con:status>204</con:status><con:params/><con:element>data</con:element></con:representation><con:representation type="RESPONSE"><con:mediaType xsi:nil="true"/><con:status>204</con:status><con:params/><con:element>data</con:element></con:representation><con:representation type="RESPONSE"><con:mediaType xsi:nil="true"/><con:status>204</con:status><con:params/><con:element>data</con:element></con:representation><con:representation type="RESPONSE"><con:mediaType xsi:nil="true"/><con:status>204</con:status><con:params/><con:element>data</con:element></con:representation><con:representation type="RESPONSE"><con:mediaType xsi:nil="true"/><con:status>204</con:status><con:params/><con:element>data</con:element></con:representation><con:representation type="RESPONSE"><con:mediaType xsi:nil="true"/><con:status>204</con:status><con:params/><con:element>data</con:element></con:representation><con:representation type="RESPONSE"><con:mediaType xsi:nil="true"/><con:status>204</con:status><con:params/><con:element>data</con:element></con:representation><con:request name="PutDeploymentByKey" id="5828eb77-e5eb-4c91-8a09-b300712f1bc7" mediaType="application/json" postQueryString="false"><con:settings><con:setting id="com.eviware.soapui.impl.wsdl.WsdlRequest@request-headers">&lt;xml-fragment/></con:setting></con:settings><con:endpoint>http://a.com</con:endpoint><con:request>{
  "key": "string",
  "applicationKey": "string",
  "clusterName": "string",
  "version": "string",
  "description": "string",
  "enabled": true
}</con:request><con:credentials><con:selectedAuthProfile>No Authorization</con:selectedAuthProfile><con:authType>No Authorization</con:authType></con:credentials><con:jmsConfig JMSDeliveryMode="PERSISTENT"/><con:parameters><entry key="key" value="55" xmlns="http://eviware.com/soapui/config"/></con:parameters><con:parameterOrder><con:entry>key</con:entry><con:entry>Authorization</con:entry></con:parameterOrder></con:request></con:method></con:resource></con:interface><con:interface xsi:type="con:RestService" id="8335f202-e874-4058-acc7-9abcf8b9e89f" wadlVersion="http://wadl.dev.java.net/2009/02" name="GetDeploymentByKey" type="rest" xmlns:xsi="http://www.w3.org/2001/XMLSchema-instance"><con:settings/><con:definitionCache type="TEXT" rootPart=""/><con:endpoints><con:endpoint>http://a.com</con:endpoint></con:endpoints><con:resource name="GetDeploymentByKey" path="/platformservice/api/v1/deployments/{key}" id="67c71bed-ebf2-429f-9154-41beef432d9c"><con:settings/><con:parameters><con:parameter><con:name>key</con:name><con:value/><con:style>TEMPLATE</con:style><con:default/><con:description xsi:nil="true"/></con:parameter><con:parameter><con:name>Authorization</con:name><con:value/><con:style>HEADER</con:style><con:default/><con:description xsi:nil="true"/></con:parameter></con:parameters><con:method name="GetDeploymentByKey" id="0b5805f0-88fa-4f19-b127-7dc45ed84e34" method="GET"><con:settings/><con:parameters/><con:representation type="RESPONSE"><con:mediaType xsi:nil="true"/><con:status>0</con:status><con:params/><con:element>data</con:element></con:representation><con:representation type="RESPONSE"><con:mediaType>application/json;charset=UTF-8</con:mediaType><con:status>200</con:status><con:params/><con:element xmlns:bob="http://a.com/v1/deployments/BOBDDD">bob:Response</con:element></con:representation><con:representation type="FAULT"><con:mediaType>application/json;charset=UTF-8</con:mediaType><con:status>404</con:status><con:params/><con:element xmlns:bob="http://a.com/v1/deployments/BOBDDD">bob:Fault</con:element></con:representation><con:request name="GetDeploymentByKey" id="1814ed4f-47ae-402c-a38b-224dbad34654" mediaType="application/json"><con:settings><con:setting id="com.eviware.soapui.impl.wsdl.WsdlRequest@request-headers">&lt;xml-fragment/></con:setting></con:settings><con:endpoint>http://a.com</con:endpoint><con:request/><con:credentials><con:selectedAuthProfile>No Authorization</con:selectedAuthProfile><con:authType>No Authorization</con:authType></con:credentials><con:jmsConfig JMSDeliveryMode="PERSISTENT"/><con:parameters><entry key="key" value="gg" xmlns="http://eviware.com/soapui/config"/></con:parameters><con:parameterOrder><con:entry>key</con:entry><con:entry>Authorization</con:entry></con:parameterOrder></con:request></con:method></con:resource></con:interface><con:interface xsi:type="con:RestService" id="8b5e6112-e297-4301-bf7a-aa91f6b9e61a" wadlVersion="http://wadl.dev.java.net/2009/02" name="http://a.com" type="rest" xmlns:xsi="http://www.w3.org/2001/XMLSchema-instance"><con:settings/><con:definitionCache/><con:endpoints><con:endpoint>http://a.com</con:endpoint></con:endpoints><con:resource name="GetApplications" path="/platformservice/api/v1/applications" id="06208100-5171-4cfa-b07e-0e0cb3ef8217"><con:settings/><con:parameters><con:parameter><con:name>Authorization</con:name><con:value/><con:style>HEADER</con:style><con:default/><con:description xsi:nil="true"/></con:parameter><con:parameter><con:name>pageSize</con:name><con:value/><con:style>QUERY</con:style><con:default/><con:description xsi:nil="true"/></con:parameter></con:parameters><con:method name="GetApplications" id="c66186fb-a24c-4566-a2ba-5d4d92e02c4c" method="GET"><con:settings/><con:parameters/><con:representation type="FAULT"><con:mediaType>application/json;charset=UTF-8</con:mediaType><con:status>401</con:status><con:params/><con:element xmlns:app="http://dc1testrmapp03.prod.tangoe.com/platformservice/api/v1/applications">app:Fault</con:element></con:representation><con:representation type="RESPONSE"><con:mediaType>application/json;charset=UTF-8</con:mediaType><con:status>200</con:status><con:params/><con:element xmlns:app="http://dc1testrmapp03.prod.tangoe.com/platformservice/api/v1/applications">app:Response</con:element></con:representation><con:request name="GetApplications" id="89f59037-587b-4cf7-97f3-c973493004ab" mediaType="application/json"><con:settings><con:setting id="com.eviware.soapui.impl.wsdl.WsdlRequest@request-headers">&lt;xml-fragment/></con:setting></con:settings><con:endpoint>GetApplications</con:endpoint><con:request/><con:credentials><con:selectedAuthProfile>No Authorization</con:selectedAuthProfile><con:authType>No Authorization</con:authType></con:credentials><con:jmsConfig JMSDeliveryMode="PERSISTENT"/><con:jmsPropertyConfig/><con:parameters/><con:parameterOrder><con:entry>Authorization</con:entry><con:entry>pageSize</con:entry></con:parameterOrder></con:request></con:method></con:resource></con:interface><con:testSuite id="39318ed2-1581-49b1-9293-9428667ecf32" name="TestSuite 1"><con:settings/><con:savedRecentRuns>1</con:savedRecentRuns><con:runType>SEQUENTIAL</con:runType><con:testCase id="c998d449-a462-47d0-9df2-ad04a061717c" discardOkResults="true" failOnError="true" failTestCaseOnErrors="true" keepSession="false" name="TestCase 1" searchProperties="true" timeout="0" maxResults="0"><con:settings/><con:savedRecentRuns>1</con:savedRecentRuns><con:testStep type="groovy" name="SetupToken" id="de4233a5-35d9-4e0d-83d5-2c1b8d37a477"><con:settings/><con:config><script>// *** ADDED DECEMBER 26 -- TRYING SECURITY TOKEN ***  
// *** JANUARY 3 -- ADDING READING URL (HOSTNAME) FROM FILE ***

def groovyUtils = new com.eviware.soapui.support.GroovyUtils( context ); 

String projectPath = groovyUtils.projectPath //gets the path of the project root
String fileNameToken = projectPath + "\\tokenGenerated.txt"
String fileNameURL = projectPath + "\\platformServiceHostName.txt"

readDataFromFile(fileNameToken, log, testRunner)
readDataFromFile(fileNameURL, log, testRunner)

// read in each line of token pair file and send to SetupTestSuiteVariables method for creating token pair file.
static boolean readDataFromFile(fileName, log, testRunner)
{
	try
	{
		new File(fileName).eachLine 
		{ 
			line ->	
			//log.info line
			setupTestSuiteVariables(line ,log, testRunner)
		}
	}
	catch (all)
	{
		log.info "    File read failed in readDataFromFile method."
		return false
	}
	return true
}

// put token into test suite property if line contains one of the tokens.
static void setupTestSuiteVariables(inputLine, log, testRunner)
{
	def strArray = []
	strArray = inputLine.split("=")
	
	// log.info strArray[1]
	
	if (inputLine.contains("Token"))
	{  
		testRunner.testCase.setPropertyValue("Token",strArray[1])
		log.info "  Token: " + testRunner.testCase.getPropertyValue("Token")		
	
	} else if (inputLine.contains("URL"))
	{
		testRunner.testCase.setPropertyValue("URL",strArray[1])
		log.info "  Hostname URL: " + testRunner.testCase.getPropertyValue("URL")	
	}
	
}
</script></con:config></con:testStep><con:testStep type="restrequest" name="GetDeployments" id="4de4ecde-0253-413c-baad-7d6da61bdf53"><con:settings/><con:config service="GetDeployments" resourcePath="/platformservice/api/v1/deployments" methodName="GetDeployments" xsi:type="con:RestRequestStep" xmlns:xsi="http://www.w3.org/2001/XMLSchema-instance"><con:restRequest name="GetDeployments" id="eb5d279f-915b-4cc3-a4c9-32cea6776417" mediaType="application/json"><con:settings><con:setting id="com.eviware.soapui.impl.wsdl.WsdlRequest@request-headers">&lt;xml-fragment/></con:setting></con:settings><con:endpoint>${#TestCase#URL}</con:endpoint><con:request/><con:originalUri>http://dc2devrmapp44.prod.tangoe.com/v1/deployments</con:originalUri><con:assertion type="Valid HTTP Status Codes" id="45fdc77e-48aa-44b9-a4b6-140cdf0b539c" name="Valid HTTP Status Codes"><con:settings/><con:configuration><codes>200</codes></con:configuration></con:assertion><con:credentials><con:selectedAuthProfile>Inherit From Parent</con:selectedAuthProfile><con:authType>No Authorization</con:authType></con:credentials><con:jmsConfig JMSDeliveryMode="PERSISTENT"/><con:jmsPropertyConfig/><con:parameters>
  <con:entry key="Authorization" value="Bearer ${#TestCase#Token}"/>
  <con:entry key="routeKey" value=""/>
  <con:entry key="applicationKey" value="rvm"/>
  <con:entry key="pageSize" value="300"/>
  <con:entry key="page" value=""/>
  <con:entry key="enabled" value=""/>
</con:parameters><con:parameterOrder><con:entry>tenantKey</con:entry><con:entry>applicationKey</con:entry><con:entry>routeKey</con:entry><con:entry>version</con:entry><con:entry>enabled</con:entry><con:entry>page</con:entry><con:entry>pageSize</con:entry><con:entry>Authorization</con:entry></con:parameterOrder></con:restRequest></con:config></con:testStep><con:testStep type="groovy" name="Groovy Script" id="202a893e-b2e1-4d94-a228-7cf2ec5e19cf"><con:settings/><con:config><script>import groovy.json.JsonSlurper

// get apps into list

RunGet("GetApplications")
GetResponse("GetApplications")

appsList = []
appsList = json.applications.key

for(String str : appsList)
{
	testRunner.testCase.setPropertyValue("ApplicationKey", str)
	RunGet("GetDeployments")
	GetResponse("GetDeployments")

	if(json.metadata.totalCount != 0)
	{
		log.info str // + "-------------"
		//log.info json.deployments.key
	}

}



// ////////////////////////////////////////////////////////////////////
// 						helpers
// ////////////////////////////////////////////////////////////////////
void GetResponse(String request)
{
	groovyUtils = new com.eviware.soapui.support.GroovyUtils( context ); 
	testCase = context.testCase; 
	testStep = testCase.getTestStepByName(request);  
	response = testStep.testRequest.messageExchange.response.responseContent;
	slurper = new JsonSlurper();
	json = slurper.parseText response;
}

// setup so 'GetRoutes' request can be run
void RunGet(String runThis)
{
	// setup to call post new app.
	testCase = context.testCase; 
	testStep = testCase.getTestStepByName(runThis);  
	testRunner = new com.eviware.soapui.impl.wsdl.testcase.WsdlTestCaseRunner(testCase, null); 
	testStepContext = new com.eviware.soapui.impl.wsdl.testcase.WsdlTestRunContext(testStep); 
	testStep.run(testRunner, testStepContext); // run get apps response
}
</script></con:config></con:testStep><con:testStep type="restrequest" name="GetApplications" id="f3d16d18-7d89-4d86-97e8-1df87c281c64"><con:settings/><con:config service="http://a.com" resourcePath="/platformservice/api/v1/applications" methodName="GetApplications" xsi:type="con:RestRequestStep" xmlns:xsi="http://www.w3.org/2001/XMLSchema-instance"><con:restRequest name="GetApplications" id="89f59037-587b-4cf7-97f3-c973493004ab" mediaType="application/json"><con:settings><con:setting id="com.eviware.soapui.impl.wsdl.WsdlRequest@request-headers">&lt;xml-fragment/></con:setting></con:settings><con:endpoint>${#TestCase#URL}</con:endpoint><con:request/><con:originalUri>http://dc1testrmapp03.prod.tangoe.com/platformservice/api/v1/applications</con:originalUri><con:credentials><con:selectedAuthProfile>No Authorization</con:selectedAuthProfile><con:authType>No Authorization</con:authType></con:credentials><con:jmsConfig JMSDeliveryMode="PERSISTENT"/><con:jmsPropertyConfig/><con:parameters>
  <con:entry key="Authorization" value="Bearer ${#TestCase#Token}"/>
  <con:entry key="pageSize" value="300"/>
</con:parameters><con:parameterOrder><con:entry>Authorization</con:entry><con:entry/></con:parameterOrder></con:restRequest></con:config></con:testStep><con:testStep type="restrequest" name="PostDeployment" id="949e7c00-0efc-476a-bb5c-fbd4cb599e06"><con:settings/><con:config service="PostDeployments" resourcePath="/platformservice/api/v1/deployments" methodName="PostDeployments" xsi:type="con:RestRequestStep" xmlns:xsi="http://www.w3.org/2001/XMLSchema-instance"><con:restRequest name="PostDeployment" id="1dd39d80-ba02-48ec-8d43-e55d9c3db332" mediaType="application/json" postQueryString="false"><con:settings><con:setting id="com.eviware.soapui.impl.wsdl.WsdlRequest@request-headers">&lt;xml-fragment/></con:setting></con:settings><con:endpoint>${#TestCase#URL}</con:endpoint><con:request>{
      "key": "BOB_AUTO",
      "version": "good",
      "description": "good",
      "clusterName": "don't need",
      "applicationKey": "DEP_AUTO",
      "enabled": false 
}</con:request><con:originalUri>http://dc2devrmapp44.prod.tangoe.com/</con:originalUri><con:assertion type="Valid HTTP Status Codes" id="42f4aac0-5c44-402c-9ef7-56bd24992f57" name="Valid HTTP Status Codes"><con:settings/><con:configuration><codes>201</codes></con:configuration></con:assertion><con:credentials><con:selectedAuthProfile>Inherit From Parent</con:selectedAuthProfile><con:authType>No Authorization</con:authType></con:credentials><con:jmsConfig JMSDeliveryMode="PERSISTENT"/><con:jmsPropertyConfig/><con:parameters><entry key="Authorization" value="Bearer ${#TestCase#Token}" xmlns="http://eviware.com/soapui/config"/></con:parameters><con:parameterOrder><con:entry>Authorization</con:entry></con:parameterOrder></con:restRequest></con:config></con:testStep><con:testStep type="restrequest" name="PutDeploymentByKey" id="c4b5c034-56a2-4dce-b6aa-edf8f1269779"><con:settings/><con:config service="PutDeploymentByKey" resourcePath="/platformservice/api/v1/deployments/{key}" methodName="PutDeploymentByKey" xsi:type="con:RestRequestStep" xmlns:xsi="http://www.w3.org/2001/XMLSchema-instance"><con:restRequest name="PutDeploymentByKey" id="5828eb77-e5eb-4c91-8a09-b300712f1bc7" mediaType="application/json" postQueryString="false"><con:settings><con:setting id="com.eviware.soapui.impl.wsdl.WsdlRequest@request-headers">&lt;xml-fragment/></con:setting></con:settings><con:endpoint>${#TestCase#URL}</con:endpoint><con:request>{
   "key": "BOBD1",
   "version": "new",
   "description": "new",
   "applicationKey": "BOBAPP1",
   "enabled": true
}</con:request><con:originalUri>http://dc2devrmapp44.prod.tangoe.com/v1/deployments/BOBDDD</con:originalUri><con:assertion type="Valid HTTP Status Codes" id="c2237033-1615-412f-b0ac-ad1f1a9468bf" name="Valid HTTP Status Codes"><con:settings/><con:configuration><codes>204
</codes></con:configuration></con:assertion><con:credentials><con:selectedAuthProfile>Inherit From Parent</con:selectedAuthProfile><con:authType>No Authorization</con:authType></con:credentials><con:jmsConfig JMSDeliveryMode="PERSISTENT"/><con:jmsPropertyConfig/><con:parameters>
  <con:entry key="Authorization" value="Bearer ${#TestCase#Token}"/>
  <con:entry key="key" value="BOBD1"/>
</con:parameters><con:parameterOrder><con:entry>key</con:entry><con:entry>Authorization</con:entry></con:parameterOrder></con:restRequest></con:config></con:testStep><con:testStep type="restrequest" name="DeleteDeploymentByKey" id="cd18744a-f6b1-45e9-bb66-243fc7158e4e"><con:settings/><con:config service="DeleteDeploymentByKey" resourcePath="/platformservice/api/v1/deployments/{key}" methodName="DeleteDeploymentByKey" xsi:type="con:RestRequestStep" xmlns:xsi="http://www.w3.org/2001/XMLSchema-instance"><con:restRequest name="DeleteDeploymentByKey" id="464abb6d-0be5-4591-a5ba-ad48170e9ba2" mediaType="application/json" postQueryString="false"><con:settings><con:setting id="com.eviware.soapui.impl.wsdl.WsdlRequest@request-headers">&lt;xml-fragment/></con:setting></con:settings><con:endpoint>${#TestCase#URL}</con:endpoint><con:request/><con:originalUri>http://dc2devrmapp44.prod.tangoe.com/v1/deployments/BOBDDD</con:originalUri><con:assertion type="Valid HTTP Status Codes" id="f6ba4978-4041-4290-b018-9fa32d1850b7" name="Valid HTTP Status Codes"><con:settings/><con:configuration><codes>204</codes></con:configuration></con:assertion><con:credentials><con:selectedAuthProfile>Inherit From Parent</con:selectedAuthProfile><con:authType>No Authorization</con:authType></con:credentials><con:jmsConfig JMSDeliveryMode="PERSISTENT"/><con:jmsPropertyConfig/><con:parameters>
  <con:entry key="Authorization" value="Bearer ${#TestCase#Token}"/>
  <con:entry key="key" value="BobUiTest"/>
</con:parameters><con:parameterOrder><con:entry>key</con:entry><con:entry>Authorization</con:entry></con:parameterOrder></con:restRequest></con:config></con:testStep><con:testStep type="restrequest" name="GetDeploymentByKey" id="c06d4179-3ba3-45d8-b582-fcf8e1ecfe19"><con:settings/><con:config service="GetDeploymentByKey" resourcePath="/platformservice/api/v1/deployments/{key}" methodName="GetDeploymentByKey" xsi:type="con:RestRequestStep" xmlns:xsi="http://www.w3.org/2001/XMLSchema-instance"><con:restRequest name="GetDeploymentByKey" id="1814ed4f-47ae-402c-a38b-224dbad34654" mediaType="application/json"><con:settings><con:setting id="com.eviware.soapui.impl.wsdl.WsdlRequest@request-headers">&lt;xml-fragment/></con:setting></con:settings><con:endpoint>${#TestCase#URL}</con:endpoint><con:request/><con:originalUri>http://a.com/v1/deployments/BOBDDD</con:originalUri><con:assertion type="Valid HTTP Status Codes" id="843b3153-0246-4319-aa30-efc04c5e9507" name="Valid HTTP Status Codes"><con:settings/><con:configuration><codes>200</codes></con:configuration></con:assertion><con:credentials><con:selectedAuthProfile>Inherit From Parent</con:selectedAuthProfile><con:authType>No Authorization</con:authType></con:credentials><con:jmsConfig JMSDeliveryMode="PERSISTENT"/><con:jmsPropertyConfig/><con:parameters>
  <con:entry key="Authorization" value="Bearer ${#TestCase#Token}"/>
  <con:entry key="key" value="BobUiTest"/>
</con:parameters><con:parameterOrder><con:entry>key</con:entry><con:entry>Authorization</con:entry></con:parameterOrder></con:restRequest></con:config></con:testStep><con:testStep type="restrequest" name="Copy of GetDeployments" id="78a49de4-ead8-4874-980c-7e7ae8f0da3f"><con:settings/><con:config service="GetDeployments" resourcePath="/platformservice/api/v1/deployments" methodName="GetDeployments" xsi:type="con:RestRequestStep" xmlns:xsi="http://www.w3.org/2001/XMLSchema-instance"><con:restRequest name="Copy of GetDeployments" id="eb5d279f-915b-4cc3-a4c9-32cea6776417" mediaType="application/json"><con:settings><con:setting id="com.eviware.soapui.impl.wsdl.WsdlRequest@request-headers">&lt;xml-fragment/></con:setting></con:settings><con:endpoint>${#TestCase#URL}</con:endpoint><con:request/><con:originalUri>http://dc2devrmapp44.prod.tangoe.com/v1/deployments</con:originalUri><con:assertion type="Valid HTTP Status Codes" id="45fdc77e-48aa-44b9-a4b6-140cdf0b539c" name="Valid HTTP Status Codes"><con:settings/><con:configuration><codes>200</codes></con:configuration></con:assertion><con:credentials><con:selectedAuthProfile>Inherit From Parent</con:selectedAuthProfile><con:authType>No Authorization</con:authType></con:credentials><con:jmsConfig JMSDeliveryMode="PERSISTENT"/><con:jmsPropertyConfig/><con:parameters>
  <con:entry key="Authorization" value="Bearer ${#TestCase#Token}"/>
  <con:entry key="routeKey" value=""/>
  <con:entry key="applicationKey" value="ana_app1"/>
  <con:entry key="pageSize" value="300"/>
  <con:entry key="page" value=""/>
  <con:entry key="enabled" value=""/>
</con:parameters><con:parameterOrder><con:entry>tenantKey</con:entry><con:entry>applicationKey</con:entry><con:entry>routeKey</con:entry><con:entry>version</con:entry><con:entry>enabled</con:entry><con:entry>page</con:entry><con:entry>pageSize</con:entry><con:entry>Authorization</con:entry></con:parameterOrder></con:restRequest></con:config></con:testStep><con:properties><con:property><con:name>Token</con:name><con:value>eyJhbGciOiJIUzUxMiJ9.eyJzdWIiOiJhZG1pbiIsImF1dGgiOiJST0xFX0FETUlOLFJPTEVfVVNFUiIsImV4cCI6MTUyMDUzMzI3NH0.8Sj-pexxz57HUzp_CjhbV7ASoh-68lhWT7LwBjQ1zMsDTBPqobAnku3EIYd4hFMi3rIaGefDoCl3vzOdqIJ7Eg</con:value></con:property><con:property><con:name>URL</con:name><con:value>http://dc1testrmapp03.prod.tangoe.com:4070</con:value></con:property><con:property><con:name>ApplicationKey</con:name><con:value>TNTKENTEST</con:value></con:property></con:properties><con:reportParameters/></con:testCase><con:properties/><con:reportParameters/></con:testSuite><con:savedRecentRuns>1</con:savedRecentRuns><con:requirements/><con:properties/><con:wssContainer/><con:databaseConnectionContainer/><con:oAuth2ProfileContainer/><con:oAuth1ProfileContainer/><con:reporting><con:reportTemplates/><con:xmlTemplates/><con:xmlTemplates/><con:parameters/><con:parameters/></con:reporting><con:reporting/><con:authRepository/><con:tags/></con:soapui-project>