<?xml version="1.0" encoding="UTF-8"?>
<con:soapui-project id="0c3719d7-7563-4223-8c68-1b97ac1192ef" activeEnvironment="Default environment" name="Dashboard" lastOpened="2017-01-13T15:37:38.164-05:00" resourceRoot="" soapui-version="6.0.0" xmlns:con="http://eviware.com/soapui/config"><con:settings/><con:interface xsi:type="con:RestService" id="59be41db-3154-4023-a758-4aa0941bbeb4" wadlVersion="http://wadl.dev.java.net/2009/02" name="http://dc1devmule1.prod.tangoe.com:3000" type="rest" xmlns:xsi="http://www.w3.org/2001/XMLSchema-instance"><con:settings/><con:definitionCache type="TEXT" rootPart=""/><con:endpoints><con:endpoint>http://dc1devmule1.prod.tangoe.com:3000</con:endpoint></con:endpoints><con:resource name="Api" path="/analytics/api" id="823ef5bc-1b8a-4940-9439-365790bbf443"><con:settings/><con:parameters/><con:method name="Api" id="187e010f-19b2-4c57-998d-335480b1138e" method="POST"><con:settings/><con:parameters/><con:representation type="REQUEST"><con:mediaType>application/json</con:mediaType><con:params/></con:representation><con:representation type="RESPONSE"><con:mediaType>application/json; charset=utf-8</con:mediaType><con:status>200</con:status><con:params/><con:element xmlns:api="http://dc1devmule1.prod.tangoe.com/analytics/api">api:Response</con:element></con:representation><con:representation type="FAULT"><con:mediaType>text/html</con:mediaType><con:status>404</con:status><con:params/><con:element>html</con:element></con:representation><con:request name="Request 1" id="de983101-6a5f-40e5-9f30-c702e95da31b" mediaType="application/json" postQueryString="false"><con:settings><con:setting id="com.eviware.soapui.impl.wsdl.WsdlRequest@request-headers">&lt;xml-fragment/></con:setting></con:settings><con:endpoint>http://dc1devmule1.prod.tangoe.com:3000</con:endpoint><con:request/><con:credentials><con:selectedAuthProfile>No Authorization</con:selectedAuthProfile><con:authType>No Authorization</con:authType></con:credentials><con:jmsConfig JMSDeliveryMode="PERSISTENT"/><con:parameters/></con:request></con:method></con:resource></con:interface><con:testSuite id="5242112e-639b-40fd-9703-04de13db79a2" name="TS_vendorExpenseUsage"><con:settings/><con:runType>SEQUENTIAL</con:runType><con:testCase id="bbf50ccf-a1ac-457d-8c67-252946f190bc" discardOkResults="true" failOnError="true" failTestCaseOnErrors="true" keepSession="false" name="TC_vendorExpenseUsage" searchProperties="true" timeout="0"><con:settings/><con:testStep type="restrequest" name="vendorExpenseUsage_Request" id="dfbf8b51-321b-4c3c-a162-25b65f15e5d7"><con:settings/><con:config service="http://dc1devmule1.prod.tangoe.com:3000" methodName="Api" resourcePath="/analytics/api" xsi:type="con:RestRequestStep" xmlns:xsi="http://www.w3.org/2001/XMLSchema-instance"><con:restRequest name="vendorExpenseUsage_Request" id="6c76bd9b-5a23-4ef5-9a6b-fe4205c402f0" mediaType="application/json" postQueryString="false"><con:settings><con:setting id="com.eviware.soapui.impl.wsdl.WsdlRequest@request-headers">&lt;xml-fragment/></con:setting></con:settings><con:encoding>UTF-8</con:encoding><con:endpoint>http://dc1devmule1.prod.tangoe.com:3000</con:endpoint><con:request>{
  "type": "vendorExpenseUsage",
  "metadata": {
    "activityId": "dash-act-H1cVjLYNe",
    "correlationId": "dash-cor-SyPcNj8YNl",
    "name": "vendorExpenseUsage",
    "dataRetriever": {
      "dataStrategy": {
        "strategy": "Synergy"
      },
      "serviceEndpoint": {
        "url": "http://localhost:8080/analytics-datasvc/services/SynergyService"
      },
      "locale": {
        "country": "US",
        "language": "en",
        "variant": ""
      },
      "destination": {
        "tenant": "vis",
        "userid": "admin.vis",
        "producer": "CMD",
        "service": "CMDDATASVC"
      }
    },
    "requestId": "AS-e44248fb-cb16-4a52-8308-0d1207b7da44",
    "failed": false,
    "requestPayload": {
      "filter": "none"
    }
  },
  "payload": {
    "filter": "none"
  }
}</con:request><con:originalUri>http://dc1devmule1.prod.tangoe.com/analytics/api</con:originalUri><con:credentials><con:selectedAuthProfile>Inherit From Parent</con:selectedAuthProfile><con:authType>No Authorization</con:authType></con:credentials><con:jmsConfig JMSDeliveryMode="PERSISTENT"/><con:parameters/></con:restRequest></con:config></con:testStep><con:properties/><con:reportParameters/></con:testCase><con:properties/><con:reportParameters/></con:testSuite><con:requirements/><con:properties/><con:wssContainer/><con:databaseConnectionContainer/><con:oAuth2ProfileContainer/><con:reporting><con:xmlTemplates/><con:parameters/></con:reporting><con:authRepository/><con:tags/></con:soapui-project>