<?xml version="1.0" encoding="UTF-8"?>
<con:soapui-project id="8fd57b1d-7eda-4c63-96f3-a4071803b4c1" activeEnvironment="Default environment" name="Routes" lastOpened="2017-11-24T16:34:48.860-03:00" soapui-version="6.0.0" resourceRoot="" updated="2.1.0 20170726-1100" xmlns:con="http://eviware.com/soapui/config"><con:settings/><con:interface xsi:type="con:RestService" id="f4d1d416-703c-46b5-994b-c509f459747c" wadlVersion="http://wadl.dev.java.net/2009/02" name="/routes GET" type="rest" xmlns:xsi="http://www.w3.org/2001/XMLSchema-instance"><con:settings/><con:definitionCache type="TEXT" rootPart=""/><con:endpoints><con:endpoint>http://dc2devrmapp44.prod.tangoe.com:8055</con:endpoint></con:endpoints><con:resource name="Routes" path="/v1/routes" id="d0eeb39d-a83d-4623-882e-69533b2843a5"><con:settings/><con:parameters><con:parameter><con:name>applicationKey</con:name><con:value/><con:style>QUERY</con:style><con:default/><con:description xsi:nil="true"/></con:parameter><con:parameter><con:name>tenantKey</con:name><con:value/><con:style>QUERY</con:style><con:default/><con:description xsi:nil="true"/></con:parameter><con:parameter><con:name>deploymentKey</con:name><con:value/><con:style>QUERY</con:style><con:default/><con:description xsi:nil="true"/></con:parameter><con:parameter><con:name>qualifier</con:name><con:value/><con:style>QUERY</con:style><con:default/><con:description xsi:nil="true"/></con:parameter><con:parameter><con:name>version</con:name><con:value/><con:style>QUERY</con:style><con:default/><con:description xsi:nil="true"/></con:parameter><con:parameter><con:name>enabled</con:name><con:value/><con:style>QUERY</con:style><con:default/><con:description xsi:nil="true"/></con:parameter><con:parameter><con:name>sortBy</con:name><con:value/><con:style>QUERY</con:style><con:default/><con:description xsi:nil="true"/></con:parameter><con:parameter><con:name>sortDirection</con:name><con:value/><con:style>QUERY</con:style><con:default/><con:description xsi:nil="true"/></con:parameter><con:parameter><con:name>page</con:name><con:value/><con:style>QUERY</con:style><con:default/><con:description xsi:nil="true"/></con:parameter><con:parameter><con:name>pageSize</con:name><con:value/><con:style>QUERY</con:style><con:default/><con:description xsi:nil="true"/></con:parameter><con:parameter><con:name>includeTenant</con:name><con:value/><con:style>QUERY</con:style><con:default/><con:description xsi:nil="true"/></con:parameter><con:parameter><con:name>includeApplication</con:name><con:value/><con:style>QUERY</con:style><con:default/><con:description xsi:nil="true"/></con:parameter><con:parameter><con:name>includeDeployment</con:name><con:value/><con:style>QUERY</con:style><con:default/><con:description xsi:nil="true"/></con:parameter></con:parameters><con:method name="Routes" id="0ec7eed7-c06b-429d-9b4b-1b6e5bec3c16" method="GET"><con:settings/><con:parameters/><con:representation type="FAULT"><con:mediaType>application/json;charset=UTF-8</con:mediaType><con:status>404</con:status><con:params/><con:element xmlns:rout="http://dc2devrmapp44.prod.tangoe.com/routes">rout:Fault</con:element></con:representation><con:representation type="RESPONSE"><con:mediaType>application/json;charset=UTF-8</con:mediaType><con:status>200</con:status><con:params/><con:element xmlns:rout="http://dc2devrmapp44.prod.tangoe.com/routes">rout:Response</con:element></con:representation><con:request name="Request 1" id="367805df-9afb-4966-8b01-6c48de389dce" mediaType="application/json"><con:settings/><con:endpoint>http://dc2devrmapp44.prod.tangoe.com:8055</con:endpoint><con:request/><con:credentials><con:selectedAuthProfile>No Authorization</con:selectedAuthProfile><con:authType>No Authorization</con:authType></con:credentials><con:jmsConfig JMSDeliveryMode="PERSISTENT"/><con:parameters/><con:parameterOrder><con:entry>applicationKey</con:entry><con:entry>tenantKey</con:entry><con:entry>deploymentKey</con:entry><con:entry>qualifier</con:entry><con:entry>version</con:entry><con:entry>enabled</con:entry><con:entry>sortBy</con:entry><con:entry>sortDirection</con:entry><con:entry>page</con:entry><con:entry>pageSize</con:entry><con:entry>includeTenant</con:entry><con:entry>includeApplication</con:entry><con:entry>includeDeployment</con:entry></con:parameterOrder></con:request></con:method></con:resource></con:interface><con:interface xsi:type="con:RestService" id="5513d3a9-797f-4ec0-83ab-23f7daa0cdf7" wadlVersion="http://wadl.dev.java.net/2009/02" name="/routes POST" type="rest" xmlns:xsi="http://www.w3.org/2001/XMLSchema-instance"><con:settings/><con:definitionCache type="TEXT" rootPart=""/><con:endpoints><con:endpoint>http://dc2devrmapp44.prod.tangoe.com:8055</con:endpoint></con:endpoints><con:resource name="Routes" path="/v1/routes" id="ab4d226a-80ab-4a6e-a489-f1386723856e"><con:settings/><con:parameters/><con:method name="Routes" id="26a23551-b7db-4f56-b6ea-6dffc00def76" method="POST"><con:settings/><con:parameters/><con:representation type="REQUEST"><con:mediaType>application/json</con:mediaType><con:params/></con:representation><con:representation type="FAULT"><con:mediaType>application/json;charset=UTF-8</con:mediaType><con:status>400</con:status><con:params/><con:element xmlns:rout="http://dc2devrmapp44.prod.tangoe.com/v1/routes">rout:Fault</con:element></con:representation><con:representation type="RESPONSE"><con:mediaType xsi:nil="true"/><con:status>201</con:status><con:params/><con:element>data</con:element></con:representation><con:representation type="RESPONSE"><con:mediaType xsi:nil="true"/><con:status>201</con:status><con:params/><con:element>data</con:element></con:representation><con:representation type="RESPONSE"><con:mediaType xsi:nil="true"/><con:status>201</con:status><con:params/><con:element>data</con:element></con:representation><con:representation type="RESPONSE"><con:mediaType xsi:nil="true"/><con:status>201</con:status><con:params/><con:element>data</con:element></con:representation><con:request name="Request 1" id="2626f0a7-a912-4278-bd56-b97d727b655a" mediaType="application/json" postQueryString="false"><con:settings><con:setting id="com.eviware.soapui.impl.wsdl.WsdlRequest@request-headers">&lt;xml-fragment/></con:setting></con:settings><con:endpoint>http://dc2devrmapp44.prod.tangoe.com:8055</con:endpoint><con:request>{
  "key": "",
  "tenantKey": "",
  "applicationKey": "",
  "deploymentKey": "",
  "qualifier": "",
  "enabled": true
}</con:request><con:credentials><con:selectedAuthProfile>No Authorization</con:selectedAuthProfile><con:authType>No Authorization</con:authType></con:credentials><con:jmsConfig JMSDeliveryMode="PERSISTENT"/><con:parameters/></con:request></con:method></con:resource></con:interface><con:interface xsi:type="con:RestService" id="fc00df7e-73c6-4d80-854d-764d4741acba" wadlVersion="http://wadl.dev.java.net/2009/02" name="/routes/{key} GET" type="rest" xmlns:xsi="http://www.w3.org/2001/XMLSchema-instance"><con:settings/><con:definitionCache type="TEXT" rootPart=""/><con:endpoints><con:endpoint>http://dc2devrmapp44.prod.tangoe.com:8055</con:endpoint></con:endpoints><con:resource name="Key" path="/v1/routes/{key}" id="f9a83562-c4db-4dfb-80c7-72c543c9daf7"><con:settings/><con:parameters><con:parameter><con:name>key</con:name><con:value>key</con:value><con:style>TEMPLATE</con:style><con:default>key</con:default><con:path xsi:nil="true"/><con:description xsi:nil="true"/></con:parameter><con:parameter><con:name>includeTenant</con:name><con:value/><con:style>QUERY</con:style><con:default/><con:description xsi:nil="true"/></con:parameter><con:parameter><con:name>includeApplication</con:name><con:value/><con:style>QUERY</con:style><con:default/><con:description xsi:nil="true"/></con:parameter><con:parameter><con:name>includeDeployment</con:name><con:value/><con:style>QUERY</con:style><con:default/><con:description xsi:nil="true"/></con:parameter></con:parameters><con:method name="Key" id="d5da50b6-f41c-4658-a431-d65a85179fa7" method="GET"><con:settings/><con:parameters/><con:representation type="RESPONSE"><con:mediaType>application/json;charset=UTF-8</con:mediaType><con:status>200</con:status><con:params/><con:element xmlns:rout="http://dc2devrmapp44.prod.tangoe.com/v1/routes/ROUTE_ANA_1">rout:Response</con:element></con:representation><con:request name="Request 1" id="5a87affa-d478-4d9d-bed4-0affccc9380f" mediaType="application/json"><con:settings/><con:endpoint>http://dc2devrmapp44.prod.tangoe.com:8055</con:endpoint><con:request/><con:credentials><con:selectedAuthProfile>No Authorization</con:selectedAuthProfile><con:authType>No Authorization</con:authType></con:credentials><con:jmsConfig JMSDeliveryMode="PERSISTENT"/><con:parameters><entry key="key" value="" xmlns="http://eviware.com/soapui/config"/></con:parameters><con:parameterOrder><con:entry>key</con:entry><con:entry>includeTenant</con:entry><con:entry>includeApplication</con:entry><con:entry>includeDeployment</con:entry></con:parameterOrder></con:request></con:method></con:resource></con:interface><con:interface xsi:type="con:RestService" id="f21d4afc-d7ab-455e-b4b3-35cb53278a6a" wadlVersion="http://wadl.dev.java.net/2009/02" name="/routes/{key} PUT" type="rest" xmlns:xsi="http://www.w3.org/2001/XMLSchema-instance"><con:settings/><con:definitionCache/><con:endpoints><con:endpoint>http://dc2devrmapp44.prod.tangoe.com:8055</con:endpoint></con:endpoints><con:resource name="Key" path="/v1/routes/{key}" id="52ab8e2e-019f-406d-a548-40500a2fe395"><con:settings/><con:parameters><con:parameter><con:name>key</con:name><con:value>key</con:value><con:style>TEMPLATE</con:style><con:default>key</con:default><con:path xsi:nil="true"/><con:description xsi:nil="true"/></con:parameter></con:parameters><con:method name="Key" id="7014db72-fa11-4aa3-962f-9aec69558a95" method="PUT"><con:settings/><con:parameters/><con:request name="Request 1" id="52a3f7e5-b68f-4b61-bb79-14d2b7697704" mediaType="application/json" postQueryString="false"><con:settings><con:setting id="com.eviware.soapui.impl.wsdl.WsdlRequest@request-headers">&lt;xml-fragment/></con:setting></con:settings><con:endpoint>http://dc2devrmapp44.prod.tangoe.com:8055</con:endpoint><con:request>{
  "key": "",
  "tenantKey": "",
  "applicationKey": "",
  "deploymentKey": "",
  "qualifier": "",
  "enabled": true
}</con:request><con:credentials><con:selectedAuthProfile>No Authorization</con:selectedAuthProfile><con:authType>No Authorization</con:authType></con:credentials><con:jmsConfig JMSDeliveryMode="PERSISTENT"/><con:parameters><entry key="key" value="key" xmlns="http://eviware.com/soapui/config"/></con:parameters><con:parameterOrder><con:entry>key</con:entry></con:parameterOrder></con:request></con:method></con:resource></con:interface><con:interface xsi:type="con:RestService" id="556fb926-4bd6-47ee-a690-a215bb96b4d8" wadlVersion="http://wadl.dev.java.net/2009/02" name="/routes/{key} DELETE" type="rest" xmlns:xsi="http://www.w3.org/2001/XMLSchema-instance"><con:settings/><con:definitionCache type="TEXT" rootPart=""/><con:endpoints><con:endpoint>http://dc2devrmapp44.prod.tangoe.com:8055</con:endpoint></con:endpoints><con:resource name="Key" path="/v1/routes/{key}" id="e32b480d-9202-4bee-8b16-10ed9b5b5396"><con:settings/><con:parameters><con:parameter><con:name>key</con:name><con:value>key</con:value><con:style>TEMPLATE</con:style><con:default>key</con:default><con:path xsi:nil="true"/><con:description xsi:nil="true"/></con:parameter></con:parameters><con:method name="Key" id="f4ced288-c152-43d0-81e5-2e9043f5ccbb" method="DELETE"><con:settings/><con:parameters/><con:representation type="RESPONSE"><con:mediaType xsi:nil="true"/><con:status>204</con:status><con:params/><con:element>data</con:element></con:representation><con:representation type="REQUEST"><con:mediaType>application/json</con:mediaType><con:params/></con:representation><con:representation type="RESPONSE"><con:mediaType xsi:nil="true"/><con:status>204</con:status><con:params/><con:element>data</con:element></con:representation><con:representation type="RESPONSE"><con:mediaType xsi:nil="true"/><con:status>204</con:status><con:params/><con:element>data</con:element></con:representation><con:request name="Request 1" id="e6030f66-5f51-47b4-ba97-6188dba096a1" mediaType="application/json" postQueryString="false"><con:settings/><con:endpoint>http://dc2devrmapp44.prod.tangoe.com:8055</con:endpoint><con:request/><con:credentials><con:selectedAuthProfile>No Authorization</con:selectedAuthProfile><con:authType>No Authorization</con:authType></con:credentials><con:jmsConfig JMSDeliveryMode="PERSISTENT"/><con:parameters><entry key="key" value="" xmlns="http://eviware.com/soapui/config"/></con:parameters><con:parameterOrder><con:entry>key</con:entry></con:parameterOrder></con:request></con:method></con:resource></con:interface><con:interface xsi:type="con:RestService" id="60407cdb-54d4-40b4-8dcc-283ff7d030e7" wadlVersion="http://wadl.dev.java.net/2009/02" name="/applications POST" type="rest" xmlns:xsi="http://www.w3.org/2001/XMLSchema-instance"><con:settings/><con:definitionCache type="TEXT" rootPart=""/><con:endpoints/><con:resource name="Applications" path="/v1/applications" id="486bb91f-0d23-42ec-b339-c3038a7e4dc8"><con:settings/><con:parameters/><con:method name="Applications" id="1d9c9a30-2614-4578-8fe3-78372a84beb6" method="POST"><con:settings/><con:parameters/><con:representation type="REQUEST"><con:mediaType>application/json</con:mediaType><con:params/></con:representation><con:representation type="RESPONSE"><con:mediaType xsi:nil="true"/><con:status>201</con:status><con:params/><con:element>data</con:element></con:representation><con:representation type="FAULT"><con:mediaType>application/json;charset=UTF-8</con:mediaType><con:status>400</con:status><con:params/><con:element xmlns:app="http://dc2devrmapp44.prod.tangoe.com/v1/applications">app:Fault</con:element></con:representation><con:representation type="RESPONSE"><con:mediaType xsi:nil="true"/><con:status>201</con:status><con:params/><con:element>data</con:element></con:representation><con:representation type="RESPONSE"><con:mediaType xsi:nil="true"/><con:status>201</con:status><con:params/><con:element>data</con:element></con:representation><con:request name="Request 1" id="0e55cfa6-05e7-4272-8647-e5f47b652e2f" mediaType="application/json" postQueryString="false"><con:settings><con:setting id="com.eviware.soapui.impl.wsdl.WsdlRequest@request-headers">&lt;xml-fragment/></con:setting></con:settings><con:endpoint>http://dc2devrmapp44.prod.tangoe.com:8055</con:endpoint><con:request>{
  "key": "",
  "name": "",  
  "description": "",
  "enabled": true 
}</con:request><con:credentials><con:selectedAuthProfile>No Authorization</con:selectedAuthProfile><con:authType>No Authorization</con:authType></con:credentials><con:jmsConfig JMSDeliveryMode="PERSISTENT"/><con:parameters/></con:request></con:method></con:resource></con:interface><con:interface xsi:type="con:RestService" id="79504ab0-9773-4110-9973-daad46f6178d" wadlVersion="http://wadl.dev.java.net/2009/02" name="/deployments POST" type="rest" xmlns:xsi="http://www.w3.org/2001/XMLSchema-instance"><con:settings/><con:definitionCache type="TEXT" rootPart=""/><con:endpoints/><con:resource name="Deployments" path="/v1/deployments" id="c2e4c137-0b8c-443b-bf19-7e4592b5a065"><con:settings/><con:parameters/><con:method name="Deployments" id="3c658d9d-0704-4e37-8cec-99ac0ae52b76" method="POST"><con:settings/><con:parameters/><con:representation type="FAULT"><con:mediaType>application/json;charset=UTF-8</con:mediaType><con:status>400</con:status><con:params/><con:element xmlns:dep="http://dc2devrmapp44.prod.tangoe.com/deployments">dep:Fault</con:element></con:representation><con:representation type="REQUEST"><con:mediaType>application/json</con:mediaType><con:params/></con:representation><con:representation type="RESPONSE"><con:mediaType xsi:nil="true"/><con:status>204</con:status><con:params/><con:element>data</con:element></con:representation><con:representation type="RESPONSE"><con:mediaType xsi:nil="true"/><con:status>204</con:status><con:params/><con:element>data</con:element></con:representation><con:representation type="RESPONSE"><con:mediaType xsi:nil="true"/><con:status>204</con:status><con:params/><con:element>data</con:element></con:representation><con:representation type="RESPONSE"><con:mediaType xsi:nil="true"/><con:status>204</con:status><con:params/><con:element>data</con:element></con:representation><con:representation type="RESPONSE"><con:mediaType xsi:nil="true"/><con:status>204</con:status><con:params/><con:element>data</con:element></con:representation><con:representation type="RESPONSE"><con:mediaType xsi:nil="true"/><con:status>201</con:status><con:params/><con:element>data</con:element></con:representation><con:representation type="RESPONSE"><con:mediaType xsi:nil="true"/><con:status>201</con:status><con:params/><con:element>data</con:element></con:representation><con:request name="Request 1" id="57341d41-52ec-4b27-8419-53b5341c8975" mediaType="application/json" postQueryString="false"><con:settings><con:setting id="com.eviware.soapui.impl.wsdl.WsdlRequest@request-headers">&lt;xml-fragment/></con:setting></con:settings><con:endpoint>http://dc2devrmapp44.prod.tangoe.com:8055</con:endpoint><con:request>{
  "applicationKey": "string",
  "clusterName": "string",
  "description": "string",
  "enabled": true,
  "key": "string",
  "version": "string"
}</con:request><con:credentials><con:selectedAuthProfile>No Authorization</con:selectedAuthProfile><con:authType>No Authorization</con:authType></con:credentials><con:jmsConfig JMSDeliveryMode="PERSISTENT"/><con:parameters/></con:request></con:method></con:resource></con:interface><con:interface xsi:type="con:RestService" id="6241c14d-e00d-43fe-96ee-967cd33c7046" wadlVersion="http://wadl.dev.java.net/2009/02" name="/tenants POST" type="rest" xmlns:xsi="http://www.w3.org/2001/XMLSchema-instance"><con:settings/><con:definitionCache type="TEXT" rootPart=""/><con:endpoints/><con:resource name="Tenants" path="/v1/tenants" id="ee7f5e89-479b-4dbf-b623-b516b9ee8667"><con:settings/><con:parameters/><con:method name="Tenants" id="cc446ce7-7369-419e-84dc-e103c7dba67e" method="POST"><con:settings/><con:parameters/><con:representation type="REQUEST"><con:mediaType>application/json</con:mediaType><con:params/></con:representation><con:representation type="RESPONSE"><con:mediaType xsi:nil="true"/><con:status>201</con:status><con:params/><con:element>data</con:element></con:representation><con:representation type="RESPONSE"><con:mediaType xsi:nil="true"/><con:status>201</con:status><con:params/><con:element>data</con:element></con:representation><con:representation type="RESPONSE"><con:mediaType xsi:nil="true"/><con:status>201</con:status><con:params/><con:element>data</con:element></con:representation><con:representation type="RESPONSE"><con:mediaType xsi:nil="true"/><con:status>201</con:status><con:params/><con:element>data</con:element></con:representation><con:representation type="FAULT"><con:mediaType>application/json;charset=UTF-8</con:mediaType><con:status>400</con:status><con:params/><con:element xmlns:ten="http://dc2devrmapp44.prod.tangoe.com/v1/tenants">ten:Fault</con:element></con:representation><con:representation type="RESPONSE"><con:mediaType xsi:nil="true"/><con:status>201</con:status><con:params/><con:element>data</con:element></con:representation><con:representation type="RESPONSE"><con:mediaType xsi:nil="true"/><con:status>201</con:status><con:params/><con:element>data</con:element></con:representation><con:representation type="RESPONSE"><con:mediaType xsi:nil="true"/><con:status>201</con:status><con:params/><con:element>data</con:element></con:representation><con:representation type="RESPONSE"><con:mediaType xsi:nil="true"/><con:status>201</con:status><con:params/><con:element>data</con:element></con:representation><con:representation type="RESPONSE"><con:mediaType xsi:nil="true"/><con:status>201</con:status><con:params/><con:element>data</con:element></con:representation><con:representation type="RESPONSE"><con:mediaType xsi:nil="true"/><con:status>201</con:status><con:params/><con:element>data</con:element></con:representation><con:representation type="RESPONSE"><con:mediaType xsi:nil="true"/><con:status>0</con:status><con:params/><con:element>data</con:element></con:representation><con:representation type="RESPONSE"><con:mediaType xsi:nil="true"/><con:status>201</con:status><con:params/><con:element>data</con:element></con:representation><con:representation type="RESPONSE"><con:mediaType xsi:nil="true"/><con:status>201</con:status><con:params/><con:element>data</con:element></con:representation><con:representation type="RESPONSE"><con:mediaType xsi:nil="true"/><con:status>201</con:status><con:params/><con:element>data</con:element></con:representation><con:representation type="RESPONSE"><con:mediaType xsi:nil="true"/><con:status>201</con:status><con:params/><con:element>data</con:element></con:representation><con:representation type="RESPONSE"><con:mediaType xsi:nil="true"/><con:status>201</con:status><con:params/><con:element>data</con:element></con:representation><con:request name="Request 1" id="bfd7eaa7-14bf-46df-a99d-b94899359d41" mediaType="application/json" postQueryString="false"><con:settings><con:setting id="com.eviware.soapui.impl.wsdl.WsdlRequest@request-headers">&lt;xml-fragment/></con:setting></con:settings><con:endpoint>http://dc2devrmapp44.prod.tangoe.com:8055</con:endpoint><con:request>{
  "key": "string",
  "name": "string", 
  "enabled": true 
}</con:request><con:credentials><con:selectedAuthProfile>No Authorization</con:selectedAuthProfile><con:authType>No Authorization</con:authType></con:credentials><con:jmsConfig JMSDeliveryMode="PERSISTENT"/><con:parameters/></con:request></con:method></con:resource></con:interface><con:interface xsi:type="con:RestService" id="13a11fdf-6f73-406a-aa46-96aefa4226a6" wadlVersion="http://wadl.dev.java.net/2009/02" name="/tenants/{key}/applications/{applicationKey} PUT" type="rest" xmlns:xsi="http://www.w3.org/2001/XMLSchema-instance"><con:settings/><con:definitionCache type="TEXT" rootPart=""/><con:endpoints><con:endpoint>http://dc2devrmapp44.prod.tangoe.com:8055</con:endpoint></con:endpoints><con:resource name="(applicationKey)" path="/v1/tenants/{key}/applications/{applicationKey}" id="4a7200a2-46e0-4562-9af1-754497ff8f4d"><con:settings/><con:parameters><con:parameter><con:name>key</con:name><con:value/><con:style>TEMPLATE</con:style><con:default/></con:parameter><con:parameter><con:name>applicationKey</con:name><con:value/><con:style>TEMPLATE</con:style><con:default/></con:parameter></con:parameters><con:method name="(applicationKey)" id="cb2a3c65-6e54-4ef7-b5c3-384354e6a914" method="PUT"><con:settings/><con:parameters/><con:representation type="RESPONSE"><con:mediaType xsi:nil="true"/><con:status>204</con:status><con:params/><con:element>data</con:element></con:representation><con:representation type="REQUEST"><con:mediaType>application/json</con:mediaType><con:params/></con:representation><con:representation type="RESPONSE"><con:mediaType xsi:nil="true"/><con:status>204</con:status><con:params/><con:element>data</con:element></con:representation><con:representation type="RESPONSE"><con:mediaType xsi:nil="true"/><con:status>204</con:status><con:params/><con:element>data</con:element></con:representation><con:representation type="FAULT"><con:mediaType>application/json;charset=UTF-8</con:mediaType><con:status>404</con:status><con:params/><con:element xmlns:bad="http://dc2devrmapp44.prod.tangoe.com/v1/tenants/ANAT1/applications/BAD_APP">bad:Fault</con:element></con:representation><con:representation type="RESPONSE"><con:mediaType xsi:nil="true"/><con:status>204</con:status><con:params/><con:element>data</con:element></con:representation><con:representation type="RESPONSE"><con:mediaType xsi:nil="true"/><con:status>204</con:status><con:params/><con:element>data</con:element></con:representation><con:representation type="RESPONSE"><con:mediaType xsi:nil="true"/><con:status>204</con:status><con:params/><con:element>data</con:element></con:representation><con:representation type="RESPONSE"><con:mediaType xsi:nil="true"/><con:status>204</con:status><con:params/><con:element>data</con:element></con:representation><con:representation type="RESPONSE"><con:mediaType xsi:nil="true"/><con:status>204</con:status><con:params/><con:element>data</con:element></con:representation><con:request name="Request 1" id="8661824d-5e2b-4bf4-bb70-50564ecbabef" mediaType="application/json" postQueryString="false"><con:settings><con:setting id="com.eviware.soapui.impl.wsdl.WsdlRequest@request-headers">&lt;xml-fragment/></con:setting></con:settings><con:endpoint>http://dc2devrmapp44.prod.tangoe.com:8055</con:endpoint><con:request/><con:credentials><con:selectedAuthProfile>No Authorization</con:selectedAuthProfile><con:authType>No Authorization</con:authType></con:credentials><con:jmsConfig JMSDeliveryMode="PERSISTENT"/><con:parameters>
  <con:entry key="applicationKey" value=""/>
  <con:entry key="key" value=""/>
</con:parameters><con:parameterOrder><con:entry>key</con:entry><con:entry>applicationKey</con:entry></con:parameterOrder></con:request></con:method></con:resource></con:interface><con:interface xsi:type="con:RestService" id="ef84c2e3-adae-4177-ab30-ceb1ed23c39b" wadlVersion="http://wadl.dev.java.net/2009/02" name="/tenants/{key}/applications/{applicationKey} DELETE" type="rest" xmlns:xsi="http://www.w3.org/2001/XMLSchema-instance"><con:settings/><con:definitionCache type="TEXT" rootPart=""/><con:endpoints/><con:resource name="ApplicationKey" path="/v1/tenants/{key}/applications/{applicationKey}" id="8fb0390a-ea01-40b6-bbfc-57d0be5a754f"><con:settings/><con:parameters><con:parameter><con:name>key</con:name><con:value>key</con:value><con:style>TEMPLATE</con:style><con:default>key</con:default><con:path xsi:nil="true"/><con:description xsi:nil="true"/></con:parameter><con:parameter><con:name>applicationKey</con:name><con:value>applicationKey</con:value><con:style>TEMPLATE</con:style><con:default>applicationKey</con:default><con:path xsi:nil="true"/><con:description xsi:nil="true"/></con:parameter></con:parameters><con:method name="ApplicationKey" id="02fe102b-a58b-41d4-ad1d-872ba8d61c23" method="DELETE"><con:settings/><con:parameters/><con:representation type="REQUEST"><con:mediaType>application/json</con:mediaType><con:params/></con:representation><con:representation type="RESPONSE"><con:mediaType xsi:nil="true"/><con:status>204</con:status><con:params/><con:element>data</con:element></con:representation><con:representation type="FAULT"><con:mediaType>application/json;charset=UTF-8</con:mediaType><con:status>404</con:status><con:params/><con:element xmlns:bad="http://dc2devrmapp44.prod.tangoe.com/v1/tenants/ANAT1/applications/BAD_APP">bad:Fault</con:element></con:representation><con:representation type="RESPONSE"><con:mediaType xsi:nil="true"/><con:status>204</con:status><con:params/><con:element>data</con:element></con:representation><con:representation type="RESPONSE"><con:mediaType xsi:nil="true"/><con:status>204</con:status><con:params/><con:element>data</con:element></con:representation><con:representation type="RESPONSE"><con:mediaType xsi:nil="true"/><con:status>204</con:status><con:params/><con:element>data</con:element></con:representation><con:representation type="RESPONSE"><con:mediaType xsi:nil="true"/><con:status>204</con:status><con:params/><con:element>data</con:element></con:representation><con:representation type="RESPONSE"><con:mediaType xsi:nil="true"/><con:status>204</con:status><con:params/><con:element>data</con:element></con:representation><con:request name="Request 1" id="b340a60a-4dba-4f26-ae06-21575166f0dd" mediaType="application/json" postQueryString="false"><con:settings><con:setting id="com.eviware.soapui.impl.wsdl.WsdlRequest@request-headers">&lt;xml-fragment/></con:setting></con:settings><con:endpoint>http://dc2devrmapp44.prod.tangoe.com:8055</con:endpoint><con:request/><con:credentials><con:selectedAuthProfile>No Authorization</con:selectedAuthProfile><con:authType>No Authorization</con:authType></con:credentials><con:jmsConfig JMSDeliveryMode="PERSISTENT"/><con:parameters>
  <con:entry key="applicationKey" value="applicationKey"/>
  <con:entry key="key" value="key"/>
</con:parameters><con:parameterOrder><con:entry>key</con:entry><con:entry>applicationKey</con:entry></con:parameterOrder></con:request></con:method></con:resource></con:interface><con:interface xsi:type="con:RestService" id="909f5d3b-78c1-4dd7-b83d-58b39d10c673" wadlVersion="http://wadl.dev.java.net/2009/02" name="/tenants/{key}/deployments/{deploymentKey} DELETE" type="rest" xmlns:xsi="http://www.w3.org/2001/XMLSchema-instance"><con:settings/><con:definitionCache type="TEXT" rootPart=""/><con:endpoints/><con:resource name="DeploymentKey" path="/v1/tenants/{key}/deployments/{deploymentKey}" id="9336aca4-e7ce-447f-b06e-e55721f3fe6b"><con:settings/><con:parameters><con:parameter><con:name>key</con:name><con:value>key</con:value><con:style>TEMPLATE</con:style><con:default>key</con:default><con:path xsi:nil="true"/><con:description xsi:nil="true"/></con:parameter><con:parameter><con:name>deploymentKey</con:name><con:value>deploymentKey</con:value><con:style>TEMPLATE</con:style><con:default>deploymentKey</con:default><con:path xsi:nil="true"/><con:description xsi:nil="true"/></con:parameter></con:parameters><con:method name="DeploymentKey" id="e2a2d3be-e227-4039-a2c0-861b47afa877" method="DELETE"><con:settings/><con:parameters/><con:representation type="REQUEST"><con:mediaType>application/json</con:mediaType><con:params/></con:representation><con:representation type="RESPONSE"><con:mediaType xsi:nil="true"/><con:status>204</con:status><con:params/><con:element>data</con:element></con:representation><con:representation type="FAULT"><con:mediaType>application/json;charset=UTF-8</con:mediaType><con:status>404</con:status><con:params/><con:element xmlns:dep="http://dc2devrmapp44.prod.tangoe.com/v1/tenants/ANAT1/deployments/DEP_NOT_VALID">dep:Fault</con:element></con:representation><con:representation type="RESPONSE"><con:mediaType xsi:nil="true"/><con:status>204</con:status><con:params/><con:element>data</con:element></con:representation><con:representation type="RESPONSE"><con:mediaType xsi:nil="true"/><con:status>204</con:status><con:params/><con:element>data</con:element></con:representation><con:representation type="RESPONSE"><con:mediaType xsi:nil="true"/><con:status>204</con:status><con:params/><con:element>data</con:element></con:representation><con:representation type="RESPONSE"><con:mediaType xsi:nil="true"/><con:status>204</con:status><con:params/><con:element>data</con:element></con:representation><con:representation type="RESPONSE"><con:mediaType xsi:nil="true"/><con:status>204</con:status><con:params/><con:element>data</con:element></con:representation><con:request name="Request 1" id="2f194202-1013-405b-b383-15386edb461c" mediaType="application/json" postQueryString="false"><con:settings><con:setting id="com.eviware.soapui.impl.wsdl.WsdlRequest@request-headers">&lt;xml-fragment/></con:setting></con:settings><con:endpoint>http://dc2devrmapp44.prod.tangoe.com:8055</con:endpoint><con:request/><con:credentials><con:selectedAuthProfile>No Authorization</con:selectedAuthProfile><con:authType>No Authorization</con:authType></con:credentials><con:jmsConfig JMSDeliveryMode="PERSISTENT"/><con:parameters>
  <con:entry key="deploymentKey" value="deploymentKey"/>
  <con:entry key="key" value="key"/>
</con:parameters><con:parameterOrder><con:entry>key</con:entry><con:entry>deploymentKey</con:entry></con:parameterOrder></con:request></con:method></con:resource></con:interface><con:interface xsi:type="con:RestService" id="8540d530-c73e-4579-8151-1d196221d292" wadlVersion="http://wadl.dev.java.net/2009/02" name="/tenants/{key}/deployments/{deploymentKey} PUT" type="rest" xmlns:xsi="http://www.w3.org/2001/XMLSchema-instance"><con:settings/><con:definitionCache type="TEXT" rootPart=""/><con:endpoints/><con:resource name="DeploymentKey" path="/v1/tenants/{key}/deployments/{deploymentKey}" id="54395dda-302c-4df5-bafc-9040a8e46341"><con:settings/><con:parameters><con:parameter><con:name>key</con:name><con:value>key</con:value><con:style>TEMPLATE</con:style><con:default>key</con:default><con:path xsi:nil="true"/><con:description xsi:nil="true"/></con:parameter><con:parameter><con:name>deploymentKey</con:name><con:value>deploymentKey</con:value><con:style>TEMPLATE</con:style><con:default>deploymentKey</con:default><con:path xsi:nil="true"/><con:description xsi:nil="true"/></con:parameter></con:parameters><con:method name="DeploymentKey" id="c23bde81-9a10-428f-9817-75e1e1cd04cf" method="PUT"><con:settings/><con:parameters/><con:representation type="RESPONSE"><con:mediaType xsi:nil="true"/><con:status>204</con:status><con:params/><con:element>data</con:element></con:representation><con:representation type="REQUEST"><con:mediaType>application/json</con:mediaType><con:params/></con:representation><con:representation type="RESPONSE"><con:mediaType xsi:nil="true"/><con:status>204</con:status><con:params/><con:element>data</con:element></con:representation><con:representation type="RESPONSE"><con:mediaType xsi:nil="true"/><con:status>204</con:status><con:params/><con:element>data</con:element></con:representation><con:representation type="FAULT"><con:mediaType>application/json;charset=UTF-8</con:mediaType><con:status>404 400</con:status><con:params/><con:element xmlns:dep="http://dc2devrmapp44.prod.tangoe.com/v1/tenants/EEE/deployments/DEP_ANA_TEST">dep:Fault</con:element></con:representation><con:representation type="RESPONSE"><con:mediaType xsi:nil="true"/><con:status>0</con:status><con:params/><con:element>data</con:element></con:representation><con:representation type="RESPONSE"><con:mediaType xsi:nil="true"/><con:status>204</con:status><con:params/><con:element>data</con:element></con:representation><con:representation type="RESPONSE"><con:mediaType xsi:nil="true"/><con:status>204</con:status><con:params/><con:element>data</con:element></con:representation><con:representation type="RESPONSE"><con:mediaType xsi:nil="true"/><con:status>204</con:status><con:params/><con:element>data</con:element></con:representation><con:representation type="RESPONSE"><con:mediaType xsi:nil="true"/><con:status>204</con:status><con:params/><con:element>data</con:element></con:representation><con:request name="Request 1" id="c755d7ca-fe18-454a-a1b2-912874962eae" mediaType="application/json" postQueryString="false"><con:settings><con:setting id="com.eviware.soapui.impl.wsdl.WsdlRequest@request-headers">&lt;xml-fragment/></con:setting></con:settings><con:endpoint>http://dc2devrmapp44.prod.tangoe.com:8055</con:endpoint><con:request/><con:credentials><con:selectedAuthProfile>No Authorization</con:selectedAuthProfile><con:authType>No Authorization</con:authType></con:credentials><con:jmsConfig JMSDeliveryMode="PERSISTENT"/><con:parameters>
  <con:entry key="deploymentKey" value="deploymentKey"/>
  <con:entry key="key" value="key"/>
</con:parameters><con:parameterOrder><con:entry>key</con:entry><con:entry>deploymentKey</con:entry></con:parameterOrder></con:request></con:method></con:resource></con:interface><con:interface xsi:type="con:RestService" id="560bf6aa-5885-4fb6-bbcb-11705096525a" wadlVersion="http://wadl.dev.java.net/2009/02" name="/deployments/{key} DELETE" type="rest" xmlns:xsi="http://www.w3.org/2001/XMLSchema-instance"><con:settings/><con:definitionCache type="TEXT" rootPart=""/><con:endpoints/><con:resource name="Key" path="/v1/deployments/{key}" id="dd724240-4c89-485e-8657-24f70635dca0"><con:settings/><con:parameters><con:parameter><con:name>key</con:name><con:value>key</con:value><con:style>TEMPLATE</con:style><con:default>key</con:default><con:path xsi:nil="true"/><con:description xsi:nil="true"/></con:parameter></con:parameters><con:method name="Key" id="32c7e18d-6859-4db5-a3b6-9554a0893dc6" method="DELETE"><con:settings/><con:parameters/><con:representation type="FAULT"><con:mediaType>application/json;charset=UTF-8</con:mediaType><con:status>400 404</con:status><con:params/><con:element xmlns:dep="http://dc2devrmapp44.prod.tangoe.com/v1/deployments/DEPLOYMENT2">dep:Fault</con:element></con:representation><con:representation type="REQUEST"><con:mediaType>application/json</con:mediaType><con:params/></con:representation><con:representation type="RESPONSE"><con:mediaType xsi:nil="true"/><con:status>204</con:status><con:params/><con:element>data</con:element></con:representation><con:representation type="RESPONSE"><con:mediaType xsi:nil="true"/><con:status>204</con:status><con:params/><con:element>data</con:element></con:representation><con:representation type="RESPONSE"><con:mediaType xsi:nil="true"/><con:status>204</con:status><con:params/><con:element>data</con:element></con:representation><con:representation type="RESPONSE"><con:mediaType xsi:nil="true"/><con:status>204</con:status><con:params/><con:element>data</con:element></con:representation><con:representation type="RESPONSE"><con:mediaType xsi:nil="true"/><con:status>204</con:status><con:params/><con:element>data</con:element></con:representation><con:request name="Request 1" id="8653705a-2788-41d1-b027-68ad034e1c28" mediaType="application/json" postQueryString="false"><con:settings><con:setting id="com.eviware.soapui.impl.wsdl.WsdlRequest@request-headers">&lt;xml-fragment/></con:setting></con:settings><con:endpoint>http://dc2devrmapp44.prod.tangoe.com:8055</con:endpoint><con:request/><con:credentials><con:selectedAuthProfile>No Authorization</con:selectedAuthProfile><con:authType>No Authorization</con:authType></con:credentials><con:jmsConfig JMSDeliveryMode="PERSISTENT"/><con:parameters><entry key="key" value="key" xmlns="http://eviware.com/soapui/config"/></con:parameters><con:parameterOrder><con:entry>key</con:entry></con:parameterOrder></con:request></con:method></con:resource></con:interface><con:interface xsi:type="con:RestService" id="83ea064f-0003-4472-b4cb-f11a85012de8" wadlVersion="http://wadl.dev.java.net/2009/02" name="/applications/{key} DELETE" type="rest" xmlns:xsi="http://www.w3.org/2001/XMLSchema-instance"><con:settings/><con:definitionCache type="TEXT" rootPart=""/><con:endpoints/><con:resource name="Key" path="/v1/applications/{key}" id="8087552f-b237-426c-9e31-6a1fe2b6cc93"><con:settings/><con:parameters><con:parameter><con:name>key</con:name><con:value>key</con:value><con:style>TEMPLATE</con:style><con:default>key</con:default><con:path xsi:nil="true"/><con:description xsi:nil="true"/></con:parameter></con:parameters><con:method name="Key" id="bb62c24d-470b-4ad2-8b20-a158a22dac66" method="DELETE"><con:settings/><con:parameters/><con:representation type="REQUEST"><con:mediaType>application/json</con:mediaType><con:params/></con:representation><con:representation type="FAULT"><con:mediaType>application/json;charset=UTF-8</con:mediaType><con:status>400 404</con:status><con:params/><con:element xmlns:app="http://dc2devrmapp44.prod.tangoe.com/v1/applications/APP_ANA_R1">app:Fault</con:element></con:representation><con:representation type="RESPONSE"><con:mediaType xsi:nil="true"/><con:status>204</con:status><con:params/><con:element>data</con:element></con:representation><con:representation type="RESPONSE"><con:mediaType xsi:nil="true"/><con:status>204</con:status><con:params/><con:element>data</con:element></con:representation><con:request name="Request 1" id="824f830f-95a2-428b-b055-6bb914fa797e" mediaType="application/json" postQueryString="false"><con:settings><con:setting id="com.eviware.soapui.impl.wsdl.WsdlRequest@request-headers">&lt;xml-fragment/></con:setting></con:settings><con:endpoint>http://dc2devrmapp44.prod.tangoe.com:8055</con:endpoint><con:request/><con:credentials><con:selectedAuthProfile>No Authorization</con:selectedAuthProfile><con:authType>No Authorization</con:authType></con:credentials><con:jmsConfig JMSDeliveryMode="PERSISTENT"/><con:parameters><entry key="key" value="" xmlns="http://eviware.com/soapui/config"/></con:parameters><con:parameterOrder><con:entry>key</con:entry></con:parameterOrder></con:request></con:method></con:resource></con:interface><con:interface xsi:type="con:RestService" id="d636675c-f683-436c-b80f-1e14a51b5e03" wadlVersion="http://wadl.dev.java.net/2009/02" name="/tenants/{key} DELETE" type="rest" xmlns:xsi="http://www.w3.org/2001/XMLSchema-instance"><con:settings/><con:definitionCache type="TEXT" rootPart=""/><con:endpoints><con:endpoint>http://dc2devrmapp44.prod.tangoe.com:8055</con:endpoint></con:endpoints><con:resource name="Key" path="/v1/tenants/{key}" id="15cbd91d-63db-4c43-91b4-230e11aff588"><con:settings/><con:parameters><con:parameter><con:name>key</con:name><con:value>key</con:value><con:style>TEMPLATE</con:style><con:default>key</con:default><con:path xsi:nil="true"/><con:description xsi:nil="true"/></con:parameter></con:parameters><con:method name="Key" id="a55e480d-c58b-44af-b255-4fdc8225d36b" method="DELETE"><con:settings/><con:parameters/><con:representation type="REQUEST"><con:mediaType>application/json</con:mediaType><con:params/></con:representation><con:representation type="RESPONSE"><con:mediaType xsi:nil="true"/><con:status>204</con:status><con:params/><con:element>data</con:element></con:representation><con:representation type="RESPONSE"><con:mediaType xsi:nil="true"/><con:status>204</con:status><con:params/><con:element>data</con:element></con:representation><con:representation type="RESPONSE"><con:mediaType xsi:nil="true"/><con:status>204</con:status><con:params/><con:element>data</con:element></con:representation><con:representation type="RESPONSE"><con:mediaType xsi:nil="true"/><con:status>204</con:status><con:params/><con:element>data</con:element></con:representation><con:representation type="RESPONSE"><con:mediaType xsi:nil="true"/><con:status>204</con:status><con:params/><con:element>data</con:element></con:representation><con:representation type="RESPONSE"><con:mediaType xsi:nil="true"/><con:status>204</con:status><con:params/><con:element>data</con:element></con:representation><con:representation type="FAULT"><con:mediaType>application/json;charset=UTF-8</con:mediaType><con:status>404 400</con:status><con:params/><con:element xmlns:ten="http://dc2devrmapp44.prod.tangoe.com/v1/tenants/TEN45">ten:Fault</con:element></con:representation><con:representation type="RESPONSE"><con:mediaType xsi:nil="true"/><con:status>204</con:status><con:params/><con:element>data</con:element></con:representation><con:representation type="RESPONSE"><con:mediaType xsi:nil="true"/><con:status>204</con:status><con:params/><con:element>data</con:element></con:representation><con:representation type="RESPONSE"><con:mediaType xsi:nil="true"/><con:status>204</con:status><con:params/><con:element>data</con:element></con:representation><con:representation type="RESPONSE"><con:mediaType xsi:nil="true"/><con:status>204</con:status><con:params/><con:element>data</con:element></con:representation><con:representation type="RESPONSE"><con:mediaType xsi:nil="true"/><con:status>204</con:status><con:params/><con:element>data</con:element></con:representation><con:representation type="RESPONSE"><con:mediaType xsi:nil="true"/><con:status>204</con:status><con:params/><con:element>data</con:element></con:representation><con:request name="Request 1" id="0293af6d-8b3c-48a8-9220-2f7486e2dcd8" mediaType="application/json" postQueryString="false"><con:settings/><con:endpoint>http://dc2devrmapp44.prod.tangoe.com:8055</con:endpoint><con:request/><con:credentials><con:selectedAuthProfile>No Authorization</con:selectedAuthProfile><con:authType>No Authorization</con:authType></con:credentials><con:jmsConfig JMSDeliveryMode="PERSISTENT"/><con:parameters><entry key="key" value="" xmlns="http://eviware.com/soapui/config"/></con:parameters><con:parameterOrder><con:entry>key</con:entry></con:parameterOrder></con:request></con:method></con:resource></con:interface><con:testSuite id="ff3739f2-9d09-4f18-a905-82e4ec86905d" name="TestSuite_Routes"><con:settings/><con:runType>SEQUENTIAL</con:runType><con:testCase id="8bf7c917-9457-425c-b62e-592e2a68ac31" discardOkResults="true" failOnError="true" failTestCaseOnErrors="true" keepSession="false" name="TestCase_Routes" searchProperties="true" timeout="0"><con:settings/><con:savedRecentRuns>1</con:savedRecentRuns><con:testStep type="groovy" name="Setup Variables" id="a5a36724-2c7b-4a58-972e-ddee36acd697"><con:settings/><con:config><script>
String applicationKey = "APP_ANA_R1"
String deploymentKey = "DEP_ANA_R1"
String tenantKey = "TR1"
String routeKey = "ROUTE_ANA_1"

testRunner.testCase.setPropertyValue("applicationKey", applicationKey)
testRunner.testCase.setPropertyValue("deploymentKey", deploymentKey)
testRunner.testCase.setPropertyValue("tenantKey", tenantKey)
testRunner.testCase.setPropertyValue("routeKey", routeKey)

testRunner.testCase.setPropertyValue("applicationKeyBody", "\"" + applicationKey + "\"")
testRunner.testCase.setPropertyValue("deploymentKeyBody", "\"" + deploymentKey + "\"")
testRunner.testCase.setPropertyValue("tenantKeyBody", "\"" + tenantKey + "\"")
testRunner.testCase.setPropertyValue("routeKeyBody", "\"" + routeKey + "\"")
</script></con:config></con:testStep><con:testStep type="restrequest" name="GetRoutes" id="f7f31c06-d577-4a7d-acfc-bc842ca4d84d"><con:settings/><con:config service="/routes GET" resourcePath="/v1/routes" methodName="Routes" xsi:type="con:RestRequestStep" xmlns:xsi="http://www.w3.org/2001/XMLSchema-instance"><con:restRequest name="GetRoutes" id="367805df-9afb-4966-8b01-6c48de389dce" mediaType="application/json"><con:settings><con:setting id="com.eviware.soapui.impl.wsdl.WsdlRequest@request-headers">&lt;xml-fragment/></con:setting></con:settings><con:endpoint>http://dc2devrmapp44.prod.tangoe.com:8055</con:endpoint><con:request/><con:originalUri>http://dc2devrmapp44.prod.tangoe.com/routes</con:originalUri><con:assertion type="Valid HTTP Status Codes" id="59b2467a-a8e4-4f6c-ae52-f60e45e4b8cf" name="Valid HTTP Status Codes"><con:settings/><con:configuration><codes>200</codes></con:configuration></con:assertion><con:credentials><con:selectedAuthProfile>Inherit From Parent</con:selectedAuthProfile><con:authType>No Authorization</con:authType></con:credentials><con:jmsConfig JMSDeliveryMode="PERSISTENT"/><con:parameters>
  <con:entry key="includeApplication" value="false"/>
  <con:entry key="includeTenant" value="false"/>
  <con:entry key="includeDeployment" value="false"/>
</con:parameters><con:parameterOrder><con:entry>applicationKey</con:entry><con:entry>tenantKey</con:entry><con:entry>deploymentKey</con:entry><con:entry>qualifier</con:entry><con:entry>version</con:entry><con:entry>enabled</con:entry><con:entry>sortBy</con:entry><con:entry>sortDirection</con:entry><con:entry>page</con:entry><con:entry>pageSize</con:entry><con:entry>includeTenant</con:entry><con:entry>includeApplication</con:entry><con:entry>includeDeployment</con:entry></con:parameterOrder></con:restRequest></con:config></con:testStep><con:testStep type="restrequest" name="AddApplication" id="f9902d3a-23e2-478f-b5fb-4eb3f02f1179"><con:settings/><con:config service="/applications POST" resourcePath="/v1/applications" methodName="Applications" xsi:type="con:RestRequestStep" xmlns:xsi="http://www.w3.org/2001/XMLSchema-instance"><con:restRequest name="AddApplication" id="0e55cfa6-05e7-4272-8647-e5f47b652e2f" mediaType="application/json" postQueryString="false"><con:settings><con:setting id="com.eviware.soapui.impl.wsdl.WsdlRequest@request-headers">&lt;xml-fragment/></con:setting></con:settings><con:endpoint>http://dc2devrmapp44.prod.tangoe.com:8055</con:endpoint><con:request>{
  "key": ${#TestCase#applicationKeyBody},
  "name": "App for testing Routes - Ana",  
  "description": "test",
  "enabled": true 
}</con:request><con:originalUri>http://dc2devrmapp44.prod.tangoe.com/v1/applications</con:originalUri><con:assertion type="Valid HTTP Status Codes" id="0be03749-00e0-4429-bfdb-340393080dc2" name="Valid HTTP Status Codes"><con:settings/><con:configuration><codes>201</codes></con:configuration></con:assertion><con:credentials><con:selectedAuthProfile>Inherit From Parent</con:selectedAuthProfile><con:authType>No Authorization</con:authType></con:credentials><con:jmsConfig JMSDeliveryMode="PERSISTENT"/><con:parameters/></con:restRequest></con:config></con:testStep><con:testStep type="restrequest" name="AddDeployment" id="953567a0-73bd-4457-8629-f2ff5259116b"><con:settings/><con:config service="/deployments POST" resourcePath="/v1/deployments" methodName="Deployments" xsi:type="con:RestRequestStep" xmlns:xsi="http://www.w3.org/2001/XMLSchema-instance"><con:restRequest name="AddDeployment" id="57341d41-52ec-4b27-8419-53b5341c8975" mediaType="application/json" postQueryString="false"><con:settings><con:setting id="com.eviware.soapui.impl.wsdl.WsdlRequest@request-headers">&lt;xml-fragment/></con:setting></con:settings><con:endpoint>http://dc2devrmapp44.prod.tangoe.com:8055</con:endpoint><con:request>{
  "applicationKey": "APP_ANA_R1",
  "clusterName": "CLUSTER_R1",
  "description": "test",
  "enabled": true,
  "key": ${#TestCase#deploymentKeyBody},
  "version": "1.0.0"
}</con:request><con:originalUri>http://dc2devrmapp44.prod.tangoe.com/v1/deployments</con:originalUri><con:assertion type="Valid HTTP Status Codes" id="5bd22b4c-5c21-4ff7-8a84-be8ea9d3755a" name="Valid HTTP Status Codes"><con:settings/><con:configuration><codes>201</codes></con:configuration></con:assertion><con:credentials><con:selectedAuthProfile>Inherit From Parent</con:selectedAuthProfile><con:authType>No Authorization</con:authType></con:credentials><con:jmsConfig JMSDeliveryMode="PERSISTENT"/><con:parameters/></con:restRequest></con:config></con:testStep><con:testStep type="restrequest" name="AddTenant" id="53dc1ea7-5dee-4a19-96ed-745c09453c1a"><con:settings/><con:config service="/tenants POST" resourcePath="/v1/tenants" methodName="Tenants" xsi:type="con:RestRequestStep" xmlns:xsi="http://www.w3.org/2001/XMLSchema-instance"><con:restRequest name="AddTenant" id="bfd7eaa7-14bf-46df-a99d-b94899359d41" mediaType="application/json" postQueryString="false"><con:settings><con:setting id="com.eviware.soapui.impl.wsdl.WsdlRequest@request-headers">&lt;xml-fragment/></con:setting></con:settings><con:endpoint>http://dc2devrmapp44.prod.tangoe.com:8055</con:endpoint><con:request>{
  "key": ${#TestCase#tenantKeyBody},
  "name": "Tenant Test Route Ana 1", 
  "enabled": true 
}</con:request><con:originalUri>http://dc2devrmapp44.prod.tangoe.com/v1/tenants</con:originalUri><con:assertion type="Valid HTTP Status Codes" id="9a0cdb4e-e76a-4896-9be5-0612e40567e7" name="Valid HTTP Status Codes"><con:settings/><con:configuration><codes>201</codes></con:configuration></con:assertion><con:credentials><con:selectedAuthProfile>Inherit From Parent</con:selectedAuthProfile><con:authType>No Authorization</con:authType></con:credentials><con:jmsConfig JMSDeliveryMode="PERSISTENT"/><con:parameters/></con:restRequest></con:config></con:testStep><con:testStep type="restrequest" name="AssignAppToTenant" id="7e62ae6f-d945-4ff1-a22d-f67ce05a05fd"><con:settings/><con:config service="/tenants/{key}/applications/{applicationKey} PUT" resourcePath="/v1/tenants/{key}/applications/{applicationKey}" methodName="(applicationKey)" xsi:type="con:RestRequestStep" xmlns:xsi="http://www.w3.org/2001/XMLSchema-instance"><con:restRequest name="AssignAppToTenant" id="8661824d-5e2b-4bf4-bb70-50564ecbabef" mediaType="application/json" postQueryString="false"><con:settings><con:setting id="com.eviware.soapui.impl.wsdl.WsdlRequest@request-headers">&lt;xml-fragment/></con:setting></con:settings><con:endpoint>http://dc2devrmapp44.prod.tangoe.com:8055</con:endpoint><con:request/><con:originalUri>http://dc2devrmapp44.prod.tangoe.com/v1/tenants/TR1/applications/APP_ANA_R1</con:originalUri><con:assertion type="Valid HTTP Status Codes" id="a8c5ee88-2c72-483f-96a9-39eff915efde" name="Valid HTTP Status Codes"><con:settings/><con:configuration><codes>204</codes></con:configuration></con:assertion><con:credentials><con:selectedAuthProfile>Inherit From Parent</con:selectedAuthProfile><con:authType>No Authorization</con:authType></con:credentials><con:jmsConfig JMSDeliveryMode="PERSISTENT"/><con:parameters>
  <con:entry key="applicationKey" value="${#TestCase#applicationKey}"/>
  <con:entry key="key" value="${#TestCase#tenantKey}"/>
</con:parameters><con:parameterOrder><con:entry>key</con:entry><con:entry>applicationKey</con:entry></con:parameterOrder></con:restRequest></con:config></con:testStep><con:testStep type="restrequest" name="AssignDeploymentToTenant" id="7dbc7475-852c-46e6-9ad9-3a8325114847"><con:settings/><con:config service="/tenants/{key}/deployments/{deploymentKey} PUT" resourcePath="/v1/tenants/{key}/deployments/{deploymentKey}" methodName="DeploymentKey" xsi:type="con:RestRequestStep" xmlns:xsi="http://www.w3.org/2001/XMLSchema-instance"><con:restRequest name="AssignDeploymentToTenant" id="c755d7ca-fe18-454a-a1b2-912874962eae" mediaType="application/json" postQueryString="false"><con:settings><con:setting id="com.eviware.soapui.impl.wsdl.WsdlRequest@request-headers">&lt;xml-fragment/></con:setting></con:settings><con:endpoint>http://dc2devrmapp44.prod.tangoe.com:8055</con:endpoint><con:request/><con:originalUri>http://dc2devrmapp44.prod.tangoe.com/v1/tenants/TR1/deployments/DEP_ANA_R1</con:originalUri><con:assertion type="Valid HTTP Status Codes" id="3eb38e58-c0cd-43f4-80b1-a728a86d8228" name="Valid HTTP Status Codes"><con:settings/><con:configuration><codes>204</codes></con:configuration></con:assertion><con:credentials><con:selectedAuthProfile>Inherit From Parent</con:selectedAuthProfile><con:authType>No Authorization</con:authType></con:credentials><con:jmsConfig JMSDeliveryMode="PERSISTENT"/><con:parameters>
  <con:entry key="deploymentKey" value="${#TestCase#deploymentKey}"/>
  <con:entry key="key" value="${#TestCase#tenantKey}"/>
</con:parameters><con:parameterOrder><con:entry>key</con:entry><con:entry>deploymentKey</con:entry></con:parameterOrder></con:restRequest></con:config></con:testStep><con:testStep type="restrequest" name="AddNewRoute" id="38bca5bf-5c94-48a4-ba09-f944a8c256e4"><con:settings/><con:config service="/routes POST" resourcePath="/v1/routes" methodName="Routes" xsi:type="con:RestRequestStep" xmlns:xsi="http://www.w3.org/2001/XMLSchema-instance"><con:restRequest name="AddNewRoute" id="2626f0a7-a912-4278-bd56-b97d727b655a" mediaType="application/json" postQueryString="false"><con:settings><con:setting id="com.eviware.soapui.impl.wsdl.WsdlRequest@request-headers">&lt;xml-fragment/></con:setting></con:settings><con:endpoint>http://dc2devrmapp44.prod.tangoe.com:8055</con:endpoint><con:request>{
  "key": ${#TestCase#routeKeyBody},
  "tenantKey": ${#TestCase#tenantKeyBody},
  "applicationKey": ${#TestCase#applicationKeyBody},
  "deploymentKey": ${#TestCase#deploymentKeyBody},
  "qualifier": "TESTING",
  "enabled": true
}</con:request><con:originalUri>http://dc2devrmapp44.prod.tangoe.com/v1/routes</con:originalUri><con:assertion type="Valid HTTP Status Codes" id="6211868d-df2d-4355-ad8e-b94ca61295b5" name="Valid HTTP Status Codes"><con:settings/><con:configuration><codes>201</codes></con:configuration></con:assertion><con:credentials><con:selectedAuthProfile>Inherit From Parent</con:selectedAuthProfile><con:authType>No Authorization</con:authType></con:credentials><con:jmsConfig JMSDeliveryMode="PERSISTENT"/><con:parameters/></con:restRequest></con:config></con:testStep><con:testStep type="restrequest" name="GetRouteByKey" id="6963f19d-b121-46f0-a840-831afcf9367d"><con:settings/><con:config service="/routes/{key} GET" resourcePath="/v1/routes/{key}" methodName="Key" xsi:type="con:RestRequestStep" xmlns:xsi="http://www.w3.org/2001/XMLSchema-instance"><con:restRequest name="GetRouteByKey" id="5a87affa-d478-4d9d-bed4-0affccc9380f" mediaType="application/json"><con:settings><con:setting id="com.eviware.soapui.impl.wsdl.WsdlRequest@request-headers">&lt;xml-fragment/></con:setting></con:settings><con:endpoint>http://dc2devrmapp44.prod.tangoe.com:8055</con:endpoint><con:request/><con:originalUri>http://dc2devrmapp44.prod.tangoe.com/v1/routes/ROUTE_ANA_1</con:originalUri><con:assertion type="Valid HTTP Status Codes" id="eee9fbf5-e20f-4bc7-b019-37b57d739f9f" name="Valid HTTP Status Codes"><con:settings/><con:configuration><codes>200</codes></con:configuration></con:assertion><con:credentials><con:selectedAuthProfile>Inherit From Parent</con:selectedAuthProfile><con:authType>No Authorization</con:authType></con:credentials><con:jmsConfig JMSDeliveryMode="PERSISTENT"/><con:parameters><entry key="key" value="${#TestCase#routeKey}" xmlns="http://eviware.com/soapui/config"/></con:parameters><con:parameterOrder><con:entry>key</con:entry><con:entry>includeTenant</con:entry><con:entry>includeApplication</con:entry><con:entry>includeDeployment</con:entry></con:parameterOrder></con:restRequest></con:config></con:testStep><con:testStep type="restrequest" name="DeleteApplication_Fails--DueToAssignments" id="652dbe11-a47b-49d5-98b8-57b6ee180674"><con:settings/><con:config service="/applications/{key} DELETE" resourcePath="/v1/applications/{key}" methodName="Key" xsi:type="con:RestRequestStep" xmlns:xsi="http://www.w3.org/2001/XMLSchema-instance"><con:restRequest name="DeleteApplication_Fails--DueToAssignments" id="824f830f-95a2-428b-b055-6bb914fa797e" mediaType="application/json" postQueryString="false"><con:settings><con:setting id="com.eviware.soapui.impl.wsdl.WsdlRequest@request-headers">&lt;xml-fragment/></con:setting></con:settings><con:endpoint>http://dc2devrmapp44.prod.tangoe.com:8055</con:endpoint><con:request/><con:originalUri>http://dc2devrmapp44.prod.tangoe.com/v1/applications/APP_ANA_R1</con:originalUri><con:assertion type="Valid HTTP Status Codes" id="4f32f65d-e5de-46e2-8660-b3e9d8c4d719" name="Valid HTTP Status Codes"><con:settings/><con:configuration><codes>400</codes></con:configuration></con:assertion><con:credentials><con:selectedAuthProfile>Inherit From Parent</con:selectedAuthProfile><con:authType>No Authorization</con:authType></con:credentials><con:jmsConfig JMSDeliveryMode="PERSISTENT"/><con:parameters><entry key="key" value="${#TestCase#applicationKey}" xmlns="http://eviware.com/soapui/config"/></con:parameters><con:parameterOrder><con:entry>key</con:entry></con:parameterOrder></con:restRequest></con:config></con:testStep><con:testStep type="restrequest" name="DeleteDeployment_Fails--DueToAssignments" id="2235441c-5552-4456-8c77-395f2ea04a75"><con:settings/><con:config service="/deployments/{key} DELETE" resourcePath="/v1/deployments/{key}" methodName="Key" xsi:type="con:RestRequestStep" xmlns:xsi="http://www.w3.org/2001/XMLSchema-instance"><con:restRequest name="DeleteDeployment_Fails--DueToAssignments" id="8653705a-2788-41d1-b027-68ad034e1c28" mediaType="application/json" postQueryString="false"><con:settings><con:setting id="com.eviware.soapui.impl.wsdl.WsdlRequest@request-headers">&lt;xml-fragment/></con:setting></con:settings><con:endpoint>http://dc2devrmapp44.prod.tangoe.com:8055</con:endpoint><con:request/><con:originalUri>http://dc2devrmapp44.prod.tangoe.com/v1/deployments/DEP_ANA_R1</con:originalUri><con:assertion type="Valid HTTP Status Codes" id="d53e8361-c35e-4e16-ae9e-c23c08fa02f7" name="Valid HTTP Status Codes"><con:settings/><con:configuration><codes>400</codes></con:configuration></con:assertion><con:credentials><con:selectedAuthProfile>Inherit From Parent</con:selectedAuthProfile><con:authType>No Authorization</con:authType></con:credentials><con:jmsConfig JMSDeliveryMode="PERSISTENT"/><con:parameters><entry key="key" value="${#TestCase#deploymentKey}" xmlns="http://eviware.com/soapui/config"/></con:parameters><con:parameterOrder><con:entry>key</con:entry></con:parameterOrder></con:restRequest></con:config></con:testStep><con:testStep type="restrequest" name="DeleteTenant_Fails--DueToAssignments" id="f1a1f492-d7f2-49d1-b45d-beb669556120"><con:settings/><con:config service="/tenants/{key} DELETE" resourcePath="/v1/tenants/{key}" methodName="Key" xsi:type="con:RestRequestStep" xmlns:xsi="http://www.w3.org/2001/XMLSchema-instance"><con:restRequest name="DeleteTenant_Fails--DueToAssignments" id="0293af6d-8b3c-48a8-9220-2f7486e2dcd8" mediaType="application/json" postQueryString="false"><con:settings><con:setting id="com.eviware.soapui.impl.wsdl.WsdlRequest@request-headers">&lt;xml-fragment/></con:setting></con:settings><con:endpoint>http://dc2devrmapp44.prod.tangoe.com:8055</con:endpoint><con:request/><con:originalUri>http://dc2devrmapp44.prod.tangoe.com/v1/tenants/TR1</con:originalUri><con:assertion type="Valid HTTP Status Codes" id="2661d5d6-eed5-42bb-9718-d505b9e33ba1" name="Valid HTTP Status Codes"><con:settings/><con:configuration><codes>400</codes></con:configuration></con:assertion><con:credentials><con:selectedAuthProfile>Inherit From Parent</con:selectedAuthProfile><con:authType>No Authorization</con:authType></con:credentials><con:jmsConfig JMSDeliveryMode="PERSISTENT"/><con:parameters><entry key="key" value="${#TestCase#tenantKey}" xmlns="http://eviware.com/soapui/config"/></con:parameters><con:parameterOrder><con:entry>key</con:entry></con:parameterOrder></con:restRequest></con:config></con:testStep><con:testStep type="restrequest" name="DeleteRoute" id="da412aa0-e956-4c01-8939-9a4615b086f2"><con:settings/><con:config service="/routes/{key} DELETE" resourcePath="/v1/routes/{key}" methodName="Key" xsi:type="con:RestRequestStep" xmlns:xsi="http://www.w3.org/2001/XMLSchema-instance"><con:restRequest name="DeleteRoute" id="e6030f66-5f51-47b4-ba97-6188dba096a1" mediaType="application/json" postQueryString="false"><con:settings><con:setting id="com.eviware.soapui.impl.wsdl.WsdlRequest@request-headers">&lt;xml-fragment/></con:setting></con:settings><con:endpoint>http://dc2devrmapp44.prod.tangoe.com:8055</con:endpoint><con:request/><con:originalUri>http://dc2devrmapp44.prod.tangoe.com/v1/routes/ROUTE_ANA_1</con:originalUri><con:assertion type="Valid HTTP Status Codes" id="e4f5443b-3876-4026-a96c-b3f111c755c4" name="Valid HTTP Status Codes"><con:settings/><con:configuration><codes>204</codes></con:configuration></con:assertion><con:credentials><con:selectedAuthProfile>Inherit From Parent</con:selectedAuthProfile><con:authType>No Authorization</con:authType></con:credentials><con:jmsConfig JMSDeliveryMode="PERSISTENT"/><con:parameters><entry key="key" value="${#TestCase#routeKey}" xmlns="http://eviware.com/soapui/config"/></con:parameters><con:parameterOrder><con:entry>key</con:entry></con:parameterOrder></con:restRequest></con:config></con:testStep><con:testStep type="restrequest" name="DeleteApplication_Fails--DueToAssignments_2" id="4e8ea480-3d47-4a42-a2c1-ba15c5846827"><con:settings/><con:config service="/applications/{key} DELETE" resourcePath="/v1/applications/{key}" methodName="Key" xsi:type="con:RestRequestStep" xmlns:xsi="http://www.w3.org/2001/XMLSchema-instance"><con:restRequest name="DeleteApplication_Fails--DueToAssignments_2" id="824f830f-95a2-428b-b055-6bb914fa797e" mediaType="application/json" postQueryString="false"><con:settings><con:setting id="com.eviware.soapui.impl.wsdl.WsdlRequest@request-headers">&lt;xml-fragment/></con:setting></con:settings><con:endpoint>http://dc2devrmapp44.prod.tangoe.com:8055</con:endpoint><con:request/><con:originalUri>http://dc2devrmapp44.prod.tangoe.com/v1/applications/APP_ANA_R1</con:originalUri><con:assertion type="Valid HTTP Status Codes" id="4f32f65d-e5de-46e2-8660-b3e9d8c4d719" name="Valid HTTP Status Codes"><con:settings/><con:configuration><codes>400</codes></con:configuration></con:assertion><con:credentials><con:selectedAuthProfile>Inherit From Parent</con:selectedAuthProfile><con:authType>No Authorization</con:authType></con:credentials><con:jmsConfig JMSDeliveryMode="PERSISTENT"/><con:parameters><entry key="key" value="${#TestCase#applicationKey}" xmlns="http://eviware.com/soapui/config"/></con:parameters><con:parameterOrder><con:entry>key</con:entry></con:parameterOrder></con:restRequest></con:config></con:testStep><con:testStep type="restrequest" name="DeleteDeployment_Fails--DueToAssignments_2" id="8dc8f2b0-0afc-480d-8344-8a31126496a5"><con:settings/><con:config service="/deployments/{key} DELETE" resourcePath="/v1/deployments/{key}" methodName="Key" xsi:type="con:RestRequestStep" xmlns:xsi="http://www.w3.org/2001/XMLSchema-instance"><con:restRequest name="DeleteDeployment_Fails--DueToAssignments_2" id="8653705a-2788-41d1-b027-68ad034e1c28" mediaType="application/json" postQueryString="false"><con:settings><con:setting id="com.eviware.soapui.impl.wsdl.WsdlRequest@request-headers">&lt;xml-fragment/></con:setting></con:settings><con:endpoint>http://dc2devrmapp44.prod.tangoe.com:8055</con:endpoint><con:request/><con:originalUri>http://dc2devrmapp44.prod.tangoe.com/v1/deployments/DEP_ANA_R1</con:originalUri><con:assertion type="Valid HTTP Status Codes" id="d53e8361-c35e-4e16-ae9e-c23c08fa02f7" name="Valid HTTP Status Codes"><con:settings/><con:configuration><codes>400</codes></con:configuration></con:assertion><con:credentials><con:selectedAuthProfile>Inherit From Parent</con:selectedAuthProfile><con:authType>No Authorization</con:authType></con:credentials><con:jmsConfig JMSDeliveryMode="PERSISTENT"/><con:parameters><entry key="key" value="${#TestCase#deploymentKey}" xmlns="http://eviware.com/soapui/config"/></con:parameters><con:parameterOrder><con:entry>key</con:entry></con:parameterOrder></con:restRequest></con:config></con:testStep><con:testStep type="restrequest" name="DeleteTenant_Fails--DueToAssignments_2" id="ae4d35cb-972f-425d-a3d7-4be7677b1f8d"><con:settings/><con:config service="/tenants/{key} DELETE" resourcePath="/v1/tenants/{key}" methodName="Key" xsi:type="con:RestRequestStep" xmlns:xsi="http://www.w3.org/2001/XMLSchema-instance"><con:restRequest name="DeleteTenant_Fails--DueToAssignments_2" id="0293af6d-8b3c-48a8-9220-2f7486e2dcd8" mediaType="application/json" postQueryString="false"><con:settings><con:setting id="com.eviware.soapui.impl.wsdl.WsdlRequest@request-headers">&lt;xml-fragment/></con:setting></con:settings><con:endpoint>http://dc2devrmapp44.prod.tangoe.com:8055</con:endpoint><con:request/><con:originalUri>http://dc2devrmapp44.prod.tangoe.com/v1/tenants/TR1</con:originalUri><con:assertion type="Valid HTTP Status Codes" id="2661d5d6-eed5-42bb-9718-d505b9e33ba1" name="Valid HTTP Status Codes"><con:settings/><con:configuration><codes>400</codes></con:configuration></con:assertion><con:credentials><con:selectedAuthProfile>Inherit From Parent</con:selectedAuthProfile><con:authType>No Authorization</con:authType></con:credentials><con:jmsConfig JMSDeliveryMode="PERSISTENT"/><con:parameters><entry key="key" value="${#TestCase#tenantKey}" xmlns="http://eviware.com/soapui/config"/></con:parameters><con:parameterOrder><con:entry>key</con:entry></con:parameterOrder></con:restRequest></con:config></con:testStep><con:testStep type="restrequest" name="UnassignAppFromTenant" id="46f7515b-d6db-46d1-942d-e1f7bee30ebc"><con:settings/><con:config service="/tenants/{key}/applications/{applicationKey} DELETE" resourcePath="/v1/tenants/{key}/applications/{applicationKey}" methodName="ApplicationKey" xsi:type="con:RestRequestStep" xmlns:xsi="http://www.w3.org/2001/XMLSchema-instance"><con:restRequest name="UnassignAppFromTenant" id="b340a60a-4dba-4f26-ae06-21575166f0dd" mediaType="application/json" postQueryString="false"><con:settings><con:setting id="com.eviware.soapui.impl.wsdl.WsdlRequest@request-headers">&lt;xml-fragment/></con:setting></con:settings><con:endpoint>http://dc2devrmapp44.prod.tangoe.com:8055</con:endpoint><con:request/><con:originalUri>http://dc2devrmapp44.prod.tangoe.com/v1/tenants/TR1/applications/APP_ANA_R1</con:originalUri><con:assertion type="Valid HTTP Status Codes" id="a53e07c6-8768-49a2-ac45-84f6452e109f" name="Valid HTTP Status Codes"><con:settings/><con:configuration><codes>204</codes></con:configuration></con:assertion><con:credentials><con:selectedAuthProfile>Inherit From Parent</con:selectedAuthProfile><con:authType>No Authorization</con:authType></con:credentials><con:jmsConfig JMSDeliveryMode="PERSISTENT"/><con:parameters>
  <con:entry key="applicationKey" value="${#TestCase#applicationKey}"/>
  <con:entry key="key" value="${#TestCase#tenantKey}"/>
</con:parameters><con:parameterOrder><con:entry>key</con:entry><con:entry>applicationKey</con:entry></con:parameterOrder></con:restRequest></con:config></con:testStep><con:testStep type="restrequest" name="UnassignDeploymentFromTenant" id="b19028d3-efdd-426b-bc14-4b51c430ab69"><con:settings/><con:config service="/tenants/{key}/deployments/{deploymentKey} DELETE" resourcePath="/v1/tenants/{key}/deployments/{deploymentKey}" methodName="DeploymentKey" xsi:type="con:RestRequestStep" xmlns:xsi="http://www.w3.org/2001/XMLSchema-instance"><con:restRequest name="UnassignDeploymentFromTenant" id="2f194202-1013-405b-b383-15386edb461c" mediaType="application/json" postQueryString="false"><con:settings><con:setting id="com.eviware.soapui.impl.wsdl.WsdlRequest@request-headers">&lt;xml-fragment/></con:setting></con:settings><con:endpoint>http://dc2devrmapp44.prod.tangoe.com:8055</con:endpoint><con:request/><con:originalUri>http://dc2devrmapp44.prod.tangoe.com/v1/tenants/TR1/deployments/DEP_ANA_R1</con:originalUri><con:assertion type="Valid HTTP Status Codes" id="43838ce6-6176-4299-abe7-ec88011e49cc" name="Valid HTTP Status Codes"><con:settings/><con:configuration><codes>204</codes></con:configuration></con:assertion><con:credentials><con:selectedAuthProfile>Inherit From Parent</con:selectedAuthProfile><con:authType>No Authorization</con:authType></con:credentials><con:jmsConfig JMSDeliveryMode="PERSISTENT"/><con:parameters>
  <con:entry key="deploymentKey" value="${#TestCase#deploymentKey}"/>
  <con:entry key="key" value="${#TestCase#tenantKey}"/>
</con:parameters><con:parameterOrder><con:entry>key</con:entry><con:entry>deploymentKey</con:entry></con:parameterOrder></con:restRequest></con:config></con:testStep><con:testStep type="restrequest" name="DeleteTenant_DoesntFail_NoAssignment" id="8e064bca-3402-47df-9f92-3590ba53e76e"><con:settings/><con:config service="/tenants/{key} DELETE" resourcePath="/v1/tenants/{key}" methodName="Key" xsi:type="con:RestRequestStep" xmlns:xsi="http://www.w3.org/2001/XMLSchema-instance"><con:restRequest name="DeleteTenant_DoesntFail_NoAssignment" id="0293af6d-8b3c-48a8-9220-2f7486e2dcd8" mediaType="application/json" postQueryString="false"><con:settings><con:setting id="com.eviware.soapui.impl.wsdl.WsdlRequest@request-headers">&lt;xml-fragment/></con:setting></con:settings><con:endpoint>http://dc2devrmapp44.prod.tangoe.com:8055</con:endpoint><con:request/><con:originalUri>http://dc2devrmapp44.prod.tangoe.com/v1/tenants/TR1</con:originalUri><con:assertion type="Valid HTTP Status Codes" id="2661d5d6-eed5-42bb-9718-d505b9e33ba1" name="Valid HTTP Status Codes"><con:settings/><con:configuration><codes>204</codes></con:configuration></con:assertion><con:credentials><con:selectedAuthProfile>Inherit From Parent</con:selectedAuthProfile><con:authType>No Authorization</con:authType></con:credentials><con:jmsConfig JMSDeliveryMode="PERSISTENT"/><con:parameters><entry key="key" value="${#TestCase#tenantKey}" xmlns="http://eviware.com/soapui/config"/></con:parameters><con:parameterOrder><con:entry>key</con:entry></con:parameterOrder></con:restRequest></con:config></con:testStep><con:testStep type="restrequest" name="DeleteDeployment__DoesntFail_NoAssignment" id="c4b19420-4417-4883-a54e-511f01bc882b"><con:settings/><con:config service="/deployments/{key} DELETE" resourcePath="/v1/deployments/{key}" methodName="Key" xsi:type="con:RestRequestStep" xmlns:xsi="http://www.w3.org/2001/XMLSchema-instance"><con:restRequest name="DeleteDeployment__DoesntFail_NoAssignment" id="8653705a-2788-41d1-b027-68ad034e1c28" mediaType="application/json" postQueryString="false"><con:settings><con:setting id="com.eviware.soapui.impl.wsdl.WsdlRequest@request-headers">&lt;xml-fragment/></con:setting></con:settings><con:endpoint>http://dc2devrmapp44.prod.tangoe.com:8055</con:endpoint><con:request/><con:originalUri>http://dc2devrmapp44.prod.tangoe.com/v1/deployments/DEP_ANA_R1</con:originalUri><con:assertion type="Valid HTTP Status Codes" id="d53e8361-c35e-4e16-ae9e-c23c08fa02f7" name="Valid HTTP Status Codes"><con:settings/><con:configuration><codes>204</codes></con:configuration></con:assertion><con:credentials><con:selectedAuthProfile>Inherit From Parent</con:selectedAuthProfile><con:authType>No Authorization</con:authType></con:credentials><con:jmsConfig JMSDeliveryMode="PERSISTENT"/><con:parameters><entry key="key" value="${#TestCase#deploymentKey}" xmlns="http://eviware.com/soapui/config"/></con:parameters><con:parameterOrder><con:entry>key</con:entry></con:parameterOrder></con:restRequest></con:config></con:testStep><con:testStep type="restrequest" name="DeleteApplication__DoesntFail_NoAssignment" id="48c51713-4192-4445-ae1a-2a848fa46aac"><con:settings/><con:config service="/applications/{key} DELETE" resourcePath="/v1/applications/{key}" methodName="Key" xsi:type="con:RestRequestStep" xmlns:xsi="http://www.w3.org/2001/XMLSchema-instance"><con:restRequest name="DeleteApplication__DoesntFail_NoAssignment" id="824f830f-95a2-428b-b055-6bb914fa797e" mediaType="application/json" postQueryString="false"><con:settings><con:setting id="com.eviware.soapui.impl.wsdl.WsdlRequest@request-headers">&lt;xml-fragment/></con:setting></con:settings><con:endpoint>http://dc2devrmapp44.prod.tangoe.com:8055</con:endpoint><con:request/><con:originalUri>http://dc2devrmapp44.prod.tangoe.com/v1/applications/APP_ANA_R1</con:originalUri><con:assertion type="Valid HTTP Status Codes" id="4f32f65d-e5de-46e2-8660-b3e9d8c4d719" name="Valid HTTP Status Codes"><con:settings/><con:configuration><codes>204</codes></con:configuration></con:assertion><con:credentials><con:selectedAuthProfile>Inherit From Parent</con:selectedAuthProfile><con:authType>No Authorization</con:authType></con:credentials><con:jmsConfig JMSDeliveryMode="PERSISTENT"/><con:parameters><entry key="key" value="${#TestCase#applicationKey}" xmlns="http://eviware.com/soapui/config"/></con:parameters><con:parameterOrder><con:entry>key</con:entry></con:parameterOrder></con:restRequest></con:config></con:testStep><con:properties><con:property><con:name>applicationKey</con:name><con:value>APP_ANA_R1</con:value></con:property><con:property><con:name>deploymentKey</con:name><con:value>DEP_ANA_R1</con:value></con:property><con:property><con:name>tenantKey</con:name><con:value>TR1</con:value></con:property><con:property><con:name>routeKey</con:name><con:value>ROUTE_ANA_1</con:value></con:property><con:property><con:name>applicationKeyBody</con:name><con:value>"APP_ANA_R1"</con:value></con:property><con:property><con:name>deploymentKeyBody</con:name><con:value>"DEP_ANA_R1"</con:value></con:property><con:property><con:name>tenantKeyBody</con:name><con:value>"TR1"</con:value></con:property><con:property><con:name>routeKeyBody</con:name><con:value>"ROUTE_ANA_1"</con:value></con:property></con:properties><con:reportParameters/><con:breakPoints><con:testStepId>38bca5bf-5c94-48a4-ba09-f944a8c256e4</con:testStepId><con:status>NONE</con:status><con:properties/></con:breakPoints><con:breakPoints><con:testStepId>6963f19d-b121-46f0-a840-831afcf9367d</con:testStepId><con:status>NONE</con:status><con:properties/></con:breakPoints><con:breakPoints><con:testStepId>da412aa0-e956-4c01-8939-9a4615b086f2</con:testStepId><con:status>NONE</con:status><con:properties/></con:breakPoints><con:breakPoints><con:testStepId>f1a1f492-d7f2-49d1-b45d-beb669556120</con:testStepId><con:status>NONE</con:status><con:properties/></con:breakPoints></con:testCase><con:properties/><con:reportParameters/></con:testSuite><con:savedRecentRuns>1</con:savedRecentRuns><con:requirements/><con:properties/><con:wssContainer/><con:databaseConnectionContainer/><con:oAuth2ProfileContainer/><con:oAuth1ProfileContainer/><con:reporting><con:xmlTemplates/><con:parameters/></con:reporting><con:authRepository/><con:tags/></con:soapui-project>