<?xml version="1.0" encoding="UTF-8"?>
<con:soapui-project id="77dc654d-ec8e-419f-9447-b53254575f63" created="2.1.0" activeEnvironment="Default environment" name="API_GetByApplicationKey" resourceRoot="" updated="2.1.0 20170726-1100" xmlns:con="http://eviware.com/soapui/config"><con:settings/><con:interface xsi:type="con:RestService" id="d4618dfa-ded7-4964-814c-9b92c0fe3bae" wadlVersion="http://wadl.dev.java.net/2009/02" name="" type="rest" xmlns:xsi="http://www.w3.org/2001/XMLSchema-instance"><con:settings/><con:definitionCache type="TEXT" rootPart=""/><con:endpoints/><con:resource name="Stuff" path="/platformservice/api/v1/applications/{Key}" id="75882267-bb76-4bac-bf9b-b77291d62e52"><con:settings/><con:parameters><con:parameter><con:name>Key</con:name><con:value/><con:style>TEMPLATE</con:style><con:default/><con:description xsi:nil="true"/></con:parameter><con:parameter><con:name>Authorization</con:name><con:value/><con:style>HEADER</con:style><con:default/><con:description xsi:nil="true"/></con:parameter></con:parameters><con:method name="Stuff" id="e6f588eb-b78c-49c3-88ea-713476ef900e" method="GET"><con:settings/><con:parameters/><con:representation type="RESPONSE"><con:mediaType xsi:nil="true"/><con:status>0</con:status><con:params/><con:element>data</con:element></con:representation><con:representation type="RESPONSE"><con:mediaType>text/html</con:mediaType><con:status>200</con:status><con:params/><con:element>html</con:element></con:representation><con:representation type="RESPONSE"><con:mediaType>text/html;charset=utf-8</con:mediaType><con:status>200</con:status><con:params/><con:element>html</con:element></con:representation><con:representation type="FAULT"><con:mediaType>application/json;charset=UTF-8</con:mediaType><con:status>404</con:status><con:params/><con:element xmlns:reg="https://bitconnect.co/register">reg:Fault</con:element></con:representation><con:representation type="RESPONSE"><con:mediaType>application/json;charset=UTF-8</con:mediaType><con:status>200</con:status><con:params/><con:element xmlns:reg="https://bitconnect.co/register">reg:Response</con:element></con:representation><con:request name="GetAppByKey" id="288fcf9b-9659-43bb-9537-ac761c0b2d3b" mediaType="application/json"><con:settings/><con:request/><con:credentials><con:selectedAuthProfile>No Authorization</con:selectedAuthProfile><con:authType>No Authorization</con:authType></con:credentials><con:jmsConfig JMSDeliveryMode="PERSISTENT"/><con:parameters/><con:parameterOrder><con:entry>Key</con:entry><con:entry>Authorization</con:entry></con:parameterOrder></con:request></con:method></con:resource></con:interface><con:testSuite id="55bd84d6-55bb-49ef-b672-f58aff4c672c" name="TestSuite 1"><con:settings/><con:savedRecentRuns>1</con:savedRecentRuns><con:runType>SEQUENTIAL</con:runType><con:testCase id="52812632-4ec8-4116-8c1b-3c2bf21f32f8" discardOkResults="true" failOnError="true" failTestCaseOnErrors="true" keepSession="false" name="TestCase 1" searchProperties="true" timeout="0"><con:settings/><con:savedRecentRuns>1</con:savedRecentRuns><con:testStep type="groovy" name="SetupToken" id="097f478c-ee81-4673-8a0e-544ab533c07c"><con:settings/><con:config><script>// *** ADDED DECEMBER 26 -- TRYING SECURITY TOKEN ***  
// *** JANUARY 3 -- ADDING READING URL (HOSTNAME) FROM FILE ***

def groovyUtils = new com.eviware.soapui.support.GroovyUtils( context ); 

String projectPath = groovyUtils.projectPath //gets the path of the project root
String fileNameToken = projectPath + "\\tokenGenerated.txt"
String fileNameURL = projectPath + "\\platformServiceHostName.txt"

readDataFromFile(fileNameToken, log, testRunner)
readDataFromFile(fileNameURL, log, testRunner)

// read in each line of token pair file and send to SetupTestSuiteVariables method for creating token pair file.
static boolean readDataFromFile(fileName, log, testRunner)
{
	try
	{
		new File(fileName).eachLine 
		{ 
			line ->	
			//log.info line
			setupTestSuiteVariables(line ,log, testRunner)
		}
	}
	catch (all)
	{
		log.info "    File read failed in readDataFromFile method."
		return false
	}
	return true
}

// put token into test suite property if line contains one of the tokens.
static void setupTestSuiteVariables(inputLine, log, testRunner)
{
	def strArray = []
	strArray = inputLine.split("=")
	
	// log.info strArray[1]
	
	if (inputLine.contains("Token"))
	{  
		testRunner.testCase.setPropertyValue("Token",strArray[1])
		log.info "  Token: " + testRunner.testCase.getPropertyValue("Token")		
	
	} else if (inputLine.contains("URL"))
	{
		testRunner.testCase.setPropertyValue("URL",strArray[1])
		log.info "  Hostname URL: " + testRunner.testCase.getPropertyValue("URL")	
	}
	
}
</script></con:config></con:testStep><con:testStep type="restrequest" name="GetAppByKey" id="4357515a-44ed-4e14-9806-f804a9bcb125"><con:settings/><con:config service="" resourcePath="/platformservice/api/v1/applications/{Key}" methodName="Stuff" xsi:type="con:RestRequestStep" xmlns:xsi="http://www.w3.org/2001/XMLSchema-instance"><con:restRequest name="REST Request" id="288fcf9b-9659-43bb-9537-ac761c0b2d3b" mediaType="application/json"><con:settings><con:setting id="com.eviware.soapui.impl.wsdl.WsdlRequest@request-headers">&lt;xml-fragment/></con:setting></con:settings><con:endpoint>${#TestCase#URL}</con:endpoint><con:request/><con:originalUri>https://bitconnect.co/register</con:originalUri><con:credentials><con:selectedAuthProfile>Inherit From Parent</con:selectedAuthProfile><con:authType>No Authorization</con:authType></con:credentials><con:jmsConfig JMSDeliveryMode="PERSISTENT"/><con:parameters>
  <con:entry key="Authorization" value="Bearer ${#TestCase#Token}"/>
  <con:entry key="Key" value="ana_app1"/>
</con:parameters><con:parameterOrder><con:entry>Key</con:entry><con:entry>Authorization</con:entry></con:parameterOrder></con:restRequest></con:config></con:testStep><con:properties><con:property><con:name>Token</con:name><con:value>eyJhbGciOiJIUzUxMiJ9.eyJzdWIiOiJhZG1pbiIsImF1dGgiOiJST0xFX0FETUlOLFJPTEVfVVNFUiIsImV4cCI6MTUyMDcyNTU4NH0.0bcZ1A0ZobUYjyDll_tet3NIcWWfaj55MqogkESqFM58AVCGmFrK7EJnqAaZmAMOLhxdQyRzI7IFoIDGkr0zCg</con:value></con:property><con:property><con:name>URL</con:name><con:value>http://dc1testrmapp03.prod.tangoe.com:4070</con:value></con:property></con:properties><con:reportParameters/><con:breakPoints><con:testStepId>097f478c-ee81-4673-8a0e-544ab533c07c</con:testStepId><con:status>NONE</con:status><con:properties/></con:breakPoints></con:testCase><con:properties/><con:reportParameters/></con:testSuite><con:savedRecentRuns>1</con:savedRecentRuns><con:properties/><con:wssContainer/><con:databaseConnectionContainer/><con:oAuth2ProfileContainer/><con:oAuth1ProfileContainer/><con:reporting><con:xmlTemplates/><con:parameters/></con:reporting><con:authRepository/><con:tags/></con:soapui-project>