<?xml version="1.0" encoding="UTF-8"?>
<con:soapui-project id="03bfcbb5-0b4c-4138-9877-5b3c96e6e728" created="2.1.0" activeEnvironment="Default environment" name="NewGetPutDeleteByApplicationKey" resourceRoot="" updated="2.1.0 20170726-1100" xmlns:con="http://eviware.com/soapui/config"><con:settings/><con:interface xsi:type="con:RestService" id="ca54338f-91dd-4320-a5ee-81a7e46f187c" wadlVersion="http://wadl.dev.java.net/2009/02" name="" type="rest" xmlns:xsi="http://www.w3.org/2001/XMLSchema-instance"><con:settings/><con:definitionCache type="TEXT" rootPart=""/><con:endpoints><con:endpoint>http://dc2devrmapp44.prod.tangoe.com:8055</con:endpoint></con:endpoints><con:resource name="GetByAppKey" path="/platformservice/api/v1/applications/{key}" id="7109ab6c-4711-4bdd-93e8-6e1201c93040"><con:settings/><con:parameters><con:parameter><con:name>key</con:name><con:style>TEMPLATE</con:style></con:parameter><con:parameter><con:name>Authorization</con:name><con:value/><con:style>HEADER</con:style><con:default/><con:description xsi:nil="true"/></con:parameter></con:parameters><con:method name="GetByAppKey" id="966c8edb-a943-4bda-a6d1-b240445d30a3" method="GET"><con:settings/><con:parameters/><con:representation type="RESPONSE"><con:mediaType xsi:nil="true"/><con:status>0</con:status><con:params/><con:element>data</con:element></con:representation><con:representation type="RESPONSE"><con:mediaType>text/html</con:mediaType><con:status>200</con:status><con:params/><con:element>html</con:element></con:representation><con:representation type="FAULT"><con:mediaType>application/json;charset=UTF-8</con:mediaType><con:status>404</con:status><con:params/><con:element xmlns:reg="https://bitconnect.co/register">reg:Fault</con:element></con:representation><con:representation type="RESPONSE"><con:mediaType>application/json;charset=UTF-8</con:mediaType><con:status>200</con:status><con:params/><con:element xmlns:bob="http://dc2devrmapp44.prod.tangoe.com/applications/BOB_TWO">bob:Response</con:element></con:representation><con:request name="Request 1" id="2cad8375-afe7-4494-a11b-150e7d25e8a2" mediaType="application/json"><con:settings><con:setting id="com.eviware.soapui.impl.wsdl.WsdlRequest@request-headers">&lt;xml-fragment/></con:setting></con:settings><con:endpoint>http://dc2devrmapp44.prod.tangoe.com:8055</con:endpoint><con:request/><con:credentials><con:selectedAuthProfile>No Authorization</con:selectedAuthProfile><con:authType>No Authorization</con:authType></con:credentials><con:jmsConfig JMSDeliveryMode="PERSISTENT"/><con:parameters><entry key="key" value="33" xmlns="http://eviware.com/soapui/config"/></con:parameters><con:parameterOrder><con:entry>key</con:entry><con:entry>Authorization</con:entry></con:parameterOrder></con:request></con:method></con:resource></con:interface><con:interface xsi:type="con:RestService" id="3c798df7-b59c-487e-a86e-dc7b2a5577b7" wadlVersion="http://wadl.dev.java.net/2009/02" name="http://nn.com" type="rest" xmlns:xsi="http://www.w3.org/2001/XMLSchema-instance"><con:settings/><con:definitionCache type="TEXT" rootPart=""/><con:endpoints><con:endpoint>http://nn.com</con:endpoint></con:endpoints><con:resource name="DeleteByAppKey" path="/platformservice/api/v1/applications/{key}" id="d5d3ef5d-0718-453a-884e-40a6114d9dc0"><con:settings/><con:parameters><con:parameter><con:name>key</con:name><con:value/><con:style>TEMPLATE</con:style><con:default/><con:description xsi:nil="true"/></con:parameter><con:parameter><con:name>Authorization</con:name><con:value/><con:style>HEADER</con:style><con:default/><con:description xsi:nil="true"/></con:parameter></con:parameters><con:method name="DeleteByAppKey" id="a84ea2a7-c25e-4a04-aee6-9bab5f0cd5b6" method="DELETE"><con:settings/><con:parameters/><con:representation type="RESPONSE"><con:mediaType xsi:nil="true"/><con:status>204</con:status><con:params/><con:element>data</con:element></con:representation><con:representation type="REQUEST"><con:mediaType>application/json</con:mediaType><con:params/></con:representation><con:representation type="FAULT"><con:mediaType>application/json;charset=UTF-8</con:mediaType><con:status>404 400</con:status><con:params/><con:element xmlns:bob="http://dc2devrmapp44.prod.tangoe.com/applications/BOB_TWO">bob:Fault</con:element></con:representation><con:representation type="RESPONSE"><con:mediaType xsi:nil="true"/><con:status>204</con:status><con:params/><con:element>data</con:element></con:representation><con:representation type="RESPONSE"><con:mediaType xsi:nil="true"/><con:status>204</con:status><con:params/><con:element>data</con:element></con:representation><con:representation type="RESPONSE"><con:mediaType xsi:nil="true"/><con:status>204</con:status><con:params/><con:element>data</con:element></con:representation><con:representation type="RESPONSE"><con:mediaType xsi:nil="true"/><con:status>204</con:status><con:params/><con:element>data</con:element></con:representation><con:representation type="RESPONSE"><con:mediaType xsi:nil="true"/><con:status>204</con:status><con:params/><con:element>data</con:element></con:representation><con:representation type="RESPONSE"><con:mediaType xsi:nil="true"/><con:status>204</con:status><con:params/><con:element>data</con:element></con:representation><con:representation type="RESPONSE"><con:mediaType xsi:nil="true"/><con:status>204</con:status><con:params/><con:element>data</con:element></con:representation><con:representation type="RESPONSE"><con:mediaType xsi:nil="true"/><con:status>204</con:status><con:params/><con:element>data</con:element></con:representation><con:representation type="RESPONSE"><con:mediaType xsi:nil="true"/><con:status>204</con:status><con:params/><con:element>data</con:element></con:representation><con:representation type="RESPONSE"><con:mediaType xsi:nil="true"/><con:status>204</con:status><con:params/><con:element>data</con:element></con:representation><con:representation type="RESPONSE"><con:mediaType xsi:nil="true"/><con:status>204</con:status><con:params/><con:element>data</con:element></con:representation><con:representation type="RESPONSE"><con:mediaType xsi:nil="true"/><con:status>204</con:status><con:params/><con:element>data</con:element></con:representation><con:representation type="RESPONSE"><con:mediaType xsi:nil="true"/><con:status>204</con:status><con:params/><con:element>data</con:element></con:representation><con:representation type="RESPONSE"><con:mediaType xsi:nil="true"/><con:status>204</con:status><con:params/><con:element>data</con:element></con:representation><con:representation type="RESPONSE"><con:mediaType xsi:nil="true"/><con:status>204</con:status><con:params/><con:element>data</con:element></con:representation><con:representation type="RESPONSE"><con:mediaType xsi:nil="true"/><con:status>204</con:status><con:params/><con:element>data</con:element></con:representation><con:representation type="RESPONSE"><con:mediaType xsi:nil="true"/><con:status>204</con:status><con:params/><con:element>data</con:element></con:representation><con:representation type="RESPONSE"><con:mediaType xsi:nil="true"/><con:status>204</con:status><con:params/><con:element>data</con:element></con:representation><con:representation type="RESPONSE"><con:mediaType xsi:nil="true"/><con:status>204</con:status><con:params/><con:element>data</con:element></con:representation><con:representation type="RESPONSE"><con:mediaType xsi:nil="true"/><con:status>204</con:status><con:params/><con:element>data</con:element></con:representation><con:representation type="RESPONSE"><con:mediaType xsi:nil="true"/><con:status>204</con:status><con:params/><con:element>data</con:element></con:representation><con:representation type="RESPONSE"><con:mediaType xsi:nil="true"/><con:status>204</con:status><con:params/><con:element>data</con:element></con:representation><con:representation type="RESPONSE"><con:mediaType xsi:nil="true"/><con:status>204</con:status><con:params/><con:element>data</con:element></con:representation><con:representation type="RESPONSE"><con:mediaType xsi:nil="true"/><con:status>204</con:status><con:params/><con:element>data</con:element></con:representation><con:representation type="RESPONSE"><con:mediaType xsi:nil="true"/><con:status>204</con:status><con:params/><con:element>data</con:element></con:representation><con:representation type="RESPONSE"><con:mediaType xsi:nil="true"/><con:status>204</con:status><con:params/><con:element>data</con:element></con:representation><con:representation type="RESPONSE"><con:mediaType xsi:nil="true"/><con:status>204</con:status><con:params/><con:element>data</con:element></con:representation><con:representation type="RESPONSE"><con:mediaType xsi:nil="true"/><con:status>204</con:status><con:params/><con:element>data</con:element></con:representation><con:representation type="RESPONSE"><con:mediaType xsi:nil="true"/><con:status>204</con:status><con:params/><con:element>data</con:element></con:representation><con:request name="Request 1" id="b83c466a-9971-42f5-bcc1-7e58003dba7b" mediaType="application/json" postQueryString="false"><con:settings/><con:endpoint>http://nn.com</con:endpoint><con:request/><con:credentials><con:selectedAuthProfile>No Authorization</con:selectedAuthProfile><con:authType>No Authorization</con:authType></con:credentials><con:jmsConfig JMSDeliveryMode="PERSISTENT"/><con:parameters><entry key="id" value="44" xmlns="http://eviware.com/soapui/config"/></con:parameters><con:parameterOrder><con:entry>key</con:entry><con:entry>Authorization</con:entry></con:parameterOrder></con:request></con:method></con:resource></con:interface><con:interface xsi:type="con:RestService" id="0a126634-05e4-4a1c-81e6-5cbde1cd0044" wadlVersion="http://wadl.dev.java.net/2009/02" name="http://dc2devrmapp44.prod.tangoe.com:8055" type="rest" xmlns:xsi="http://www.w3.org/2001/XMLSchema-instance"><con:settings/><con:definitionCache type="TEXT" rootPart=""/><con:endpoints><con:endpoint>http://dc2devrmapp44.prod.tangoe.com:8055</con:endpoint></con:endpoints><con:resource name="PutByAppKey" path="/platformservice/api/v1/applications/{key}" id="7044f3f9-e0cd-482d-bd10-cd73ec3a2bf2"><con:settings/><con:parameters><con:parameter><con:name>key</con:name><con:value/><con:style>TEMPLATE</con:style><con:default/><con:description xsi:nil="true"/></con:parameter><con:parameter><con:name>Authorization</con:name><con:value/><con:style>HEADER</con:style><con:default/><con:description xsi:nil="true"/></con:parameter></con:parameters><con:method name="PutByAppKey" id="8d712247-2d5c-49f9-881d-8cdb23e73bd9" method="PUT"><con:settings/><con:parameters/><con:representation type="REQUEST"><con:mediaType>application/json</con:mediaType><con:params/></con:representation><con:representation type="FAULT"><con:mediaType>application/json;charset=UTF-8</con:mediaType><con:status>400 404 401</con:status><con:params/><con:element xmlns:ns="http://dc2devrmapp44.prod.tangoe.com/applications/55">ns:Fault</con:element></con:representation><con:representation type="RESPONSE"><con:mediaType xsi:nil="true"/><con:status>204</con:status><con:params/><con:element>data</con:element></con:representation><con:representation type="RESPONSE"><con:mediaType xsi:nil="true"/><con:status>204</con:status><con:params/><con:element>data</con:element></con:representation><con:representation type="RESPONSE"><con:mediaType xsi:nil="true"/><con:status>204</con:status><con:params/><con:element>data</con:element></con:representation><con:representation type="RESPONSE"><con:mediaType xsi:nil="true"/><con:status>204</con:status><con:params/><con:element>data</con:element></con:representation><con:representation type="RESPONSE"><con:mediaType xsi:nil="true"/><con:status>204</con:status><con:params/><con:element>data</con:element></con:representation><con:representation type="RESPONSE"><con:mediaType xsi:nil="true"/><con:status>204</con:status><con:params/><con:element>data</con:element></con:representation><con:representation type="RESPONSE"><con:mediaType xsi:nil="true"/><con:status>204</con:status><con:params/><con:element>data</con:element></con:representation><con:representation type="RESPONSE"><con:mediaType xsi:nil="true"/><con:status>204</con:status><con:params/><con:element>data</con:element></con:representation><con:representation type="RESPONSE"><con:mediaType xsi:nil="true"/><con:status>204</con:status><con:params/><con:element>data</con:element></con:representation><con:representation type="RESPONSE"><con:mediaType xsi:nil="true"/><con:status>204</con:status><con:params/><con:element>data</con:element></con:representation><con:representation type="RESPONSE"><con:mediaType xsi:nil="true"/><con:status>204</con:status><con:params/><con:element>data</con:element></con:representation><con:representation type="RESPONSE"><con:mediaType xsi:nil="true"/><con:status>204</con:status><con:params/><con:element>data</con:element></con:representation><con:representation type="RESPONSE"><con:mediaType xsi:nil="true"/><con:status>204</con:status><con:params/><con:element>data</con:element></con:representation><con:representation type="RESPONSE"><con:mediaType xsi:nil="true"/><con:status>204</con:status><con:params/><con:element>data</con:element></con:representation><con:representation type="RESPONSE"><con:mediaType xsi:nil="true"/><con:status>204</con:status><con:params/><con:element>data</con:element></con:representation><con:representation type="RESPONSE"><con:mediaType xsi:nil="true"/><con:status>204</con:status><con:params/><con:element>data</con:element></con:representation><con:representation type="RESPONSE"><con:mediaType xsi:nil="true"/><con:status>204</con:status><con:params/><con:element>data</con:element></con:representation><con:representation type="RESPONSE"><con:mediaType xsi:nil="true"/><con:status>204</con:status><con:params/><con:element>data</con:element></con:representation><con:representation type="RESPONSE"><con:mediaType xsi:nil="true"/><con:status>204</con:status><con:params/><con:element>data</con:element></con:representation><con:representation type="RESPONSE"><con:mediaType xsi:nil="true"/><con:status>204</con:status><con:params/><con:element>data</con:element></con:representation><con:representation type="RESPONSE"><con:mediaType xsi:nil="true"/><con:status>204</con:status><con:params/><con:element>data</con:element></con:representation><con:representation type="RESPONSE"><con:mediaType xsi:nil="true"/><con:status>204</con:status><con:params/><con:element>data</con:element></con:representation><con:representation type="RESPONSE"><con:mediaType xsi:nil="true"/><con:status>204</con:status><con:params/><con:element>data</con:element></con:representation><con:representation type="RESPONSE"><con:mediaType xsi:nil="true"/><con:status>204</con:status><con:params/><con:element>data</con:element></con:representation><con:representation type="RESPONSE"><con:mediaType xsi:nil="true"/><con:status>204</con:status><con:params/><con:element>data</con:element></con:representation><con:representation type="RESPONSE"><con:mediaType xsi:nil="true"/><con:status>204</con:status><con:params/><con:element>data</con:element></con:representation><con:representation type="RESPONSE"><con:mediaType xsi:nil="true"/><con:status>204</con:status><con:params/><con:element>data</con:element></con:representation><con:representation type="RESPONSE"><con:mediaType xsi:nil="true"/><con:status>204</con:status><con:params/><con:element>data</con:element></con:representation><con:representation type="RESPONSE"><con:mediaType xsi:nil="true"/><con:status>204</con:status><con:params/><con:element>data</con:element></con:representation><con:representation type="RESPONSE"><con:mediaType xsi:nil="true"/><con:status>204</con:status><con:params/><con:element>data</con:element></con:representation><con:representation type="RESPONSE"><con:mediaType xsi:nil="true"/><con:status>204</con:status><con:params/><con:element>data</con:element></con:representation><con:representation type="RESPONSE"><con:mediaType xsi:nil="true"/><con:status>204</con:status><con:params/><con:element>data</con:element></con:representation><con:representation type="RESPONSE"><con:mediaType xsi:nil="true"/><con:status>204</con:status><con:params/><con:element>data</con:element></con:representation><con:representation type="RESPONSE"><con:mediaType xsi:nil="true"/><con:status>204</con:status><con:params/><con:element>data</con:element></con:representation><con:representation type="RESPONSE"><con:mediaType xsi:nil="true"/><con:status>204</con:status><con:params/><con:element>data</con:element></con:representation><con:representation type="RESPONSE"><con:mediaType xsi:nil="true"/><con:status>204</con:status><con:params/><con:element>data</con:element></con:representation><con:representation type="RESPONSE"><con:mediaType xsi:nil="true"/><con:status>204</con:status><con:params/><con:element>data</con:element></con:representation><con:representation type="RESPONSE"><con:mediaType xsi:nil="true"/><con:status>204</con:status><con:params/><con:element>data</con:element></con:representation><con:representation type="RESPONSE"><con:mediaType xsi:nil="true"/><con:status>204</con:status><con:params/><con:element>data</con:element></con:representation><con:representation type="RESPONSE"><con:mediaType xsi:nil="true"/><con:status>204</con:status><con:params/><con:element>data</con:element></con:representation><con:representation type="RESPONSE"><con:mediaType xsi:nil="true"/><con:status>204</con:status><con:params/><con:element>data</con:element></con:representation><con:representation type="RESPONSE"><con:mediaType xsi:nil="true"/><con:status>204</con:status><con:params/><con:element>data</con:element></con:representation><con:representation type="RESPONSE"><con:mediaType xsi:nil="true"/><con:status>204</con:status><con:params/><con:element>data</con:element></con:representation><con:representation type="RESPONSE"><con:mediaType xsi:nil="true"/><con:status>204</con:status><con:params/><con:element>data</con:element></con:representation><con:representation type="RESPONSE"><con:mediaType xsi:nil="true"/><con:status>204</con:status><con:params/><con:element>data</con:element></con:representation><con:representation type="RESPONSE"><con:mediaType xsi:nil="true"/><con:status>204</con:status><con:params/><con:element>data</con:element></con:representation><con:representation type="RESPONSE"><con:mediaType xsi:nil="true"/><con:status>204</con:status><con:params/><con:element>data</con:element></con:representation><con:representation type="RESPONSE"><con:mediaType xsi:nil="true"/><con:status>204</con:status><con:params/><con:element>data</con:element></con:representation><con:representation type="RESPONSE"><con:mediaType xsi:nil="true"/><con:status>204</con:status><con:params/><con:element>data</con:element></con:representation><con:representation type="RESPONSE"><con:mediaType>application/json;charset=UTF-8</con:mediaType><con:status>200</con:status><con:params/><con:element xmlns:ns="http://dc2devrmapp44.prod.tangoe.com/applications/55">ns:Response</con:element></con:representation><con:request name="PutByAppKey" id="f8d2d3c9-6b2e-4caa-99fe-7d4dfc25a0ef" mediaType="application/json" postQueryString="false"><con:settings><con:setting id="com.eviware.soapui.impl.wsdl.WsdlRequest@request-headers">&lt;xml-fragment/></con:setting></con:settings><con:endpoint>http://dc2devrmapp44.prod.tangoe.com:8055</con:endpoint><con:request/><con:credentials><con:selectedAuthProfile>No Authorization</con:selectedAuthProfile><con:authType>No Authorization</con:authType></con:credentials><con:jmsConfig JMSDeliveryMode="PERSISTENT"/><con:parameters><entry key="key" value="44" xmlns="http://eviware.com/soapui/config"/></con:parameters><con:parameterOrder><con:entry>key</con:entry><con:entry>Authorization</con:entry></con:parameterOrder></con:request></con:method></con:resource></con:interface><con:testSuite id="63492137-0fb1-4c46-a21c-6dc28dc3c6bb" name="TestSuite 1"><con:settings/><con:savedRecentRuns>1</con:savedRecentRuns><con:runType>SEQUENTIAL</con:runType><con:testCase id="8906dd69-362f-4bb6-a377-d085f6c977c1" discardOkResults="true" failOnError="true" failTestCaseOnErrors="true" keepSession="false" name="TestCase 1" searchProperties="true" timeout="0" maxResults="0"><con:settings/><con:savedRecentRuns>1</con:savedRecentRuns><con:testStep type="groovy" name="SetupToken" id="95b7b6b0-6d55-4a22-9978-03d863796225"><con:settings/><con:config><script>// *** ADDED DECEMBER 26 -- TRYING SECURITY TOKEN ***  
// *** JANUARY 3 -- ADDING READING URL (HOSTNAME) FROM FILE ***

def groovyUtils = new com.eviware.soapui.support.GroovyUtils( context ); 

String projectPath = groovyUtils.projectPath //gets the path of the project root
String fileNameToken = projectPath + "\\tokenGenerated.txt"
String fileNameURL = projectPath + "\\platformServiceHostName.txt"

readDataFromFile(fileNameToken, log, testRunner)
readDataFromFile(fileNameURL, log, testRunner)

// read in each line of token pair file and send to SetupTestSuiteVariables method for creating token pair file.
static boolean readDataFromFile(fileName, log, testRunner)
{
	try
	{
		new File(fileName).eachLine 
		{ 
			line ->	
			//log.info line
			setupTestSuiteVariables(line ,log, testRunner)
		}
	}
	catch (all)
	{
		log.info "    File read failed in readDataFromFile method."
		return false
	}
	return true
}

// put token into test suite property if line contains one of the tokens.
static void setupTestSuiteVariables(inputLine, log, testRunner)
{
	def strArray = []
	strArray = inputLine.split("=")
	
	// log.info strArray[1]
	
	if (inputLine.contains("Token"))
	{  
		testRunner.testCase.setPropertyValue("Token",strArray[1])
		log.info "  Token: " + testRunner.testCase.getPropertyValue("Token")		
	
	} else if (inputLine.contains("URL"))
	{
		testRunner.testCase.setPropertyValue("URL",strArray[1])
		log.info "  Hostname URL: " + testRunner.testCase.getPropertyValue("URL")	
	}
	
}
</script></con:config></con:testStep><con:testStep type="restrequest" name="DeleteAppByKey" id="3d7db721-a3ab-42fe-a3fc-92d6de3eabe3"><con:settings/><con:config service="http://nn.com" resourcePath="/platformservice/api/v1/applications/{key}" methodName="DeleteByAppKey" xsi:type="con:RestRequestStep" xmlns:xsi="http://www.w3.org/2001/XMLSchema-instance"><con:restRequest name="DeleteAppByKey" id="e0fdf2f0-04ad-4037-9cf3-f6b385ee56d0" mediaType="application/json" postQueryString="false"><con:settings><con:setting id="com.eviware.soapui.impl.wsdl.WsdlRequest@request-headers">&lt;xml-fragment/></con:setting></con:settings><con:endpoint>${#TestCase#URL}</con:endpoint><con:request/><con:originalUri>http://dc2devrmapp44.prod.tangoe.com/applications/BOB_TWO</con:originalUri><con:assertion type="Valid HTTP Status Codes" id="61324300-566c-494d-b26e-c4d4f0daac0d" name="Valid HTTP Status Codes"><con:settings/><con:configuration><codes>204
</codes></con:configuration></con:assertion><con:credentials><con:selectedAuthProfile>Inherit From Parent</con:selectedAuthProfile><con:authType>No Authorization</con:authType></con:credentials><con:jmsConfig JMSDeliveryMode="PERSISTENT"/><con:parameters>
  <con:entry key="Authorization" value=" Bearer ${#TestCase#Token}"/>
  <con:entry key="id" value="44"/>
  <con:entry key="key" value="FIRSTAPP"/>
</con:parameters><con:parameterOrder><con:entry>key</con:entry><con:entry>Authorization</con:entry></con:parameterOrder></con:restRequest></con:config></con:testStep><con:testStep type="restrequest" name="GetAppByKey" id="120ec569-cb5c-4667-a9d4-f6124d831918"><con:settings/><con:config service="" resourcePath="/platformservice/api/v1/applications/{key}" methodName="GetByAppKey" xsi:type="con:RestRequestStep" xmlns:xsi="http://www.w3.org/2001/XMLSchema-instance"><con:restRequest name="GetAppByKey" id="288fcf9b-9659-43bb-9537-ac761c0b2d3b" mediaType="application/json"><con:settings><con:setting id="com.eviware.soapui.impl.wsdl.WsdlRequest@request-headers">&lt;xml-fragment/></con:setting></con:settings><con:endpoint>${#TestCase#URL}</con:endpoint><con:request/><con:originalUri>http://dc2devrmapp44.prod.tangoe.com/applications/BOB_TWO</con:originalUri><con:assertion type="Valid HTTP Status Codes" id="de876f1a-4480-4925-94bb-d115289f0be4" name="Valid HTTP Status Codes"><con:settings/><con:configuration><codes>200</codes></con:configuration></con:assertion><con:credentials><con:selectedAuthProfile>Inherit From Parent</con:selectedAuthProfile><con:authType>No Authorization</con:authType></con:credentials><con:jmsConfig JMSDeliveryMode="PERSISTENT"/><con:parameters>
  <con:entry key="Authorization" value="Bearer ${#TestCase#Token}"/>
  <con:entry key="key" value="FIRSTAPP"/>
</con:parameters><con:parameterOrder><con:entry>key</con:entry><con:entry>Authorization</con:entry></con:parameterOrder></con:restRequest></con:config></con:testStep><con:testStep type="restrequest" name="PutByAppKey" id="2abf6193-b0d2-404a-b5cb-fea9fe23ed56"><con:settings/><con:config service="http://dc2devrmapp44.prod.tangoe.com:8055" resourcePath="/platformservice/api/v1/applications/{key}" methodName="PutByAppKey" xsi:type="con:RestRequestStep" xmlns:xsi="http://www.w3.org/2001/XMLSchema-instance"><con:restRequest name="PutByAppKey" id="4ffaef0e-6c40-4482-9f10-0e24d475bf49" mediaType="application/json" postQueryString="false"><con:settings><con:setting id="com.eviware.soapui.impl.wsdl.WsdlRequest@request-headers">&lt;xml-fragment/></con:setting></con:settings><con:endpoint>${#TestCase#URL}</con:endpoint><con:request>{
  "key": "ZZZZ",
  "name": "bob",
  "defaultHost": "bob.com",
  "defaultPath": "/zzz",
  "description": "zzz",
  "enabled": "true"
}</con:request><con:originalUri>http://dc2devrmapp44.prod.tangoe.com/applications/55</con:originalUri><con:assertion type="Valid HTTP Status Codes" id="9f7a51e0-1861-474b-a687-6ec76947496e" name="Valid HTTP Status Codes"><con:settings/><con:configuration><codes>204
</codes></con:configuration></con:assertion><con:credentials><con:selectedAuthProfile>Inherit From Parent</con:selectedAuthProfile><con:authType>No Authorization</con:authType></con:credentials><con:jmsConfig JMSDeliveryMode="PERSISTENT"/><con:parameters>
  <con:entry key="Authorization" value="Bearer ${#TestCase#Token}"/>
  <con:entry key="key" value="ZZZZ"/>
</con:parameters><con:parameterOrder><con:entry>key</con:entry><con:entry>Authorization</con:entry></con:parameterOrder></con:restRequest></con:config></con:testStep><con:properties><con:property><con:name>Token</con:name><con:value>eyJhbGciOiJIUzUxMiJ9.eyJzdWIiOiJhZG1pbiIsImF1dGgiOiJST0xFX0FETUlOLFJPTEVfVVNFUiIsImV4cCI6MTUyNDE2NDM0OX0.TaPy31ay8cKQvdQRpAKNnH7ECQqx7fCMYHuEg0xcVjaX7K3mH0A60nEb0noZtw8l8OamjsFlEcJWuk15bdDtiw</con:value></con:property><con:property><con:name>URL</con:name><con:value>http://dc1testrmapp03.prod.tangoe.com:4070</con:value></con:property></con:properties><con:reportParameters/></con:testCase><con:properties/><con:reportParameters/></con:testSuite><con:savedRecentRuns>1</con:savedRecentRuns><con:properties/><con:wssContainer/><con:databaseConnectionContainer/><con:oAuth2ProfileContainer/><con:oAuth1ProfileContainer/><con:reporting><con:xmlTemplates/><con:parameters/></con:reporting><con:authRepository/><con:tags/></con:soapui-project>