<?xml version="1.0" encoding="UTF-8"?>
<con:soapui-workspace name="VerifySomeDeviceResponse" soapui-version="6.0.0" cid="bc86a81b-2770-424a-87b3-7f54271a65af" xmlns:con="http://eviware.com/soapui/config">
  <con:settings/>
  <con:project name="TokenProjectPingFederate" lastOpened="2018-09-28T18:39:56.737-04:00">C:/SoapUi_Projects/_API_2017_SFE_15041/Hacking_QA5/TokenProjectPingFederate.xml</con:project>
  <con:project name="API_OrdersProperties" lastOpened="2018-09-15T18:00:15.681-04:00">C:/SoapUi_Projects/_API_2017_SFE_15041/Hacking_QA5/API_OrdersProperties.xml</con:project>
  <con:project name="API_AssetsDevicesFiltering" lastOpened="2018-09-28T17:33:38.074-04:00">C:/SoapUi_Projects/_API_2017_SFE_15041/Hacking_QA5/API_AssetsDevicesFiltering.xml</con:project>
  <con:project name="TokenProjectPingFederate" lastOpened="2018-09-28T18:39:56.737-04:00">C:/SoapUi_Projects/_API_2017_SFE_15041/Hacking_QA5/TokenProjectPingFederate.xml</con:project>
  <con:project name="API_OrdersPostTransferServiceIn" lastOpened="2018-07-25T08:37:39.807-04:00">C:/SoapUi_Projects/_API_2017_SFE_15041/Hacking_QA5/API_OrdersPostTransferServiceIn.xml</con:project>
  <con:project name="API_OrdersPostPortNumber" lastOpened="2018-07-25T15:15:57.977-04:00">C:/SoapUi_Projects/_API_2017_SFE_15041/Hacking_QA5/API_OrdersPostPortNumber.xml</con:project>
  <con:project name="API_OrdersPostSuspend" lastOpened="2018-09-28T18:41:10.782-04:00">C:/SoapUi_Projects/_API_2017_SFE_15041/Hacking_QA5/API_OrdersPostSuspend.xml</con:project>
  <con:project name="API_Me" lastOpened="2018-09-15T18:07:27.790-04:00">C:/SoapUi_Projects/_API_2017_SFE_15041/Hacking_QA5/API_Me.xml</con:project>
  <con:project name="AnaData" lastOpened="2018-09-28T18:41:17.453-04:00">C:/SoapUi_Projects/_API_2017_SFE_15041/Hacking_QA5/GetAnaUserData.xml</con:project>
  <con:recentItemCollection>
    <con:moduleId>StarterPageModule</con:moduleId>
    <con:itemId>afd4f01b-1c66-4168-b75e-0ae2cd5aa4f2</con:itemId>
    <con:itemId>ab51828a-fde9-4755-a1cc-b725c0642086</con:itemId>
  </con:recentItemCollection>
  <con:recentItemCollection>
    <con:moduleId>SoapUiNGModule</con:moduleId>
    <con:itemId>1aa41219-9ad6-4f05-bbab-b1aa6c531725</con:itemId>
    <con:itemId>0789e6bd-df77-4ce6-854f-16ed26bb23dd</con:itemId>
    <con:itemId>d640a19a-5c7b-4fb9-9373-79f507287fa9</con:itemId>
    <con:itemId>02e07b9b-6133-40c0-8b93-45c8318f99df</con:itemId>
    <con:itemId>751f39d4-0ed2-4e39-b060-46a9c640ef7a</con:itemId>
  </con:recentItemCollection>
  <con:recentItemCollection>
    <con:moduleId>ProjectsModule</con:moduleId>
    <con:itemId>d474bfb4-9766-46c3-8347-fc10b51aac5e</con:itemId>
    <con:itemId>ca4ebb65-eeab-4025-a1c6-773840e7453a</con:itemId>
  </con:recentItemCollection>
  <con:navigatorNodeCollection>
    <con:rootNodeLabel>SoapUI NG</con:rootNodeLabel>
    <con:expandNodeState>
      <con:id>afd4f01b-1c66-4168-b75e-0ae2cd5aa4f2</con:id>
      <con:expandState>true</con:expandState>
    </con:expandNodeState>
    <con:expandNodeState>
      <con:id>1aa41219-9ad6-4f05-bbab-b1aa6c531725</con:id>
      <con:expandState>true</con:expandState>
    </con:expandNodeState>
    <con:expandNodeState>
      <con:id>708b2397-3f53-4b09-b374-f53d8a434e10</con:id>
      <con:expandState>true</con:expandState>
    </con:expandNodeState>
    <con:expandNodeState>
      <con:id>ab51828a-fde9-4755-a1cc-b725c0642086</con:id>
      <con:expandState>true</con:expandState>
    </con:expandNodeState>
    <con:expandNodeState>
      <con:id>3e44b956-bb81-4e49-9f49-4d666cfbdb3e</con:id>
      <con:expandState>true</con:expandState>
    </con:expandNodeState>
    <con:expandNodeState>
      <con:id>7c19c94d-1df9-48ac-b488-576e0b3a202f</con:id>
      <con:expandState>true</con:expandState>
    </con:expandNodeState>
    <con:expandNodeState>
      <con:id>06c03165-5fad-4b5b-9515-782678247545</con:id>
      <con:expandState>false</con:expandState>
    </con:expandNodeState>
    <con:expandNodeState>
      <con:id>4c177587-ca94-4316-add3-6f6a43f8e4ac</con:id>
      <con:expandState>true</con:expandState>
    </con:expandNodeState>
    <con:expandNodeState>
      <con:id>1f2891e5-d0b5-405a-b884-61bfeaa21311</con:id>
      <con:expandState>true</con:expandState>
    </con:expandNodeState>
    <con:expandNodeState>
      <con:id>7059b3c1-901d-4e6b-8d81-801d4b440ef2</con:id>
      <con:expandState>false</con:expandState>
    </con:expandNodeState>
    <con:expandNodeState>
      <con:id>57417139-47c1-4ef4-9fb2-8a352c72a595</con:id>
      <con:expandState>false</con:expandState>
    </con:expandNodeState>
    <con:expandNodeState>
      <con:id>ee348bc3-297d-477f-986a-90568f1af050</con:id>
      <con:expandState>false</con:expandState>
    </con:expandNodeState>
    <con:expandNodeState>
      <con:id>89fc3347-9aaf-487d-a149-e02dd4f16d4c</con:id>
      <con:expandState>false</con:expandState>
    </con:expandNodeState>
    <con:expandNodeState>
      <con:id>3592e555-ce9a-4fdf-9101-f8ff1a6b27a0</con:id>
      <con:expandState>false</con:expandState>
    </con:expandNodeState>
    <con:expandNodeState>
      <con:id>e3ede794-f15a-4ccc-96cb-fd513be14362</con:id>
      <con:expandState>false</con:expandState>
    </con:expandNodeState>
    <con:expandNodeState>
      <con:id>5ed04a33-e6b7-481c-8861-2ac78769bb55</con:id>
      <con:expandState>false</con:expandState>
    </con:expandNodeState>
    <con:expandNodeState>
      <con:id>4ee56b36-7e11-4857-bb71-d0ea1ef54d68</con:id>
      <con:expandState>false</con:expandState>
    </con:expandNodeState>
    <con:expandNodeState>
      <con:id>e19c668c-1e2e-4167-9dfe-14a3f47934e5</con:id>
      <con:expandState>false</con:expandState>
    </con:expandNodeState>
    <con:expandNodeState>
      <con:id>f3a56f59-8c8f-486b-b120-244fb0e090c4</con:id>
      <con:expandState>false</con:expandState>
    </con:expandNodeState>
    <con:expandNodeState>
      <con:id>deee38d4-d631-431f-8ab4-18cfe4853c2b</con:id>
      <con:expandState>true</con:expandState>
    </con:expandNodeState>
    <con:expandNodeState>
      <con:id>6bf03b37-348a-4b6b-98d6-ec32f537b077</con:id>
      <con:expandState>true</con:expandState>
    </con:expandNodeState>
    <con:expandNodeState>
      <con:id>ee88d1bc-b782-4d18-8aef-e20fabb17a48</con:id>
      <con:expandState>true</con:expandState>
    </con:expandNodeState>
    <con:expandNodeState>
      <con:id>7b92872c-bf35-4a0f-98bb-f79a17489540</con:id>
      <con:expandState>true</con:expandState>
    </con:expandNodeState>
    <con:expandNodeState>
      <con:id>b297404b-bd83-427b-9062-ee145625ded1</con:id>
      <con:expandState>false</con:expandState>
    </con:expandNodeState>
    <con:expandNodeState>
      <con:id>98104a6b-e103-4223-ab31-c10e5cc4aa20</con:id>
      <con:expandState>false</con:expandState>
    </con:expandNodeState>
    <con:expandNodeState>
      <con:id>a17d2c4b-7c21-48f2-b6b6-e52aae15e04f</con:id>
      <con:expandState>false</con:expandState>
    </con:expandNodeState>
    <con:expandNodeState>
      <con:id>4f8648bd-66b5-438c-ac0f-331107357837</con:id>
      <con:expandState>true</con:expandState>
    </con:expandNodeState>
    <con:expandNodeState>
      <con:id>fcb1a69e-0b9a-4aa1-b724-b1098444de3a</con:id>
      <con:expandState>true</con:expandState>
    </con:expandNodeState>
    <con:expandNodeState>
      <con:id>bfe8a790-5e34-43b9-88cc-2a151b264d6f</con:id>
      <con:expandState>false</con:expandState>
    </con:expandNodeState>
    <con:expandNodeState>
      <con:id>0098e519-0f31-4355-941d-ce464bf9ed4b</con:id>
      <con:expandState>true</con:expandState>
    </con:expandNodeState>
    <con:expandNodeState>
      <con:id>d87611bb-eae9-4620-b5d1-a54e71bb5430</con:id>
      <con:expandState>true</con:expandState>
    </con:expandNodeState>
    <con:expandNodeState>
      <con:id>6ecd27b4-0df4-4648-9695-0ca2dbb3f169</con:id>
      <con:expandState>false</con:expandState>
    </con:expandNodeState>
    <con:expandNodeState>
      <con:id>dd59377b-3e79-4831-9ad8-7a08b131350b</con:id>
      <con:expandState>true</con:expandState>
    </con:expandNodeState>
    <con:expandNodeState>
      <con:id>6c60eca3-c12c-4a68-b61e-0666fff956cf</con:id>
      <con:expandState>true</con:expandState>
    </con:expandNodeState>
    <con:expandNodeState>
      <con:id>e45d5723-0077-4198-9258-e17456d2d851</con:id>
      <con:expandState>false</con:expandState>
    </con:expandNodeState>
    <con:expandNodeState>
      <con:id>b5968600-07ae-4f71-a8fe-958667e5ab78</con:id>
      <con:expandState>true</con:expandState>
    </con:expandNodeState>
    <con:expandNodeState>
      <con:id>db8b657d-7665-4aae-a97e-a51752771fec</con:id>
      <con:expandState>true</con:expandState>
    </con:expandNodeState>
    <con:expandNodeState>
      <con:id>97494cd8-6f9e-442d-b9c6-9e451e0c6672</con:id>
      <con:expandState>false</con:expandState>
    </con:expandNodeState>
    <con:expandNodeState>
      <con:id>e127c2a5-d30b-4d47-9128-089e36023268</con:id>
      <con:expandState>false</con:expandState>
    </con:expandNodeState>
    <con:expandNodeState>
      <con:id>26c07e38-f883-45a7-ba7d-dafeeba83781</con:id>
      <con:expandState>false</con:expandState>
    </con:expandNodeState>
    <con:expandNodeState>
      <con:id>69b69fda-390e-44cd-a9c5-8b017b3bd18f</con:id>
      <con:expandState>false</con:expandState>
    </con:expandNodeState>
    <con:expandNodeState>
      <con:id>e3fe85c7-a378-49f3-8754-7213dc8d6509</con:id>
      <con:expandState>false</con:expandState>
    </con:expandNodeState>
    <con:expandNodeState>
      <con:id>bc0d48f9-d0ef-4400-95e3-53e747a90e4e</con:id>
      <con:expandState>false</con:expandState>
    </con:expandNodeState>
    <con:expandNodeState>
      <con:id>46828d6d-9a9f-48ab-9b1d-2d6c9094f6ef</con:id>
      <con:expandState>false</con:expandState>
    </con:expandNodeState>
    <con:expandNodeState>
      <con:id>b0929398-443d-4762-a420-002945cdf0a7</con:id>
      <con:expandState>false</con:expandState>
    </con:expandNodeState>
    <con:expandNodeState>
      <con:id>3bce0bbf-f77b-40bb-98b4-8c790796b58b</con:id>
      <con:expandState>false</con:expandState>
    </con:expandNodeState>
    <con:expandNodeState>
      <con:id>49df8303-fb3a-4a04-91b5-373bcc4acd41</con:id>
      <con:expandState>false</con:expandState>
    </con:expandNodeState>
    <con:expandNodeState>
      <con:id>1f29b774-b615-43a8-9105-1597f6be82e4</con:id>
      <con:expandState>true</con:expandState>
    </con:expandNodeState>
    <con:expandNodeState>
      <con:id>0ea7ab46-a4ee-4a57-80c7-7119f0657973</con:id>
      <con:expandState>true</con:expandState>
    </con:expandNodeState>
    <con:expandNodeState>
      <con:id>83a4bade-c8d4-4a61-bf52-524b3db3d23e</con:id>
      <con:expandState>false</con:expandState>
    </con:expandNodeState>
    <con:expandNodeState>
      <con:id>109a8fbe-0705-47e2-86b4-ff2307781ad4</con:id>
      <con:expandState>false</con:expandState>
    </con:expandNodeState>
    <con:expandNodeState>
      <con:id>69c14fba-6578-44eb-be81-303b8c7e53db</con:id>
      <con:expandState>false</con:expandState>
    </con:expandNodeState>
    <con:expandNodeState>
      <con:id>a01e23c3-3219-41de-b0cb-17706bb9b33a</con:id>
      <con:expandState>false</con:expandState>
    </con:expandNodeState>
    <con:expandNodeState>
      <con:id>bae40536-5873-463a-82b6-9695616d4fe4</con:id>
      <con:expandState>true</con:expandState>
    </con:expandNodeState>
    <con:expandNodeState>
      <con:id>3b26452e-7d1e-440e-810b-29a916f2a5d0</con:id>
      <con:expandState>true</con:expandState>
    </con:expandNodeState>
    <con:expandNodeState>
      <con:id>14ef7e7f-386f-4812-8ef1-5636d6602010</con:id>
      <con:expandState>false</con:expandState>
    </con:expandNodeState>
    <con:expandNodeState>
      <con:id>882f6a5b-c99a-416c-b329-f87eda5d60c3</con:id>
      <con:expandState>false</con:expandState>
    </con:expandNodeState>
    <con:expandNodeState>
      <con:id>9420cfb6-8044-4e67-b1f5-17aa75b385a6</con:id>
      <con:expandState>true</con:expandState>
    </con:expandNodeState>
    <con:expandNodeState>
      <con:id>620bc2c9-d884-482a-b70b-603b4699f6d8</con:id>
      <con:expandState>true</con:expandState>
    </con:expandNodeState>
    <con:expandNodeState>
      <con:id>fbcef630-dc44-4d57-868d-07a3c5505736</con:id>
      <con:expandState>false</con:expandState>
    </con:expandNodeState>
    <con:expandNodeState>
      <con:id>7dee275c-c346-4d6d-81b6-da484d13ecda</con:id>
      <con:expandState>true</con:expandState>
    </con:expandNodeState>
    <con:expandNodeState>
      <con:id>ccb877b7-1e83-4f94-9642-7949ceee54b7</con:id>
      <con:expandState>true</con:expandState>
    </con:expandNodeState>
    <con:expandNodeState>
      <con:id>e680d78a-7279-49d2-9a46-de094529a2df</con:id>
      <con:expandState>false</con:expandState>
    </con:expandNodeState>
    <con:expandNodeState>
      <con:id>cdd1654b-a42b-4ed3-9e41-10e268c81a53</con:id>
      <con:expandState>false</con:expandState>
    </con:expandNodeState>
    <con:expandNodeState>
      <con:id>d568f35a-cdb2-4e8f-bf57-e8d68e68f318</con:id>
      <con:expandState>false</con:expandState>
    </con:expandNodeState>
    <con:expandNodeState>
      <con:id>38d91ee5-336d-4841-abe2-bf16f7764ff8</con:id>
      <con:expandState>true</con:expandState>
    </con:expandNodeState>
    <con:expandNodeState>
      <con:id>c9ca1039-2b62-4e96-b643-fabe71a0f6a8</con:id>
      <con:expandState>true</con:expandState>
    </con:expandNodeState>
    <con:expandNodeState>
      <con:id>b8072da7-b10c-4208-a7c2-262eccf97d44</con:id>
      <con:expandState>false</con:expandState>
    </con:expandNodeState>
    <con:expandNodeState>
      <con:id>e767d765-0b49-45d3-88a2-fb7906447d48</con:id>
      <con:expandState>false</con:expandState>
    </con:expandNodeState>
    <con:expandNodeState>
      <con:id>45c2725b-636c-4940-bdf3-64776ec7d530</con:id>
      <con:expandState>false</con:expandState>
    </con:expandNodeState>
    <con:expandNodeState>
      <con:id>cc88eebf-0c25-4807-8737-79f2eae49b3b</con:id>
      <con:expandState>true</con:expandState>
    </con:expandNodeState>
    <con:expandNodeState>
      <con:id>285c42c7-6280-4cc5-b9e5-7435394462f0</con:id>
      <con:expandState>true</con:expandState>
    </con:expandNodeState>
    <con:expandNodeState>
      <con:id>c5588346-74d4-406a-8463-fcf604e96811</con:id>
      <con:expandState>false</con:expandState>
    </con:expandNodeState>
    <con:expandNodeState>
      <con:id>00b70357-5079-495b-a6a9-de8b7eb6ecbd</con:id>
      <con:expandState>false</con:expandState>
    </con:expandNodeState>
    <con:expandNodeState>
      <con:id>c45a27ca-bb63-4506-89ad-1dc23216eb6d</con:id>
      <con:expandState>false</con:expandState>
    </con:expandNodeState>
    <con:expandNodeState>
      <con:id>fab44550-3070-4645-a351-2ace2c5f81df</con:id>
      <con:expandState>false</con:expandState>
    </con:expandNodeState>
    <con:expandNodeState>
      <con:id>aff55e1b-b700-4b84-ae60-1c2b21737b07</con:id>
      <con:expandState>false</con:expandState>
    </con:expandNodeState>
  </con:navigatorNodeCollection>
  <con:navigatorNodeCollection>
    <con:rootNodeLabel>Projects</con:rootNodeLabel>
    <con:expandNodeState>
      <con:id>afd4f01b-1c66-4168-b75e-0ae2cd5aa4f2</con:id>
      <con:expandState>false</con:expandState>
    </con:expandNodeState>
    <con:expandNodeState>
      <con:id>ab51828a-fde9-4755-a1cc-b725c0642086</con:id>
      <con:expandState>false</con:expandState>
    </con:expandNodeState>
    <con:expandNodeState>
      <con:id>06c03165-5fad-4b5b-9515-782678247545</con:id>
      <con:expandState>false</con:expandState>
    </con:expandNodeState>
    <con:expandNodeState>
      <con:id>e19c668c-1e2e-4167-9dfe-14a3f47934e5</con:id>
      <con:expandState>false</con:expandState>
    </con:expandNodeState>
    <con:expandNodeState>
      <con:id>74ea3970-0742-4875-b15e-be70576fe40b</con:id>
      <con:expandState>true</con:expandState>
    </con:expandNodeState>
    <con:expandNodeState>
      <con:id>d669cbfb-2116-4070-bc15-36e11beb6aa8</con:id>
      <con:expandState>true</con:expandState>
    </con:expandNodeState>
    <con:expandNodeState>
      <con:id>e3ede794-f15a-4ccc-96cb-fd513be14362</con:id>
      <con:expandState>true</con:expandState>
    </con:expandNodeState>
    <con:expandNodeState>
      <con:id>1b791526-3b40-4421-a560-fd8573621420</con:id>
      <con:expandState>true</con:expandState>
    </con:expandNodeState>
    <con:expandNodeState>
      <con:id>9fbb15a3-defd-44d6-b452-06d00eed3b3d</con:id>
      <con:expandState>true</con:expandState>
    </con:expandNodeState>
    <con:expandNodeState>
      <con:id>78225f30-ac27-4fc1-b283-2688b59cb02f</con:id>
      <con:expandState>false</con:expandState>
    </con:expandNodeState>
    <con:expandNodeState>
      <con:id>f82e25ec-16b0-47bd-90d2-aba93851b8b2</con:id>
      <con:expandState>false</con:expandState>
    </con:expandNodeState>
    <con:expandNodeState>
      <con:id>5ed04a33-e6b7-481c-8861-2ac78769bb55</con:id>
      <con:expandState>false</con:expandState>
    </con:expandNodeState>
    <con:expandNodeState>
      <con:id>4ee56b36-7e11-4857-bb71-d0ea1ef54d68</con:id>
      <con:expandState>false</con:expandState>
    </con:expandNodeState>
    <con:expandNodeState>
      <con:id>2a081068-b82d-46e4-b4f8-a8b683aa6b49</con:id>
      <con:expandState>false</con:expandState>
    </con:expandNodeState>
    <con:expandNodeState>
      <con:id>f3a56f59-8c8f-486b-b120-244fb0e090c4</con:id>
      <con:expandState>false</con:expandState>
    </con:expandNodeState>
    <con:expandNodeState>
      <con:id>98104a6b-e103-4223-ab31-c10e5cc4aa20</con:id>
      <con:expandState>true</con:expandState>
    </con:expandNodeState>
    <con:expandNodeState>
      <con:id>c2c2997f-4447-4755-a3e9-63ab3fbab649</con:id>
      <con:expandState>true</con:expandState>
    </con:expandNodeState>
    <con:expandNodeState>
      <con:id>eb097b0c-abf1-4e47-94c6-fd6824301ff4</con:id>
      <con:expandState>true</con:expandState>
    </con:expandNodeState>
    <con:expandNodeState>
      <con:id>7059b3c1-901d-4e6b-8d81-801d4b440ef2</con:id>
      <con:expandState>true</con:expandState>
    </con:expandNodeState>
    <con:expandNodeState>
      <con:id>57417139-47c1-4ef4-9fb2-8a352c72a595</con:id>
      <con:expandState>true</con:expandState>
    </con:expandNodeState>
    <con:expandNodeState>
      <con:id>a3e7b222-0d24-4227-bc4d-0c39b1c5f3be</con:id>
      <con:expandState>true</con:expandState>
    </con:expandNodeState>
    <con:expandNodeState>
      <con:id>6b3c1a94-972a-4941-98d1-57b91fd21b28</con:id>
      <con:expandState>true</con:expandState>
    </con:expandNodeState>
    <con:expandNodeState>
      <con:id>75bf073d-8fa2-413b-b728-afcef1909f72</con:id>
      <con:expandState>false</con:expandState>
    </con:expandNodeState>
    <con:expandNodeState>
      <con:id>ee348bc3-297d-477f-986a-90568f1af050</con:id>
      <con:expandState>false</con:expandState>
    </con:expandNodeState>
    <con:expandNodeState>
      <con:id>89fc3347-9aaf-487d-a149-e02dd4f16d4c</con:id>
      <con:expandState>true</con:expandState>
    </con:expandNodeState>
    <con:expandNodeState>
      <con:id>3592e555-ce9a-4fdf-9101-f8ff1a6b27a0</con:id>
      <con:expandState>false</con:expandState>
    </con:expandNodeState>
    <con:expandNodeState>
      <con:id>46d81593-8596-48cc-88dd-26415d894d8d</con:id>
      <con:expandState>false</con:expandState>
    </con:expandNodeState>
    <con:expandNodeState>
      <con:id>113c2715-5778-4abe-a72c-569e5b4de4e7</con:id>
      <con:expandState>true</con:expandState>
    </con:expandNodeState>
    <con:expandNodeState>
      <con:id>8bf10945-c94f-41a6-b71d-ad9785cb44e7</con:id>
      <con:expandState>true</con:expandState>
    </con:expandNodeState>
    <con:expandNodeState>
      <con:id>335ef82c-c9a3-49d8-8e58-f5abd0831e32</con:id>
      <con:expandState>true</con:expandState>
    </con:expandNodeState>
    <con:expandNodeState>
      <con:id>4254682e-2fb9-424f-abfd-75c869a348db</con:id>
      <con:expandState>true</con:expandState>
    </con:expandNodeState>
    <con:expandNodeState>
      <con:id>2dd25251-82f1-45b4-95bc-9bfa80d3e206</con:id>
      <con:expandState>true</con:expandState>
    </con:expandNodeState>
    <con:expandNodeState>
      <con:id>59977cb5-74a7-448c-abfc-a33ec4949901</con:id>
      <con:expandState>true</con:expandState>
    </con:expandNodeState>
    <con:expandNodeState>
      <con:id>be9f9fb8-2367-403e-8414-38fa28a7843a</con:id>
      <con:expandState>true</con:expandState>
    </con:expandNodeState>
    <con:expandNodeState>
      <con:id>86b0661f-a747-4fa6-94d0-44625030f124</con:id>
      <con:expandState>true</con:expandState>
    </con:expandNodeState>
    <con:expandNodeState>
      <con:id>e127c2a5-d30b-4d47-9128-089e36023268</con:id>
      <con:expandState>false</con:expandState>
    </con:expandNodeState>
    <con:expandNodeState>
      <con:id>bfe8a790-5e34-43b9-88cc-2a151b264d6f</con:id>
      <con:expandState>false</con:expandState>
    </con:expandNodeState>
    <con:expandNodeState>
      <con:id>b0929398-443d-4762-a420-002945cdf0a7</con:id>
      <con:expandState>true</con:expandState>
    </con:expandNodeState>
    <con:expandNodeState>
      <con:id>afdb460c-2fda-4cb9-ad62-5b09247f20f6</con:id>
      <con:expandState>true</con:expandState>
    </con:expandNodeState>
    <con:expandNodeState>
      <con:id>e9ad8790-439e-42f5-91f9-fc384b2126a0</con:id>
      <con:expandState>true</con:expandState>
    </con:expandNodeState>
    <con:expandNodeState>
      <con:id>68f008dc-8bd8-477c-9b6f-ed04e3c23836</con:id>
      <con:expandState>false</con:expandState>
    </con:expandNodeState>
    <con:expandNodeState>
      <con:id>e45d5723-0077-4198-9258-e17456d2d851</con:id>
      <con:expandState>false</con:expandState>
    </con:expandNodeState>
    <con:expandNodeState>
      <con:id>a17d2c4b-7c21-48f2-b6b6-e52aae15e04f</con:id>
      <con:expandState>false</con:expandState>
    </con:expandNodeState>
    <con:expandNodeState>
      <con:id>49df8303-fb3a-4a04-91b5-373bcc4acd41</con:id>
      <con:expandState>false</con:expandState>
    </con:expandNodeState>
    <con:expandNodeState>
      <con:id>a01e23c3-3219-41de-b0cb-17706bb9b33a</con:id>
      <con:expandState>false</con:expandState>
    </con:expandNodeState>
    <con:expandNodeState>
      <con:id>882f6a5b-c99a-416c-b329-f87eda5d60c3</con:id>
      <con:expandState>true</con:expandState>
    </con:expandNodeState>
    <con:expandNodeState>
      <con:id>fbcef630-dc44-4d57-868d-07a3c5505736</con:id>
      <con:expandState>false</con:expandState>
    </con:expandNodeState>
    <con:expandNodeState>
      <con:id>45c2725b-636c-4940-bdf3-64776ec7d530</con:id>
      <con:expandState>false</con:expandState>
    </con:expandNodeState>
    <con:expandNodeState>
      <con:id>d568f35a-cdb2-4e8f-bf57-e8d68e68f318</con:id>
      <con:expandState>false</con:expandState>
    </con:expandNodeState>
    <con:expandNodeState>
      <con:id>69c14fba-6578-44eb-be81-303b8c7e53db</con:id>
      <con:expandState>true</con:expandState>
    </con:expandNodeState>
    <con:expandNodeState>
      <con:id>19c87182-a5be-473b-bf8f-03c156c4fd81</con:id>
      <con:expandState>true</con:expandState>
    </con:expandNodeState>
    <con:expandNodeState>
      <con:id>37811b24-37dd-4cf3-8dac-6e432eb80b7e</con:id>
      <con:expandState>true</con:expandState>
    </con:expandNodeState>
    <con:expandNodeState>
      <con:id>c71692d6-3b9c-489e-bc65-61ddaf3cd4b6</con:id>
      <con:expandState>false</con:expandState>
    </con:expandNodeState>
    <con:expandNodeState>
      <con:id>1e4c3775-2aa1-490c-b3f7-ddb71f9537d9</con:id>
      <con:expandState>true</con:expandState>
    </con:expandNodeState>
    <con:expandNodeState>
      <con:id>cfe79682-e750-43fc-82d0-90358b39a0cf</con:id>
      <con:expandState>true</con:expandState>
    </con:expandNodeState>
    <con:expandNodeState>
      <con:id>2467f3b4-14b4-4146-a373-77262667b009</con:id>
      <con:expandState>true</con:expandState>
    </con:expandNodeState>
    <con:expandNodeState>
      <con:id>2ff3214b-dac9-4db1-bc7d-bf9ec6af56ee</con:id>
      <con:expandState>false</con:expandState>
    </con:expandNodeState>
    <con:expandNodeState>
      <con:id>00b70357-5079-495b-a6a9-de8b7eb6ecbd</con:id>
      <con:expandState>true</con:expandState>
    </con:expandNodeState>
    <con:expandNodeState>
      <con:id>8202ffd7-0d66-43e9-b68b-3ad5c7534f22</con:id>
      <con:expandState>true</con:expandState>
    </con:expandNodeState>
    <con:expandNodeState>
      <con:id>c1f2f1fa-a6f5-471f-8899-33bdfca2bece</con:id>
      <con:expandState>true</con:expandState>
    </con:expandNodeState>
    <con:expandNodeState>
      <con:id>44bfdf33-8a0f-4e36-8e68-aa4e7297d548</con:id>
      <con:expandState>true</con:expandState>
    </con:expandNodeState>
    <con:expandNodeState>
      <con:id>2a7e9948-ba91-48df-9531-4679c8d24f98</con:id>
      <con:expandState>true</con:expandState>
    </con:expandNodeState>
    <con:expandNodeState>
      <con:id>6d74b9c0-ecb6-4111-b20b-bd825f0f2665</con:id>
      <con:expandState>true</con:expandState>
    </con:expandNodeState>
    <con:expandNodeState>
      <con:id>c45a27ca-bb63-4506-89ad-1dc23216eb6d</con:id>
      <con:expandState>false</con:expandState>
    </con:expandNodeState>
    <con:expandNodeState>
      <con:id>e28e4d08-57dd-4990-8d48-914cd57ae82d</con:id>
      <con:expandState>true</con:expandState>
    </con:expandNodeState>
    <con:expandNodeState>
      <con:id>b6b1b471-8049-4038-a42d-88128250c0ba</con:id>
      <con:expandState>true</con:expandState>
    </con:expandNodeState>
    <con:expandNodeState>
      <con:id>cf393f81-ca4b-488f-9a34-5a9aa62b10b8</con:id>
      <con:expandState>false</con:expandState>
    </con:expandNodeState>
    <con:expandNodeState>
      <con:id>fae4b828-f696-4a09-b06f-6908d3b84750</con:id>
      <con:expandState>false</con:expandState>
    </con:expandNodeState>
    <con:expandNodeState>
      <con:id>fab44550-3070-4645-a351-2ace2c5f81df</con:id>
      <con:expandState>true</con:expandState>
    </con:expandNodeState>
    <con:expandNodeState>
      <con:id>52e79121-7aa4-499e-b4b2-0319a48dc429</con:id>
      <con:expandState>true</con:expandState>
    </con:expandNodeState>
    <con:expandNodeState>
      <con:id>57c86fd0-fda7-4d8a-8be5-473013eea3ab</con:id>
      <con:expandState>true</con:expandState>
    </con:expandNodeState>
    <con:expandNodeState>
      <con:id>f0afa287-1c3f-4c3b-9168-28e8490a806d</con:id>
      <con:expandState>false</con:expandState>
    </con:expandNodeState>
    <con:expandNodeState>
      <con:id>aff55e1b-b700-4b84-ae60-1c2b21737b07</con:id>
      <con:expandState>true</con:expandState>
    </con:expandNodeState>
    <con:expandNodeState>
      <con:id>2b7d523a-cd07-434c-ac10-f312d242541e</con:id>
      <con:expandState>true</con:expandState>
    </con:expandNodeState>
    <con:expandNodeState>
      <con:id>c879324c-2bf6-4314-9953-c591d9011061</con:id>
      <con:expandState>true</con:expandState>
    </con:expandNodeState>
    <con:expandNodeState>
      <con:id>d474bfb4-9766-46c3-8347-fc10b51aac5e</con:id>
      <con:expandState>false</con:expandState>
    </con:expandNodeState>
    <con:expandNodeState>
      <con:id>70ab4a2a-4307-4db3-9cba-bf8b0574d780</con:id>
      <con:expandState>false</con:expandState>
    </con:expandNodeState>
    <con:expandNodeState>
      <con:id>a27f8cd3-d292-4375-9788-e4db98f5d08c</con:id>
      <con:expandState>false</con:expandState>
    </con:expandNodeState>
    <con:expandNodeState>
      <con:id>3813030a-6066-44e0-964f-35e774afdadd</con:id>
      <con:expandState>false</con:expandState>
    </con:expandNodeState>
    <con:expandNodeState>
      <con:id>c8e9853f-797b-4243-8e17-20d827d78698</con:id>
      <con:expandState>false</con:expandState>
    </con:expandNodeState>
    <con:expandNodeState>
      <con:id>cb2ccc0b-9c3f-41b1-8451-30c466267346</con:id>
      <con:expandState>true</con:expandState>
    </con:expandNodeState>
    <con:expandNodeState>
      <con:id>b5de1fec-33f8-4bc8-af25-d3980ededc88</con:id>
      <con:expandState>true</con:expandState>
    </con:expandNodeState>
    <con:expandNodeState>
      <con:id>eed12c21-22ce-4602-9666-d4869b3ed44c</con:id>
      <con:expandState>true</con:expandState>
    </con:expandNodeState>
    <con:expandNodeState>
      <con:id>c47f6ddf-9bd4-475f-8cd1-b5d1407a3478</con:id>
      <con:expandState>true</con:expandState>
    </con:expandNodeState>
    <con:expandNodeState>
      <con:id>127f668f-6316-4edb-bf2a-dfdf847b4019</con:id>
      <con:expandState>true</con:expandState>
    </con:expandNodeState>
    <con:expandNodeState>
      <con:id>5d036269-0bda-4976-98db-86c0cbe7d41f</con:id>
      <con:expandState>true</con:expandState>
    </con:expandNodeState>
    <con:expandNodeState>
      <con:id>8ec34496-c55a-45ec-a539-1993fa6c838d</con:id>
      <con:expandState>true</con:expandState>
    </con:expandNodeState>
    <con:expandNodeState>
      <con:id>a63cf4f2-331c-426f-acff-19c45335ecb7</con:id>
      <con:expandState>false</con:expandState>
    </con:expandNodeState>
    <con:expandNodeState>
      <con:id>ad8f4713-1c04-4789-bc6b-c6317366c6ee</con:id>
      <con:expandState>false</con:expandState>
    </con:expandNodeState>
    <con:expandNodeState>
      <con:id>9ea693b9-a881-478c-908b-e78c1df20f4e</con:id>
      <con:expandState>false</con:expandState>
    </con:expandNodeState>
    <con:expandNodeState>
      <con:id>07726c90-fb73-4642-ae07-65d9a1d19899</con:id>
      <con:expandState>false</con:expandState>
    </con:expandNodeState>
    <con:expandNodeState>
      <con:id>ca4ebb65-eeab-4025-a1c6-773840e7453a</con:id>
      <con:expandState>false</con:expandState>
    </con:expandNodeState>
    <con:expandNodeState>
      <con:id>5e738f1c-ec11-4ea6-83f2-2b3e343ea8b8</con:id>
      <con:expandState>false</con:expandState>
    </con:expandNodeState>
    <con:expandNodeState>
      <con:id>827033b7-319e-4cca-8669-0abc3eba5012</con:id>
      <con:expandState>false</con:expandState>
    </con:expandNodeState>
    <con:expandNodeState>
      <con:id>d47ca082-cba6-49c3-8452-fa75e4c550b1</con:id>
      <con:expandState>false</con:expandState>
    </con:expandNodeState>
    <con:expandNodeState>
      <con:id>74b5bba8-b29c-499e-a76a-ca4d39d63f61</con:id>
      <con:expandState>false</con:expandState>
    </con:expandNodeState>
    <con:expandNodeState>
      <con:id>76b639ae-15f6-4419-850e-b9861a6c5dd5</con:id>
      <con:expandState>true</con:expandState>
    </con:expandNodeState>
  </con:navigatorNodeCollection>
  <con:navigatorNodeCollection>
    <con:rootNodeLabel>LoadUI NG</con:rootNodeLabel>
    <con:expandNodeState>
      <con:id>afd4f01b-1c66-4168-b75e-0ae2cd5aa4f2</con:id>
      <con:expandState>false</con:expandState>
    </con:expandNodeState>
    <con:expandNodeState>
      <con:id>ab51828a-fde9-4755-a1cc-b725c0642086</con:id>
      <con:expandState>false</con:expandState>
    </con:expandNodeState>
    <con:expandNodeState>
      <con:id>06c03165-5fad-4b5b-9515-782678247545</con:id>
      <con:expandState>false</con:expandState>
    </con:expandNodeState>
    <con:expandNodeState>
      <con:id>f3a56f59-8c8f-486b-b120-244fb0e090c4</con:id>
      <con:expandState>false</con:expandState>
    </con:expandNodeState>
    <con:expandNodeState>
      <con:id>882f6a5b-c99a-416c-b329-f87eda5d60c3</con:id>
      <con:expandState>false</con:expandState>
    </con:expandNodeState>
    <con:expandNodeState>
      <con:id>e45d5723-0077-4198-9258-e17456d2d851</con:id>
      <con:expandState>false</con:expandState>
    </con:expandNodeState>
    <con:expandNodeState>
      <con:id>bfe8a790-5e34-43b9-88cc-2a151b264d6f</con:id>
      <con:expandState>false</con:expandState>
    </con:expandNodeState>
    <con:expandNodeState>
      <con:id>e127c2a5-d30b-4d47-9128-089e36023268</con:id>
      <con:expandState>false</con:expandState>
    </con:expandNodeState>
    <con:expandNodeState>
      <con:id>a17d2c4b-7c21-48f2-b6b6-e52aae15e04f</con:id>
      <con:expandState>false</con:expandState>
    </con:expandNodeState>
    <con:expandNodeState>
      <con:id>49df8303-fb3a-4a04-91b5-373bcc4acd41</con:id>
      <con:expandState>false</con:expandState>
    </con:expandNodeState>
    <con:expandNodeState>
      <con:id>a01e23c3-3219-41de-b0cb-17706bb9b33a</con:id>
      <con:expandState>false</con:expandState>
    </con:expandNodeState>
    <con:expandNodeState>
      <con:id>fbcef630-dc44-4d57-868d-07a3c5505736</con:id>
      <con:expandState>false</con:expandState>
    </con:expandNodeState>
  </con:navigatorNodeCollection>
  <con:navigatorNodeCollection>
    <con:rootNodeLabel>Secure</con:rootNodeLabel>
    <con:expandNodeState>
      <con:id>afd4f01b-1c66-4168-b75e-0ae2cd5aa4f2</con:id>
      <con:expandState>false</con:expandState>
    </con:expandNodeState>
    <con:expandNodeState>
      <con:id>ab51828a-fde9-4755-a1cc-b725c0642086</con:id>
      <con:expandState>false</con:expandState>
    </con:expandNodeState>
    <con:expandNodeState>
      <con:id>06c03165-5fad-4b5b-9515-782678247545</con:id>
      <con:expandState>false</con:expandState>
    </con:expandNodeState>
    <con:expandNodeState>
      <con:id>f3a56f59-8c8f-486b-b120-244fb0e090c4</con:id>
      <con:expandState>false</con:expandState>
    </con:expandNodeState>
    <con:expandNodeState>
      <con:id>882f6a5b-c99a-416c-b329-f87eda5d60c3</con:id>
      <con:expandState>false</con:expandState>
    </con:expandNodeState>
    <con:expandNodeState>
      <con:id>e45d5723-0077-4198-9258-e17456d2d851</con:id>
      <con:expandState>false</con:expandState>
    </con:expandNodeState>
    <con:expandNodeState>
      <con:id>bfe8a790-5e34-43b9-88cc-2a151b264d6f</con:id>
      <con:expandState>false</con:expandState>
    </con:expandNodeState>
    <con:expandNodeState>
      <con:id>e127c2a5-d30b-4d47-9128-089e36023268</con:id>
      <con:expandState>false</con:expandState>
    </con:expandNodeState>
    <con:expandNodeState>
      <con:id>a17d2c4b-7c21-48f2-b6b6-e52aae15e04f</con:id>
      <con:expandState>false</con:expandState>
    </con:expandNodeState>
    <con:expandNodeState>
      <con:id>49df8303-fb3a-4a04-91b5-373bcc4acd41</con:id>
      <con:expandState>false</con:expandState>
    </con:expandNodeState>
    <con:expandNodeState>
      <con:id>a01e23c3-3219-41de-b0cb-17706bb9b33a</con:id>
      <con:expandState>false</con:expandState>
    </con:expandNodeState>
    <con:expandNodeState>
      <con:id>fbcef630-dc44-4d57-868d-07a3c5505736</con:id>
      <con:expandState>false</con:expandState>
    </con:expandNodeState>
  </con:navigatorNodeCollection>
  <con:navigatorNodeCollection>
    <con:rootNodeLabel>ServiceV</con:rootNodeLabel>
    <con:expandNodeState>
      <con:id>afd4f01b-1c66-4168-b75e-0ae2cd5aa4f2</con:id>
      <con:expandState>false</con:expandState>
    </con:expandNodeState>
    <con:expandNodeState>
      <con:id>ab51828a-fde9-4755-a1cc-b725c0642086</con:id>
      <con:expandState>false</con:expandState>
    </con:expandNodeState>
    <con:expandNodeState>
      <con:id>06c03165-5fad-4b5b-9515-782678247545</con:id>
      <con:expandState>false</con:expandState>
    </con:expandNodeState>
    <con:expandNodeState>
      <con:id>f3a56f59-8c8f-486b-b120-244fb0e090c4</con:id>
      <con:expandState>false</con:expandState>
    </con:expandNodeState>
    <con:expandNodeState>
      <con:id>882f6a5b-c99a-416c-b329-f87eda5d60c3</con:id>
      <con:expandState>false</con:expandState>
    </con:expandNodeState>
    <con:expandNodeState>
      <con:id>e45d5723-0077-4198-9258-e17456d2d851</con:id>
      <con:expandState>false</con:expandState>
    </con:expandNodeState>
    <con:expandNodeState>
      <con:id>bfe8a790-5e34-43b9-88cc-2a151b264d6f</con:id>
      <con:expandState>false</con:expandState>
    </con:expandNodeState>
    <con:expandNodeState>
      <con:id>e127c2a5-d30b-4d47-9128-089e36023268</con:id>
      <con:expandState>false</con:expandState>
    </con:expandNodeState>
    <con:expandNodeState>
      <con:id>a17d2c4b-7c21-48f2-b6b6-e52aae15e04f</con:id>
      <con:expandState>false</con:expandState>
    </con:expandNodeState>
    <con:expandNodeState>
      <con:id>49df8303-fb3a-4a04-91b5-373bcc4acd41</con:id>
      <con:expandState>false</con:expandState>
    </con:expandNodeState>
    <con:expandNodeState>
      <con:id>a01e23c3-3219-41de-b0cb-17706bb9b33a</con:id>
      <con:expandState>false</con:expandState>
    </con:expandNodeState>
    <con:expandNodeState>
      <con:id>fbcef630-dc44-4d57-868d-07a3c5505736</con:id>
      <con:expandState>false</con:expandState>
    </con:expandNodeState>
  </con:navigatorNodeCollection>
  <con:navigatorNodeCollection>
    <con:rootNodeLabel>SoapUI</con:rootNodeLabel>
    <con:expandNodeState>
      <con:id>afd4f01b-1c66-4168-b75e-0ae2cd5aa4f2</con:id>
      <con:expandState>true</con:expandState>
    </con:expandNodeState>
    <con:expandNodeState>
      <con:id>1aa41219-9ad6-4f05-bbab-b1aa6c531725</con:id>
      <con:expandState>true</con:expandState>
    </con:expandNodeState>
    <con:expandNodeState>
      <con:id>708b2397-3f53-4b09-b374-f53d8a434e10</con:id>
      <con:expandState>true</con:expandState>
    </con:expandNodeState>
    <con:expandNodeState>
      <con:id>7059b3c1-901d-4e6b-8d81-801d4b440ef2</con:id>
      <con:expandState>false</con:expandState>
    </con:expandNodeState>
    <con:expandNodeState>
      <con:id>57417139-47c1-4ef4-9fb2-8a352c72a595</con:id>
      <con:expandState>false</con:expandState>
    </con:expandNodeState>
    <con:expandNodeState>
      <con:id>ee348bc3-297d-477f-986a-90568f1af050</con:id>
      <con:expandState>false</con:expandState>
    </con:expandNodeState>
    <con:expandNodeState>
      <con:id>89fc3347-9aaf-487d-a149-e02dd4f16d4c</con:id>
      <con:expandState>false</con:expandState>
    </con:expandNodeState>
    <con:expandNodeState>
      <con:id>3592e555-ce9a-4fdf-9101-f8ff1a6b27a0</con:id>
      <con:expandState>false</con:expandState>
    </con:expandNodeState>
    <con:expandNodeState>
      <con:id>a27f8cd3-d292-4375-9788-e4db98f5d08c</con:id>
      <con:expandState>false</con:expandState>
    </con:expandNodeState>
    <con:expandNodeState>
      <con:id>21563232-9c5a-4ce5-9d4e-e615add26e1b</con:id>
      <con:expandState>true</con:expandState>
    </con:expandNodeState>
    <con:expandNodeState>
      <con:id>78aecf81-8d4b-40b5-8e67-ed5a62b1be6e</con:id>
      <con:expandState>true</con:expandState>
    </con:expandNodeState>
    <con:expandNodeState>
      <con:id>04a747fc-f43f-403d-a913-ec5d6ac39cba</con:id>
      <con:expandState>false</con:expandState>
    </con:expandNodeState>
    <con:expandNodeState>
      <con:id>d4223403-1755-4fca-8247-218d57d8813f</con:id>
      <con:expandState>true</con:expandState>
    </con:expandNodeState>
    <con:expandNodeState>
      <con:id>68d2b1a7-c3ad-4b21-890a-be812b0385d6</con:id>
      <con:expandState>false</con:expandState>
    </con:expandNodeState>
    <con:expandNodeState>
      <con:id>8eb0c173-68b7-44e0-a0f6-e819a55b36eb</con:id>
      <con:expandState>false</con:expandState>
    </con:expandNodeState>
    <con:expandNodeState>
      <con:id>aeca7f12-e010-4ab9-b803-3907dd867e1b</con:id>
      <con:expandState>false</con:expandState>
    </con:expandNodeState>
    <con:expandNodeState>
      <con:id>7e5ef24d-6178-45dd-b7d2-dbd270573ed3</con:id>
      <con:expandState>false</con:expandState>
    </con:expandNodeState>
    <con:expandNodeState>
      <con:id>3b4592db-b543-4c57-bb60-72c999fec086</con:id>
      <con:expandState>false</con:expandState>
    </con:expandNodeState>
    <con:expandNodeState>
      <con:id>20bb694a-a39f-4809-8a72-bc023f51bd75</con:id>
      <con:expandState>false</con:expandState>
    </con:expandNodeState>
    <con:expandNodeState>
      <con:id>cf99187e-07e7-42ab-ae2f-291c7c0d2fbc</con:id>
      <con:expandState>false</con:expandState>
    </con:expandNodeState>
    <con:expandNodeState>
      <con:id>bc1f2524-0080-4982-91b3-a7e1ca6b2e0b</con:id>
      <con:expandState>false</con:expandState>
    </con:expandNodeState>
    <con:expandNodeState>
      <con:id>922faa29-8fdd-492b-83fb-38fe8cef3f3b</con:id>
      <con:expandState>false</con:expandState>
    </con:expandNodeState>
    <con:expandNodeState>
      <con:id>3813030a-6066-44e0-964f-35e774afdadd</con:id>
      <con:expandState>false</con:expandState>
    </con:expandNodeState>
    <con:expandNodeState>
      <con:id>9b9d89e8-9f99-49b2-a758-9a47906fc6f4</con:id>
      <con:expandState>true</con:expandState>
    </con:expandNodeState>
    <con:expandNodeState>
      <con:id>ddd57ce6-b7eb-4a45-8846-d412f1c2143e</con:id>
      <con:expandState>true</con:expandState>
    </con:expandNodeState>
    <con:expandNodeState>
      <con:id>bb8ab172-36ee-451a-a090-9c3cbcee26bf</con:id>
      <con:expandState>false</con:expandState>
    </con:expandNodeState>
    <con:expandNodeState>
      <con:id>500b2fb8-e31a-429e-a22e-7be275927cba</con:id>
      <con:expandState>false</con:expandState>
    </con:expandNodeState>
    <con:expandNodeState>
      <con:id>a4be8be1-87b1-464c-b909-6cde7a611f88</con:id>
      <con:expandState>false</con:expandState>
    </con:expandNodeState>
    <con:expandNodeState>
      <con:id>d3eb93b0-4e2c-4160-a94b-08e62fde3e20</con:id>
      <con:expandState>true</con:expandState>
    </con:expandNodeState>
    <con:expandNodeState>
      <con:id>07cb5b52-e088-4cd1-b150-039722a3b551</con:id>
      <con:expandState>true</con:expandState>
    </con:expandNodeState>
    <con:expandNodeState>
      <con:id>c8e9853f-797b-4243-8e17-20d827d78698</con:id>
      <con:expandState>false</con:expandState>
    </con:expandNodeState>
    <con:expandNodeState>
      <con:id>44122ded-2c69-4be4-9bc4-5412f6c5b0b5</con:id>
      <con:expandState>true</con:expandState>
    </con:expandNodeState>
    <con:expandNodeState>
      <con:id>83ea8fd5-873c-418f-aaf6-31c2fbf7b493</con:id>
      <con:expandState>true</con:expandState>
    </con:expandNodeState>
    <con:expandNodeState>
      <con:id>cb2ccc0b-9c3f-41b1-8451-30c466267346</con:id>
      <con:expandState>false</con:expandState>
    </con:expandNodeState>
    <con:expandNodeState>
      <con:id>f0aeb8ea-6df2-40d8-af18-f42de427a525</con:id>
      <con:expandState>true</con:expandState>
    </con:expandNodeState>
    <con:expandNodeState>
      <con:id>eb95a81d-e0b3-410a-a0fe-494284f09697</con:id>
      <con:expandState>true</con:expandState>
    </con:expandNodeState>
    <con:expandNodeState>
      <con:id>74b5bba8-b29c-499e-a76a-ca4d39d63f61</con:id>
      <con:expandState>false</con:expandState>
    </con:expandNodeState>
    <con:expandNodeState>
      <con:id>13681b0f-5580-4c6d-aa16-6c8497927972</con:id>
      <con:expandState>true</con:expandState>
    </con:expandNodeState>
    <con:expandNodeState>
      <con:id>434ebf7d-4ad6-4f8b-a798-9ce350a702a4</con:id>
      <con:expandState>true</con:expandState>
    </con:expandNodeState>
    <con:expandNodeState>
      <con:id>d568f35a-cdb2-4e8f-bf57-e8d68e68f318</con:id>
      <con:expandState>false</con:expandState>
    </con:expandNodeState>
    <con:expandNodeState>
      <con:id>38d91ee5-336d-4841-abe2-bf16f7764ff8</con:id>
      <con:expandState>true</con:expandState>
    </con:expandNodeState>
    <con:expandNodeState>
      <con:id>76b639ae-15f6-4419-850e-b9861a6c5dd5</con:id>
      <con:expandState>true</con:expandState>
    </con:expandNodeState>
    <con:expandNodeState>
      <con:id>1e0d78c7-6656-41cf-90fa-31123c2f630b</con:id>
      <con:expandState>true</con:expandState>
    </con:expandNodeState>
    <con:expandNodeState>
      <con:id>b601c51e-3dd4-4bc1-b7f3-96af8a5a105f</con:id>
      <con:expandState>true</con:expandState>
    </con:expandNodeState>
    <con:expandNodeState>
      <con:id>ed3ffee4-aaf9-4ae9-b698-986f2b5de963</con:id>
      <con:expandState>false</con:expandState>
    </con:expandNodeState>
    <con:expandNodeState>
      <con:id>b3e61d10-511e-4ebf-aee1-aa1a2bf1d19e</con:id>
      <con:expandState>false</con:expandState>
    </con:expandNodeState>
    <con:expandNodeState>
      <con:id>418ceae3-1b43-441e-979e-87e31a47ded7</con:id>
      <con:expandState>false</con:expandState>
    </con:expandNodeState>
    <con:expandNodeState>
      <con:id>62a6c33d-fb68-4cee-8b6f-6e3cc0d140f5</con:id>
      <con:expandState>false</con:expandState>
    </con:expandNodeState>
    <con:expandNodeState>
      <con:id>51f2de76-b4dd-4d41-aa18-6426838e37b3</con:id>
      <con:expandState>false</con:expandState>
    </con:expandNodeState>
    <con:expandNodeState>
      <con:id>ff5a33b2-2109-4509-af6e-97e6b3e37ee7</con:id>
      <con:expandState>false</con:expandState>
    </con:expandNodeState>
    <con:expandNodeState>
      <con:id>155d5b24-f359-4c6b-9bfe-5f419b4c8f62</con:id>
      <con:expandState>false</con:expandState>
    </con:expandNodeState>
    <con:expandNodeState>
      <con:id>52ee2c5c-77e7-42ac-8176-69c41c9d38e9</con:id>
      <con:expandState>false</con:expandState>
    </con:expandNodeState>
    <con:expandNodeState>
      <con:id>a20d5fd2-6aaa-456a-aaab-d37ed26c2ddb</con:id>
      <con:expandState>false</con:expandState>
    </con:expandNodeState>
    <con:expandNodeState>
      <con:id>4a150639-e87b-4398-bf6a-d21d5b217a06</con:id>
      <con:expandState>false</con:expandState>
    </con:expandNodeState>
    <con:expandNodeState>
      <con:id>26460464-3354-4319-89fa-cedcb3731401</con:id>
      <con:expandState>false</con:expandState>
    </con:expandNodeState>
    <con:expandNodeState>
      <con:id>0b2208d3-3d62-491e-aa33-206dc12cb476</con:id>
      <con:expandState>false</con:expandState>
    </con:expandNodeState>
    <con:expandNodeState>
      <con:id>5df2d1bb-c30a-4f62-9b80-d3ae8050695b</con:id>
      <con:expandState>false</con:expandState>
    </con:expandNodeState>
    <con:expandNodeState>
      <con:id>d7aa4003-cb69-4a85-a453-c11dd023b01d</con:id>
      <con:expandState>false</con:expandState>
    </con:expandNodeState>
    <con:expandNodeState>
      <con:id>6d0625df-1f63-4e18-ae46-875ce5f28f48</con:id>
      <con:expandState>false</con:expandState>
    </con:expandNodeState>
    <con:expandNodeState>
      <con:id>69c43702-35ab-425e-8067-c0fc974e2458</con:id>
      <con:expandState>false</con:expandState>
    </con:expandNodeState>
    <con:expandNodeState>
      <con:id>795f8a14-b123-43a7-984b-356df344935a</con:id>
      <con:expandState>false</con:expandState>
    </con:expandNodeState>
  </con:navigatorNodeCollection>
  <con:scriptBreakpointCollection/>
  <con:dashboardTileCollection>
    <con:dashboardTiles>
      <con:dashboardTile tileId="0da580a1-cc52-4df1-bda6-50992ae0f244" tileType="NEW_TEST"/>
      <con:dashboardTile tileId="40a8b1b3-a71f-4470-9ce5-55b7a20b0c16" tileType="TEST_SUITE_STATUS">
        <con:settings xsi:type="con:TestStatusTileSettings" xmlns:xsi="http://www.w3.org/2001/XMLSchema-instance">
          <con:mode>
            <con:today>true</con:today>
          </con:mode>
          <con:filter>
            <con:failed>true</con:failed>
            <con:passed>true</con:passed>
            <con:unknown>true</con:unknown>
          </con:filter>
        </con:settings>
      </con:dashboardTile>
      <con:dashboardTile tileId="117b5d11-5611-4c5e-a979-8f0761033877" tileType="TEST_CASE_STATUS_TILE">
        <con:settings xsi:type="con:TestCaseStatusTileSettings" xmlns:xsi="http://www.w3.org/2001/XMLSchema-instance">
          <con:mode>
            <con:today>true</con:today>
          </con:mode>
          <con:filter>
            <con:failed>true</con:failed>
            <con:passed>true</con:passed>
            <con:unknown>true</con:unknown>
          </con:filter>
        </con:settings>
      </con:dashboardTile>
      <con:dashboardTile tileId="beaf7f4b-cb9d-4ced-9d9d-28484ae79a2b" tileType="SECURE_TILE">
        <con:settings xsi:type="con:SecureTileSettings" xmlns:xsi="http://www.w3.org/2001/XMLSchema-instance">
          <con:mode>
            <con:today>true</con:today>
          </con:mode>
          <con:scan>All Scans</con:scan>
          <con:project>All Projects</con:project>
        </con:settings>
      </con:dashboardTile>
      <con:dashboardTile tileId="66b0bb6f-73c0-4477-9f1b-efec4a7683b0" tileType="LOADUI_HISTORY_TILE">
        <con:settings xsi:type="con:LoadHistoryTileSettings" xmlns:xsi="http://www.w3.org/2001/XMLSchema-instance">
          <con:mode>
            <con:today>true</con:today>
          </con:mode>
          <con:project>All Projects</con:project>
          <con:filter>
            <con:avg>true</con:avg>
            <con:duration>true</con:duration>
            <con:failures>true</con:failures>
          </con:filter>
        </con:settings>
      </con:dashboardTile>
      <con:dashboardTile tileId="3a7a6688-f36a-4ea0-8eb5-7f17a3ed3a9b" tileType="SERVICEV">
        <con:settings xsi:type="con:ServiceVTileSettings" xmlns:xsi="http://www.w3.org/2001/XMLSchema-instance">
          <con:tableSettings>
            <con:column>Name</con:column>
            <con:column>Status</con:column>
            <con:column>Location</con:column>
            <con:column>Port</con:column>
          </con:tableSettings>
          <con:searchSettings>
            <con:searchType>All</con:searchType>
          </con:searchSettings>
        </con:settings>
      </con:dashboardTile>
    </con:dashboardTiles>
    <con:recentDashboardTiles/>
  </con:dashboardTileCollection>
</con:soapui-workspace>