<?xml version="1.0" encoding="UTF-8"?>
<con:soapui-workspace name="CornerCase" cid="076f3ed0-0871-46b5-8002-6c4887a5e1a3" soapui-version="6.0.0" xmlns:con="http://eviware.com/soapui/config">
  <con:settings/>
  <con:project name="TokenProjectPingFederate" lastOpened="2019-01-23T14:41:00.553-05:00">C:/SoapUi_Projects/CornerCase/TokenProjectPingFederateXX1.xml</con:project>
  <con:project name="CornerCase" lastOpened="2019-01-23T15:00:23.406-05:00">C:/SoapUi_Projects/CornerCase/CornerCaseApi.xml</con:project>
  <con:project name="DateTimeUpdatedGetOrders" lastOpened="2019-01-23T14:47:05.507-05:00">C:/SoapUi_Projects/CornerCase/DateTimeUpdatedGetOrders.xml</con:project>
  <con:project name="MoreTests" lastOpened="2019-01-23T14:46:59.116-05:00">C:/SoapUi_Projects/CornerCase/MoreTests.xml</con:project>
  <con:recentItemCollection>
    <con:moduleId>SoapUiNGModule</con:moduleId>
    <con:itemId>708b2397-3f53-4b09-b374-f53d8a434e10</con:itemId>
    <con:itemId>da94b11f-a6f5-4f5a-a3b6-2530ec56fbba</con:itemId>
    <con:itemId>4930d6b4-cbab-4899-a850-eb1fd458b76e</con:itemId>
    <con:itemId>31e59285-27bb-49f1-a213-23a138a4dd27</con:itemId>
    <con:itemId>e1acc584-1a74-4c1a-92d2-d998eba5dfd1</con:itemId>
  </con:recentItemCollection>
  <con:recentItemCollection>
    <con:moduleId>ProjectsModule</con:moduleId>
    <con:itemId>2d12faec-8e59-4c2b-a451-4f857db5cb6e</con:itemId>
    <con:itemId>c1a26e37-4e70-45ca-b5d6-fb397635f7e7</con:itemId>
    <con:itemId>a6f059cd-a8e8-49c5-81e5-ff52f08163ec</con:itemId>
    <con:itemId>0f8e0404-01ba-4890-a690-4cd1eaedec4e</con:itemId>
    <con:itemId>74c0216c-5820-4914-b5c1-f56991445990</con:itemId>
  </con:recentItemCollection>
  <con:navigatorNodeCollection>
    <con:rootNodeLabel>Projects</con:rootNodeLabel>
    <con:expandNodeState>
      <con:id>0105f6be-c6c9-4c5f-ac88-d90d025cffd1</con:id>
      <con:expandState>true</con:expandState>
    </con:expandNodeState>
    <con:expandNodeState>
      <con:id>afd4f01b-1c66-4168-b75e-0ae2cd5aa4f2</con:id>
      <con:expandState>false</con:expandState>
    </con:expandNodeState>
    <con:expandNodeState>
      <con:id>c6e2ebcd-38a8-411b-964a-cad739191497</con:id>
      <con:expandState>true</con:expandState>
    </con:expandNodeState>
    <con:expandNodeState>
      <con:id>299b6445-d68e-4ab0-a099-34284df80584</con:id>
      <con:expandState>true</con:expandState>
    </con:expandNodeState>
    <con:expandNodeState>
      <con:id>437e20aa-31cd-4459-b061-ec3f7bb56601</con:id>
      <con:expandState>true</con:expandState>
    </con:expandNodeState>
    <con:expandNodeState>
      <con:id>7059b3c1-901d-4e6b-8d81-801d4b440ef2</con:id>
      <con:expandState>false</con:expandState>
    </con:expandNodeState>
    <con:expandNodeState>
      <con:id>57417139-47c1-4ef4-9fb2-8a352c72a595</con:id>
      <con:expandState>false</con:expandState>
    </con:expandNodeState>
    <con:expandNodeState>
      <con:id>ee348bc3-297d-477f-986a-90568f1af050</con:id>
      <con:expandState>false</con:expandState>
    </con:expandNodeState>
    <con:expandNodeState>
      <con:id>89fc3347-9aaf-487d-a149-e02dd4f16d4c</con:id>
      <con:expandState>false</con:expandState>
    </con:expandNodeState>
    <con:expandNodeState>
      <con:id>3592e555-ce9a-4fdf-9101-f8ff1a6b27a0</con:id>
      <con:expandState>false</con:expandState>
    </con:expandNodeState>
    <con:expandNodeState>
      <con:id>f49f963e-5faf-4579-ae76-bddc45cbff02</con:id>
      <con:expandState>false</con:expandState>
    </con:expandNodeState>
    <con:expandNodeState>
      <con:id>65b67a4b-9075-475f-8572-0e2419f71712</con:id>
      <con:expandState>false</con:expandState>
    </con:expandNodeState>
    <con:expandNodeState>
      <con:id>7865ab99-f7e8-4e6f-979a-bbf691a73bbe</con:id>
      <con:expandState>true</con:expandState>
    </con:expandNodeState>
    <con:expandNodeState>
      <con:id>05fafd61-f4b5-4acc-8a61-6834471a0412</con:id>
      <con:expandState>true</con:expandState>
    </con:expandNodeState>
    <con:expandNodeState>
      <con:id>0ae2be75-522b-492d-81d4-cf961db37ca3</con:id>
      <con:expandState>true</con:expandState>
    </con:expandNodeState>
    <con:expandNodeState>
      <con:id>b7f01891-70d2-4a0d-a57a-c6a6ae185a79</con:id>
      <con:expandState>true</con:expandState>
    </con:expandNodeState>
    <con:expandNodeState>
      <con:id>cd52f008-da76-402d-ba2e-c85e15040d7c</con:id>
      <con:expandState>true</con:expandState>
    </con:expandNodeState>
    <con:expandNodeState>
      <con:id>1256600f-2e06-457c-b1b1-a3372c8c73a6</con:id>
      <con:expandState>true</con:expandState>
    </con:expandNodeState>
    <con:expandNodeState>
      <con:id>18588d65-fafe-4436-8bdf-6afa3aaa1b1c</con:id>
      <con:expandState>true</con:expandState>
    </con:expandNodeState>
    <con:expandNodeState>
      <con:id>11b817d8-99f4-43a4-8708-ce42d91108f0</con:id>
      <con:expandState>true</con:expandState>
    </con:expandNodeState>
    <con:expandNodeState>
      <con:id>3aaca83a-3f36-4d03-95a9-22f1cf5efab4</con:id>
      <con:expandState>true</con:expandState>
    </con:expandNodeState>
    <con:expandNodeState>
      <con:id>c1a26e37-4e70-45ca-b5d6-fb397635f7e7</con:id>
      <con:expandState>true</con:expandState>
    </con:expandNodeState>
    <con:expandNodeState>
      <con:id>af689adb-6160-4c95-8702-8f7023bd248b</con:id>
      <con:expandState>true</con:expandState>
    </con:expandNodeState>
    <con:expandNodeState>
      <con:id>f6720448-3187-4908-869a-3bcedfaff8ff</con:id>
      <con:expandState>true</con:expandState>
    </con:expandNodeState>
    <con:expandNodeState>
      <con:id>2d12faec-8e59-4c2b-a451-4f857db5cb6e</con:id>
      <con:expandState>false</con:expandState>
    </con:expandNodeState>
    <con:expandNodeState>
      <con:id>a6f059cd-a8e8-49c5-81e5-ff52f08163ec</con:id>
      <con:expandState>true</con:expandState>
    </con:expandNodeState>
    <con:expandNodeState>
      <con:id>0f8e0404-01ba-4890-a690-4cd1eaedec4e</con:id>
      <con:expandState>true</con:expandState>
    </con:expandNodeState>
  </con:navigatorNodeCollection>
  <con:navigatorNodeCollection>
    <con:rootNodeLabel>SoapUI</con:rootNodeLabel>
    <con:expandNodeState>
      <con:id>0105f6be-c6c9-4c5f-ac88-d90d025cffd1</con:id>
      <con:expandState>true</con:expandState>
    </con:expandNodeState>
    <con:expandNodeState>
      <con:id>ae1a7a25-858f-49ad-b23f-4a70de0da840</con:id>
      <con:expandState>true</con:expandState>
    </con:expandNodeState>
    <con:expandNodeState>
      <con:id>88ab061a-4f4a-45cc-8cd2-a33848e74589</con:id>
      <con:expandState>true</con:expandState>
    </con:expandNodeState>
    <con:expandNodeState>
      <con:id>a8b905fe-7f2d-4ab0-afa2-8aeaca4b5dc4</con:id>
      <con:expandState>true</con:expandState>
    </con:expandNodeState>
    <con:expandNodeState>
      <con:id>afd4f01b-1c66-4168-b75e-0ae2cd5aa4f2</con:id>
      <con:expandState>true</con:expandState>
    </con:expandNodeState>
    <con:expandNodeState>
      <con:id>1aa41219-9ad6-4f05-bbab-b1aa6c531725</con:id>
      <con:expandState>true</con:expandState>
    </con:expandNodeState>
    <con:expandNodeState>
      <con:id>708b2397-3f53-4b09-b374-f53d8a434e10</con:id>
      <con:expandState>true</con:expandState>
    </con:expandNodeState>
    <con:expandNodeState>
      <con:id>7059b3c1-901d-4e6b-8d81-801d4b440ef2</con:id>
      <con:expandState>false</con:expandState>
    </con:expandNodeState>
    <con:expandNodeState>
      <con:id>57417139-47c1-4ef4-9fb2-8a352c72a595</con:id>
      <con:expandState>false</con:expandState>
    </con:expandNodeState>
    <con:expandNodeState>
      <con:id>ee348bc3-297d-477f-986a-90568f1af050</con:id>
      <con:expandState>false</con:expandState>
    </con:expandNodeState>
    <con:expandNodeState>
      <con:id>89fc3347-9aaf-487d-a149-e02dd4f16d4c</con:id>
      <con:expandState>false</con:expandState>
    </con:expandNodeState>
    <con:expandNodeState>
      <con:id>3592e555-ce9a-4fdf-9101-f8ff1a6b27a0</con:id>
      <con:expandState>false</con:expandState>
    </con:expandNodeState>
    <con:expandNodeState>
      <con:id>c6e2ebcd-38a8-411b-964a-cad739191497</con:id>
      <con:expandState>false</con:expandState>
    </con:expandNodeState>
    <con:expandNodeState>
      <con:id>65b67a4b-9075-475f-8572-0e2419f71712</con:id>
      <con:expandState>false</con:expandState>
    </con:expandNodeState>
    <con:expandNodeState>
      <con:id>7865ab99-f7e8-4e6f-979a-bbf691a73bbe</con:id>
      <con:expandState>true</con:expandState>
    </con:expandNodeState>
    <con:expandNodeState>
      <con:id>c0aeca74-5a56-4df8-81f5-0b642d05afa7</con:id>
      <con:expandState>true</con:expandState>
    </con:expandNodeState>
    <con:expandNodeState>
      <con:id>677a3f78-a89c-4525-893b-0919a467cf55</con:id>
      <con:expandState>true</con:expandState>
    </con:expandNodeState>
    <con:expandNodeState>
      <con:id>05fafd61-f4b5-4acc-8a61-6834471a0412</con:id>
      <con:expandState>false</con:expandState>
    </con:expandNodeState>
    <con:expandNodeState>
      <con:id>cd52f008-da76-402d-ba2e-c85e15040d7c</con:id>
      <con:expandState>true</con:expandState>
    </con:expandNodeState>
    <con:expandNodeState>
      <con:id>40c6093d-dc93-4111-8872-046afcbe83d1</con:id>
      <con:expandState>true</con:expandState>
    </con:expandNodeState>
    <con:expandNodeState>
      <con:id>1256600f-2e06-457c-b1b1-a3372c8c73a6</con:id>
      <con:expandState>false</con:expandState>
    </con:expandNodeState>
    <con:expandNodeState>
      <con:id>392ac13b-c1c2-4ce1-b9bd-a0125b8a2527</con:id>
      <con:expandState>true</con:expandState>
    </con:expandNodeState>
    <con:expandNodeState>
      <con:id>3aaca83a-3f36-4d03-95a9-22f1cf5efab4</con:id>
      <con:expandState>true</con:expandState>
    </con:expandNodeState>
    <con:expandNodeState>
      <con:id>52ca21dd-6bc0-485a-ad3e-69eaba541d97</con:id>
      <con:expandState>true</con:expandState>
    </con:expandNodeState>
    <con:expandNodeState>
      <con:id>c1a26e37-4e70-45ca-b5d6-fb397635f7e7</con:id>
      <con:expandState>false</con:expandState>
    </con:expandNodeState>
    <con:expandNodeState>
      <con:id>da94b11f-a6f5-4f5a-a3b6-2530ec56fbba</con:id>
      <con:expandState>true</con:expandState>
    </con:expandNodeState>
    <con:expandNodeState>
      <con:id>2d12faec-8e59-4c2b-a451-4f857db5cb6e</con:id>
      <con:expandState>false</con:expandState>
    </con:expandNodeState>
  </con:navigatorNodeCollection>
  <con:navigatorNodeCollection>
    <con:rootNodeLabel>Secure</con:rootNodeLabel>
    <con:expandNodeState>
      <con:id>afd4f01b-1c66-4168-b75e-0ae2cd5aa4f2</con:id>
      <con:expandState>false</con:expandState>
    </con:expandNodeState>
    <con:expandNodeState>
      <con:id>0105f6be-c6c9-4c5f-ac88-d90d025cffd1</con:id>
      <con:expandState>false</con:expandState>
    </con:expandNodeState>
    <con:expandNodeState>
      <con:id>7865ab99-f7e8-4e6f-979a-bbf691a73bbe</con:id>
      <con:expandState>false</con:expandState>
    </con:expandNodeState>
    <con:expandNodeState>
      <con:id>3aaca83a-3f36-4d03-95a9-22f1cf5efab4</con:id>
      <con:expandState>false</con:expandState>
    </con:expandNodeState>
  </con:navigatorNodeCollection>
  <con:dashboardTileCollection>
    <con:dashboardTiles>
      <con:dashboardTile tileId="d528c842-324b-4953-8445-2cd79bc5ebdd" tileType="NEW_TEST"/>
      <con:dashboardTile tileId="93d9e4c4-9bb9-47ee-aa7e-32ffd94719a8" tileType="TEST_SUITE_STATUS">
        <con:settings xsi:type="con:TestStatusTileSettings" xmlns:xsi="http://www.w3.org/2001/XMLSchema-instance">
          <con:mode>
            <con:today>true</con:today>
          </con:mode>
          <con:filter>
            <con:failed>true</con:failed>
            <con:passed>true</con:passed>
            <con:unknown>true</con:unknown>
          </con:filter>
        </con:settings>
      </con:dashboardTile>
      <con:dashboardTile tileId="9d24977d-b03d-4303-a2bd-04ea972d85e1" tileType="TEST_CASE_STATUS_TILE">
        <con:settings xsi:type="con:TestCaseStatusTileSettings" xmlns:xsi="http://www.w3.org/2001/XMLSchema-instance">
          <con:mode>
            <con:today>true</con:today>
          </con:mode>
          <con:filter>
            <con:failed>true</con:failed>
            <con:passed>true</con:passed>
            <con:unknown>true</con:unknown>
          </con:filter>
        </con:settings>
      </con:dashboardTile>
      <con:dashboardTile tileId="40fb8020-6ba4-4ed8-b533-cfa8c5a613ae" tileType="SECURE_TILE">
        <con:settings xsi:type="con:SecureTileSettings" xmlns:xsi="http://www.w3.org/2001/XMLSchema-instance">
          <con:mode>
            <con:today>true</con:today>
          </con:mode>
          <con:scan>All Scans</con:scan>
          <con:project>All Projects</con:project>
        </con:settings>
      </con:dashboardTile>
      <con:dashboardTile tileId="985240db-1f2e-4125-b0d0-0f969adce1fe" tileType="LOADUI_HISTORY_TILE">
        <con:settings xsi:type="con:LoadHistoryTileSettings" xmlns:xsi="http://www.w3.org/2001/XMLSchema-instance">
          <con:mode>
            <con:today>true</con:today>
          </con:mode>
          <con:project>All Projects</con:project>
          <con:filter>
            <con:avg>true</con:avg>
            <con:duration>true</con:duration>
            <con:failures>true</con:failures>
          </con:filter>
        </con:settings>
      </con:dashboardTile>
      <con:dashboardTile tileId="8b75e58b-130a-4a21-aa4c-4ab135cd7661" tileType="SERVICEV">
        <con:settings xsi:type="con:ServiceVTileSettings" xmlns:xsi="http://www.w3.org/2001/XMLSchema-instance">
          <con:tableSettings>
            <con:column>Name</con:column>
            <con:column>Status</con:column>
            <con:column>Location</con:column>
            <con:column>Port</con:column>
          </con:tableSettings>
          <con:searchSettings>
            <con:searchType>All</con:searchType>
          </con:searchSettings>
        </con:settings>
      </con:dashboardTile>
    </con:dashboardTiles>
    <con:recentDashboardTiles/>
  </con:dashboardTileCollection>
  <con:collectInfoForSupport>false</con:collectInfoForSupport>
</con:soapui-workspace>