<?xml version="1.0" encoding="UTF-8"?>
<con:soapui-project id="7865ab99-f7e8-4e6f-979a-bbf691a73bbe" created="2.4.0" activeEnvironment="Default environment" name="DateTimeUpdatedGetOrders" resourceRoot="" updated="2.4.0 2018-06-08T12:50:23Z" encryptionMode="Not encrypted" xmlns:con="http://eviware.com/soapui/config">
  <con:settings/>
  <con:interface xsi:type="con:RestService" id="05fafd61-f4b5-4acc-8a61-6834471a0412" wadlVersion="http://wadl.dev.java.net/2009/02" name="/orders GET" type="rest" xmlns:xsi="http://www.w3.org/2001/XMLSchema-instance">
    <con:settings/>
    <con:definitionCache type="TEXT" rootPart=""/>
    <con:endpoints>
      <con:endpoint>https://anypoint.mulesoft.com</con:endpoint>
    </con:endpoints>
    <con:resource name="Orders" path="/orders" id="0ae2be75-522b-492d-81d4-cf961db37ca3">
      <con:settings/>
      <con:parameters>
        <con:parameter>
          <con:name>sortBy</con:name>
          <con:value>ORDER_ID</con:value>
          <con:style>QUERY</con:style>
          <con:default>ORDER_ID</con:default>
          <con:path xsi:nil="true"/>
          <con:description xsi:nil="true"/>
        </con:parameter>
        <con:parameter>
          <con:name>accountHolderCompanyEmployeeId</con:name>
          <con:value>ana.pace.xx1</con:value>
          <con:style>QUERY</con:style>
          <con:default>ana.pace.xx1</con:default>
          <con:path xsi:nil="true"/>
          <con:description xsi:nil="true"/>
        </con:parameter>
        <con:parameter>
          <con:name>includeOrderProperties</con:name>
          <con:value>true</con:value>
          <con:style>QUERY</con:style>
          <con:default>true</con:default>
          <con:path xsi:nil="true"/>
          <con:description xsi:nil="true"/>
        </con:parameter>
        <con:parameter>
          <con:name>includeApprovers</con:name>
          <con:value>true</con:value>
          <con:style>QUERY</con:style>
          <con:default>true</con:default>
          <con:path xsi:nil="true"/>
          <con:description xsi:nil="true"/>
        </con:parameter>
        <con:parameter>
          <con:name>includeOrderSegments</con:name>
          <con:value>true</con:value>
          <con:style>QUERY</con:style>
          <con:default>true</con:default>
          <con:path xsi:nil="true"/>
          <con:description xsi:nil="true"/>
        </con:parameter>
        <con:parameter>
          <con:name>includeOrderShipments</con:name>
          <con:value>true</con:value>
          <con:style>QUERY</con:style>
          <con:default>true</con:default>
          <con:path xsi:nil="true"/>
          <con:description xsi:nil="true"/>
        </con:parameter>
        <con:parameter>
          <con:name>includeOrderHistory</con:name>
          <con:value>true</con:value>
          <con:style>QUERY</con:style>
          <con:default>true</con:default>
          <con:path xsi:nil="true"/>
          <con:description xsi:nil="true"/>
        </con:parameter>
        <con:parameter>
          <con:name>includeShipToAddress</con:name>
          <con:value>true</con:value>
          <con:style>QUERY</con:style>
          <con:default>true</con:default>
          <con:path xsi:nil="true"/>
          <con:description xsi:nil="true"/>
        </con:parameter>
        <con:parameter>
          <con:name>offset</con:name>
          <con:value>0</con:value>
          <con:style>QUERY</con:style>
          <con:default>0</con:default>
          <con:path xsi:nil="true"/>
          <con:description xsi:nil="true"/>
        </con:parameter>
        <con:parameter>
          <con:name>limit</con:name>
          <con:value>10</con:value>
          <con:style>QUERY</con:style>
          <con:default>10</con:default>
          <con:path xsi:nil="true"/>
          <con:description xsi:nil="true"/>
        </con:parameter>
        <con:parameter>
          <con:name>sortAscending</con:name>
          <con:value>false</con:value>
          <con:style>QUERY</con:style>
          <con:default>false</con:default>
          <con:path xsi:nil="true"/>
          <con:description xsi:nil="true"/>
        </con:parameter>
        <con:parameter>
          <con:name>X-TNGO-TENANT</con:name>
          <con:value/>
          <con:style>HEADER</con:style>
          <con:default/>
          <con:description xsi:nil="true"/>
        </con:parameter>
        <con:parameter>
          <con:name>Authorization</con:name>
          <con:value/>
          <con:style>HEADER</con:style>
          <con:default/>
          <con:description xsi:nil="true"/>
        </con:parameter>
        <con:parameter>
          <con:name>client_id</con:name>
          <con:value/>
          <con:style>HEADER</con:style>
          <con:default/>
          <con:description xsi:nil="true"/>
        </con:parameter>
        <con:parameter>
          <con:name>client_secret</con:name>
          <con:value/>
          <con:style>HEADER</con:style>
          <con:default/>
          <con:description xsi:nil="true"/>
        </con:parameter>
        <con:parameter>
          <con:name>transactionType</con:name>
          <con:value/>
          <con:style>QUERY</con:style>
          <con:default/>
          <con:description xsi:nil="true"/>
        </con:parameter>
        <con:parameter>
          <con:name>vendor</con:name>
          <con:value/>
          <con:style>QUERY</con:style>
          <con:default/>
          <con:description xsi:nil="true"/>
        </con:parameter>
        <con:parameter>
          <con:name>X-TNGO-CONTEXT-ACTIVITYID</con:name>
          <con:value/>
          <con:style>HEADER</con:style>
          <con:default/>
          <con:description xsi:nil="true"/>
        </con:parameter>
        <con:parameter required="true">
          <con:name>dateTimeUpdated</con:name>
          <con:value/>
          <con:style>QUERY</con:style>
          <con:default/>
          <con:description xsi:nil="true"/>
        </con:parameter>
      </con:parameters>
      <con:method name="Orders" id="b7f01891-70d2-4a0d-a57a-c6a6ae185a79" method="GET">
        <con:settings/>
        <con:parameters/>
        <con:representation type="FAULT">
          <con:mediaType>application/json</con:mediaType>
          <con:status>500 400</con:status>
          <con:params/>
          <con:element xmlns:ord="https://tngo-qa-mobproc.cloudhub.io/mobproc/v1.qa/orders">ord:Fault</con:element>
        </con:representation>
        <con:representation type="RESPONSE">
          <con:mediaType>application/json;charset=UTF-8</con:mediaType>
          <con:status>200</con:status>
          <con:params/>
          <con:element xmlns:ord="https://tngo-qa-mobproc.cloudhub.io/mobproc/v1.qa/orders">ord:Response</con:element>
        </con:representation>
        <con:representation type="RESPONSE">
          <con:mediaType>text/html</con:mediaType>
          <con:status>200</con:status>
          <con:params/>
          <con:element>html</con:element>
        </con:representation>
        <con:request name="Request 1" id="c6a67754-91fb-4115-ab99-e24042cc7e3d" mediaType="application/json">
          <con:settings>
            <con:setting id="com.eviware.soapui.impl.wsdl.WsdlRequest@request-headers">&lt;xml-fragment/></con:setting>
          </con:settings>
          <con:endpoint>https://anypoint.mulesoft.com</con:endpoint>
          <con:request/>
          <con:originalUri>https://anypoint.mulesoft.com/home/</con:originalUri>
          <con:credentials>
            <con:selectedAuthProfile>No Authorization</con:selectedAuthProfile>
            <con:authType>No Authorization</con:authType>
          </con:credentials>
          <con:jmsConfig JMSDeliveryMode="PERSISTENT"/>
          <con:parameters>
            <con:entry key="includeOrderHistory" value="true"/>
            <con:entry key="includeShipToAddress" value="true"/>
            <con:entry key="sortAscending" value="false"/>
            <con:entry key="offset" value="0"/>
            <con:entry key="includeApprovers" value="true"/>
            <con:entry key="limit" value="10"/>
            <con:entry key="sortBy" value="ORDER_ID"/>
            <con:entry key="includeOrderProperties" value="true"/>
            <con:entry key="accountHolderCompanyEmployeeId" value="ana.pace.xx1"/>
            <con:entry key="includeOrderShipments" value="true"/>
            <con:entry key="includeOrderSegments" value="true"/>
          </con:parameters>
          <con:parameterOrder>
            <con:entry>X-TNGO-TENANT</con:entry>
            <con:entry>Authorization</con:entry>
            <con:entry>client_id</con:entry>
            <con:entry>client_secret</con:entry>
            <con:entry>transactionType</con:entry>
            <con:entry>sortBy</con:entry>
            <con:entry>accountHolderCompanyEmployeeId</con:entry>
            <con:entry>includeOrderProperties</con:entry>
            <con:entry>includeApprovers</con:entry>
            <con:entry>includeOrderSegments</con:entry>
            <con:entry>includeOrderShipments</con:entry>
            <con:entry>includeOrderHistory</con:entry>
            <con:entry>includeShipToAddress</con:entry>
            <con:entry>offset</con:entry>
            <con:entry>limit</con:entry>
            <con:entry>sortAscending</con:entry>
            <con:entry>vendor</con:entry>
            <con:entry>X-TNGO-CONTEXT-ACTIVITYID</con:entry>
            <con:entry>dateTimeUpdated</con:entry>
          </con:parameterOrder>
        </con:request>
      </con:method>
    </con:resource>
  </con:interface>
  <con:testSuite id="c0aeca74-5a56-4df8-81f5-0b642d05afa7" name="TestSuite 1">
    <con:settings/>
    <con:savedRecentRuns>1</con:savedRecentRuns>
    <con:runType>SEQUENTIAL</con:runType>
    <con:testCase id="677a3f78-a89c-4525-893b-0919a467cf55" discardOkResults="false" failOnError="true" failTestCaseOnErrors="true" keepSession="false" name="Sample" searchProperties="true" timeout="0">
      <con:settings/>
      <con:savedRecentRuns>1</con:savedRecentRuns>
      <con:testStep type="groovy" name="Copy of Setup" id="f26008e6-d687-4e5f-8402-d386b7e072ed">
        <con:settings/>
        <con:config>
          <script>// /////////////////////////////////////////////
// This sets up all of the test case properties
// /////////////////////////////////////////////

def groovyUtils = new com.eviware.soapui.support.GroovyUtils( context ); 
def projectPath = groovyUtils.projectPath //gets the path of the project root

// read in token pair and put in test case properties.
// NOTE: token pair must be in same folder as project
//       token pair must be up to date (not expired)
ReadTokenPair(projectPath + "\\" + "TokenPair.txt")


log.info "URL::: " + testRunner.testCase.getPropertyValue( "URL" )
log.info "ClientId::: " + testRunner.testCase.getPropertyValue( "clientId" )
log.info "ClientSecret::: " + testRunner.testCase.getPropertyValue( "clientSecret" )


// METHODS

// read in each line of token pair file and send to SetupTestSuiteVariables method for creating token pair file.
//static boolean ReadTokenPair(fileName)
boolean ReadTokenPair(fileName)
{
	try
	{
		new File(fileName).eachLine 
		{ 
			line ->	
			//log.info line
			SetupTestSuiteVariables(line)
		}
	}
	catch (all)
	{
		log.info "    File read failed in ReadTokenPair method."
		return false
	}
	return true
}


// put token into test suite property if line contains one of the tokens.
void SetupTestSuiteVariables(inputLine)
{
	def strArray = []
	strArray = inputLine.split("=")
	if (inputLine.contains("AccessToken"))
	{
		// log.info strArray[1]
		testRunner.testCase.setPropertyValue("AccessToken",strArray[1])
		log.info "Access Token:" + testRunner.testCase.getPropertyValue("AccessToken")		
	}
	else if(inputLine.contains("RefreshToken"))
	{
		//log.info strArray[1]
		testRunner.testCase.setPropertyValue("RefreshToken",strArray[1])
		log.info "Refresh Token:" + testRunner.testCase.getPropertyValue("RefreshToken")				
	}
}</script>
        </con:config>
      </con:testStep>
      <con:testStep type="restrequest" name="GetOrdersWithDateTimeUpdated" id="e1acc584-1a74-4c1a-92d2-d998eba5dfd1">
        <con:settings/>
        <con:config service="/orders GET" resourcePath="/orders" methodName="Orders" xsi:type="con:RestRequestStep" xmlns:xsi="http://www.w3.org/2001/XMLSchema-instance">
          <con:restRequest name="GetOrdersWithDateTimeUpdated" id="cc250c4f-966b-4715-8269-10958fe93ecb" mediaType="application/json">
            <con:settings>
              <con:setting id="com.eviware.soapui.impl.wsdl.WsdlRequest@request-headers">&lt;xml-fragment/></con:setting>
            </con:settings>
            <con:endpoint>${#TestCase#URL}</con:endpoint>
            <con:request/>
            <con:originalUri>https://tngo-qa-mobproc.cloudhub.io/mobproc/v1.qa/orders</con:originalUri>
            <con:credentials>
              <con:selectedAuthProfile>Inherit From Parent</con:selectedAuthProfile>
              <con:authType>No Authorization</con:authType>
            </con:credentials>
            <con:jmsConfig JMSDeliveryMode="PERSISTENT"/>
            <con:parameters>
              <con:entry key="offset" value="0"/>
              <con:entry key="includeApprovers" value="true"/>
              <con:entry key="X-TNGO-TENANT" value="XX1"/>
              <con:entry key="includeOrderProperties" value="true"/>
              <con:entry key="accountHolderCompanyEmployeeId" value="ana.pace.xx1"/>
              <con:entry key="includeOrderSegments" value="true"/>
              <con:entry key="client_id" value="${#TestCase#clientId}"/>
              <con:entry key="transactionType" value="DEACTIVATE"/>
              <con:entry key="Authorization" value="Bearer ${#TestCase#AccessToken}"/>
              <con:entry key="includeOrderHistory" value="true"/>
              <con:entry key="includeShipToAddress" value="true"/>
              <con:entry key="sortAscending" value="false"/>
              <con:entry key="dateTimeUpdated" value="2018-07-15T15:11:03Z"/>
              <con:entry key="limit" value="10"/>
              <con:entry key="sortBy" value="ORDER_ID"/>
              <con:entry key="includeOrderShipments" value="true"/>
              <con:entry key="client_secret" value="${#TestCase#clientSecret}"/>
            </con:parameters>
            <con:parameterOrder>
              <con:entry>X-TNGO-TENANT</con:entry>
              <con:entry>Authorization</con:entry>
              <con:entry>client_id</con:entry>
              <con:entry>client_secret</con:entry>
              <con:entry>transactionType</con:entry>
              <con:entry>sortBy</con:entry>
              <con:entry>accountHolderCompanyEmployeeId</con:entry>
              <con:entry>includeOrderProperties</con:entry>
              <con:entry>includeApprovers</con:entry>
              <con:entry>includeOrderSegments</con:entry>
              <con:entry>includeOrderShipments</con:entry>
              <con:entry>includeOrderHistory</con:entry>
              <con:entry>includeShipToAddress</con:entry>
              <con:entry>offset</con:entry>
              <con:entry>limit</con:entry>
              <con:entry>sortAscending</con:entry>
              <con:entry>vendor</con:entry>
              <con:entry>X-TNGO-CONTEXT-ACTIVITYID</con:entry>
              <con:entry>dateTimeUpdated</con:entry>
            </con:parameterOrder>
          </con:restRequest>
        </con:config>
      </con:testStep>
      <con:properties>
        <con:property>
          <con:name>AccessToken</con:name>
          <con:value>cbT4BelMFAHaYg2hK7B9cftmMn8a</con:value>
        </con:property>
        <con:property>
          <con:name>RefreshToken</con:name>
          <con:value>8XpGz73ZOGrb2784WlESz0Wmc2Jso8y9usmseqxMet</con:value>
        </con:property>
        <con:property>
          <con:name>clientSecret</con:name>
          <con:value>3c684c3220e740ef92E7177A32AE978D</con:value>
        </con:property>
        <con:property>
          <con:name>clientId</con:name>
          <con:value>392d0283466b4e00be8e8b8062db5f9f</con:value>
        </con:property>
        <con:property>
          <con:name>URL</con:name>
          <con:value>https://tngo-qa-mobproc.cloudhub.io/mobproc/v1.qa</con:value>
        </con:property>
      </con:properties>
      <con:reportParameters/>
      <con:breakPoints>
        <con:testStepId>f26008e6-d687-4e5f-8402-d386b7e072ed</con:testStepId>
        <con:status>NONE</con:status>
        <con:properties/>
      </con:breakPoints>
    </con:testCase>
    <con:properties/>
    <con:reportParameters/>
  </con:testSuite>
  <con:savedRecentRuns>1</con:savedRecentRuns>
  <con:properties/>
  <con:wssContainer/>
  <con:databaseConnectionContainer/>
  <con:jmsConnectionContainer/>
  <con:oAuth2ProfileContainer/>
  <con:oAuth1ProfileContainer/>
  <con:reporting>
    <con:reportTemplates/>
    <con:xmlTemplates/>
    <con:xmlTemplates/>
    <con:parameters/>
    <con:parameters/>
  </con:reporting>
  <con:reporting/>
  <con:eventHandlers type="RequestFilter.filterRequest" name="RequestFilter.filterRequest">
    <con:script>// Sample event script to add custom HTTP header to all outgoing REST, SOAP and HTTP(S) calls
// This code is often used for adding custom authentication to SoapUI Pro tests

// If hardcoding the token, uncomment and change line 5
// def token = '4567'

// If your token is parameterized in Project level custom property, uncomment line 8
// def token = request.parent.testCase.testSuite.project.getProperty('auth_token').getValue()

// To modify all outgoing calls, remove comments from lines 11 to 16
// def headers = request.requestHeaders
// if (headers.containsKey('auth_token2') == false) {
//   headers.put('auth_token2', token)
//   request.requestHeaders = headers
// }</con:script>
  </con:eventHandlers>
  <con:eventHandlers type="TestRunListener.afterStep" name="TestRunListener.afterStep">
    <con:script>// Save all test step results into files
// Change the directory path in line 5 to a location where you want to store details
// then uncomment lines 5 to 10

// filePath = 'C:\\tempOutputDirectory\\'
// fos = new FileOutputStream(filePath + testStepResult.testStep.label + '.txt', true)
// pw = new PrintWriter(fos)
// testStepResult.writeTo(pw)
// pw.close()
// fos.close()</con:script>
  </con:eventHandlers>
  <con:authRepository/>
  <con:tags/>
</con:soapui-project>
