<?xml version="1.0" encoding="UTF-8"?>
<con:soapui-project id="ab51828a-fde9-4755-a1cc-b725c0642086" activeEnvironment="Default" name="API_AssetsDevices" resourceRoot="" soapui-version="5.2.0" abortOnError="false" runType="SEQUENTIAL" xmlns:con="http://eviware.com/soapui/config"><con:settings/><con:interface xsi:type="con:RestService" id="e3ede794-f15a-4ccc-96cb-fd513be14362" wadlVersion="http://wadl.dev.java.net/2009/02" name="http://tg-mobility.cloudhub.io" type="rest" xmlns:xsi="http://www.w3.org/2001/XMLSchema-instance"><con:settings/><con:definitionCache type="TEXT" rootPart=""/><con:endpoints><con:endpoint>http://tg-mobility.cloudhub.io</con:endpoint></con:endpoints><con:resource name="V1" path="/mobility/v1/assets/devices" id="1b791526-3b40-4421-a560-fd8573621420"><con:settings/><con:parameters><con:parameter><con:name>X-TNGO-TENANT</con:name><con:value/><con:style>HEADER</con:style><con:default/><con:description xsi:nil="true"/></con:parameter><con:parameter><con:name>X-TNGO-USER-COMMAND</con:name><con:value/><con:style>HEADER</con:style><con:default/><con:description xsi:nil="true"/></con:parameter><con:parameter><con:name>client_id</con:name><con:value/><con:style>HEADER</con:style><con:default/><con:description xsi:nil="true"/></con:parameter><con:parameter><con:name>client_secret</con:name><con:value/><con:style>HEADER</con:style><con:default/><con:description xsi:nil="true"/></con:parameter><con:parameter><con:name>limit</con:name><con:value/><con:style>QUERY</con:style><con:default/><con:description xsi:nil="true"/></con:parameter><con:parameter><con:name>offset</con:name><con:value/><con:style>QUERY</con:style><con:default/><con:description xsi:nil="true"/></con:parameter><con:parameter><con:name>companyEmployeeId</con:name><con:value/><con:style>QUERY</con:style><con:default/><con:description xsi:nil="true"/></con:parameter></con:parameters><con:method name="GetAllDevices" id="9fbb15a3-defd-44d6-b452-06d00eed3b3d" method="GET"><con:settings/><con:parameters/><con:representation type="FAULT"><con:mediaType>application/json</con:mediaType><con:status>403 400 500</con:status><con:params/><con:element xmlns:dev="http://tg-mobility.cloudhub.io/mobility/v1/assets/devices">dev:Fault</con:element></con:representation><con:representation type="RESPONSE"><con:mediaType>application/json;charset=UTF-8</con:mediaType><con:status>200</con:status><con:params/><con:element xmlns:dev="http://tg-mobility.cloudhub.io/mobility/v1/assets/devices">dev:Response</con:element></con:representation><con:request name="GetAllDevices" id="78225f30-ac27-4fc1-b283-2688b59cb02f" mediaType="application/json"><con:settings><con:setting id="com.eviware.soapui.impl.wsdl.WsdlRequest@request-headers">&lt;xml-fragment/></con:setting></con:settings><con:endpoint>http://tg-mobility.cloudhub.io</con:endpoint><con:request/><con:originalUri>http://tg-mobility.cloudhub.io/mobility/v1/assets/devices</con:originalUri><con:credentials><con:authType>No Authorization</con:authType></con:credentials><con:jmsConfig JMSDeliveryMode="PERSISTENT"/><con:jmsPropertyConfig/><con:parameters>
  <con:entry key="companyEmployeeId" value="Dudley.Doright2.XX1"/>
  <con:entry key="limit" value="10"/>
  <con:entry key="client_secret" value="71f90d2437ee4a41A992931F17AC9AEC"/>
  <con:entry key="X-TNGO-TENANT" value="XX1"/>
  <con:entry key="X-TNGO-USER-COMMAND" value="sn_admin_xx1"/>
  <con:entry key="client_id" value="676ff94144f4400e9227c89937c1ade4"/>
  <con:entry key="offset" value="0"/>
</con:parameters><con:parameterOrder><con:entry>X-TNGO-TENANT</con:entry><con:entry>X-TNGO-USER-COMMAND</con:entry><con:entry>client_id</con:entry><con:entry>client_secret</con:entry><con:entry>limit</con:entry><con:entry>offset</con:entry><con:entry/></con:parameterOrder></con:request></con:method><con:method name="By_companyEmployeeId" id="f82e25ec-16b0-47bd-90d2-aba93851b8b2" method="GET"><con:settings/><con:parameters/><con:representation type="RESPONSE"><con:mediaType>application/json;charset=UTF-8</con:mediaType><con:status>200</con:status><con:params/><con:element xmlns:dev="http://tg-mobility.cloudhub.io/mobility/v1/assets/devices">dev:Response</con:element></con:representation><con:request name="By_companyEmployeeId" id="04ab717f-2c24-456d-8c50-f89605378468" mediaType="application/json"><con:settings><con:setting id="com.eviware.soapui.impl.wsdl.WsdlRequest@request-headers">&lt;xml-fragment/></con:setting></con:settings><con:endpoint>http://tg-mobility.cloudhub.io</con:endpoint><con:request/><con:originalUri>http://tg-mobility.cloudhub.io/mobility/v1/assets/devices</con:originalUri><con:credentials><con:authType>No Authorization</con:authType></con:credentials><con:jmsConfig JMSDeliveryMode="PERSISTENT"/><con:jmsPropertyConfig/><con:parameters>
  <con:entry key="limit" value="10"/>
  <con:entry key="companyEmployeeId" value="Dudley.Doright2.XX1"/>
  <con:entry key="client_secret" value="71f90d2437ee4a41A992931F17AC9AEC"/>
  <con:entry key="X-TNGO-TENANT" value="XX1"/>
  <con:entry key="X-TNGO-USER-COMMAND" value="sn_admin_xx1"/>
  <con:entry key="client_id" value="676ff94144f4400e9227c89937c1ade4"/>
  <con:entry key="offset" value="0"/>
</con:parameters><con:parameterOrder><con:entry>X-TNGO-TENANT</con:entry><con:entry>X-TNGO-USER-COMMAND</con:entry><con:entry>client_id</con:entry><con:entry>client_secret</con:entry><con:entry>limit</con:entry><con:entry>offset</con:entry><con:entry>companyEmployeeId</con:entry></con:parameterOrder></con:request></con:method></con:resource></con:interface><con:testSuite id="3e44b956-bb81-4e49-9f49-4d666cfbdb3e" name="TestSuiteAssetsDevices"><con:settings/><con:runType>SEQUENTIAL</con:runType><con:testCase id="7c19c94d-1df9-48ac-b488-576e0b3a202f" failOnError="true" failTestCaseOnErrors="true" keepSession="false" maxResults="0" name="TestUserAssetDeviceOneDevice" searchProperties="true"><con:settings/><con:testStep type="restrequest" name="GetAllDevices - GetAllDevices" id="f95daab7-140c-4429-a1a3-4bf00ad4a308"><con:settings/><con:config service="http://tg-mobility.cloudhub.io" resourcePath="/mobility/v1/assets/devices" methodName="GetAllDevices" xsi:type="con:RestRequestStep" xmlns:xsi="http://www.w3.org/2001/XMLSchema-instance"><con:restRequest name="GetAllDevices - GetAllDevices" id="78225f30-ac27-4fc1-b283-2688b59cb02f" mediaType="application/json"><con:settings><con:setting id="com.eviware.soapui.impl.wsdl.WsdlRequest@request-headers">&lt;xml-fragment/></con:setting></con:settings><con:endpoint>http://tg-mobility.cloudhub.io</con:endpoint><con:request/><con:originalUri>http://tg-mobility.cloudhub.io/mobility/v1/assets/devices</con:originalUri><con:assertion type="Valid HTTP Status Codes" id="e847023d-e7d0-44a2-a0ed-3d7d9c4d20b9" name="Valid HTTP Status Codes"><con:configuration><codes>200</codes></con:configuration></con:assertion><con:assertion type="XPath Match" id="e0da6a0e-73af-462b-b207-d96254240c3d" name="XPath Match"><con:configuration><path>declare namespace ns1='http://tg-mobility.cloudhub.io/mobility/v1/assets/devices';
//ns1:devices</path><content><![CDATA[<devices xmlns="http://tg-mobility.cloudhub.io/mobility/v1/assets/devices">
  <_meta>
    <href>http://tg-mobility.cloudhub.io/mobility/v1/assets/devices?companyEmployeeId=Dudley.Doright2.XX1&amp;offset=0&amp;limit=10</href>
    <limit>10X</limit>
    <offset>0</offset>
    <totalCount>1</totalCount>
  </_meta>
  <items>
    <e>
      <_meta>
        <href>http://tg-mobility.cloudhub.io/mobility/v1/assets/devices/35094069</href>
      </_meta>
      <category>
        <name>PDA Voice/Data</name>
      </category>
      <companyAssetId>999888</companyAssetId>
      <employee>
        <_meta>
          <href>http://tg-mobility.cloudhub.io/mobility/v1/employees/28672245</href>
        </_meta>
        <companyEmployeeId>Dudley.Doright2.XX1</companyEmployeeId>
        <department>
          <id>10652965370</id>
          <name>Marketing</name>
        </department>
        <firstName>Dudley</firstName>
        <id>28672245</id>
        <lastName>Doright</lastName>
        <status>ACTIVE</status>
      </employee>
      <id>35094069</id>
      <macAddress>665544</macAddress>
      <manufacturer>
        <_meta>
          <href>http://tg-mobility.cloudhub.io/mobility/v1/manufacturers/Apple</href>
        </_meta>
        <id>Apple</id>
        <name>Apple</name>
      </manufacturer>
      <model>3G iPad 16GB</model>
      <orderActions>
        <e>DEACTIVATE</e>
      </orderActions>
      <serialNumber>
        <type>CAP_CODE</type>
        <value>1234567891</value>
      </serialNumber>
      <service>
        <_meta>
          <href>http://tg-mobility.cloudhub.io/mobility/v1/assets/services/38090768</href>
        </_meta>
        <id>38090768</id>
        <serviceNumber>7818834749</serviceNumber>
      </service>
      <simId>2345</simId>
    </e>
  </items>
</devices>]]></content><allowWildcards>false</allowWildcards><ignoreNamspaceDifferences>false</ignoreNamspaceDifferences><ignoreComments>false</ignoreComments></con:configuration></con:assertion><con:credentials><con:authType>No Authorization</con:authType></con:credentials><con:jmsConfig JMSDeliveryMode="PERSISTENT"/><con:jmsPropertyConfig/><con:parameters>
  <con:entry key="companyEmployeeId" value="Dudley.Doright2.XX1"/>
  <con:entry key="limit" value="10"/>
  <con:entry key="client_secret" value="71f90d2437ee4a41A992931F17AC9AEC"/>
  <con:entry key="X-TNGO-TENANT" value="XX1"/>
  <con:entry key="X-TNGO-USER-COMMAND" value="sn_admin_xx1"/>
  <con:entry key="client_id" value="676ff94144f4400e9227c89937c1ade4"/>
  <con:entry key="offset" value="0"/>
</con:parameters><con:parameterOrder><con:entry>X-TNGO-TENANT</con:entry><con:entry>X-TNGO-USER-COMMAND</con:entry><con:entry>client_id</con:entry><con:entry>client_secret</con:entry><con:entry>limit</con:entry><con:entry>offset</con:entry><con:entry/></con:parameterOrder></con:restRequest></con:config></con:testStep><con:properties/></con:testCase><con:properties/></con:testSuite><con:properties/><con:wssContainer/><con:oAuth2ProfileContainer/><con:sensitiveInformation/></con:soapui-project>