<?xml version="1.0" encoding="UTF-8"?>
<con:soapui-project id="ab51828a-fde9-4755-a1cc-b725c0642086" activeEnvironment="Default" name="API_AssetsDevices" resourceRoot="" soapui-version="5.2.1" abortOnError="false" runType="SEQUENTIAL" xmlns:con="http://eviware.com/soapui/config"><con:settings/><con:interface xsi:type="con:RestService" id="e3ede794-f15a-4ccc-96cb-fd513be14362" wadlVersion="http://wadl.dev.java.net/2009/02" name="http://tg-mobility.cloudhub.io" type="rest" xmlns:xsi="http://www.w3.org/2001/XMLSchema-instance"><con:settings/><con:definitionCache type="TEXT" rootPart=""/><con:endpoints><con:endpoint>http://tg-mobility.cloudhub.io</con:endpoint></con:endpoints><con:resource name="V1" path="/mobility/v1/assets/devices" id="1b791526-3b40-4421-a560-fd8573621420"><con:settings/><con:parameters><con:parameter><con:name>X-TNGO-TENANT</con:name><con:value/><con:style>HEADER</con:style><con:default/><con:description xsi:nil="true"/></con:parameter><con:parameter><con:name>limit</con:name><con:value/><con:style>QUERY</con:style><con:default/><con:description xsi:nil="true"/></con:parameter><con:parameter><con:name>offset</con:name><con:value/><con:style>QUERY</con:style><con:default/><con:description xsi:nil="true"/></con:parameter><con:parameter><con:name>Authorization</con:name><con:value/><con:style>HEADER</con:style><con:default/><con:description xsi:nil="true"/></con:parameter><con:parameter><con:name>companyEmployeeId</con:name><con:value/><con:style>QUERY</con:style><con:default/><con:description xsi:nil="true"/></con:parameter></con:parameters><con:method name="GetAllDevices" id="9fbb15a3-defd-44d6-b452-06d00eed3b3d" method="GET"><con:settings/><con:parameters/><con:representation type="FAULT"><con:mediaType>application/json</con:mediaType><con:status>403 400 500</con:status><con:params/><con:element xmlns:dev="http://tg-mobility.cloudhub.io/mobility/v1/assets/devices">dev:Fault</con:element></con:representation><con:representation type="RESPONSE"><con:mediaType>application/json;charset=UTF-8</con:mediaType><con:status>200</con:status><con:params/><con:element xmlns:dev="http://tg-mobility.cloudhub.io/mobility/v1/assets/devices">dev:Response</con:element></con:representation><con:representation type="RESPONSE"><con:mediaType xsi:nil="true"/><con:status>0</con:status><con:params/><con:element>data</con:element></con:representation><con:representation type="FAULT"><con:mediaType xsi:nil="true"/><con:status>404</con:status><con:params/><con:element>data</con:element></con:representation><con:representation type="FAULT"><con:mediaType xsi:nil="true"/><con:status>404</con:status><con:params/><con:element>data</con:element></con:representation><con:representation type="FAULT"><con:mediaType xsi:nil="true"/><con:status>404</con:status><con:params/><con:element>data</con:element></con:representation><con:representation type="FAULT"><con:mediaType xsi:nil="true"/><con:status>404</con:status><con:params/><con:element>data</con:element></con:representation><con:request name="GetAllDevices" id="78225f30-ac27-4fc1-b283-2688b59cb02f" mediaType="application/json"><con:settings><con:setting id="com.eviware.soapui.impl.wsdl.WsdlRequest@request-headers">&lt;xml-fragment/></con:setting></con:settings><con:endpoint>https://tg-mobility.cloudhub.io</con:endpoint><con:request/><con:originalUri>http://tg-mobility.cloudhub.io/mobility/v1/assets/devices</con:originalUri><con:credentials><con:selectedAuthProfile>No Authorization</con:selectedAuthProfile><con:authType>No Authorization</con:authType></con:credentials><con:jmsConfig JMSDeliveryMode="PERSISTENT"/><con:jmsPropertyConfig/><con:parameters>
  <con:entry key="companyEmployeeId" value="Dudley.Doright2.XX1"/>
  <con:entry key="limit" value="10"/>
  <con:entry key="Authorization" value="Bearer ad-gWaPhavA8WNo0FoUlUezrQZwF_z6zBZbDc2eCmKcI7j2XF7Z4D97x-gp4p_ddGmGWph5uWcGYekjlmm5dZA"/>
  <con:entry key="X-TNGO-TENANT" value="XX1"/>
  <con:entry key="offset" value="0"/>
</con:parameters><con:parameterOrder><con:entry>X-TNGO-TENANT</con:entry><con:entry>limit</con:entry><con:entry>offset</con:entry><con:entry>Authorization</con:entry><con:entry>companyEmployeeId</con:entry></con:parameterOrder></con:request></con:method><con:method name="By_companyEmployeeId" id="f82e25ec-16b0-47bd-90d2-aba93851b8b2" method="GET"><con:settings/><con:parameters/><con:representation type="RESPONSE"><con:mediaType>application/json;charset=UTF-8</con:mediaType><con:status>200</con:status><con:params/><con:element xmlns:dev="http://tg-mobility.cloudhub.io/mobility/v1/assets/devices">dev:Response</con:element></con:representation><con:request name="By_companyEmployeeId" id="04ab717f-2c24-456d-8c50-f89605378468" mediaType="application/json"><con:settings><con:setting id="com.eviware.soapui.impl.wsdl.WsdlRequest@request-headers">&lt;xml-fragment/></con:setting></con:settings><con:endpoint>http://tg-mobility.cloudhub.io</con:endpoint><con:request/><con:originalUri>http://tg-mobility.cloudhub.io/mobility/v1/assets/devices</con:originalUri><con:credentials><con:selectedAuthProfile>No Authorization</con:selectedAuthProfile><con:authType>No Authorization</con:authType></con:credentials><con:jmsConfig JMSDeliveryMode="PERSISTENT"/><con:jmsPropertyConfig/><con:parameters>
  <con:entry key="limit" value="10"/>
  <con:entry key="X-TNGO-TENANT" value="XX1"/>
  <con:entry key="offset" value="0"/>
</con:parameters><con:parameterOrder><con:entry>X-TNGO-TENANT</con:entry><con:entry>limit</con:entry><con:entry>offset</con:entry><con:entry>Authorization</con:entry><con:entry>companyEmployeeId</con:entry></con:parameterOrder></con:request></con:method></con:resource></con:interface><con:interface xsi:type="con:RestService" id="5ed04a33-e6b7-481c-8861-2ac78769bb55" wadlVersion="http://wadl.dev.java.net/2009/02" name="API_AssetsDevices" type="rest" definitionUrl="employeeid" xmlns:xsi="http://www.w3.org/2001/XMLSchema-instance"><con:settings/><con:definitionCache/><con:endpoints/></con:interface><con:interface xsi:type="con:RestService" id="4ee56b36-7e11-4857-bb71-d0ea1ef54d68" wadlVersion="http://wadl.dev.java.net/2009/02" name="API_AssetsDevices" type="rest" definitionUrl="ployeeid" xmlns:xsi="http://www.w3.org/2001/XMLSchema-instance"><con:settings/><con:definitionCache/><con:endpoints/></con:interface><con:testSuite id="3e44b956-bb81-4e49-9f49-4d666cfbdb3e" name="TestSuiteAssetsDevices"><con:settings/><con:runType>SEQUENTIAL</con:runType><con:testCase id="7c19c94d-1df9-48ac-b488-576e0b3a202f" failOnError="false" failTestCaseOnErrors="true" keepSession="false" maxResults="0" name="TestUserAssetDeviceOneDevice" searchProperties="true" timeout="0" wsrmEnabled="false" wsrmVersion="1.0" wsrmAckTo="" amfAuthorisation="false" amfEndpoint="" amfLogin="" amfPassword=""><con:description>Bob Lichtenfels 11/05/15 - started.

* This uses scripts to set one of the header parameters in request test steps which will create a pass/fail HTTP status code that is checked in a test step assertion.
* This uses script "ScriptForVerifyingJsonResponses" to check the response values listed in the spread sheet for this call.
* This uses script "ScriptForVerifyingLimitParameter" to check the response values when the limit query is changed.
* This uses script "ScriptCreateFailStatus" to check the response values when the Tenant query is empty.</con:description><con:settings/><con:testStep type="groovy" name="ScriptCreatePassStatus" id="c896a795-4a4c-46c7-abeb-158de1d80e2b" disabled="true"><con:settings/><con:config><script>def groovyUtils = new com.eviware.soapui.support.GroovyUtils( context ); 

// read in token pair file and output token pair to a file in this project's directory.
def projectPath = groovyUtils.projectPath //gets the path of the project root
def tokenPairFileName = projectPath + "\\" + "TokenPair.txt"
assert ReadTokenPair(tokenPairFileName) == true

// setup properties.
testRunner.testCase.setPropertyValue( "Tenant", "XX1" ) // set header name property in request pane.			
testRunner.testCase.setPropertyValue( "limit", "10" ) // set header limit name property in request pane.			
//testRunner.testCase.setPropertyValue( "companyEmployeeId", "Dudley.Doright2.XX1" ) // set employee id  property in request pane so only one user will be in response.
testRunner.testCase.setPropertyValue( "companyEmployeeId", "" ) // set employee id  property in request pane so only one user will be in response.


// ///////////////////////////////////////////////////////////////////////////////////////////////////
// 								Methods
// ///////////////////////////////////////////////////////////////////////////////////////////////////

// read in each line of token pair file and send to SetupTestSuiteVariables method for creating token pair file.
boolean ReadTokenPair(fileName)
{
	try
	{
		new File(fileName).eachLine 
		{ 
			line ->	
			//log.info line
			SetupTestSuiteVariables(line)
		}
	}
	catch (all)
	{
		log.info "    File read failed in ReadTokenPair method."
		return false
	}
	return true
}

// put token into test suite property if line contains one of the tokens.
void SetupTestSuiteVariables(inputLine)
{
	def strArray = []
	strArray = inputLine.split("=")
	if (inputLine.contains("AccessToken"))
	{
		// log.info strArray[1]
		testRunner.testCase.setPropertyValue("AccessToken",strArray[1])
		log.info "Access Token:" + testRunner.testCase.getPropertyValue("AccessToken")		
	}
	else if(inputLine.contains("RefreshToken"))
	{
		//log.info strArray[1]
		testRunner.testCase.setPropertyValue("RefreshToken",strArray[1])
		log.info "Refresh Token:" + testRunner.testCase.getPropertyValue("RefreshToken")				
	}
}

</script></con:config></con:testStep><con:testStep type="restrequest" name="GetAllDevicesOneUserResponse" id="f95daab7-140c-4429-a1a3-4bf00ad4a308"><con:settings/><con:config service="http://tg-mobility.cloudhub.io" resourcePath="/mobility/v1/assets/devices" methodName="GetAllDevices" xsi:type="con:RestRequestStep" xmlns:xsi="http://www.w3.org/2001/XMLSchema-instance"><con:restRequest name="GetAllDevicesOneUserResponse" id="78225f30-ac27-4fc1-b283-2688b59cb02f" mediaType="application/json"><con:settings><con:setting id="com.eviware.soapui.impl.wsdl.WsdlRequest@request-headers">&lt;xml-fragment/></con:setting></con:settings><con:endpoint>https://tg-mobility.cloudhub.io</con:endpoint><con:request/><con:originalUri>http://tg-mobility.cloudhub.io/mobility/v1/assets/devices</con:originalUri><con:assertion type="Valid HTTP Status Codes" id="e847023d-e7d0-44a2-a0ed-3d7d9c4d20b9" name="Valid HTTP Status Codes"><con:settings/><con:configuration><codes>200</codes></con:configuration></con:assertion><con:credentials><con:selectedAuthProfile>No Authorization</con:selectedAuthProfile><con:authType>No Authorization</con:authType></con:credentials><con:jmsConfig JMSDeliveryMode="PERSISTENT"/><con:jmsPropertyConfig/><con:parameters>
  <con:entry key="limit" value="${#TestCase#Limit}"/>
  <con:entry key="companyEmployeeId" value="${#TestCase#companyEmployeeId}"/>
  <con:entry key="Authorization" value="Bearer ${#TestCase#AccessToken}"/>
  <con:entry key="X-TNGO-TENANT" value="${#TestCase#Tenant}"/>
  <con:entry key="offset" value="0"/>
</con:parameters><con:parameterOrder><con:entry>X-TNGO-TENANT</con:entry><con:entry>limit</con:entry><con:entry>offset</con:entry><con:entry>Authorization</con:entry><con:entry>companyEmployeeId</con:entry></con:parameterOrder></con:restRequest></con:config></con:testStep><con:loadTest id="dbace243-104a-4912-87e1-0f7b6387a59a" name="LoadTest 1"><con:settings/><con:threadCount>5</con:threadCount><con:startDelay>0</con:startDelay><con:sampleInterval>250</con:sampleInterval><con:calculateTPSOnTimePassed>true</con:calculateTPSOnTimePassed><con:resetStatisticsOnThreadCountChange>true</con:resetStatisticsOnThreadCountChange><con:historyLimit>-1</con:historyLimit><con:testLimit>15</con:testLimit><con:limitType>TIME</con:limitType><con:loadStrategy><con:type>Simple</con:type></con:loadStrategy><con:assertion type="Step Status" name="Step Status"><con:configuration><name>Step Status</name><min-requests>0</min-requests><test-step>GetAllDevicesOneUserResponse</test-step><max-errors>-1</max-errors></con:configuration></con:assertion><con:maxAssertionErrors>100</con:maxAssertionErrors><con:cancelExcessiveThreads>true</con:cancelExcessiveThreads><con:strategyInterval>500</con:strategyInterval></con:loadTest><con:properties><con:property><con:name>Tenant</con:name><con:value>XX1</con:value></con:property><con:property><con:name>limit</con:name><con:value>10</con:value></con:property><con:property><con:name>companyEmployeeId</con:name><con:value/></con:property><con:property><con:name>AccessToken</con:name><con:value>VVi5NgZTDZyBeWUw0lrkZScF15ugSbELFKSCu-VchhkTbqJiXC6WJYmpF6FNg3DLumCjuOTwOPvzk9bMO_AmWw</con:value></con:property><con:property><con:name>RefreshToken</con:name><con:value>8aWOIqYEGkWWGhWGziA9oowBgWijXJ755xjXE-61BzK4xeHCi0OZE9v8FtOQftdZUr4e_hvBBTs5Y5C88a-sIg</con:value></con:property></con:properties><con:reportParameters/></con:testCase><con:properties><con:property><con:name>AccessToken</con:name><con:value>gJ43N_715kpQCfd5nNlI6m9o6m3j3SHHNhCBpaQE1ubAMx_kOgo3nn7sfLpT9EVxKs5N9vxb7jQ2iRGXVsaAAA</con:value></con:property><con:property><con:name>RefreshToken</con:name><con:value>V9GAwUJhyRhVE59pKRsvRo_ee7HAhCgPUS6Fn04xAJqqS5OncpMrjnbN638Es_XHQej_TLnfpA_p7IcadLn71A</con:value></con:property></con:properties><con:reportParameters/></con:testSuite><con:requirements/><con:properties/><con:wssContainer/><con:databaseConnectionContainer/><con:oAuth2ProfileContainer/><con:reporting><con:xmlTemplates/><con:parameters/></con:reporting><con:sensitiveInformation/><con:authRepository/></con:soapui-project>