<?xml version="1.0" encoding="UTF-8"?>
<con:soapui-workspace name="ApiTesting" soapui-version="5.2.1" xmlns:con="http://eviware.com/soapui/config">
  <con:settings/>
  <con:recentItemCollection>
    <con:moduleId>StarterPageModule</con:moduleId>
    <con:itemId>d568f35a-cdb2-4e8f-bf57-e8d68e68f318</con:itemId>
    <con:itemId>ab51828a-fde9-4755-a1cc-b725c0642086</con:itemId>
    <con:itemId>afd4f01b-1c66-4168-b75e-0ae2cd5aa4f2</con:itemId>
  </con:recentItemCollection>
  <con:recentItemCollection>
    <con:moduleId>SoapUiNGModule</con:moduleId>
    <con:itemId>c9ca1039-2b62-4e96-b643-fabe71a0f6a8</con:itemId>
    <con:itemId>60a3505e-2117-4b8e-b75e-c1605684ac4b</con:itemId>
    <con:itemId>1caa3150-f3ce-45e3-a1d8-bb47ef5df5b1</con:itemId>
    <con:itemId>7711b756-0ae7-4df8-be87-2959733ef9d4</con:itemId>
    <con:itemId>708b2397-3f53-4b09-b374-f53d8a434e10</con:itemId>
  </con:recentItemCollection>
  <con:navigatorNodeCollection>
    <con:rootNodeLabel>SoapUI NG</con:rootNodeLabel>
    <con:expandNodeState>
      <con:id>f7ae53c5-7b63-4c61-818b-b587872476cf</con:id>
      <con:expandState>true</con:expandState>
    </con:expandNodeState>
    <con:expandNodeState>
      <con:id>db33978c-bf32-48ef-875d-a2b462cf0590</con:id>
      <con:expandState>true</con:expandState>
    </con:expandNodeState>
    <con:expandNodeState>
      <con:id>ffce1f93-6287-4bf9-beb2-41bf7125bce5</con:id>
      <con:expandState>true</con:expandState>
    </con:expandNodeState>
    <con:expandNodeState>
      <con:id>f3a56f59-8c8f-486b-b120-244fb0e090c4</con:id>
      <con:expandState>false</con:expandState>
    </con:expandNodeState>
    <con:expandNodeState>
      <con:id>deee38d4-d631-431f-8ab4-18cfe4853c2b</con:id>
      <con:expandState>true</con:expandState>
    </con:expandNodeState>
    <con:expandNodeState>
      <con:id>6bf03b37-348a-4b6b-98d6-ec32f537b077</con:id>
      <con:expandState>true</con:expandState>
    </con:expandNodeState>
    <con:expandNodeState>
      <con:id>ab51828a-fde9-4755-a1cc-b725c0642086</con:id>
      <con:expandState>false</con:expandState>
    </con:expandNodeState>
    <con:expandNodeState>
      <con:id>3e44b956-bb81-4e49-9f49-4d666cfbdb3e</con:id>
      <con:expandState>true</con:expandState>
    </con:expandNodeState>
    <con:expandNodeState>
      <con:id>7c19c94d-1df9-48ac-b488-576e0b3a202f</con:id>
      <con:expandState>true</con:expandState>
    </con:expandNodeState>
    <con:expandNodeState>
      <con:id>e3ede794-f15a-4ccc-96cb-fd513be14362</con:id>
      <con:expandState>false</con:expandState>
    </con:expandNodeState>
    <con:expandNodeState>
      <con:id>5ed04a33-e6b7-481c-8861-2ac78769bb55</con:id>
      <con:expandState>false</con:expandState>
    </con:expandNodeState>
    <con:expandNodeState>
      <con:id>4ee56b36-7e11-4857-bb71-d0ea1ef54d68</con:id>
      <con:expandState>false</con:expandState>
    </con:expandNodeState>
    <con:expandNodeState>
      <con:id>afd4f01b-1c66-4168-b75e-0ae2cd5aa4f2</con:id>
      <con:expandState>true</con:expandState>
    </con:expandNodeState>
    <con:expandNodeState>
      <con:id>98104a6b-e103-4223-ab31-c10e5cc4aa20</con:id>
      <con:expandState>false</con:expandState>
    </con:expandNodeState>
    <con:expandNodeState>
      <con:id>1aa41219-9ad6-4f05-bbab-b1aa6c531725</con:id>
      <con:expandState>true</con:expandState>
    </con:expandNodeState>
    <con:expandNodeState>
      <con:id>708b2397-3f53-4b09-b374-f53d8a434e10</con:id>
      <con:expandState>true</con:expandState>
    </con:expandNodeState>
    <con:expandNodeState>
      <con:id>d568f35a-cdb2-4e8f-bf57-e8d68e68f318</con:id>
      <con:expandState>false</con:expandState>
    </con:expandNodeState>
    <con:expandNodeState>
      <con:id>38d91ee5-336d-4841-abe2-bf16f7764ff8</con:id>
      <con:expandState>false</con:expandState>
    </con:expandNodeState>
    <con:expandNodeState>
      <con:id>c9ca1039-2b62-4e96-b643-fabe71a0f6a8</con:id>
      <con:expandState>true</con:expandState>
    </con:expandNodeState>
    <con:expandNodeState>
      <con:id>a17ee906-6a85-4cb1-bdc2-16cf1ff70b73</con:id>
      <con:expandState>true</con:expandState>
    </con:expandNodeState>
    <con:expandNodeState>
      <con:id>1caa3150-f3ce-45e3-a1d8-bb47ef5df5b1</con:id>
      <con:expandState>true</con:expandState>
    </con:expandNodeState>
  </con:navigatorNodeCollection>
  <con:collectInfoForSupport>false</con:collectInfoForSupport>
</con:soapui-workspace>