<?xml version="1.0" encoding="UTF-8"?>
<con:soapui-project id="f7ae53c5-7b63-4c61-818b-b587872476cf" activeEnvironment="Default environment" name="CombinationOfAssets" resourceRoot="" soapui-version="6.0.0" abortOnError="false" runType="SEQUENTIAL" xmlns:con="http://eviware.com/soapui/config"><con:settings/><con:interface xsi:type="con:RestService" id="7b43d4ad-695d-4f6e-bc47-5422844575c5" wadlVersion="http://wadl.dev.java.net/2009/02" name="https://tg-mobility.cloudhub.io" type="rest" xmlns:xsi="http://www.w3.org/2001/XMLSchema-instance"><con:settings/><con:definitionCache type="TEXT" rootPart=""/><con:endpoints><con:endpoint>https://tg-mobility.cloudhub.io</con:endpoint></con:endpoints><con:resource name="Devices" path="/mobility/v1/assets/devices" id="35060b18-9f5c-4c23-a39a-aaeced198229"><con:settings/><con:parameters><con:parameter><con:name>X-TNGO-TENANT</con:name><con:value/><con:style>HEADER</con:style><con:default/><con:description xsi:nil="true"/></con:parameter><con:parameter><con:name>offset</con:name><con:value/><con:style>QUERY</con:style><con:default/><con:description xsi:nil="true"/></con:parameter><con:parameter><con:name>Authorization</con:name><con:value/><con:style>HEADER</con:style><con:default/><con:description xsi:nil="true"/></con:parameter><con:parameter><con:name>companyEmployeeId</con:name><con:style>QUERY</con:style></con:parameter><con:parameter><con:name>limit</con:name><con:style>QUERY</con:style></con:parameter></con:parameters><con:method name="Devices" id="167203a9-cd36-475c-b1a8-dd250d9594ff" method="GET"><con:settings/><con:parameters/><con:representation type="FAULT"><con:mediaType>application/json</con:mediaType><con:status>403 400</con:status><con:params/></con:representation><con:representation type="RESPONSE"><con:mediaType>application/json;charset=UTF-8</con:mediaType><con:status>200</con:status><con:params/><con:element xmlns:dev="https://tg-mobility.cloudhub.io/mobility/v1/assets/devices">dev:Response</con:element></con:representation><con:representation type="FAULT"><con:mediaType xsi:nil="true"/><con:status>404</con:status><con:params/><con:element>data</con:element></con:representation><con:representation type="RESPONSE"><con:mediaType>application/json</con:mediaType><con:status>200</con:status><con:params/></con:representation><con:representation type="RESPONSE"><con:mediaType xsi:nil="true"/><con:status>0</con:status><con:params/><con:element>data</con:element></con:representation><con:representation type="RESPONSE"><con:mediaType xsi:nil="true"/><con:status>0</con:status><con:params/><con:element>data</con:element></con:representation><con:representation type="RESPONSE"><con:mediaType xsi:nil="true"/><con:status>0</con:status><con:params/><con:element>data</con:element></con:representation><con:representation type="RESPONSE"><con:mediaType xsi:nil="true"/><con:status>0</con:status><con:params/><con:element>data</con:element></con:representation><con:representation type="RESPONSE"><con:mediaType xsi:nil="true"/><con:status>0</con:status><con:params/><con:element>data</con:element></con:representation><con:representation type="RESPONSE"><con:mediaType xsi:nil="true"/><con:status>0</con:status><con:params/><con:element>data</con:element></con:representation><con:representation type="RESPONSE"><con:mediaType xsi:nil="true"/><con:status>0</con:status><con:params/><con:element>data</con:element></con:representation><con:representation type="RESPONSE"><con:mediaType xsi:nil="true"/><con:status>0</con:status><con:params/><con:element>data</con:element></con:representation><con:representation type="RESPONSE"><con:mediaType xsi:nil="true"/><con:status>0</con:status><con:params/><con:element>data</con:element></con:representation><con:request name="Request 1" id="a816617f-5fcd-4e26-a7a0-1370b0c3981d" mediaType="application/json"><con:settings><con:setting id="com.eviware.soapui.impl.wsdl.WsdlRequest@request-headers">&lt;xml-fragment/></con:setting></con:settings><con:endpoint>https://tg-mobility.cloudhub.io</con:endpoint><con:request/><con:originalUri>https://tg-mobility.cloudhub.io/mobility/v1/assets/devices35093407</con:originalUri><con:credentials><con:selectedAuthProfile>No Authorization</con:selectedAuthProfile><con:authType>No Authorization</con:authType></con:credentials><con:jmsConfig JMSDeliveryMode="PERSISTENT"/><con:jmsPropertyConfig/><con:parameters>
  <con:entry key="companyEmployeeId" value="35093407"/>
  <con:entry key="limit" value="10"/>
  <con:entry key="Authorization" value="Bearer 123"/>
  <con:entry key="X-TNGO-TENANT" value="XX1"/>
  <con:entry key="offset" value="0"/>
</con:parameters><con:parameterOrder><con:entry>X-TNGO-TENANT</con:entry><con:entry>Authorization</con:entry><con:entry>offset</con:entry><con:entry>companyEmployeeId</con:entry><con:entry>limit</con:entry></con:parameterOrder></con:request></con:method></con:resource></con:interface><con:interface xsi:type="con:RestService" id="c01be548-db20-4635-846c-7926dfe39440" wadlVersion="http://wadl.dev.java.net/2009/02" name="https://tg-mobility.cloudhub.io" type="rest" xmlns:xsi="http://www.w3.org/2001/XMLSchema-instance"><con:settings/><con:definitionCache type="TEXT" rootPart=""/><con:endpoints><con:endpoint>https://tg-mobility.cloudhub.io</con:endpoint></con:endpoints><con:resource name="Devices" path="/mobility/v1/assets/devices/{id}" id="7b70d501-da11-49f4-a3b0-16dc03fecd87"><con:settings/><con:parameters><con:parameter><con:name>id</con:name><con:value>123</con:value><con:style>TEMPLATE</con:style><con:default>123</con:default></con:parameter><con:parameter><con:name>X-TNGO-TENANT</con:name><con:value/><con:style>HEADER</con:style><con:default/><con:description xsi:nil="true"/></con:parameter><con:parameter><con:name>Authorization</con:name><con:value/><con:style>HEADER</con:style><con:default/><con:description xsi:nil="true"/></con:parameter><con:parameter><con:name>offset</con:name><con:value/><con:style>QUERY</con:style><con:default/><con:description xsi:nil="true"/></con:parameter></con:parameters><con:method name="DevicesId" id="7bf9ed7a-8095-4f41-b8b3-7cadd5d8c424" method="GET"><con:settings/><con:parameters/><con:representation type="FAULT"><con:mediaType>application/json</con:mediaType><con:status>400 403</con:status><con:params/><con:element xmlns:dev="https://tg-mobility.cloudhub.io/mobility/v1/assets/devices35093407">dev:Fault</con:element></con:representation><con:representation type="RESPONSE"><con:mediaType>application/json;charset=UTF-8</con:mediaType><con:status>200</con:status><con:params/><con:element xmlns:dev="https://tg-mobility.cloudhub.io/mobility/v1/assets/devices35093407">dev:Response</con:element></con:representation><con:request name="Request 1" id="6762d177-24f1-42fe-b736-22989f765564" mediaType="application/json"><con:settings><con:setting id="com.eviware.soapui.impl.wsdl.WsdlRequest@request-headers">&lt;xml-fragment/></con:setting></con:settings><con:endpoint>https://tg-mobility.cloudhub.io</con:endpoint><con:request/><con:originalUri>https://tg-mobility.cloudhub.io/mobility/v1/assets/devices35093407</con:originalUri><con:credentials><con:selectedAuthProfile>No Authorization</con:selectedAuthProfile><con:authType>No Authorization</con:authType></con:credentials><con:jmsConfig JMSDeliveryMode="PERSISTENT"/><con:jmsPropertyConfig/><con:parameters>
  <con:entry key="id" value="35093407"/>
  <con:entry key="Authorization" value="Bearer 7yx-U00Jy_zec2Sgt8PfFQb8Yh4350W_I2_3ItPXi_CpvuuNL1bVo-INZM5DZ4YjRI7uWapGXK-lIZvhomUxKQ"/>
  <con:entry key="X-TNGO-TENANT" value="XX1"/>
  <con:entry key="offset" value="0"/>
</con:parameters><con:parameterOrder><con:entry>X-TNGO-TENANT</con:entry><con:entry>Authorization</con:entry><con:entry>id</con:entry><con:entry>offset</con:entry></con:parameterOrder></con:request></con:method></con:resource></con:interface><con:interface xsi:type="con:RestService" id="7ad01a0e-899b-4c75-b2cc-c3f8a50eff72" wadlVersion="http://wadl.dev.java.net/2009/02" name="https://tg-mobility.cloudhub.io" type="rest" xmlns:xsi="http://www.w3.org/2001/XMLSchema-instance"><con:settings/><con:definitionCache type="TEXT" rootPart=""/><con:endpoints><con:endpoint>https://tg-mobility.cloudhub.io</con:endpoint></con:endpoints><con:resource name="Services" path="/mobility/v1/assets/services" id="beb59422-3f6b-4caa-90b7-6248d79ed742"><con:settings/><con:parameters><con:parameter><con:name>X-TNGO-TENANT</con:name><con:value/><con:style>HEADER</con:style><con:default/><con:description xsi:nil="true"/></con:parameter><con:parameter><con:name>Authorization</con:name><con:value/><con:style>HEADER</con:style><con:default/><con:description xsi:nil="true"/></con:parameter><con:parameter><con:name>offset</con:name><con:value/><con:style>QUERY</con:style><con:default/><con:description xsi:nil="true"/></con:parameter><con:parameter><con:name>companyEmployeeId</con:name><con:value/><con:style>QUERY</con:style><con:default/><con:description xsi:nil="true"/></con:parameter><con:parameter><con:name>limit</con:name><con:value/><con:style>QUERY</con:style><con:default/><con:description xsi:nil="true"/></con:parameter></con:parameters><con:method name="Services" id="63ab7a9e-24e8-44a5-a25d-706df051f9b2" method="GET"><con:settings/><con:parameters/><con:representation type="FAULT"><con:mediaType>application/json</con:mediaType><con:status>403</con:status><con:params/></con:representation><con:request name="AssetsServices" id="9ddc2354-f185-47e2-b033-a311cbe6ee07" mediaType="application/json"><con:settings><con:setting id="com.eviware.soapui.impl.wsdl.WsdlRequest@request-headers">&lt;xml-fragment/></con:setting></con:settings><con:endpoint>https://tg-mobility.cloudhub.io</con:endpoint><con:request/><con:credentials><con:selectedAuthProfile>No Authorization</con:selectedAuthProfile><con:authType>No Authorization</con:authType></con:credentials><con:jmsConfig JMSDeliveryMode="PERSISTENT"/><con:parameters>
  <con:entry key="Authorization" value="Bearer 123"/>
  <con:entry key="offset" value="0"/>
  <con:entry key="X-TNGO-TENANT" value="XX1"/>
  <con:entry key="limit" value="10"/>
  <con:entry key="companyEmployeeId" value="35093407"/>
</con:parameters><con:parameterOrder><con:entry>X-TNGO-TENANT</con:entry><con:entry>Authorization</con:entry><con:entry>offset</con:entry><con:entry>companyEmployeeId</con:entry><con:entry>limit</con:entry></con:parameterOrder></con:request></con:method></con:resource></con:interface><con:testSuite id="db33978c-bf32-48ef-875d-a2b462cf0590" name="ComboTestSuite"><con:settings/><con:runType>SEQUENTIAL</con:runType><con:testCase id="ffce1f93-6287-4bf9-beb2-41bf7125bce5" failOnError="true" failTestCaseOnErrors="true" keepSession="false" maxResults="0" name="TestCaseCombo" searchProperties="true"><con:settings/><con:savedRecentRuns>1</con:savedRecentRuns><con:testStep type="groovy" name="ScriptSetup" id="28b0db2c-2120-4b6f-b2c7-6916e55dc098"><con:settings/><con:config><script>// /////////////////////////////////////////////////////////////////////////
// * Using external classes, do these steps:
//   1) get tokens into test case propeties.
//   2) get dudley doright properties into test case properties.
// * After steps 1 and 2 - setup logging to a file.
// /////////////////////////////////////////////////////////////////////////

groovyUtils = new com.eviware.soapui.support.GroovyUtils( context ); 
def projectPath = groovyUtils.projectPath //gets the path of the project root

// this is sanity check with simple call.
soapUIScripts.CommonMethods.StaticMethod(log) 

// read in token pair 
soapUIScripts.CommonMethods.ReadTokenPair(projectPath + "\\" + "TokenPair.txt", log, testRunner)

// setup test case properties stored in 'DudleyDorightDataActions'
soapUIScripts.DudleyDorightDataActions.SetupTestCaseProperties(log, testRunner) 

// setup context variables.
// service number, sim id, company asset id, companyEmployeeId, email, mac address, service number
// these ids are the ones we save off for future API tests.
context.deviceId = ""
context.departmentId = ""
context.serviceId = ""
context.employeeId = ""
// these ids are also used to do more verificatin that each response has similarity.
context.simId = ""
context.email = ""
context.macAddress = ""
context.serviceNumber = ""
context.companyAssetId = ""
context.companyEmployeeId = ""
context.marketingName = ""
context.model = ""
context.serialNumberValue = ""

// file to be used through complete test case.
File outFile = new File(projectPath + "\\" + "IDsSetupLogFile.txt")

context.logFile = outFile
context.logFile.delete()
context.logFile.write "Test Case tokens and test case properties have been setup."
context.logFile.append "\n"
context.logFile.append "Now will run an Assets/devices request."
context.logFile.append "\n"


</script></con:config></con:testStep><con:testStep type="restrequest" name="AssetsDevices" id="911834e1-0adf-4987-b337-8451c788d774" disabled="true"><con:settings/><con:config service="https://tg-mobility.cloudhub.io" resourcePath="/mobility/v1/assets/devices" methodName="Devices" xsi:type="con:RestRequestStep" xmlns:xsi="http://www.w3.org/2001/XMLSchema-instance"><con:restRequest name="AssetsDevices" id="a816617f-5fcd-4e26-a7a0-1370b0c3981d" mediaType="application/json"><con:settings><con:setting id="com.eviware.soapui.impl.wsdl.WsdlRequest@request-headers">&lt;xml-fragment/></con:setting></con:settings><con:endpoint>https://tg-mobility.cloudhub.io</con:endpoint><con:request/><con:originalUri>https://tg-mobility.cloudhub.io/mobility/v1/assets/devices35093407</con:originalUri><con:assertion type="Valid HTTP Status Codes" id="cf4c36aa-a0c7-4f11-bf2b-90b60d28078a" name="Valid HTTP Status Codes"><con:settings/><con:configuration><codes>200</codes></con:configuration></con:assertion><con:credentials><con:selectedAuthProfile>No Authorization</con:selectedAuthProfile><con:authType>No Authorization</con:authType></con:credentials><con:jmsConfig JMSDeliveryMode="PERSISTENT"/><con:jmsPropertyConfig/><con:parameters>
  <con:entry key="Authorization" value="Bearer ${#TestCase#AccessToken}"/>
  <con:entry key="offset" value="0"/>
  <con:entry key="X-TNGO-TENANT" value="XX1"/>
  <con:entry key="limit" value="10"/>
  <con:entry key="companyEmployeeId" value="${#TestCase#companyEmployeeId}"/>
</con:parameters><con:parameterOrder><con:entry>X-TNGO-TENANT</con:entry><con:entry>Authorization</con:entry><con:entry>offset</con:entry><con:entry>companyEmployeeId</con:entry><con:entry>limit</con:entry></con:parameterOrder></con:restRequest></con:config></con:testStep><con:testStep type="groovy" name="ScriptVerifyIdsFromAssetsDevices" id="3d14b76a-f551-4ad6-9697-e5ab72724ff3"><con:settings/><con:config><script>// ////////////////////////////////////////////////////////////////////////////////////////////////////////////////////////////////
// Assets/devices has just been run and response is available.
// Setup context variable for each Id.
// Go through and get deviceId, serviceId, emplyeeId, and departmentId.
// Verify, when Id is in two different places, the two values match.
// Save the values off as context variables.
// Also get the value for companyAssetId, companyEmployeeId, departmentName, email, macAddress, model, 
// serial number, sim Id, and service Number values.
// ////////////////////////////////////////////////////////////////////////////////////////////////////////////////////////////////

import groovy.json.JsonSlurper 
def groovyUticontext.logFile.append "\n"ls = new com.eviware.soapui.support.GroovyUtils( context ); 
def testCase = context.testCase; 
def testStep = testCase.getTestStepByName("AssetsDevices") 


log.info ""
log.info "--------------------------------------------- LOOKING AT RESPONSE  --------------------------------------------------------------------------"
log.info ""

/* !!!!!!!!!!!!!!!! NOTE - UNCOMMENT 
// get response of selected test step.
def response = testStep.testRequest.messageExchange.response.responseContent
def slurper = new JsonSlurper()
def json = slurper.parseText response
*/

context.logFile.append "Begin looking at Ids in response from assets/devices request that was just run."
context.logFile.append "\n"

// read "deviceid" from two places and make sure ids are the same
def deviceId = "4567"
def deviceIdHref = "4567" 
if(!CompareItemsAreEqual(deviceId,deviceIdHref))
{
	context.logFile.append "ERROR - Device IDs do not match."
	context.logFile.append "\n"
}

context.deviceId = deviceId
context.logFile.append "Device Ids match."
context.logFile.append "\n"

// read "departmentId" - can only read this in one place
context.logFile.append "Department Id OK."
context.logFile.append "\n"
context.departmentId = "333"

// read "serviceId" from two places and make sure ids are the same
def serviceId = "34"
def serviceIdRef = "23"
//if(serviceId,serviceIdRef)
//{
	context.logFile.append "ERROR - service IDs do not match."
	context.logFile.append "\n"
//}

context.logFile.append "serviceIds match."
context.logFile.append "\n"
context.serviceId = serviceId

// read "EmploeeId" from two places and make sure ids are thre same
def employeeId ="88"
def employeeIdRef = "88"
if(!CompareItemsAreEqual(employeeId,employeeIdRef))
{
	context.logFile.append "ERROR - employee IDs do not match."
	context.logFile.append "\n"
}

context.logFile.append "employeeIds match."
context.logFile.append "\n"
context.employeeId = "09876"

context.logFile.append "Ids from Assets/Devices are as follows:"
context.logFile.append "\n"
context.logFile.append "DeviceId:" + context.deviceId
context.logFile.append "\n"
context.logFile.append "DepartmentId:" + context.departmentId
context.logFile.append "\n"
context.logFile.append "SeviceId:" + context.serviceId
context.logFile.append "\n"
context.logFile.append "EmployeeId:" + context.employeeId
context.logFile.append "\n"

// Also get the value for companyAssetId, companyEmployeeId, departmentName, email, macAddress, model, and serial number value.

context.companyAssetId = ""
context.companyEmployeeId = ""
context.departmentName = ""
context.email = ""
context.macAddress = ""
context.model = ""


// ///////////////////////////////////////////////////////////////////////
// 						METHODS
// ///////////////////////////////////////////////////////////////////////

// false if not equal amd true if equal
Boolean CompareItemsAreEqual(def itemOne, def itemTwo)
{
	if(itemOne != itemTwo)
	{
		return false
	}
	else
	{
		return true
	}
}
// 

// This return last item in a n href
// example: "http://tg-mobility.cloudhub.io/mobility/v1/employees/28672245" - "28672245" is returned
def TrimHrefAndReturnLastItem(String tempStringHref)
{
	// create array to hold all parts that are separated by a "/".
	def allParts = []
	allParts = tempStringHref.split("/")
	// for (str in allParts) {log.info str} // show all string list - DEBUG
	
	// remove last element from string passed in and return
	def listSize = allParts.length

	def idToReturn = allParts[listSize - 1]

	return idToReturn
}

def RemoveSquareBrackets(String strIn)
{
	return strIn // this removes the brackets
	//strOne = strIn.replaceAll("[","")	
	//return strOne.replaceAll("]","")	
}

</script></con:config></con:testStep><con:testStep type="restrequest" name="AssetsDevicesId" id="aa54e99c-6020-4bf1-a5e5-116e23cecb54" disabled="true"><con:settings/><con:config service="https://tg-mobility.cloudhub.io" resourcePath="/mobility/v1/assets/devices/{id}" methodName="DevicesId" xsi:type="con:RestRequestStep" xmlns:xsi="http://www.w3.org/2001/XMLSchema-instance"><con:restRequest name="AssetsDevicesId" id="6762d177-24f1-42fe-b736-22989f765564" mediaType="application/json"><con:settings><con:setting id="com.eviware.soapui.impl.wsdl.WsdlRequest@request-headers">&lt;xml-fragment/></con:setting></con:settings><con:endpoint>https://tg-mobility.cloudhub.io</con:endpoint><con:request/><con:originalUri>https://tg-mobility.cloudhub.io/mobility/v1/assets/devices35093407</con:originalUri><con:assertion type="Valid HTTP Status Codes" id="a9aad091-b529-4872-903e-f58d9b3e5153" name="Valid HTTP Status Codes"><con:settings/><con:configuration><codes>200</codes></con:configuration></con:assertion><con:credentials><con:selectedAuthProfile>No Authorization</con:selectedAuthProfile><con:authType>No Authorization</con:authType></con:credentials><con:jmsConfig JMSDeliveryMode="PERSISTENT"/><con:jmsPropertyConfig/><con:parameters>
  <con:entry key="id" value="35093407"/>
  <con:entry key="Authorization" value="Bearer ${#TestCase#AccessToken}"/>
  <con:entry key="X-TNGO-TENANT" value="XX1"/>
  <con:entry key="offset" value="0"/>
</con:parameters><con:parameterOrder><con:entry>X-TNGO-TENANT</con:entry><con:entry>Authorization</con:entry><con:entry>id</con:entry><con:entry>offset</con:entry></con:parameterOrder></con:restRequest></con:config></con:testStep><con:testStep type="groovy" name="SciptGetSpecificInfo" id="f7dc77c7-84fb-4aa3-a52b-ce819c5d770c" disabled="true"><con:settings/><con:config><script>// this will be here for gettting results of Assets/Devices/Id</script></con:config></con:testStep><con:testStep type="restrequest" name="AssetsServices" id="ec2b8bc5-678d-41e7-a831-913226a55c00" disabled="true"><con:settings/><con:config service="https://tg-mobility.cloudhub.io" resourcePath="/mobility/v1/assets/services" methodName="Services" xsi:type="con:RestRequestStep" xmlns:xsi="http://www.w3.org/2001/XMLSchema-instance"><con:restRequest name="AssetsServices" id="9ddc2354-f185-47e2-b033-a311cbe6ee07" mediaType="application/json"><con:settings><con:setting id="com.eviware.soapui.impl.wsdl.WsdlRequest@request-headers">&lt;xml-fragment/></con:setting></con:settings><con:endpoint>https://tg-mobility.cloudhub.io</con:endpoint><con:request/><con:originalUri>https://tg-mobility.cloudhub.io/mobility/v1/assets/services</con:originalUri><con:credentials><con:selectedAuthProfile>No Authorization</con:selectedAuthProfile><con:authType>No Authorization</con:authType></con:credentials><con:jmsConfig JMSDeliveryMode="PERSISTENT"/><con:parameters>
  <con:entry key="Authorization" value="Bearer 123"/>
  <con:entry key="offset" value="0"/>
  <con:entry key="X-TNGO-TENANT" value="XX1"/>
  <con:entry key="limit" value="10"/>
  <con:entry key="companyEmployeeId" value="35093407"/>
</con:parameters><con:parameterOrder><con:entry>X-TNGO-TENANT</con:entry><con:entry>Authorization</con:entry><con:entry>offset</con:entry><con:entry>companyEmployeeId</con:entry><con:entry>limit</con:entry></con:parameterOrder></con:restRequest></con:config></con:testStep><con:properties><con:property><con:name>Tenant</con:name><con:value>XX1</con:value></con:property><con:property><con:name>limit</con:name><con:value>10</con:value></con:property><con:property><con:name>companyEmployeeId</con:name><con:value>Dudley.Doright2.XX1</con:value></con:property><con:property><con:name>offset</con:name><con:value>0</con:value></con:property><con:property><con:name>AccessToken</con:name><con:value xmlns:xsi="http://www.w3.org/2001/XMLSchema-instance">lVQOwVSaL5f8bjXnhF8YtjrHwj5c31rF4Lw8dWRe_AfNAJ0fyOd-RgqstpW_OpjL_qr5hM_zoOlzyh_6QuuLaQ</con:value></con:property><con:property><con:name>refreshToken</con:name><con:value xmlns:xsi="http://www.w3.org/2001/XMLSchema-instance">46ksI0vLBia3t56uh0uvpenZ9PXBNhNXoWc3-xce91CPO9sK0fqIvbMwYnNwPXjEUj4sqdNZi6B9VbSRCTfkEQ</con:value></con:property></con:properties><con:reportParameters/><con:breakPoints><con:testStepId>28b0db2c-2120-4b6f-b2c7-6916e55dc098</con:testStepId><con:status>NONE</con:status><con:properties/></con:breakPoints><con:breakPoints><con:testStepId>911834e1-0adf-4987-b337-8451c788d774</con:testStepId><con:status>NONE</con:status><con:properties/></con:breakPoints><con:breakPoints><con:testStepId>3d14b76a-f551-4ad6-9697-e5ab72724ff3</con:testStepId><con:status>NONE</con:status><con:properties/></con:breakPoints><con:breakPoints><con:testStepId>aa54e99c-6020-4bf1-a5e5-116e23cecb54</con:testStepId><con:status>NONE</con:status><con:properties/></con:breakPoints></con:testCase><con:properties/><con:reportParameters/></con:testSuite><con:requirements/><con:properties/><con:wssContainer/><con:databaseConnectionContainer/><con:oAuth2ProfileContainer/><con:reporting><con:xmlTemplates/><con:parameters/></con:reporting><con:sensitiveInformation/><con:authRepository/></con:soapui-project>