<?xml version="1.0" encoding="UTF-8"?>
<con:soapui-project id="f3a56f59-8c8f-486b-b120-244fb0e090c4" activeEnvironment="Default" name="Demo" resourceRoot="" soapui-version="5.2.0" abortOnError="false" runType="SEQUENTIAL" xmlns:con="http://eviware.com/soapui/config"><con:settings/><con:interface xsi:type="con:RestService" id="98104a6b-e103-4223-ab31-c10e5cc4aa20" wadlVersion="http://wadl.dev.java.net/2009/02" name="http://tg-mobility.cloudhub.io" type="rest" xmlns:xsi="http://www.w3.org/2001/XMLSchema-instance"><con:settings/><con:definitionCache type="TEXT" rootPart=""/><con:endpoints><con:endpoint>http://tg-mobility.cloudhub.io</con:endpoint></con:endpoints><con:resource name="Services" path="/mobility/v1/assets/services" id="c2c2997f-4447-4755-a3e9-63ab3fbab649"><con:settings/><con:parameters><con:parameter><con:name>X-TNGO-TENANT</con:name><con:value/><con:style>HEADER</con:style><con:default/><con:description xsi:nil="true"/></con:parameter><con:parameter><con:name>X-TNGO-USER-COMMAND</con:name><con:value/><con:style>HEADER</con:style><con:default/><con:description xsi:nil="true"/></con:parameter><con:parameter><con:name>client_id</con:name><con:value/><con:style>HEADER</con:style><con:default/><con:description xsi:nil="true"/></con:parameter><con:parameter><con:name>client_secret</con:name><con:value/><con:style>HEADER</con:style><con:default/><con:description xsi:nil="true"/></con:parameter><con:parameter><con:name>limit</con:name><con:value/><con:style>QUERY</con:style><con:default/><con:description xsi:nil="true"/></con:parameter><con:parameter><con:name>offset</con:name><con:value/><con:style>QUERY</con:style><con:default/><con:description xsi:nil="true"/></con:parameter></con:parameters><con:method name="Services" id="eb097b0c-abf1-4e47-94c6-fd6824301ff4" method="GET"><con:settings/><con:parameters/><con:representation type="FAULT"><con:mediaType>application/json</con:mediaType><con:status>403 400</con:status><con:params/><con:element xmlns:ser="http://tg-mobility.cloudhub.io/mobility/v1/assets/services">ser:Fault</con:element></con:representation><con:representation type="RESPONSE"><con:mediaType>application/json;charset=UTF-8</con:mediaType><con:status>200</con:status><con:params/><con:element xmlns:ser="http://tg-mobility.cloudhub.io/mobility/v1/assets/services">ser:Response</con:element></con:representation><con:request name="getAllServices" id="46d81593-8596-48cc-88dd-26415d894d8d" mediaType="application/json"><con:settings><con:setting id="com.eviware.soapui.impl.wsdl.WsdlRequest@request-headers">&lt;xml-fragment/></con:setting></con:settings><con:endpoint>http://tg-mobility.cloudhub.io</con:endpoint><con:request/><con:originalUri>http://tg-mobility.cloudhub.io/mobility/v1/assets/services</con:originalUri><con:credentials><con:authType>No Authorization</con:authType></con:credentials><con:jmsConfig JMSDeliveryMode="PERSISTENT"/><con:jmsPropertyConfig/><con:parameters>
  <con:entry key="limit" value="10"/>
  <con:entry key="client_secret" value="71f90d2437ee4a41A992931F17AC9AEC"/>
  <con:entry key="X-TNGO-TENANT" value="XX1"/>
  <con:entry key="X-TNGO-USER-COMMAND" value="sn_admin_xx1"/>
  <con:entry key="client_id" value="676ff94144f4400e9227c89937c1ade4"/>
  <con:entry key="offset" value="0"/>
</con:parameters><con:parameterOrder><con:entry>X-TNGO-TENANT</con:entry><con:entry>X-TNGO-USER-COMMAND</con:entry><con:entry>client_id</con:entry><con:entry>client_secret</con:entry><con:entry>limit</con:entry><con:entry>offset</con:entry></con:parameterOrder></con:request></con:method></con:resource></con:interface><con:testSuite id="05e4b85d-d7c2-41d7-ab23-a7c7aa323bd9" name="API_AssetsServices"><con:settings/><con:runType>SEQUENTIAL</con:runType><con:testCase id="739f02b2-ca21-4573-bbf1-74677fa04721" failOnError="true" failTestCaseOnErrors="true" keepSession="false" maxResults="0" name="statusCode200" searchProperties="true"><con:settings/><con:testStep type="groovy" name="StatusCodes" id="89fc23ce-fc5a-4c68-8318-30ef9a203a8a"><con:settings/><con:config><script>/*##################################################################
########## 		Get Http Status Codes     		#############
########## 		Rob Sarro 10/13/2015 			#############
##########	1)Check for valid Http Status Codes	############
#################################################################*/
import com.eviware.soapui.support.GroovyUtils 
import groovy.xml.XmlUtil 
import com.eviware.soapui.support.XmlHolder
import net.sf.*;
import net.sf.json.*;
import net.sf.json.groovy.*;
import groovy.json.JsonSlurper 
import com.eviware.soapui.support.GroovyUtils 
import groovy.xml.XmlUtil 
import com.eviware.soapui.support.XmlHolder
import net.sf.*;
import net.sf.json.*;
import net.sf.json.groovy.*;
import groovy.json.JsonSlurper 
import com.eviware.soapui.model.project.ProjectFactoryRegistry
import com.eviware.soapui.impl.wsdl.WsdlProjectFactory

def ProjectAbsolutePath = "C:\\SoapUi_Projects\\AutoTestSoapTests\\Demo.xml"

def groovyUtils = new com.eviware.soapui.support.GroovyUtils( context );
def today = new Date()
def projectName = "Demo"


def workspace = testRunner.testCase.testSuite.project.workspace

def mainProj = (workspace==null) ? 
ProjectFactoryRegistry.getProjectFactory(WsdlProjectFactory.WSDL_TYPE).createNew(ProjectAbsolutePath) :
 workspace.getProjectByName(projectName)
if(!mainProj.open &amp;&amp; workspace!=null)
{
	workspace.openProject(testProject)
}

def stepName = "StatusCode200Request"
def step = context.testCase.getTestStepByName(stepName)
step.run(testRunner, context) 


stepName = "StatusCode400Request"
step = context.testCase.getTestStepByName(stepName)
step.run(testRunner, context) 




return

//call getstatusCode200 Method
	getStatusCode200()
//call getstatusCode400 Method
	getStatusCode400()




				/*##############################################################
				###########################		   ##########################
				###########################  METHODS  ##########################
				###########################           ##########################
				##############################################################*/




void Status200()
{

	
}




/*#####################################################################
###################  Get Http Status Code 200  #######################
####################################################################*/
	void getStatusCode200(args)
{
//run test step
	def groovyUtils = new com.eviware.soapui.support.GroovyUtils( context ); 
	def testCase = context.testCase; 
	def testStep = testCase.getTestStepByName("StatusCode200Request");  
	testRunner = new com.eviware.soapui.impl.wsdl.testcase.WsdlTestCaseRunner(testCase, null); 
	testStepContext = new com.eviware.soapui.impl.wsdl.testcase.WsdlTestRunContext(testStep); 
	testStep.run(testRunner, testStepContext);

//Get HttpStatusCode
	def StatusCode200 = new com.eviware.soapui.support.GroovyUtils( context )
	def httpResponseHeaders200 = context.testCase.testSteps["StatusCode200Request"].testRequest.response.responseHeaders
	def httpStatus200 = httpResponseHeaders200["#status#"]
	def httpStatusCode200 = (httpStatus200 =~ "[1-5]\\d\\d")[0]
	assert httpStatusCode200 == "200"
//log.info httpStatusCode200
}

/*#####################################################################
###################  Get Http Status Codde 400  ######################
####################################################################*/
	void getStatusCode400(args)
{
	//run test step
	def groovyUtils = new com.eviware.soapui.support.GroovyUtils( context ); 
	def testCase = context.testCase; 
	def testStep = testCase.getTestStepByName("StatusCode400Request");  
	testRunner = new com.eviware.soapui.impl.wsdl.testcase.WsdlTestCaseRunner(testCase, null); 
	testStepContext = new com.eviware.soapui.impl.wsdl.testcase.WsdlTestRunContext(testStep); 
	testStep.run(testRunner, testStepContext);

	//Get HttpStatusCode		
	def StatusCode400 = new com.eviware.soapui.support.GroovyUtils( context )
	def httpResponseHeaders400 = context.testCase.testSteps["StatusCode400Request"].testRequest.response.responseHeaders
	def httpStatus400 = httpResponseHeaders400["#status#"]
	def httpStatusCode400 = (httpStatus400 =~ "[1-5]\\d\\d")[0]
	assert httpStatusCode400 == "400"
	//log.info httpStatusCode400
}</script></con:config></con:testStep><con:testStep type="restrequest" name="StatusCode200Request" id="f1a51cb8-2660-42d5-a4e2-8037e5bac251" disabled="true"><con:settings/><con:config service="http://tg-mobility.cloudhub.io" methodName="Services" resourcePath="/mobility/v1/assets/services" xsi:type="con:RestRequestStep" xmlns:xsi="http://www.w3.org/2001/XMLSchema-instance"><con:restRequest name="StatusCode200Request" id="944140e5-2e0e-4641-9770-d120a5be0889" mediaType="application/json"><con:settings><con:setting id="com.eviware.soapui.impl.wsdl.WsdlRequest@request-headers">&lt;xml-fragment/></con:setting></con:settings><con:encoding>UTF-8</con:encoding><con:endpoint>http://tg-mobility.cloudhub.io</con:endpoint><con:request/><con:originalUri>http://tg-mobility.cloudhub.io/mobility/v1/assets/services</con:originalUri><con:assertion type="GroovyScriptAssertion" id="88be371f-bfad-4210-86da-b17d6e5ada9d" name="Script Assertion"><con:configuration><scriptText>log.info "Running Status code 200"
</scriptText></con:configuration></con:assertion><con:credentials><con:authType>No Authorization</con:authType></con:credentials><con:jmsConfig JMSDeliveryMode="PERSISTENT"/><con:jmsPropertyConfig/><con:parameters>
  <con:entry key="limit" value="10"/>
  <con:entry key="client_secret" value="71f90d2437ee4a41A992931F17AC9AEC"/>
  <con:entry key="X-TNGO-TENANT" value="XX1"/>
  <con:entry key="X-TNGO-USER-COMMAND" value="sn_admin_xx1"/>
  <con:entry key="client_id" value="676ff94144f4400e9227c89937c1ade4"/>
  <con:entry key="offset" value="0"/>
</con:parameters></con:restRequest></con:config></con:testStep><con:testStep type="restrequest" name="StatusCode400Request" id="48e5bac9-e572-455c-aa15-481577126d9a" disabled="true"><con:settings/><con:config service="http://tg-mobility.cloudhub.io" methodName="Services" resourcePath="/mobility/v1/assets/services" xsi:type="con:RestRequestStep" xmlns:xsi="http://www.w3.org/2001/XMLSchema-instance"><con:restRequest name="StatusCode400Request" id="e2faa5f9-0adc-42e7-a612-854324cc84cc" mediaType="application/json"><con:settings><con:setting id="com.eviware.soapui.impl.wsdl.WsdlRequest@request-headers">&lt;xml-fragment/></con:setting></con:settings><con:encoding>UTF-8</con:encoding><con:endpoint>http://tg-mobility.cloudhub.io</con:endpoint><con:request/><con:originalUri>http://tg-mobility.cloudhub.io/mobility/v1/assets/services</con:originalUri><con:assertion type="GroovyScriptAssertion" id="6887cfc8-e937-47d5-9a33-d10717194214" name="Script Assertion"><con:configuration><scriptText>log.info "Running Status Code 400"</scriptText></con:configuration></con:assertion><con:credentials><con:authType>No Authorization</con:authType></con:credentials><con:jmsConfig JMSDeliveryMode="PERSISTENT"/><con:jmsPropertyConfig/><con:parameters>
  <con:entry key="limit" value="10"/>
  <con:entry key="client_secret" value="71f90d2437ee4a41A992931F17AC9AEC"/>
  <con:entry key="client_id" value="676ff94144f4400e9227c89937c1ade4"/>
  <con:entry key="offset" value="0"/>
</con:parameters></con:restRequest></con:config></con:testStep><con:properties/></con:testCase><con:properties/></con:testSuite><con:properties/><con:wssContainer/><con:oAuth2ProfileContainer/><con:sensitiveInformation/></con:soapui-project>