<?xml version="1.0" encoding="UTF-8"?>
<con:soapui-workspace name="MyWorkspace" soapui-version="6.0.0" xmlns:con="http://eviware.com/soapui/config">
  <con:settings/>
  <con:recentItemCollection>
    <con:moduleId>StarterPageModule</con:moduleId>
    <con:itemId>45c2725b-636c-4940-bdf3-64776ec7d530</con:itemId>
  </con:recentItemCollection>
  <con:recentItemCollection>
    <con:moduleId>SoapUiNGModule</con:moduleId>
    <con:itemId>7c1ba5c6-86d4-411f-9093-3256b2e78bcc</con:itemId>
    <con:itemId>c39ec0fc-7959-4cde-8715-e515da763292</con:itemId>
    <con:itemId>b197246a-ba00-4b4d-99d2-a18ea7a56e7a</con:itemId>
    <con:itemId>9947efc2-eb2a-4859-8938-1e20610a6b1e</con:itemId>
    <con:itemId>285c42c7-6280-4cc5-b9e5-7435394462f0</con:itemId>
  </con:recentItemCollection>
  <con:recentItemCollection>
    <con:moduleId>ProjectsModule</con:moduleId>
    <con:itemId>e9ad8790-439e-42f5-91f9-fc384b2126a0</con:itemId>
    <con:itemId>68f008dc-8bd8-477c-9b6f-ed04e3c23836</con:itemId>
  </con:recentItemCollection>
  <con:navigatorNodeCollection>
    <con:rootNodeLabel>SoapUI NG</con:rootNodeLabel>
    <con:expandNodeState>
      <con:id>ab51828a-fde9-4755-a1cc-b725c0642086</con:id>
      <con:expandState>true</con:expandState>
    </con:expandNodeState>
    <con:expandNodeState>
      <con:id>afd4f01b-1c66-4168-b75e-0ae2cd5aa4f2</con:id>
      <con:expandState>true</con:expandState>
    </con:expandNodeState>
    <con:expandNodeState>
      <con:id>5f4c7250-785c-40e0-858e-42adbee41ae0</con:id>
      <con:expandState>true</con:expandState>
    </con:expandNodeState>
    <con:expandNodeState>
      <con:id>305a3c56-5c08-4e87-8b1f-b784342beb21</con:id>
      <con:expandState>true</con:expandState>
    </con:expandNodeState>
    <con:expandNodeState>
      <con:id>de97eb1f-ef52-4b42-8a69-769e6da8bdaa</con:id>
      <con:expandState>false</con:expandState>
    </con:expandNodeState>
    <con:expandNodeState>
      <con:id>8ce2d35c-64d1-40ca-bdf2-d51d64e2f8a6</con:id>
      <con:expandState>true</con:expandState>
    </con:expandNodeState>
    <con:expandNodeState>
      <con:id>3e44b956-bb81-4e49-9f49-4d666cfbdb3e</con:id>
      <con:expandState>true</con:expandState>
    </con:expandNodeState>
    <con:expandNodeState>
      <con:id>f3a56f59-8c8f-486b-b120-244fb0e090c4</con:id>
      <con:expandState>false</con:expandState>
    </con:expandNodeState>
    <con:expandNodeState>
      <con:id>deee38d4-d631-431f-8ab4-18cfe4853c2b</con:id>
      <con:expandState>true</con:expandState>
    </con:expandNodeState>
    <con:expandNodeState>
      <con:id>6bf03b37-348a-4b6b-98d6-ec32f537b077</con:id>
      <con:expandState>true</con:expandState>
    </con:expandNodeState>
    <con:expandNodeState>
      <con:id>98104a6b-e103-4223-ab31-c10e5cc4aa20</con:id>
      <con:expandState>false</con:expandState>
    </con:expandNodeState>
    <con:expandNodeState>
      <con:id>5ed04a33-e6b7-481c-8861-2ac78769bb55</con:id>
      <con:expandState>false</con:expandState>
    </con:expandNodeState>
    <con:expandNodeState>
      <con:id>4ee56b36-7e11-4857-bb71-d0ea1ef54d68</con:id>
      <con:expandState>false</con:expandState>
    </con:expandNodeState>
    <con:expandNodeState>
      <con:id>e3ede794-f15a-4ccc-96cb-fd513be14362</con:id>
      <con:expandState>false</con:expandState>
    </con:expandNodeState>
    <con:expandNodeState>
      <con:id>7c19c94d-1df9-48ac-b488-576e0b3a202f</con:id>
      <con:expandState>true</con:expandState>
    </con:expandNodeState>
    <con:expandNodeState>
      <con:id>bfe8a790-5e34-43b9-88cc-2a151b264d6f</con:id>
      <con:expandState>false</con:expandState>
    </con:expandNodeState>
    <con:expandNodeState>
      <con:id>0098e519-0f31-4355-941d-ce464bf9ed4b</con:id>
      <con:expandState>true</con:expandState>
    </con:expandNodeState>
    <con:expandNodeState>
      <con:id>d87611bb-eae9-4620-b5d1-a54e71bb5430</con:id>
      <con:expandState>true</con:expandState>
    </con:expandNodeState>
    <con:expandNodeState>
      <con:id>b0929398-443d-4762-a420-002945cdf0a7</con:id>
      <con:expandState>false</con:expandState>
    </con:expandNodeState>
    <con:expandNodeState>
      <con:id>5a67119a-c556-4015-8cd0-e431345ea66b</con:id>
      <con:expandState>false</con:expandState>
    </con:expandNodeState>
    <con:expandNodeState>
      <con:id>24e477c5-8157-4711-8ff1-6a8e253a207d</con:id>
      <con:expandState>false</con:expandState>
    </con:expandNodeState>
    <con:expandNodeState>
      <con:id>6010e888-54e0-48be-8352-ad774bf29265</con:id>
      <con:expandState>true</con:expandState>
    </con:expandNodeState>
    <con:expandNodeState>
      <con:id>225899bd-2f43-49d3-b920-989ec3921e9c</con:id>
      <con:expandState>false</con:expandState>
    </con:expandNodeState>
    <con:expandNodeState>
      <con:id>d0cd507d-25e4-47ef-bf17-aa548c6203f2</con:id>
      <con:expandState>false</con:expandState>
    </con:expandNodeState>
    <con:expandNodeState>
      <con:id>7059b3c1-901d-4e6b-8d81-801d4b440ef2</con:id>
      <con:expandState>false</con:expandState>
    </con:expandNodeState>
    <con:expandNodeState>
      <con:id>57417139-47c1-4ef4-9fb2-8a352c72a595</con:id>
      <con:expandState>false</con:expandState>
    </con:expandNodeState>
    <con:expandNodeState>
      <con:id>ee348bc3-297d-477f-986a-90568f1af050</con:id>
      <con:expandState>false</con:expandState>
    </con:expandNodeState>
    <con:expandNodeState>
      <con:id>1aa41219-9ad6-4f05-bbab-b1aa6c531725</con:id>
      <con:expandState>true</con:expandState>
    </con:expandNodeState>
    <con:expandNodeState>
      <con:id>708b2397-3f53-4b09-b374-f53d8a434e10</con:id>
      <con:expandState>true</con:expandState>
    </con:expandNodeState>
    <con:expandNodeState>
      <con:id>ee88d1bc-b782-4d18-8aef-e20fabb17a48</con:id>
      <con:expandState>true</con:expandState>
    </con:expandNodeState>
    <con:expandNodeState>
      <con:id>7b92872c-bf35-4a0f-98bb-f79a17489540</con:id>
      <con:expandState>true</con:expandState>
    </con:expandNodeState>
    <con:expandNodeState>
      <con:id>d568f35a-cdb2-4e8f-bf57-e8d68e68f318</con:id>
      <con:expandState>false</con:expandState>
    </con:expandNodeState>
    <con:expandNodeState>
      <con:id>38d91ee5-336d-4841-abe2-bf16f7764ff8</con:id>
      <con:expandState>true</con:expandState>
    </con:expandNodeState>
    <con:expandNodeState>
      <con:id>c9ca1039-2b62-4e96-b643-fabe71a0f6a8</con:id>
      <con:expandState>true</con:expandState>
    </con:expandNodeState>
    <con:expandNodeState>
      <con:id>5769653a-88e9-4b01-8662-500caec745d0</con:id>
      <con:expandState>true</con:expandState>
    </con:expandNodeState>
    <con:expandNodeState>
      <con:id>a27dc03d-3b38-4605-bbeb-81aa3467a800</con:id>
      <con:expandState>true</con:expandState>
    </con:expandNodeState>
    <con:expandNodeState>
      <con:id>e4df3391-a0b1-4903-b8dc-855f0628241a</con:id>
      <con:expandState>true</con:expandState>
    </con:expandNodeState>
    <con:expandNodeState>
      <con:id>91197469-684e-47a3-9a7f-5b8d475bb687</con:id>
      <con:expandState>true</con:expandState>
    </con:expandNodeState>
    <con:expandNodeState>
      <con:id>6d2fd92e-af65-432a-994a-837746066afc</con:id>
      <con:expandState>true</con:expandState>
    </con:expandNodeState>
    <con:expandNodeState>
      <con:id>1c1524a6-6d34-45d4-9da8-63169dd1c4a8</con:id>
      <con:expandState>true</con:expandState>
    </con:expandNodeState>
    <con:expandNodeState>
      <con:id>65f75dc2-a955-4478-a714-709582747396</con:id>
      <con:expandState>true</con:expandState>
    </con:expandNodeState>
    <con:expandNodeState>
      <con:id>6d360f14-178d-4c30-9bfb-f5300d7b579e</con:id>
      <con:expandState>true</con:expandState>
    </con:expandNodeState>
    <con:expandNodeState>
      <con:id>e73508e0-9e12-42dc-bd15-082de3a7c763</con:id>
      <con:expandState>true</con:expandState>
    </con:expandNodeState>
    <con:expandNodeState>
      <con:id>4e1dad64-f682-43e8-817d-9f8589a2a5e8</con:id>
      <con:expandState>false</con:expandState>
    </con:expandNodeState>
    <con:expandNodeState>
      <con:id>45c2725b-636c-4940-bdf3-64776ec7d530</con:id>
      <con:expandState>true</con:expandState>
    </con:expandNodeState>
    <con:expandNodeState>
      <con:id>cc88eebf-0c25-4807-8737-79f2eae49b3b</con:id>
      <con:expandState>true</con:expandState>
    </con:expandNodeState>
    <con:expandNodeState>
      <con:id>285c42c7-6280-4cc5-b9e5-7435394462f0</con:id>
      <con:expandState>true</con:expandState>
    </con:expandNodeState>
    <con:expandNodeState>
      <con:id>c5588346-74d4-406a-8463-fcf604e96811</con:id>
      <con:expandState>false</con:expandState>
    </con:expandNodeState>
    <con:expandNodeState>
      <con:id>fbcef630-dc44-4d57-868d-07a3c5505736</con:id>
      <con:expandState>true</con:expandState>
    </con:expandNodeState>
    <con:expandNodeState>
      <con:id>7dee275c-c346-4d6d-81b6-da484d13ecda</con:id>
      <con:expandState>true</con:expandState>
    </con:expandNodeState>
    <con:expandNodeState>
      <con:id>ccb877b7-1e83-4f94-9642-7949ceee54b7</con:id>
      <con:expandState>true</con:expandState>
    </con:expandNodeState>
    <con:expandNodeState>
      <con:id>4c96e19f-d65b-44be-9e29-cced6313de3e</con:id>
      <con:expandState>true</con:expandState>
    </con:expandNodeState>
    <con:expandNodeState>
      <con:id>05c36b3b-ff47-42f5-b581-30a0b7c4f5ee</con:id>
      <con:expandState>true</con:expandState>
    </con:expandNodeState>
    <con:expandNodeState>
      <con:id>e62d76e4-60d6-45be-bc06-5b96d3d3c37b</con:id>
      <con:expandState>true</con:expandState>
    </con:expandNodeState>
    <con:expandNodeState>
      <con:id>7cfca770-2bb7-473a-8cd2-c5702aee6b6d</con:id>
      <con:expandState>false</con:expandState>
    </con:expandNodeState>
    <con:expandNodeState>
      <con:id>f7ae53c5-7b63-4c61-818b-b587872476cf</con:id>
      <con:expandState>false</con:expandState>
    </con:expandNodeState>
    <con:expandNodeState>
      <con:id>db33978c-bf32-48ef-875d-a2b462cf0590</con:id>
      <con:expandState>true</con:expandState>
    </con:expandNodeState>
    <con:expandNodeState>
      <con:id>ffce1f93-6287-4bf9-beb2-41bf7125bce5</con:id>
      <con:expandState>true</con:expandState>
    </con:expandNodeState>
  </con:navigatorNodeCollection>
  <con:navigatorNodeCollection>
    <con:rootNodeLabel>Projects</con:rootNodeLabel>
    <con:expandNodeState>
      <con:id>45c2725b-636c-4940-bdf3-64776ec7d530</con:id>
      <con:expandState>false</con:expandState>
    </con:expandNodeState>
    <con:expandNodeState>
      <con:id>c5588346-74d4-406a-8463-fcf604e96811</con:id>
      <con:expandState>true</con:expandState>
    </con:expandNodeState>
    <con:expandNodeState>
      <con:id>06566526-a11a-4195-b8e4-7135a119dd12</con:id>
      <con:expandState>true</con:expandState>
    </con:expandNodeState>
    <con:expandNodeState>
      <con:id>e3eb97d5-20cc-4075-a21f-4f78ba52d315</con:id>
      <con:expandState>true</con:expandState>
    </con:expandNodeState>
    <con:expandNodeState>
      <con:id>ed0b301c-1550-47f6-ba37-bf5a1667633f</con:id>
      <con:expandState>false</con:expandState>
    </con:expandNodeState>
    <con:expandNodeState>
      <con:id>cc88eebf-0c25-4807-8737-79f2eae49b3b</con:id>
      <con:expandState>false</con:expandState>
    </con:expandNodeState>
    <con:expandNodeState>
      <con:id>bfe8a790-5e34-43b9-88cc-2a151b264d6f</con:id>
      <con:expandState>true</con:expandState>
    </con:expandNodeState>
    <con:expandNodeState>
      <con:id>b0929398-443d-4762-a420-002945cdf0a7</con:id>
      <con:expandState>true</con:expandState>
    </con:expandNodeState>
    <con:expandNodeState>
      <con:id>afdb460c-2fda-4cb9-ad62-5b09247f20f6</con:id>
      <con:expandState>true</con:expandState>
    </con:expandNodeState>
    <con:expandNodeState>
      <con:id>e9ad8790-439e-42f5-91f9-fc384b2126a0</con:id>
      <con:expandState>true</con:expandState>
    </con:expandNodeState>
    <con:expandNodeState>
      <con:id>68f008dc-8bd8-477c-9b6f-ed04e3c23836</con:id>
      <con:expandState>false</con:expandState>
    </con:expandNodeState>
    <con:expandNodeState>
      <con:id>0098e519-0f31-4355-941d-ce464bf9ed4b</con:id>
      <con:expandState>false</con:expandState>
    </con:expandNodeState>
    <con:expandNodeState>
      <con:id>ab51828a-fde9-4755-a1cc-b725c0642086</con:id>
      <con:expandState>false</con:expandState>
    </con:expandNodeState>
    <con:expandNodeState>
      <con:id>f3a56f59-8c8f-486b-b120-244fb0e090c4</con:id>
      <con:expandState>false</con:expandState>
    </con:expandNodeState>
  </con:navigatorNodeCollection>
</con:soapui-workspace>