<?xml version="1.0" encoding="UTF-8"?>
<con:soapui-project id="e127c2a5-d30b-4d47-9128-089e36023268" activeEnvironment="Default environment" name="API_OrdersIdShipments" lastOpened="2017-10-09T09:34:36.743-03:00" soapui-version="6.0.0" resourceRoot="" updated="2.4.0 2018-06-08T12:50:23Z" encryptionMode="Not encrypted" xmlns:con="http://eviware.com/soapui/config">
  <con:settings/>
  <con:interface xsi:type="con:RestService" id="e3fe85c7-a378-49f3-8754-7213dc8d6509" wadlVersion="http://wadl.dev.java.net/2009/02" name="Orders Id Shipments" type="rest" xmlns:xsi="http://www.w3.org/2001/XMLSchema-instance">
    <con:settings/>
    <con:definitionCache type="TEXT" rootPart=""/>
    <con:endpoints>
      <con:endpoint>https://tg-mobility.cloudhub.io</con:endpoint>
    </con:endpoints>
    <con:resource name="Shipments" path="/orders/{id}/shipments" id="819bbeb4-c3e6-4e3a-acfe-c93dd807f358">
      <con:settings/>
      <con:parameters>
        <con:parameter>
          <con:name>sortAscending</con:name>
          <con:value>false</con:value>
          <con:style>QUERY</con:style>
          <con:default>false</con:default>
          <con:path xsi:nil="true"/>
          <con:description xsi:nil="true"/>
        </con:parameter>
        <con:parameter>
          <con:name>Authorization</con:name>
          <con:value/>
          <con:style>HEADER</con:style>
          <con:default/>
          <con:description xsi:nil="true"/>
        </con:parameter>
        <con:parameter>
          <con:name>X-TNGO-TENANT</con:name>
          <con:value/>
          <con:style>HEADER</con:style>
          <con:default/>
          <con:description xsi:nil="true"/>
        </con:parameter>
        <con:parameter>
          <con:name>id</con:name>
          <con:value/>
          <con:style>TEMPLATE</con:style>
          <con:default/>
        </con:parameter>
        <con:parameter>
          <con:name>client_id</con:name>
          <con:value/>
          <con:style>HEADER</con:style>
          <con:default/>
          <con:description xsi:nil="true"/>
        </con:parameter>
        <con:parameter>
          <con:name>client_secret</con:name>
          <con:value/>
          <con:style>HEADER</con:style>
          <con:default/>
          <con:description xsi:nil="true"/>
        </con:parameter>
      </con:parameters>
      <con:method name="Shipments" id="5e4fed1a-5c01-4a1b-a0b6-172aeb36195c" method="GET">
        <con:settings/>
        <con:parameters/>
        <con:representation type="FAULT">
          <con:mediaType>application/json</con:mediaType>
          <con:status>500 403</con:status>
          <con:params/>
        </con:representation>
        <con:representation type="RESPONSE">
          <con:mediaType>application/json;charset=UTF-8</con:mediaType>
          <con:status>200</con:status>
          <con:params/>
        </con:representation>
        <con:request name="Request 1" id="47bffbcb-7d20-4164-9963-1d48176d00f3" mediaType="application/json">
          <con:settings>
            <con:setting id="com.eviware.soapui.impl.wsdl.WsdlRequest@request-headers">&lt;xml-fragment/></con:setting>
          </con:settings>
          <con:endpoint>None</con:endpoint>
          <con:request/>
          <con:credentials>
            <con:selectedAuthProfile>No Authorization</con:selectedAuthProfile>
            <con:authType>No Authorization</con:authType>
          </con:credentials>
          <con:jmsConfig JMSDeliveryMode="PERSISTENT"/>
          <con:parameters>
            <con:entry key="sortAscending" value=""/>
            <con:entry key="id" value=""/>
          </con:parameters>
          <con:parameterOrder>
            <con:entry>X-TNGO-TENANT</con:entry>
            <con:entry>Authorization</con:entry>
            <con:entry>client_id</con:entry>
            <con:entry>client_secret</con:entry>
            <con:entry>sortAscending</con:entry>
            <con:entry>id</con:entry>
          </con:parameterOrder>
        </con:request>
      </con:method>
    </con:resource>
  </con:interface>
  <con:interface xsi:type="con:RestService" id="bc0d48f9-d0ef-4400-95e3-53e747a90e4e" wadlVersion="http://wadl.dev.java.net/2009/02" name="Orders" type="rest" xmlns:xsi="http://www.w3.org/2001/XMLSchema-instance">
    <con:settings/>
    <con:definitionCache type="TEXT" rootPart=""/>
    <con:endpoints/>
    <con:resource name="Orders" path="/orders" id="6a12070a-d867-41ff-81db-6f0f8fe781f0">
      <con:settings/>
      <con:parameters>
        <con:parameter>
          <con:name>offset</con:name>
          <con:value>0</con:value>
          <con:style>QUERY</con:style>
          <con:default>0</con:default>
          <con:path xsi:nil="true"/>
          <con:description xsi:nil="true"/>
        </con:parameter>
        <con:parameter>
          <con:name>limit</con:name>
          <con:value>10</con:value>
          <con:style>QUERY</con:style>
          <con:default>10</con:default>
          <con:path xsi:nil="true"/>
          <con:description xsi:nil="true"/>
        </con:parameter>
        <con:parameter>
          <con:name>accountHolderCompanyEmployeeId</con:name>
          <con:value>ana.pace.xx1</con:value>
          <con:style>QUERY</con:style>
          <con:default>ana.pace.xx1</con:default>
          <con:path xsi:nil="true"/>
          <con:description xsi:nil="true"/>
        </con:parameter>
        <con:parameter>
          <con:name>sortAscending</con:name>
          <con:value>false</con:value>
          <con:style>QUERY</con:style>
          <con:default>false</con:default>
          <con:path xsi:nil="true"/>
          <con:description xsi:nil="true"/>
        </con:parameter>
        <con:parameter>
          <con:name>sortBy</con:name>
          <con:value>ORDER_ID</con:value>
          <con:style>QUERY</con:style>
          <con:default>ORDER_ID</con:default>
          <con:path xsi:nil="true"/>
          <con:description xsi:nil="true"/>
        </con:parameter>
        <con:parameter>
          <con:name>X-TNGO-TENANT</con:name>
          <con:value/>
          <con:style>HEADER</con:style>
          <con:default/>
          <con:description xsi:nil="true"/>
        </con:parameter>
        <con:parameter>
          <con:name>Authorization</con:name>
          <con:value/>
          <con:style>HEADER</con:style>
          <con:default/>
          <con:description xsi:nil="true"/>
        </con:parameter>
        <con:parameter>
          <con:name>client_id</con:name>
          <con:value/>
          <con:style>HEADER</con:style>
          <con:default/>
          <con:description xsi:nil="true"/>
        </con:parameter>
        <con:parameter required="false">
          <con:name>client_secret</con:name>
          <con:value/>
          <con:style>HEADER</con:style>
          <con:default/>
          <con:description xsi:nil="true"/>
        </con:parameter>
        <con:parameter>
          <con:name>status</con:name>
          <con:value/>
          <con:style>QUERY</con:style>
          <con:default/>
          <con:description xsi:nil="true"/>
        </con:parameter>
        <con:parameter>
          <con:name>transactionType</con:name>
          <con:value/>
          <con:style>QUERY</con:style>
          <con:default/>
          <con:description xsi:nil="true"/>
        </con:parameter>
      </con:parameters>
      <con:method name="Orders" id="273d5ecd-9b03-4381-bacc-89f0e7aed746" method="GET">
        <con:settings/>
        <con:parameters/>
        <con:representation type="RESPONSE">
          <con:mediaType>application/json;charset=UTF-8</con:mediaType>
          <con:status>200</con:status>
          <con:params/>
          <con:element xmlns:ord="https://tngo-qa-mobproc-cmd.cloudhub.io/mobproc/v1.qa/orders">ord:Response</con:element>
        </con:representation>
        <con:representation type="FAULT">
          <con:mediaType>application/json</con:mediaType>
          <con:status>403</con:status>
          <con:params/>
        </con:representation>
        <con:request name="Request 1" id="d4dc41c4-dc19-4692-9bd4-cbfc593d09b7" mediaType="application/json">
          <con:settings/>
          <con:request/>
          <con:credentials>
            <con:selectedAuthProfile>No Authorization</con:selectedAuthProfile>
            <con:authType>No Authorization</con:authType>
          </con:credentials>
          <con:jmsConfig JMSDeliveryMode="PERSISTENT"/>
          <con:parameters>
            <con:entry key="sortAscending" value=""/>
            <con:entry key="offset" value=""/>
            <con:entry key="limit" value=""/>
            <con:entry key="sortBy" value=""/>
            <con:entry key="accountHolderCompanyEmployeeId" value=""/>
          </con:parameters>
          <con:parameterOrder>
            <con:entry>X-TNGO-TENANT</con:entry>
            <con:entry>Authorization</con:entry>
            <con:entry>client_id</con:entry>
            <con:entry>client_secret</con:entry>
            <con:entry>offset</con:entry>
            <con:entry>limit</con:entry>
            <con:entry>accountHolderCompanyEmployeeId</con:entry>
            <con:entry>sortAscending</con:entry>
            <con:entry>sortBy</con:entry>
            <con:entry>status</con:entry>
            <con:entry>transactionType</con:entry>
          </con:parameterOrder>
        </con:request>
      </con:method>
    </con:resource>
  </con:interface>
  <con:interface xsi:type="con:RestService" id="46828d6d-9a9f-48ab-9b1d-2d6c9094f6ef" wadlVersion="http://wadl.dev.java.net/2009/02" name="Orders Id" type="rest" xmlns:xsi="http://www.w3.org/2001/XMLSchema-instance">
    <con:settings/>
    <con:definitionCache type="TEXT" rootPart=""/>
    <con:endpoints/>
    <con:resource name="Id" path="/orders/{id}" id="4c6593cb-942f-4060-a230-d755fd50a999">
      <con:settings/>
      <con:parameters>
        <con:parameter>
          <con:name>id</con:name>
          <con:value>id</con:value>
          <con:style>TEMPLATE</con:style>
          <con:default>id</con:default>
          <con:path xsi:nil="true"/>
          <con:description xsi:nil="true"/>
        </con:parameter>
        <con:parameter>
          <con:name>X-TNGO-TENANT</con:name>
          <con:value/>
          <con:style>HEADER</con:style>
          <con:default/>
          <con:description xsi:nil="true"/>
        </con:parameter>
        <con:parameter>
          <con:name>Authorization</con:name>
          <con:value/>
          <con:style>HEADER</con:style>
          <con:default/>
          <con:description xsi:nil="true"/>
        </con:parameter>
        <con:parameter>
          <con:name>client_id</con:name>
          <con:value/>
          <con:style>HEADER</con:style>
          <con:default/>
          <con:description xsi:nil="true"/>
        </con:parameter>
        <con:parameter>
          <con:name>client_secret</con:name>
          <con:value/>
          <con:style>HEADER</con:style>
          <con:default/>
          <con:description xsi:nil="true"/>
        </con:parameter>
      </con:parameters>
      <con:method name="Id" id="f22ff22d-3f16-4784-a125-cfab1835e090" method="GET">
        <con:settings/>
        <con:parameters/>
        <con:representation type="RESPONSE">
          <con:mediaType>application/json;charset=UTF-8</con:mediaType>
          <con:status>200</con:status>
          <con:params/>
          <con:element xmlns:ns="https://tngo-qa-mobproc-cmd.cloudhub.io/mobproc/v1.qa/orders/9788967">ns:Response</con:element>
        </con:representation>
        <con:representation type="FAULT">
          <con:mediaType>application/json</con:mediaType>
          <con:status>500 400</con:status>
          <con:params/>
          <con:element xmlns:ns="https://tngo-qa-mobproc-cmd.cloudhub.io/mobproc/v1.qa/orders/9788967">ns:Fault</con:element>
        </con:representation>
        <con:request name="Request 1" id="c728f912-c1d0-4d40-99d0-c77e70c293f6" mediaType="application/json">
          <con:settings/>
          <con:request/>
          <con:credentials>
            <con:selectedAuthProfile>No Authorization</con:selectedAuthProfile>
            <con:authType>No Authorization</con:authType>
          </con:credentials>
          <con:jmsConfig JMSDeliveryMode="PERSISTENT"/>
          <con:parameters>
            <entry key="id" value="" xmlns="http://eviware.com/soapui/config"/>
          </con:parameters>
          <con:parameterOrder>
            <con:entry>X-TNGO-TENANT</con:entry>
            <con:entry>Authorization</con:entry>
            <con:entry>client_id</con:entry>
            <con:entry>client_secret</con:entry>
            <con:entry>id</con:entry>
          </con:parameterOrder>
        </con:request>
      </con:method>
    </con:resource>
  </con:interface>
  <con:testSuite id="26c07e38-f883-45a7-ba7d-dafeeba83781" name="TestSuiteOrdersIdShipments">
    <con:settings/>
    <con:savedRecentRuns>1</con:savedRecentRuns>
    <con:runType>SEQUENTIAL</con:runType>
    <con:testCase id="69b69fda-390e-44cd-a9c5-8b017b3bd18f" discardOkResults="true" failOnError="true" failTestCaseOnErrors="true" keepSession="false" name="TestCaseOrdersIdShipments" searchProperties="true">
      <con:settings/>
      <con:savedRecentRuns>1</con:savedRecentRuns>
      <con:testStep type="groovy" name="ScriptSetupOrderShipments" id="d3a5133c-842c-4271-882e-8ded8bf11aa1">
        <con:settings/>
        <con:config>
          <script>// /////////////////////////////////////////////
// This sets up all of the test case properties
// /////////////////////////////////////////////

def groovyUtils = new com.eviware.soapui.support.GroovyUtils( context ); 
def projectPath = groovyUtils.projectPath //gets the path of the project root

// this is sanity check with a simple call. all this does is verify a simple connection 
// to the external clases by logging a message in log window.
soapUIScripts.CommonMethods.StaticMethod(log) 

// setup test case properties stored in 'DudleyDorightDataActions' class.
soapUIScripts.DudleyDorightDataActions.SetupTestCaseProperties(log, testRunner) 

// read in token pair and put in test case properties.
// NOTE: token pair must be in same folder as project
//       token pair must be up to date (not expired)
assert(soapUIScripts.CommonMethods.ReadTokenPair(projectPath + "\\" + "TokenPair.txt", log, testRunner) == true)

// read user Ids and assign to test case properties - In this case is only needed for logoUrl
def userIdsFileName = projectPath + "\\" + "DudleyDoright.txt"
assert soapUIScripts.CommonMethods.ReadUserIdsURL(userIdsFileName, log, testRunner) == true

def userIdsFileName2 = projectPath + "\\" + "AnaUserData.txt"
assert soapUIScripts.CommonMethods.ReadUserIds(userIdsFileName2, log, testRunner) == true

def userIdsFileName3 = projectPath + "\\" + "AnaAddressData.txt"
assert soapUIScripts.CommonMethods.ReadUserIdsURL(userIdsFileName3, log, testRunner) == true</script>
        </con:config>
      </con:testStep>
      <con:testStep type="restrequest" name="GetOrders" id="c81b386e-140d-41f1-b6d7-d9570ae42e83">
        <con:settings/>
        <con:config service="Orders" resourcePath="/orders" methodName="Orders" xsi:type="con:RestRequestStep" xmlns:xsi="http://www.w3.org/2001/XMLSchema-instance">
          <con:restRequest name="GetOrders" id="d4dc41c4-dc19-4692-9bd4-cbfc593d09b7" mediaType="application/json">
            <con:settings>
              <con:setting id="com.eviware.soapui.impl.wsdl.WsdlRequest@request-headers">&lt;xml-fragment/></con:setting>
            </con:settings>
            <con:endpoint>${#TestCase#URL}</con:endpoint>
            <con:request/>
            <con:originalUri>https://tngo-qa-mobproc-cmd.cloudhub.io/mobproc/v1.qa/orders</con:originalUri>
            <con:assertion type="Valid HTTP Status Codes" id="748ba5ee-3508-40c7-98e5-39c338349cb2" name="Valid HTTP Status Codes">
              <con:settings/>
              <con:configuration>
                <codes>200</codes>
              </con:configuration>
            </con:assertion>
            <con:credentials>
              <con:selectedAuthProfile>No Authorization</con:selectedAuthProfile>
              <con:authType>No Authorization</con:authType>
            </con:credentials>
            <con:jmsConfig JMSDeliveryMode="PERSISTENT"/>
            <con:parameters>
              <con:entry key="Authorization" value="Bearer ${#TestCase#AccessToken}"/>
              <con:entry key="transactionType" value="NEW_ACTIVATION"/>
              <con:entry key="X-TNGO-TENANT" value="${#TestCase#Tenant}"/>
              <con:entry key="limit" value="100"/>
              <con:entry key="accountHolderCompanyEmployeeId" value="${#TestCase#CompanyEmployeeId}"/>
              <con:entry key="client_secret" value="${#TestCase#clientSecret}"/>
              <con:entry key="client_id" value="${#TestCase#clientId}"/>
              <con:entry key="status" value="FULFILLMENT_COMPLETE"/>
            </con:parameters>
            <con:parameterOrder>
              <con:entry>X-TNGO-TENANT</con:entry>
              <con:entry>Authorization</con:entry>
              <con:entry>client_id</con:entry>
              <con:entry>client_secret</con:entry>
              <con:entry>offset</con:entry>
              <con:entry>limit</con:entry>
              <con:entry>accountHolderCompanyEmployeeId</con:entry>
              <con:entry>status</con:entry>
              <con:entry>sortBy</con:entry>
              <con:entry>sortAscending</con:entry>
              <con:entry>transactionType</con:entry>
            </con:parameterOrder>
          </con:restRequest>
        </con:config>
      </con:testStep>
      <con:testStep type="groovy" name="FindNewActivationCompleteOrders" id="c255cd32-4bea-4065-b25b-07853bb2c00a">
        <con:settings/>
        <con:config>
          <script>//////////////////////////////////////////////////////////////////////////////////////////////////////////////////////////////
// 
//////////////////////////////////////////////////////////////////////////////////////////////////////////////////////////////

import groovy.json.JsonSlurper 

def groovyUtils = new com.eviware.soapui.support.GroovyUtils(context); 
def projectPath = groovyUtils.projectPath //gets the path of the project root

def testCase = context.testCase; 
def testStep = testCase.getTestStepByName("GetOrders") 

// get response of last test step run.
def response = testStep.testRequest.messageExchange.response.responseContent
def slurper = new JsonSlurper()
def json = slurper.parseText response


int ordersAmount = json.orders.items.size()

//log.info "ordersAmount: " + ordersAmount

def orderStatus = []
orderStatus = json.orders.items.status

def orderTransactionType = []
orderTransactionType = json.orders.items.transactionType

def orderIds = []
orderIds = json.orders.items.orderId

testRunner.testCase.setPropertyValue("OrderId", orderIds[1])


// *** Loop needed before since the transactionType filter wasn't working.  *** COMMENTING OUT, NOT NEEDED NOW *** 
// Search for a NEW_ACTIVATION order that is in FULFILLMENT_COMPLETE status 
/*for(int i = 0; i &lt; ordersAmount; i++){
	
	if (orderTransactionType[i].equals("NEW_ACTIVATION")){

		testRunner.testCase.setPropertyValue("OrderId", orderIds[i])
		log.info "New Activation Complete - Order id: " + orderIds[i]
		break
	}
	
}*/</script>
        </con:config>
      </con:testStep>
      <con:testStep type="restrequest" name="GetOrderById" id="f9bae392-b26a-4735-ae98-4f00f5ae4d7c">
        <con:settings/>
        <con:config service="Orders Id" resourcePath="/orders/{id}" methodName="Id" xsi:type="con:RestRequestStep" xmlns:xsi="http://www.w3.org/2001/XMLSchema-instance">
          <con:restRequest name="GetOrderById" id="c728f912-c1d0-4d40-99d0-c77e70c293f6" mediaType="application/json">
            <con:settings>
              <con:setting id="com.eviware.soapui.impl.wsdl.WsdlRequest@request-headers">&lt;xml-fragment/></con:setting>
            </con:settings>
            <con:endpoint>${#TestCase#URL}</con:endpoint>
            <con:request/>
            <con:originalUri>https://tngo-qa-mobproc-cmd.cloudhub.io/mobproc/v1.qa/orders/9788967</con:originalUri>
            <con:assertion type="Valid HTTP Status Codes" id="99258572-4d24-4582-ab5a-f6efff577578" name="Valid HTTP Status Codes">
              <con:settings/>
              <con:configuration>
                <codes>200</codes>
              </con:configuration>
            </con:assertion>
            <con:credentials>
              <con:selectedAuthProfile>No Authorization</con:selectedAuthProfile>
              <con:authType>No Authorization</con:authType>
            </con:credentials>
            <con:jmsConfig JMSDeliveryMode="PERSISTENT"/>
            <con:parameters>
              <con:entry key="Authorization" value="Bearer ${#TestCase#AccessToken}"/>
              <con:entry key="X-TNGO-TENANT" value="${#TestCase#Tenant}"/>
              <con:entry key="id" value="${#TestCase#OrderId}"/>
              <con:entry key="client_secret" value="${#TestCase#clientSecret}"/>
              <con:entry key="client_id" value="${#TestCase#clientId}"/>
            </con:parameters>
            <con:parameterOrder>
              <con:entry>X-TNGO-TENANT</con:entry>
              <con:entry>Authorization</con:entry>
              <con:entry>client_id</con:entry>
              <con:entry>client_secret</con:entry>
              <con:entry>id</con:entry>
            </con:parameterOrder>
          </con:restRequest>
        </con:config>
      </con:testStep>
      <con:testStep type="groovy" name="GetOrderData" id="3b316dd0-21ed-4087-804a-1a7c0f3eee8f">
        <con:settings/>
        <con:config>
          <script>import groovy.json.JsonSlurper 

def groovyUtils = new com.eviware.soapui.support.GroovyUtils( context ); 
def testCase = context.testCase; 
def testStep = testCase.getTestStepByName("GetOrderById") 

//  need for external call.
testRunner = new com.eviware.soapui.impl.wsdl.testcase.WsdlTestCaseRunner(testCase, null); 
testStepContext = new com.eviware.soapui.impl.wsdl.testcase.WsdlTestRunContext(testStep); 

// get response of last test step run.
def response = testStep.testRequest.messageExchange.response.responseContent
def slurper = new JsonSlurper()
def json = slurper.parseText response


/* Order Data */

context.shipmentsItemsStatus = json.status
context.shipmentsItemsDateShipped = json.updated  //json.dateSubmitted
context.shipmentsItemsSegmentId = json.orderSegments.items[0].orderSegmentId

context.shipmentsItemsVendorMetaHref = json.orderSegments.items[0].vendor._meta.href
context.shipmentsItemsVendorId = json.orderSegments.items[0].vendor.id
context.shipmentsItemsVendorName = json.orderSegments.items[0].vendor.name
context.shipmentsItemsVendorLogoUrl = json.orderSegments.items[0].vendor.logoUrl

context.shipmentsItemsContentsName = json.orderSegments.items[0].device.name
context.shipmentsItemsContentsQuantity = json.orderSegments.items.device.size()
context.shipmentsItemsContentsManufacturer = json.orderSegments.items[0].device.manufacturer.id

context.shipmentsShipToName = json.shipTo.name
context.shipmentsShipToRegionMetaHref = json.shipTo.region._meta.href
context.shipmentsShipToRegionId = json.shipTo.region.id
context.shipmentsShipToRegionName = json.shipTo.region.name

context.shipmentsShipToAddress1Id = json.shipTo.address[0].id
context.shipmentsShipToAddress1Label = json.shipTo.address[0].label
context.shipmentsShipToAddress1Value = json.shipTo.address[0].value

context.shipmentsShipToAddress2Id = json.shipTo.address[1].id
context.shipmentsShipToAddress2Label = json.shipTo.address[1].label
context.shipmentsShipToAddress2Value = json.shipTo.address[1].value

context.shipmentsShipToAddress3Id = json.shipTo.address[2].id
context.shipmentsShipToAddress3Label = json.shipTo.address[2].label
context.shipmentsShipToAddress3Value = json.shipTo.address[2].value

context.shipmentsShipToExpedite = json.shipTo.expedite

context.orderAccessoriesAmount = 0

try {

	context.orderAccessoriesAmount = json.orderSegments.items[0].accessories.size()
	context.orderAccessoryName = json.orderSegments.items[0].accessories[0].name 
	context.orderAccessoryMnf = json.orderSegments.items[0].accessories[0].manufacturer.name
	
} catch (NullPointerException e) {

log.info  "********************** " + context.orderAccessoriesAmount

	
}</script>
        </con:config>
      </con:testStep>
      <con:testStep type="restrequest" name="GetOrderIdShipments" id="5b61efc7-0ea0-4bd4-a7fe-12392763858f">
        <con:settings/>
        <con:config service="Orders Id Shipments" resourcePath="/orders/{id}/shipments" methodName="Shipments" xsi:type="con:RestRequestStep" xmlns:xsi="http://www.w3.org/2001/XMLSchema-instance">
          <con:restRequest name="GetOrderIdShipments" id="47bffbcb-7d20-4164-9963-1d48176d00f3" mediaType="application/json">
            <con:settings>
              <con:setting id="com.eviware.soapui.impl.wsdl.WsdlRequest@request-headers">&lt;xml-fragment/></con:setting>
            </con:settings>
            <con:endpoint>${#TestCase#URL}</con:endpoint>
            <con:request/>
            <con:originalUri>https://tg-mobility.cloudhub.io/mobility/v1/orders/shipments</con:originalUri>
            <con:assertion type="Valid HTTP Status Codes" id="047b12cc-167a-497c-b90d-e88f20b144f7" name="Valid HTTP Status Codes">
              <con:settings/>
              <con:configuration>
                <codes>200</codes>
              </con:configuration>
            </con:assertion>
            <con:credentials>
              <con:selectedAuthProfile>No Authorization</con:selectedAuthProfile>
              <con:authType>No Authorization</con:authType>
            </con:credentials>
            <con:jmsConfig JMSDeliveryMode="PERSISTENT"/>
            <con:parameters>
              <con:entry key="Authorization" value="Bearer ${#TestCase#AccessToken}"/>
              <con:entry key="sortAscending" value="true"/>
              <con:entry key="X-TNGO-TENANT" value="${#TestCase#Tenant}"/>
              <con:entry key="id" value="${#TestCase#OrderId}"/>
              <con:entry key="client_secret" value="${#TestCase#clientSecret}"/>
              <con:entry key="client_id" value="${#TestCase#clientId}"/>
            </con:parameters>
            <con:parameterOrder>
              <con:entry>X-TNGO-TENANT</con:entry>
              <con:entry>Authorization</con:entry>
              <con:entry>client_id</con:entry>
              <con:entry>client_secret</con:entry>
              <con:entry>sortAscending</con:entry>
              <con:entry>id</con:entry>
            </con:parameterOrder>
          </con:restRequest>
        </con:config>
      </con:testStep>
      <con:testStep type="groovy" name="VerifyJSONResponseShipments" id="7a4647a1-f782-417c-aa62-2babe372d7f2">
        <con:settings/>
        <con:config>
          <script>import groovy.json.JsonSlurper 

def groovyUtils = new com.eviware.soapui.support.GroovyUtils( context ); 
def testCase = context.testCase; 
def testStep = testCase.getTestStepByName("GetOrderIdShipments") 

//  need for external call.
testRunner = new com.eviware.soapui.impl.wsdl.testcase.WsdlTestCaseRunner(testCase, null); 
testStepContext = new com.eviware.soapui.impl.wsdl.testcase.WsdlTestRunContext(testStep); 

// get response of last test step run.
def response = testStep.testRequest.messageExchange.response.responseContent
def slurper = new JsonSlurper()
def json = slurper.parseText response

def mainUrl = testRunner.testCase.getPropertyValue("URL")


/* Expected Values */

String shipmentsItemsOrderId = testRunner.testCase.getPropertyValue("OrderId")
String shipmentsMetaHref = mainUrl + "/orders/" + shipmentsItemsOrderId + "/segments?sortAscending=true"
String shipmentsMetaHrefOrder = mainUrl + "/orders/" + shipmentsItemsOrderId
String shipmentsMetaTotalCount = 1

String shipmentsItemsTrackingNumber = "abc1"
String shipmentsItemsShipper = "abc"

String shipmentsItemsSegmentId = context.shipmentsItemsSegmentId
String shipmentsItemsStatus = context.shipmentsItemsStatus
String shipmentsItemsDateShipped = context.shipmentsItemsDateShipped

String shipmentsItemsVendorMetaHref = context.shipmentsItemsVendorMetaHref
String shipmentsItemsVendorId = context.shipmentsItemsVendorId
String shipmentsItemsVendorName = context.shipmentsItemsVendorName
String shipmentsItemsVendorLogoUrl = context.shipmentsItemsVendorLogoUrl

String shipmentsItemsContentsName = context.shipmentsItemsContentsName
String shipmentsItemsContentsQuantity = context.shipmentsItemsContentsQuantity
String shipmentsItemsContentsManufacturer = context.shipmentsItemsContentsManufacturer

String shipmentsShipToName = context.shipmentsShipToName
String shipmentsShipToRegionMetaHref = context.shipmentsShipToRegionMetaHref
String shipmentsShipToRegionId = context.shipmentsShipToRegionId
String shipmentsShipToRegionName = context.shipmentsShipToRegionName

String shipmentsShipToAddress1Id = context.shipmentsShipToAddress1Id
String shipmentsShipToAddress1Label = context.shipmentsShipToAddress1Label
String shipmentsShipToAddress1Value = context.shipmentsShipToAddress1Value

String shipmentsShipToAddress2Id = context.shipmentsShipToAddress2Id
String shipmentsShipToAddress2Label = context.shipmentsShipToAddress2Label
String shipmentsShipToAddress2Value = context.shipmentsShipToAddress2Value

String shipmentsShipToAddress3Id = context.shipmentsShipToAddress3Id
String shipmentsShipToAddress3Label = context.shipmentsShipToAddress3Label
String shipmentsShipToAddress3Value = context.shipmentsShipToAddress3Value

String shipmentsShipToExpedite = context.shipmentsShipToExpedite



/* Verify expected results */

CompareItemsTwoStrings(json.shipments._meta.href, shipmentsMetaHref)
CompareItemsTwoStrings(json.shipments._meta.hrefOrder, shipmentsMetaHrefOrder)
CompareItemsTwoStrings(json.shipments._meta.totalCount, shipmentsMetaTotalCount)

//CompareItemsTwoStrings(json.shipments.items[0].trackingNumber, shipmentsItemsTrackingNumber)
CompareItemsTwoStrings(json.shipments.items[0].shipper, shipmentsItemsShipper)
CompareItemsTwoStrings(json.shipments.items[0].orderId, shipmentsItemsOrderId)
//CompareItemsTwoStrings(json.shipments.items[0].segmentId, shipmentsItemsSegmentId)
CompareItemsTwoStrings(json.shipments.items[0].status, shipmentsItemsStatus)
CompareItemsTwoStrings(trimDate(json.shipments.items[0].dateShipped), trimDate(shipmentsItemsDateShipped))

CompareItemsTwoStrings(json.shipments.items[0].vendor._meta.href, shipmentsItemsVendorMetaHref)
CompareItemsTwoStrings(json.shipments.items[0].vendor.id, shipmentsItemsVendorId)
CompareItemsTwoStrings(json.shipments.items[0].vendor.name,shipmentsItemsVendorName)
CompareItemsTwoStrings(json.shipments.items[0].vendor.logoUrl, shipmentsItemsVendorLogoUrl)

// TO DO -- 
// Add a condition to verify if the order has accessories, so both device and accessories are verified

// verify here -- device and accessory not always in the same order in 'contents'

log.info  "********************** " + context.orderAccessoriesAmount

if (context.orderAccessoriesAmount > 0) {

	// Verify Accessory
	log.info json.shipments.items[0].contents[0].name
	log.info context.orderAccessoryName
	return
	assert((json.shipments.items[0].contents[0].name == context.orderAccessoryName) /*|| (json.shipments.items[0].contents[1].name == context.orderAccessoryName)*/) 
	assert((json.shipments.items[0].contents[0].manufacturer == context.orderAccessoryMnf) || (json.shipments.items[0].contents[1].manufacturer == context.orderAccessoryMnf)) 
	assert((json.shipments.items[0].contents[0].quantity == context.orderAccessoriesAmount) || (json.shipments.items[0].contents[1].quantity == context.orderAccessoriesAmount)) 

	// Verify Device
	assert((json.shipments.items[0].contents[0].name == shipmentsItemsContentsName) || (json.shipments.items[0].contents[1].name == shipmentsItemsContentsName)) 
	assert((json.shipments.items[0].contents[0].manufacturer == shipmentsItemsContentsManufacturer) || (json.shipments.items[0].contents[1].manufacturer == shipmentsItemsContentsManufacturer)) 
	
	log.info "json.shipments.items[0].contents[0].quantity: " + json.shipments.items[0].contents[0].quantity
	log.info "shipmentsItemsContentsQuantity: " + shipmentsItemsContentsQuantity
	log.info "json.shipments.items[0].contents[1].quantity: " + json.shipments.items[0].contents[1].quantity
	log.info "shipmentsItemsContentsQuantity: " + shipmentsItemsContentsQuantity
	
	//assert((json.shipments.items[0].contents[0].quantity == shipmentsItemsContentsQuantity) || (json.shipments.items[0].contents[1].quantity == shipmentsItemsContentsQuantity))

	/*CompareItemsTwoStrings(json.shipments.items[0].contents[0].name, context.orderAccessoryName)
	CompareItemsTwoStrings(json.shipments.items[0].contents[0].manufacturer, context.orderAccessoryMnf)

	// Verify Device
	CompareItemsTwoStrings(json.shipments.items[0].contents[1].name, shipmentsItemsContentsName)
	CompareItemsTwoStrings(json.shipments.items[0].contents[1].quantity, shipmentsItemsContentsQuantity)
	CompareItemsTwoStrings(json.shipments.items[0].contents[1].manufacturer, shipmentsItemsContentsManufacturer)
	*/
} else {
	
	// If there are no accessories in the order, just verify Device
	CompareItemsTwoStrings(json.shipments.items[0].contents[0].name, shipmentsItemsContentsName)
	CompareItemsTwoStrings(json.shipments.items[0].contents[0].quantity, shipmentsItemsContentsQuantity)
	CompareItemsTwoStrings(json.shipments.items[0].contents[0].manufacturer, shipmentsItemsContentsManufacturer)
	
}


CompareItemsTwoStrings(json.shipments.shipTo.name, shipmentsShipToName)

CompareItemsTwoStrings(json.shipments.shipTo.region._meta.href, shipmentsShipToRegionMetaHref)
CompareItemsTwoStrings(json.shipments.shipTo.region.id, shipmentsShipToRegionId)
CompareItemsTwoStrings(json.shipments.shipTo.region.name, shipmentsShipToRegionName)

CompareItemsTwoStrings(json.shipments.shipTo.address[0].id, shipmentsShipToAddress1Id)
CompareItemsTwoStrings(json.shipments.shipTo.address[0].label, shipmentsShipToAddress1Label)
CompareItemsTwoStrings(json.shipments.shipTo.address[0].value, shipmentsShipToAddress1Value)

CompareItemsTwoStrings(json.shipments.shipTo.address[1].id, shipmentsShipToAddress2Id)
CompareItemsTwoStrings(json.shipments.shipTo.address[1].label, shipmentsShipToAddress2Label)
CompareItemsTwoStrings(json.shipments.shipTo.address[1].value, shipmentsShipToAddress2Value)

CompareItemsTwoStrings(json.shipments.shipTo.address[2].id, shipmentsShipToAddress3Id)
CompareItemsTwoStrings(json.shipments.shipTo.address[2].label, shipmentsShipToAddress3Label)
CompareItemsTwoStrings(json.shipments.shipTo.address[2].value, shipmentsShipToAddress3Value)

CompareItemsTwoStrings(json.shipments.shipTo.expedite, shipmentsShipToExpedite)



////////////////
/// Methods ///
////////////////


void CompareItemsTwoStrings(json, expectedValueString)
{
	String jsonString = json
	
	// this will show each compare being made - DEBUG ONLY
	log.info "Json: " + jsonString + " Expected: " + expectedValueString 
	assert(jsonString == expectedValueString) 

}


String trimDate(String dateFromJson)
{
	//e.g. "2015-11-26T18:28:10Z"
	String date
	def allParts = []
	allParts = dateFromJson.split("T")
	return allParts[0]
}</script>
        </con:config>
      </con:testStep>
      <con:properties>
        <con:property>
          <con:name>AccessToken</con:name>
          <con:value>WtiTo29Wrom9y9K7hY8WncZWxybl</con:value>
        </con:property>
        <con:property>
          <con:name>AddressComponents1Id</con:name>
          <con:value>LINE_1</con:value>
        </con:property>
        <con:property>
          <con:name>AddressComponents1Label</con:name>
          <con:value>Line 1</con:value>
        </con:property>
        <con:property>
          <con:name>AddressComponents1Value</con:name>
          <con:value>123 Main</con:value>
        </con:property>
        <con:property>
          <con:name>AddressComponents2Id</con:name>
          <con:value>CITY</con:value>
        </con:property>
        <con:property>
          <con:name>AddressComponents2Label</con:name>
          <con:value>City</con:value>
        </con:property>
        <con:property>
          <con:name>AddressComponents2Value</con:name>
          <con:value>Buenos Aires</con:value>
        </con:property>
        <con:property>
          <con:name>AddressComponents3Id</con:name>
          <con:value>POSTAL_CODE</con:value>
        </con:property>
        <con:property>
          <con:name>AddressComponents3Label</con:name>
          <con:value>Postal Code</con:value>
        </con:property>
        <con:property>
          <con:name>AddressComponents3Value</con:name>
          <con:value>88987</con:value>
        </con:property>
        <con:property>
          <con:name>AnaRegionId</con:name>
          <con:value>70143764</con:value>
        </con:property>
        <con:property>
          <con:name>AnaRegionName</con:name>
          <con:value>Argentina</con:value>
        </con:property>
        <con:property>
          <con:name>clientID</con:name>
          <con:value>392d0283466b4e00be8e8b8062db5f9f</con:value>
        </con:property>
        <con:property>
          <con:name>clientSecret</con:name>
          <con:value>3c684c3220e740ef92E7177A32AE978D</con:value>
        </con:property>
        <con:property>
          <con:name>client_id</con:name>
          <con:value xsi:nil="true" xmlns:xsi="http://www.w3.org/2001/XMLSchema-instance"/>
        </con:property>
        <con:property>
          <con:name>client_secret</con:name>
          <con:value xsi:nil="true" xmlns:xsi="http://www.w3.org/2001/XMLSchema-instance"/>
        </con:property>
        <con:property>
          <con:name>companyEmployeeId</con:name>
          <con:value>ana.pace.xx1</con:value>
        </con:property>
        <con:property>
          <con:name>DepartmentId</con:name>
          <con:value>11569020385</con:value>
        </con:property>
        <con:property>
          <con:name>DepartmentName</con:name>
          <con:value>Development</con:value>
        </con:property>
        <con:property>
          <con:name>DeviceId</con:name>
          <con:value>37948382</con:value>
        </con:property>
        <con:property>
          <con:name>DeviceId2</con:name>
          <con:value>37948381</con:value>
        </con:property>
        <con:property>
          <con:name>DeviceId3</con:name>
          <con:value>37948380</con:value>
        </con:property>
        <con:property>
          <con:name>DeviceId4</con:name>
          <con:value>null</con:value>
        </con:property>
        <con:property>
          <con:name>DeviceId5</con:name>
          <con:value xsi:nil="true" xmlns:xsi="http://www.w3.org/2001/XMLSchema-instance"/>
        </con:property>
        <con:property>
          <con:name>DeviceId6</con:name>
          <con:value xsi:nil="true" xmlns:xsi="http://www.w3.org/2001/XMLSchema-instance"/>
        </con:property>
        <con:property>
          <con:name>Email</con:name>
          <con:value>ana@test.com</con:value>
        </con:property>
        <con:property>
          <con:name>EmployeeId</con:name>
          <con:value>28691388</con:value>
        </con:property>
        <con:property>
          <con:name>FirstName</con:name>
          <con:value>AnaLaura</con:value>
        </con:property>
        <con:property>
          <con:name>LastName</con:name>
          <con:value>Pace</con:value>
        </con:property>
        <con:property>
          <con:name>limit</con:name>
          <con:value>10</con:value>
        </con:property>
        <con:property>
          <con:name>LogoUrl</con:name>
          <con:value>https://qa1cmd.tangoe.com/</con:value>
        </con:property>
        <con:property>
          <con:name>OfficePhone</con:name>
          <con:value>5169999876</con:value>
        </con:property>
        <con:property>
          <con:name>offset</con:name>
          <con:value>0</con:value>
        </con:property>
        <con:property>
          <con:name>OrderId</con:name>
          <con:value xsi:nil="true" xmlns:xsi="http://www.w3.org/2001/XMLSchema-instance"/>
        </con:property>
        <con:property>
          <con:name>RefreshToken</con:name>
          <con:value>vLRPOmr1sMTvvitFUEkUjk9E4LuHu1sU4CJYPaWlH0</con:value>
        </con:property>
        <con:property>
          <con:name>ServiceId</con:name>
          <con:value>41737920</con:value>
        </con:property>
        <con:property>
          <con:name>ServiceId2</con:name>
          <con:value>41737919</con:value>
        </con:property>
        <con:property>
          <con:name>ServiceId3</con:name>
          <con:value>41737918</con:value>
        </con:property>
        <con:property>
          <con:name>ServiceId4</con:name>
          <con:value>null</con:value>
        </con:property>
        <con:property>
          <con:name>ServiceId5</con:name>
          <con:value xsi:nil="true" xmlns:xsi="http://www.w3.org/2001/XMLSchema-instance"/>
        </con:property>
        <con:property>
          <con:name>ServiceId6</con:name>
          <con:value xsi:nil="true" xmlns:xsi="http://www.w3.org/2001/XMLSchema-instance"/>
        </con:property>
        <con:property>
          <con:name>ServiceNumber</con:name>
          <con:value>7818834147</con:value>
        </con:property>
        <con:property>
          <con:name>ServiceNumber2</con:name>
          <con:value>3213693699</con:value>
        </con:property>
        <con:property>
          <con:name>ServiceNumber3</con:name>
          <con:value>2581471477</con:value>
        </con:property>
        <con:property>
          <con:name>ServiceNumber4</con:name>
          <con:value>null</con:value>
        </con:property>
        <con:property>
          <con:name>ServiceNumber5</con:name>
          <con:value xsi:nil="true" xmlns:xsi="http://www.w3.org/2001/XMLSchema-instance"/>
        </con:property>
        <con:property>
          <con:name>ServiceNumber6</con:name>
          <con:value xsi:nil="true" xmlns:xsi="http://www.w3.org/2001/XMLSchema-instance"/>
        </con:property>
        <con:property>
          <con:name>sortAscending</con:name>
          <con:value xsi:nil="true" xmlns:xsi="http://www.w3.org/2001/XMLSchema-instance"/>
        </con:property>
        <con:property>
          <con:name>Tenant</con:name>
          <con:value>XX1</con:value>
        </con:property>
        <con:property>
          <con:name>URL</con:name>
          <con:value>https://tngo-qa-mobproc.cloudhub.io/mobproc/v1.qa</con:value>
        </con:property>
        <con:property>
          <con:name>Vendor1</con:name>
          <con:value>Sprint</con:value>
        </con:property>
        <con:property>
          <con:name>Vendor2</con:name>
          <con:value>Verizon Wireless</con:value>
        </con:property>
        <con:property>
          <con:name>Vendor3</con:name>
          <con:value>AT&amp;T Mobility</con:value>
        </con:property>
        <con:property>
          <con:name>Vendor4</con:name>
          <con:value>null</con:value>
        </con:property>
      </con:properties>
      <con:reportParameters/>
      <con:breakPoints>
        <con:testStepId>c255cd32-4bea-4065-b25b-07853bb2c00a</con:testStepId>
        <con:status>NONE</con:status>
        <con:properties/>
      </con:breakPoints>
      <con:breakPoints>
        <con:testStepId>d3a5133c-842c-4271-882e-8ded8bf11aa1</con:testStepId>
        <con:status>NONE</con:status>
        <con:properties/>
      </con:breakPoints>
      <con:breakPoints>
        <con:testStepId>c81b386e-140d-41f1-b6d7-d9570ae42e83</con:testStepId>
        <con:status>NONE</con:status>
        <con:properties/>
      </con:breakPoints>
      <con:breakPoints>
        <con:testStepId>5b61efc7-0ea0-4bd4-a7fe-12392763858f</con:testStepId>
        <con:status>NONE</con:status>
        <con:properties/>
      </con:breakPoints>
      <con:breakPoints>
        <con:testStepId>7a4647a1-f782-417c-aa62-2babe372d7f2</con:testStepId>
        <con:status>NONE</con:status>
        <con:properties/>
      </con:breakPoints>
    </con:testCase>
    <con:properties/>
    <con:reportParameters/>
  </con:testSuite>
  <con:savedRecentRuns>1</con:savedRecentRuns>
  <con:requirements/>
  <con:properties/>
  <con:wssContainer/>
  <con:databaseConnectionContainer/>
  <con:jmsConnectionContainer/>
  <con:oAuth2ProfileContainer/>
  <con:oAuth1ProfileContainer/>
  <con:reporting>
    <con:xmlTemplates/>
    <con:parameters/>
  </con:reporting>
  <con:authRepository/>
  <con:tags/>
</con:soapui-project>
