<?xml version="1.0" encoding="UTF-8"?>
<con:soapui-project id="49df8303-fb3a-4a04-91b5-373bcc4acd41" activeEnvironment="Default environment" name="API_AssetsServicesVendorQueries" lastOpened="2017-10-23T17:45:10.910-04:00" soapui-version="5.2.1" resourceRoot="" updated="2.1.0 20170726-1100" abortOnError="false" runType="SEQUENTIAL" xmlns:con="http://eviware.com/soapui/config"><con:settings/><con:interface xsi:type="con:RestService" id="69c14fba-6578-44eb-be81-303b8c7e53db" wadlVersion="http://wadl.dev.java.net/2009/02" name="Assets Services" type="rest" xmlns:xsi="http://www.w3.org/2001/XMLSchema-instance"><con:settings/><con:definitionCache type="TEXT" rootPart=""/><con:endpoints><con:endpoint>${#TestCase#URL}</con:endpoint><con:endpoint>https://tngo-dev-mobproc-cmd.cloudhub.io</con:endpoint></con:endpoints><con:resource name="Services" path="/assets/services" id="19c87182-a5be-473b-bf8f-03c156c4fd81"><con:settings/><con:parameters><con:parameter><con:name>sortAscending</con:name><con:value>true</con:value><con:style>QUERY</con:style><con:default>true</con:default><con:path xsi:nil="true"/><con:description xsi:nil="true"/></con:parameter><con:parameter><con:name>offset</con:name><con:value>0</con:value><con:style>QUERY</con:style><con:default>0</con:default><con:path xsi:nil="true"/><con:description xsi:nil="true"/></con:parameter><con:parameter><con:name>limit</con:name><con:value>10</con:value><con:style>QUERY</con:style><con:default>10</con:default><con:path xsi:nil="true"/><con:description xsi:nil="true"/></con:parameter><con:parameter><con:name>X-TNGO-TENANT</con:name><con:value/><con:style>HEADER</con:style><con:default/><con:description xsi:nil="true"/></con:parameter><con:parameter><con:name>Authorization</con:name><con:value/><con:style>HEADER</con:style><con:default/><con:description xsi:nil="true"/></con:parameter><con:parameter><con:name>client_id</con:name><con:value/><con:style>HEADER</con:style><con:default/><con:description xsi:nil="true"/></con:parameter><con:parameter><con:name>client_secret</con:name><con:value/><con:style>HEADER</con:style><con:default/><con:description xsi:nil="true"/></con:parameter><con:parameter><con:name>sortBy</con:name><con:value/><con:style>QUERY</con:style><con:default/><con:description xsi:nil="true"/></con:parameter><con:parameter><con:name>status</con:name><con:value/><con:style>QUERY</con:style><con:default/><con:description xsi:nil="true"/></con:parameter><con:parameter><con:name>vendor</con:name><con:value/><con:style>QUERY</con:style><con:default/><con:description xsi:nil="true"/></con:parameter></con:parameters><con:method name="Services" id="37811b24-37dd-4cf3-8dac-6e432eb80b7e" method="GET"><con:settings/><con:parameters/><con:representation type="FAULT"><con:mediaType>application/json</con:mediaType><con:status>400 500</con:status><con:params/><con:element xmlns:ser="https://tngo-qa-mobproc-cmd.cloudhub.io/mobproc/v1.qa/assets/services">ser:Fault</con:element></con:representation><con:representation type="RESPONSE"><con:mediaType>application/json;charset=UTF-8</con:mediaType><con:status>200</con:status><con:params/><con:element xmlns:ser="https://tngo-qa-mobproc-cmd.cloudhub.io/mobproc/v1.qa/assets/services">ser:Response</con:element></con:representation><con:representation type="RESPONSE"><con:mediaType xsi:nil="true"/><con:status>0</con:status><con:params/><con:element>data</con:element></con:representation><con:representation type="RESPONSE"><con:mediaType xsi:nil="true"/><con:status>0</con:status><con:params/><con:element>data</con:element></con:representation><con:representation type="RESPONSE"><con:mediaType xsi:nil="true"/><con:status>0</con:status><con:params/><con:element>data</con:element></con:representation><con:representation type="RESPONSE"><con:mediaType xsi:nil="true"/><con:status>0</con:status><con:params/><con:element>data</con:element></con:representation><con:representation type="RESPONSE"><con:mediaType xsi:nil="true"/><con:status>0</con:status><con:params/><con:element>data</con:element></con:representation><con:representation type="RESPONSE"><con:mediaType xsi:nil="true"/><con:status>0</con:status><con:params/><con:element>data</con:element></con:representation><con:representation type="RESPONSE"><con:mediaType xsi:nil="true"/><con:status>0</con:status><con:params/><con:element>data</con:element></con:representation><con:representation type="RESPONSE"><con:mediaType xsi:nil="true"/><con:status>0</con:status><con:params/><con:element>data</con:element></con:representation><con:representation type="RESPONSE"><con:mediaType xsi:nil="true"/><con:status>0</con:status><con:params/><con:element>data</con:element></con:representation><con:representation type="RESPONSE"><con:mediaType xsi:nil="true"/><con:status>0</con:status><con:params/><con:element>data</con:element></con:representation><con:representation type="RESPONSE"><con:mediaType xsi:nil="true"/><con:status>0</con:status><con:params/><con:element>data</con:element></con:representation><con:request name="Request 1" id="c71692d6-3b9c-489e-bc65-61ddaf3cd4b6" mediaType="application/json"><con:settings><con:setting id="com.eviware.soapui.impl.wsdl.WsdlRequest@request-headers">&lt;xml-fragment/></con:setting></con:settings><con:endpoint>None</con:endpoint><con:request/><con:credentials><con:selectedAuthProfile>No Authorization</con:selectedAuthProfile><con:authType>No Authorization</con:authType></con:credentials><con:jmsConfig JMSDeliveryMode="PERSISTENT"/><con:parameters>
  <con:entry key="sortAscending" value=""/>
  <con:entry key="offset" value=""/>
  <con:entry key="limit" value=""/>
</con:parameters><con:parameterOrder><con:entry>X-TNGO-TENANT</con:entry><con:entry>Authorization</con:entry><con:entry>client_id</con:entry><con:entry>client_secret</con:entry><con:entry>offset</con:entry><con:entry>limit</con:entry><con:entry>sortAscending</con:entry><con:entry>sortBy</con:entry><con:entry>status</con:entry><con:entry>vendor</con:entry></con:parameterOrder></con:request></con:method></con:resource></con:interface><con:interface xsi:type="con:RestService" id="1e4c3775-2aa1-490c-b3f7-ddb71f9537d9" wadlVersion="http://wadl.dev.java.net/2009/02" name="" type="rest" xmlns:xsi="http://www.w3.org/2001/XMLSchema-instance"><con:settings/><con:definitionCache type="TEXT" rootPart=""/><con:endpoints><con:endpoint>${#TestCase#URL}</con:endpoint></con:endpoints><con:resource name="Vendors" path="/vendors" id="cfe79682-e750-43fc-82d0-90358b39a0cf"><con:settings/><con:parameters><con:parameter><con:name>X-TNGO-TENANT</con:name><con:value/><con:style>HEADER</con:style><con:default/><con:description xsi:nil="true"/></con:parameter><con:parameter><con:name>Authorization</con:name><con:value/><con:style>HEADER</con:style><con:default/><con:description xsi:nil="true"/></con:parameter><con:parameter><con:name>client_id</con:name><con:value/><con:style>HEADER</con:style><con:default/><con:description xsi:nil="true"/></con:parameter><con:parameter><con:name>client_secret</con:name><con:value/><con:style>HEADER</con:style><con:default/><con:description xsi:nil="true"/></con:parameter><con:parameter><con:name>offset</con:name><con:value/><con:style>QUERY</con:style><con:default/><con:description xsi:nil="true"/></con:parameter><con:parameter><con:name>limit</con:name><con:value/><con:style>QUERY</con:style><con:default/><con:description xsi:nil="true"/></con:parameter></con:parameters><con:method name="Vendors" id="2467f3b4-14b4-4146-a373-77262667b009" method="GET"><con:settings/><con:parameters/><con:representation type="FAULT"><con:mediaType>application/json</con:mediaType><con:status>400 500</con:status><con:params/><con:element xmlns:ven="https://tngo-qa-mobproc.cloudhub.io/mobproc/v1.qa/vendors">ven:Fault</con:element></con:representation><con:representation type="RESPONSE"><con:mediaType>application/json;charset=UTF-8</con:mediaType><con:status>200</con:status><con:params/><con:element xmlns:ven="https://tngo-qa-mobproc.cloudhub.io/mobproc/v1.qa/vendors">ven:Response</con:element></con:representation><con:request name="Request 1" id="2ff3214b-dac9-4db1-bc7d-bf9ec6af56ee" mediaType="application/json"><con:settings><con:setting id="com.eviware.soapui.impl.wsdl.WsdlRequest@request-headers">&lt;xml-fragment/></con:setting></con:settings><con:endpoint>None</con:endpoint><con:request/><con:credentials><con:selectedAuthProfile>No Authorization</con:selectedAuthProfile><con:authType>No Authorization</con:authType></con:credentials><con:jmsConfig JMSDeliveryMode="PERSISTENT"/><con:parameters/><con:parameterOrder><con:entry>X-TNGO-TENANT</con:entry><con:entry>Authorization</con:entry><con:entry>client_id</con:entry><con:entry>client_secret</con:entry><con:entry>offset</con:entry><con:entry>limit</con:entry></con:parameterOrder></con:request></con:method></con:resource></con:interface><con:testSuite id="1f29b774-b615-43a8-9105-1597f6be82e4" name="TestSuiteAssetsServices"><con:settings/><con:runType>SEQUENTIAL</con:runType><con:testCase id="0ea7ab46-a4ee-4a57-80c7-7119f0657973" discardOkResults="true" failOnError="true" failTestCaseOnErrors="true" keepSession="false" name="TestCaseSortingAssetsServices" searchProperties="true" maxResults="0"><con:description/><con:settings/><con:savedRecentRuns>1</con:savedRecentRuns><con:testStep type="groovy" name="ScriptSetupAssetsServices" id="c2a3bd53-4c8a-4ab2-aeac-375f1fa3997c"><con:settings/><con:config><script>// /////////////////////////////////////////////
// This sets up all of the test case properties
// /////////////////////////////////////////////

def groovyUtils = new com.eviware.soapui.support.GroovyUtils( context ); 
def projectPath = groovyUtils.projectPath //gets the path of the project root

// this is sanity check with a simple call. all this does is verify a simple connection 
// to the external clases by logging a message in log window.
soapUIScripts.CommonMethods.StaticMethod(log) 

// setup test case properties stored in 'DudleyDorightDataActions' class.
soapUIScripts.DudleyDorightDataActions.SetupTestCaseProperties(log, testRunner) 

// read in token pair and put in test case properties.
// NOTE: token pair must be in same folder as project
//       token pair must be up to date (not expired)
assert(soapUIScripts.CommonMethods.ReadTokenPair(projectPath + "\\" + "TokenPair.txt", log, testRunner) == true)

// read user Ids and assign to test case properties 
def userIdsFileName = projectPath + "\\" + "DudleyDoright.txt"
assert soapUIScripts.CommonMethods.ReadUserIdsURL(userIdsFileName, log, testRunner) == true

context.offset = 0
context.limit = 100

testRunner.testCase.setPropertyValue("offset", context.offset.toString())
//testRunner.testCase.setPropertyValue("limit", context.limit.toString())
testRunner.testCase.setPropertyValue("limit", "10") // the fist call made only needs to get the Total Count 
testRunner.testCase.setPropertyValue("vendor", "") // the fist call made only needs to get the Total Count 







</script></con:config></con:testStep><con:testStep type="groovy" name="BuildListOfAllServiceObjectsFromFile" id="c7ef0666-c3f8-4290-82ab-c956fe9026c7" disabled="true"><con:settings/><con:config><script>def groovyUtils = new com.eviware.soapui.support.GroovyUtils( context ); 
def projectPath = groovyUtils.projectPath //gets the path of the project root
def serviceObjectsFile = projectPath + "\\ServiceObjects.txt"

def alert = com.eviware.soapui.support.UISupport; // this can be used fo popups

def serviceId = ""
def status = ""
def serviceNumber = ""
def metaHref = ""
def departmentId = ""
def vendorId = ""

int cntr = 0

context.listOfOrderObjects = []

new File(serviceObjectsFile).eachLine 
{ 
	line ->	
	if(line.contains("serviceId"))
	{
		serviceId = line.split(":")[1].trim()
	}
	
	if(line.contains("Status"))
	{
		status = line.split(":")[1].trim()
	}
	
	if(line.contains("Service Number"))
	{
		serviceNumber = line.split(":")[1].trim()
	}
	
	if(line.contains("Mhref"))
	{
		metaHref = line.split(" ")[1].trim()
	}

	if(line.contains("Department"))
	{
		departmentId = line.split(":")[1].trim()
	}

	if(line.contains("Vendor"))
	{
		vendorId = line.split(":")[1].trim()
	}


	if(cntr % 7 /*5*/ == 0 &amp;&amp; cntr != 0)
	{
		// log.info cntr
		context.listOfOrderObjects.add(new soapUIScripts.CommonMethods.ServiceObject(serviceId, status, serviceNumber, metaHref, departmentId, vendorId))	
	}

	cntr++
}

cntr = 0

/*
// show to log.
for(soapUIScripts.CommonMethods.ServiceObject obj : context.listOfOrderObjects)
{
	log.info "----- " + cntr
	log.info "serviceId: " + obj.serviceId
	log.info "Status: " + obj.status
	log.info "Service Number: " + obj.serviceNumber
	log.info "Mhref: " + obj.metaHref
	log.info "Department Id: " + obj.departmentId
	log.info "Vendor Id: " + obj.vendorId
	
	cntr++
}
*/

// this sets offset and limit per what ana set it at in her sorting test.
testRunner.testCase.setPropertyValue("offset", context.offset.toString())
testRunner.testCase.setPropertyValue("limit", context.limit.toString())

// below test // bledd
//testRunner.testCase.setPropertyValue("offset", "33")
//testRunner.testCase.setPropertyValue("limit", "3")



log.info "'BuildListOfAllOrdersObjectsFromFile' done."
</script></con:config></con:testStep><con:testStep type="restrequest" name="AssetsServicesRequest" id="e7311096-a778-41f9-a1bf-7d2405829d28"><con:settings/><con:config service="Assets Services" resourcePath="/assets/services" methodName="Services" xsi:type="con:RestRequestStep" xmlns:xsi="http://www.w3.org/2001/XMLSchema-instance"><con:restRequest name="AssetsServicesRequest" id="c71692d6-3b9c-489e-bc65-61ddaf3cd4b6" mediaType="application/json"><con:settings><con:setting id="com.eviware.soapui.impl.wsdl.WsdlRequest@request-headers">&lt;xml-fragment/></con:setting></con:settings><con:endpoint>${#TestCase#URL}</con:endpoint><con:request/><con:originalUri>https://tngo-qa-mobproc.cloudhub.io/mobproc/v1.qa/assets/services</con:originalUri><con:assertion type="Valid HTTP Status Codes" id="9de3272a-9abb-40c7-95fe-1a6c2623483b" name="Valid HTTP Status Codes"><con:settings/><con:configuration><codes>200</codes></con:configuration></con:assertion><con:credentials><con:selectedAuthProfile>Inherit From Parent</con:selectedAuthProfile><con:authType>No Authorization</con:authType></con:credentials><con:jmsConfig JMSDeliveryMode="PERSISTENT"/><con:parameters>
  <con:entry key="Authorization" value="Bearer ${#TestCase#AccessToken}"/>
  <con:entry key="sortAscending" value=""/>
  <con:entry key="offset" value="${#TestCase#offset}"/>
  <con:entry key="vendor" value="${#TestCase#vendor}"/>
  <con:entry key="X-TNGO-TENANT" value="${#TestCase#Tenant}"/>
  <con:entry key="limit" value="${#TestCase#limit}"/>
  <con:entry key="client_secret" value="${#TestCase#clientSecret}"/>
  <con:entry key="client_id" value="${#TestCase#clientId}"/>
</con:parameters><con:parameterOrder><con:entry>X-TNGO-TENANT</con:entry><con:entry>Authorization</con:entry><con:entry>client_id</con:entry><con:entry>client_secret</con:entry><con:entry>offset</con:entry><con:entry>limit</con:entry><con:entry>sortAscending</con:entry><con:entry>sortBy</con:entry><con:entry>status</con:entry><con:entry>vendor</con:entry></con:parameterOrder></con:restRequest></con:config></con:testStep><con:testStep type="groovy" name="BuildListOfAllServiceObjectsAndCreateFile" id="9587f4e7-9bc7-4e72-ba42-e2d389bc877d"><con:settings/><con:config><script><![CDATA[import groovy.json.JsonSlurper 
def groovyUtils = new com.eviware.soapui.support.GroovyUtils( context ); 
def testCase = context.testCase; 
def testStep = testCase.getTestStepByName("AssetsServicesRequest") 

def alert = com.eviware.soapui.support.UISupport; // this can be used fo popups

testRunner = new com.eviware.soapui.impl.wsdl.testcase.WsdlTestCaseRunner(testCase, null); 
testStepContext = new com.eviware.soapui.impl.wsdl.testcase.WsdlTestRunContext(testStep); 

def response = testStep.testRequest.messageExchange.response.responseContent
def slurper = new JsonSlurper()
def json = slurper.parseText response

//log.info "Total Count = " + json.orders._meta.totalCountcontext.listOfOrderObjects

// ///////////////////////////////////////////////////////////////////////////////////////
// This section loads each order item into a list of order objects. This is done by
// making a request for 50 order items at a time until all order items are loaded into 
// an orders list. The order objects only hold some of the items in each order item.
// ///////////////////////////////////////////////////////////////////////////////////////

int totalCount = json.services._meta.totalCount as int
int offset = 0
int limit = 100

int numFullLoops = (json.services._meta.totalCount as int)/limit
int numLeftoverItems = totalCount - (numFullLoops * limit)

log.info "Total Count = " + totalCount
log.info "Starting Offset = " + offset
log.info "Limit = " + limit
log.info "Number of blocks that have full limit size = " + numFullLoops
log.info "Number leftover items and end = " + numLeftoverItems

context.listOfOrderObjects = []

int outputCounter = 0

for(int x = 0; x < numFullLoops ; x++) // bladd
{
	// run and get response
	testRunner.testCase.setPropertyValue("offset", offset as String)
	testRunner.testCase.setPropertyValue("limit", limit as String)

	//alert.showInfoMessage("Redy to run with offset = " + offset);
	log.info "Starting to run request with offset = " + offset
	
	testStep.run(testRunner, testStepContext);
	response = testStep.testRequest.messageExchange.response.responseContent
	json = slurper.parseText response

	log.info "Add response items to object list"

	for(int y = 0; y < limit; y++)
	{
		tempOne = json.services.items[y].id

		if((json.services.items[y].status).equals(null))
		{
			tempTwo = null
		}
		else
		{
			tempTwo = json.services.items[y].status
		}
		
		if((json.services.items[y].serviceNumber).equals(null))
		{
			tempThree = null
		}
		else
		{
			tempThree = json.services.items[y].serviceNumber
		}

		tempFour = json.services.items[y]._meta.href

		if((json.services.items[y].department).equals(null)) // dept id
		{
			tempFive = null
		}
		else
		{
			tempFive = json.services.items[y].department.id
		}
		
		if((json.services.items[y].vendor).equals(null)) // vendor id
		{
			tempSix = null
		}
		else if ((json.services.items[y].vendor).billing.equals(null))
		{
			tempSix = null
		}
		else
		{
			tempSix = json.services.items[y].vendor.billing.id
		}
		
		context.listOfOrderObjects.add(new soapUIScripts.CommonMethods.ServiceObject(tempOne, tempTwo, tempThree, tempFour, tempFive, tempSix))	
	}

	log.info "Current offset " + offset + " completed."
	
	offset += limit
}

if(numLeftoverItems == 0)
{
	return
}

// offset has been set to start at the last block that is smaller than all of the other blocks in thge for loop above

// run and get response 
testRunner.testCase.setPropertyValue("offset", offset as String)
testRunner.testCase.setPropertyValue("limit", limit as String)

//alert.showInfoMessage("Redy to run with offset = " + offset);
log.info "Starting to run with offset = " + offset

testStep.run(testRunner, testStepContext);
response = testStep.testRequest.messageExchange.response.responseContent
json = slurper.parseText response

int n = 0

log.info "Add final items to object list"

for(int k = offset; k < totalCount; k++)
{
	tempOne = json.services.items[n].id

	if((json.services.items[n].status).equals(null))
	{
		tempTwo = null
	}
	else
	{
		tempTwo = json.services.items[n].status
	}
	
	if((json.services.items[n].serviceNumber).equals(null))
	{
		tempThree = null
	}
	else
	{
		tempThree = json.services.items[n].serviceNumber
	}
	
	tempFour = json.services.items[n]._meta.href

	if((json.services.items[n].department).equals(null)) // dept id
	{
		tempFive = null
	}
	else
	{
		tempFive = json.services.items[n].department.id
	}
	
	if((json.services.items[n].vendor).equals(null)) // vendor id
	{
		tempSix = null
	}
	else if ((json.services.items[n].vendor).billing.equals(null))
	{
		tempSix = null
	}
	else
	{
		tempSix = json.services.items[n].vendor.billing.id
	}
		
	context.listOfOrderObjects.add(new soapUIScripts.CommonMethods.ServiceObject(tempOne, tempTwo, tempThree, tempFour, tempFive, tempSix))	
	n++
}

// this sets offset and limit per what ana set it at in her sorting test.
testRunner.testCase.setPropertyValue("offset", context.offset.toString())
testRunner.testCase.setPropertyValue("limit", context.limit.toString())

log.info "Log order objects to a file"

def filename = "C:\\SoapUi_Projects\\_API_2017_SFE_15041\\Hacking_XX1\\ServiceObjects.txt"
def file = new File(filename)
def w = file.newWriter() 


for (soapUIScripts.CommonMethods.ServiceObject obj : context.listOfOrderObjects)
{
	w << outputCounter + "\r\n"
	w << "serviceId: " + obj.serviceId + "\r\n"
	w << "Status: " + obj.status + "\r\n"
	w << "Service Number: " + obj.serviceNumber + "\r\n"
	w << "Mhref: " + obj.metaHref + "\r\n"
	w << "Department Id: " + obj.departmentId + "\r\n"
	w << "Vendor Id: " + obj.vendorId + "\r\n"
	outputCounter++
}

w.close()
	
return
]]></script></con:config></con:testStep><con:testStep type="groovy" name="StoreUniqueVendorsFromResponse" id="9058eca1-2ffb-42c8-a49d-e1c2684f340b"><con:settings/><con:config><script>int cntr
def vendorIdMap = [:]

// /////////////////////////////////////////////////////////////////////////////
// store away all of the unique vendor IDs found in assets/services response
// /////////////////////////////////////////////////////////////////////////////

context.listOfVendorsFromAssetsServices = []

for(soapUIScripts.CommonMethods.ServiceObject obj : context.listOfOrderObjects)
{
	
	if(!context.listOfVendorsFromAssetsServices.contains(obj.vendorId))
	{
		//log.info obj.vendorId
		context.listOfVendorsFromAssetsServices.add(obj.vendorId)
	}

	// KEEP FOR EXAMPLE OF MAP
	/*
	if(vendorIdMap.containsKey(obj.vendorId))
	{
		temp = vendorIdMap.get(obj.vendorId)
		vendorIdMap[obj.vendorId] = ++temp
	}
	else
	{
		vendorIdMap.put(obj.vendorId,1)
	}
	*/
}

// setup for call to the vendors API
context.limit = 200
testRunner.testCase.setPropertyValue("limit", context.limit.toString())

// log.info "All vendor Ids found in Assets/Services response have been stored"
//for(String str : context.listOfVendorsFromAssetsServices){log.info str}













/*
vendorIdMap.each
{
  log.info "VendorId:" +   it.key  + " Count:" + it.value
}
*/

/*

//def sampleMap = [:]

//def sampleMap = [id:98,cnt:1]
def vendorIdMap = [:]

vendorIdMap.put(98,1)

//log.info sampleMap.containsKey(98)
//log.info sampleMap.containsKey(598)

def temp

//temp = vendorIdMap.get(98)
//vendorIdMap[98] = ++temp
// log.info vendorIdMap.get(98)

def num = 948

if(vendorIdMap.containsKey(num))
{
	temp = vendorIdMap.get(num)
	vendorIdMap[num] = ++temp
}
else
{
	vendorIdMap.put(num,1)
}

vendorIdMap.each{
  log.info "VendorId:" +   it.key  + " Count:" + it.value
}
*/
</script></con:config></con:testStep><con:testStep type="restrequest" name="VendorsRequest" id="6f7c0d4d-a27d-477a-bffb-2c636a33b97c"><con:settings/><con:config service="" resourcePath="/vendors" methodName="Vendors" xsi:type="con:RestRequestStep" xmlns:xsi="http://www.w3.org/2001/XMLSchema-instance"><con:restRequest name="VendorsRequest" id="2ff3214b-dac9-4db1-bc7d-bf9ec6af56ee" mediaType="application/json"><con:settings><con:setting id="com.eviware.soapui.impl.wsdl.WsdlRequest@request-headers">&lt;xml-fragment/></con:setting></con:settings><con:endpoint>${#TestCase#URL}</con:endpoint><con:request/><con:originalUri>https://tngo-qa-mobproc.cloudhub.io/mobproc/v1.qa/vendors</con:originalUri><con:assertion type="Valid HTTP Status Codes" id="5b563b2d-b3fb-48ba-a936-8b5c7382259d" name="Valid HTTP Status Codes"><con:settings/><con:configuration><codes>200</codes></con:configuration></con:assertion><con:credentials><con:selectedAuthProfile>Inherit From Parent</con:selectedAuthProfile><con:authType>No Authorization</con:authType></con:credentials><con:jmsConfig JMSDeliveryMode="PERSISTENT"/><con:parameters>
  <con:entry key="Authorization" value="Bearer ${#TestCase#AccessToken}"/>
  <con:entry key="offset" value="0"/>
  <con:entry key="X-TNGO-TENANT" value="${#TestCase#Tenant}"/>
  <con:entry key="limit" value="${#TestCase#limit}"/>
  <con:entry key="client_secret" value="${#TestCase#clientSecret}"/>
  <con:entry key="client_id" value="${#TestCase#clientId}"/>
</con:parameters><con:parameterOrder><con:entry>X-TNGO-TENANT</con:entry><con:entry>Authorization</con:entry><con:entry>client_id</con:entry><con:entry>client_secret</con:entry><con:entry>offset</con:entry><con:entry>limit</con:entry></con:parameterOrder></con:restRequest></con:config></con:testStep><con:testStep type="groovy" name="CreateFinalListOfVendorsToUse" id="f8e9ac93-94b8-4029-913b-43df96b88fc0"><con:settings/><con:config><script>import groovy.json.JsonSlurper 
def groovyUtils = new com.eviware.soapui.support.GroovyUtils( context ); 
def testCase = context.testCase; 
def testStep = testCase.getTestStepByName("VendorsRequest") 

def alert = com.eviware.soapui.support.UISupport; // this can be used fo popups

testRunner = new com.eviware.soapui.impl.wsdl.testcase.WsdlTestCaseRunner(testCase, null); 
testStepContext = new com.eviware.soapui.impl.wsdl.testcase.WsdlTestRunContext(testStep); 

def response = testStep.testRequest.messageExchange.response.responseContent
def slurper = new JsonSlurper()
def json = slurper.parseText response


listOfVendorsFromVendorsRequest = []
finalListOfValidVendors = []

if(json.vendors.totalCount > context.limit)
{
	log.info ("ERROR: The number of possible vendor items is more than expected in 'CollectAndVerifyVenorsQuery'.")
	throw new RuntimeException("ERROR: The number of possible vendor items is more than expected in 'CollectAndVerifyVenorsQuery' .")	
}

// //////////////////////////////////////////////////////////////////////////////////////
// at this point there is a list of vendor Ids from the vendors API call and there is
// a list of vendor Ids from the assets/services calls. create a new list of vendor Ids
// that only has items from the list of vendor Ids from the assets/services calls 
// that are found in the vendor Ids from the vendors API call.
// /////////////////////////////////////////////////////////////////////////////

listOfVendorsFromVendorsRequest =  json.vendors.items.id

context.finalListOfValidVendors = []

// for(String str : listOfVendorsFromVendorsRequest){log.info str}

// create a list of valid vendors from the vendors request.
for(String str : context.listOfVendorsFromAssetsServices)
{
	if(listOfVendorsFromVendorsRequest.contains(str))
	{
		context.finalListOfValidVendors.add(str)
	}
}

</script></con:config></con:testStep><con:testStep type="groovy" name="VerifyVendorQueries" id="d4ddee36-60f9-46be-9608-e14d7c477687"><con:settings/><con:config><script>import groovy.json.JsonSlurper 
def groovyUtils = new com.eviware.soapui.support.GroovyUtils( context ); 
//def testCase = context.testCase; 
//def testStep = testCase.getTestStepByName("VendorsRequest") 

def testCase = context.testCase; 
def testStep = testCase.getTestStepByName("AssetsServicesRequest");  
testRunner = new com.eviware.soapui.impl.wsdl.testcase.WsdlTestCaseRunner(testCase, null); 
testStepContext = new com.eviware.soapui.impl.wsdl.testcase.WsdlTestRunContext(testStep); 

context.limit = 100
testRunner.testCase.setPropertyValue("limit", context.limit.toString())

def response
def slurper
def json

int index = 0

// go through each vendorId and make an assets/services call with it. pass the response for the vendor Ids
// to a method that verifies all the vendor Ids are correct.
for(String str in context.finalListOfValidVendors)
{
	testRunner.testCase.setPropertyValue("vendor", context.finalListOfValidVendors.get(index))
	testStep.run(testRunner, testStepContext);
	response = testStep.testRequest.messageExchange.response.responseContent
	slurper = new JsonSlurper()
	json = slurper.parseText response
	//log.info json.services.items.vendor.billing.id
	VerifyAllItemsEqual(json.services.items.vendor.billing.id, context.finalListOfValidVendors.get(index))
	// log.info json.services.items.vendor.billing.name
	index++
}

log.info "Test Complete."

// this takes a list of vendor Ids and verifies 
public void VerifyAllItemsEqual(listItems, expectedValue)
{
	log.info listItems
	log.info expectedValue

	for(String str : listItems)
	{
		if(!str.equals(expectedValue))
		{
			log.info ("ERROR: unexpected vendor Id in 'VerifyVendorQueries' method 'VerifyAllItemsEqual' Actual = " + str  + " Expected = " +  expectedValue + ".")
			throw new RuntimeException("ERROR: unexpected vendor Id in 'VerifyVendorQueries' method 'VerifyAllItemsEqual' Actual = " + str  + " Expected = " +  expectedValue + ".")							
		}
	}
}

</script></con:config></con:testStep><con:properties><con:property><con:name>Tenant</con:name><con:value>XX1</con:value></con:property><con:property><con:name>limit</con:name><con:value>100</con:value></con:property><con:property><con:name>offset</con:name><con:value>0</con:value></con:property><con:property><con:name>companyEmployeeId</con:name><con:value>Dudley.Doright2.XX1</con:value></con:property><con:property><con:name>AccessToken</con:name><con:value>XMLaATr8DNMTw43lm6xtJvE6sSS9</con:value></con:property><con:property><con:name>RefreshToken</con:name><con:value>RC8B2L4OQXNTWuNSoPuFn6fQuN6ijsaNt65AZVyMXV</con:value></con:property><con:property><con:name>DeviceId</con:name><con:value>37948383</con:value></con:property><con:property><con:name>ServiceId</con:name><con:value>41741086</con:value></con:property><con:property><con:name>EmployeeId</con:name><con:value>28735033</con:value></con:property><con:property><con:name>DepartmentId</con:name><con:value>11569020350</con:value></con:property><con:property><con:name>LogoUrl</con:name><con:value>https://qa1cmd.tangoe.com/</con:value></con:property><con:property><con:name>client_id</con:name><con:value>3c276cecdc674aabb5456f54b605bbbf</con:value></con:property><con:property><con:name>client_secret</con:name><con:value>c513c4a67492405d95CE4DB4B40B73FF</con:value></con:property><con:property><con:name>URL</con:name><con:value>https://tngo-qa-mobproc.cloudhub.io/mobproc/v1.qa</con:value></con:property><con:property><con:name>transactionType</con:name><con:value>NEW_ACTIVATION</con:value></con:property><con:property><con:name>sortAscending</con:name><con:value>false</con:value></con:property><con:property><con:name>sortBy</con:name><con:value>CURRENT_VENDOR</con:value></con:property><con:property><con:name>regionId</con:name><con:value>70144640</con:value></con:property><con:property><con:name>LastHref</con:name><con:value>https://tngo-qa-mobproc-cmd.cloudhub.io/mobproc/v1.qa/catalog/accessories?transactionType=NEW_ACTIVATION&amp;offset=0&amp;sortBy=VENDOR&amp;region=70144640&amp;limit=100&amp;sortAscending=false</con:value></con:property><con:property><con:name>hrefUrl</con:name><con:value>https://tngo-qa-mobproc-cmd.cloudhub.io/mobproc/v1.qa/catalog/accessories?transactionType=NEW_ACTIVATION&amp;sortBy=VENDOR&amp;offset=0&amp;region=70144640&amp;limit=100&amp;sortAscending=false</con:value></con:property><con:property><con:name>ConditionUrl</con:name><con:value>https://tngo-qa-mobproc-cmd.cloudhub.io/mobproc/v1.qa/assets/devices?offset=0&amp;sortBy=DEPARTMENT&amp;limit=100&amp;sortAscending=false</con:value></con:property><con:property><con:name>clientID</con:name><con:value>392d0283466b4e00be8e8b8062db5f9f</con:value></con:property><con:property><con:name>clientSecret</con:name><con:value>3c684c3220e740ef92E7177A32AE978D</con:value></con:property><con:property><con:name>vendor</con:name><con:value>105</con:value></con:property></con:properties><con:reportParameters/><con:breakPoints><con:testStepId>7b8f2d2b-0292-4873-ab56-fcbaa8ff99f1</con:testStepId><con:status>NONE</con:status><con:properties/></con:breakPoints><con:breakPoints><con:testStepId>66aca81c-be72-452b-ab66-5b341016b808</con:testStepId><con:status>NONE</con:status><con:properties/></con:breakPoints><con:breakPoints><con:testStepId>84bde778-87fe-4b16-955b-7296fde18e70</con:testStepId><con:status>NONE</con:status><con:properties/></con:breakPoints><con:breakPoints><con:testStepId>52fa8ca2-264a-461d-beaa-373b1826f5f9</con:testStepId><con:status>NONE</con:status><con:properties/></con:breakPoints><con:breakPoints><con:testStepId>bef3478a-b94d-4805-b9cd-c71b4479ad07</con:testStepId><con:status>NONE</con:status><con:properties/></con:breakPoints><con:breakPoints><con:testStepId>4541bed6-6863-4a97-acc5-26b850b688f5</con:testStepId><con:status>NONE</con:status><con:properties/></con:breakPoints><con:breakPoints><con:testStepId>2b617cd9-a3dd-4ee5-b7e0-6afcca9705f0</con:testStepId><con:status>NONE</con:status><con:properties/></con:breakPoints><con:breakPoints><con:testStepId>28470b07-84f1-4e30-b22c-0f12d23d7ac7</con:testStepId><con:status>NONE</con:status><con:properties/></con:breakPoints><con:breakPoints><con:testStepId>bc119439-30fb-4b2c-8ec7-b0b248c5fb5e</con:testStepId><con:status>NONE</con:status><con:properties/></con:breakPoints><con:breakPoints><con:testStepId>e7311096-a778-41f9-a1bf-7d2405829d28</con:testStepId><con:status>NONE</con:status><con:properties/></con:breakPoints><con:breakPoints><con:testStepId>9587f4e7-9bc7-4e72-ba42-e2d389bc877d</con:testStepId><con:status>NONE</con:status><con:properties/></con:breakPoints><con:breakPoints><con:testStepId>9058eca1-2ffb-42c8-a49d-e1c2684f340b</con:testStepId><con:status>NONE</con:status><con:properties/></con:breakPoints><con:breakPoints><con:testStepId>6f7c0d4d-a27d-477a-bffb-2c636a33b97c</con:testStepId><con:status>NONE</con:status><con:properties/></con:breakPoints><con:breakPoints><con:testStepId>f8e9ac93-94b8-4029-913b-43df96b88fc0</con:testStepId><con:status>NONE</con:status><con:properties/></con:breakPoints></con:testCase><con:properties/><con:reportParameters/></con:testSuite><con:requirements/><con:properties/><con:wssContainer/><con:databaseConnectionContainer/><con:oAuth2ProfileContainer/><con:oAuth1ProfileContainer/><con:reporting><con:xmlTemplates/><con:parameters/></con:reporting><con:authRepository/><con:tags/></con:soapui-project>