<?xml version="1.0" encoding="UTF-8"?>
<con:soapui-project id="d8804a76-bbd2-49cc-9732-d6f99a5896fc" created="2.1.0" activeEnvironment="Default" name="API_Ping" resourceRoot="" updated="2.1.0 20170726-1100" abortOnError="false" runType="SEQUENTIAL" soapui-version="5.2.1" xmlns:con="http://eviware.com/soapui/config"><con:settings/><con:interface xsi:type="con:RestService" id="18501478-1ec1-4e46-b87f-1251c90938ec" wadlVersion="http://wadl.dev.java.net/2009/02" name="http://ping.com" type="rest" xmlns:xsi="http://www.w3.org/2001/XMLSchema-instance"><con:settings/><con:definitionCache type="TEXT" rootPart=""/><con:endpoints><con:endpoint>http://ping.com</con:endpoint></con:endpoints><con:resource name="" path="/ping" id="6dc5d692-0075-4519-8a26-2ec45b5ece8a"><con:settings/><con:parameters><con:parameter><con:name>text</con:name><con:value/><con:style>QUERY</con:style><con:default/><con:description xsi:nil="true"/></con:parameter></con:parameters><con:method name="" id="70b85567-af2a-4317-a8e7-0c159f2a4b96" method="GET"><con:settings/><con:parameters/><con:representation type="FAULT"><con:mediaType>text/html; charset=utf-8</con:mediaType><con:status>404</con:status><con:params/><con:element>html</con:element></con:representation><con:representation type="RESPONSE"><con:mediaType>application/json;charset=UTF-8</con:mediaType><con:status>200</con:status><con:params/><con:element>Response</con:element></con:representation><con:request name="Request 1" id="527d7213-047b-458f-9fdf-5e555b66c196" mediaType="application/json"><con:settings/><con:endpoint>http://ping.com</con:endpoint><con:request/><con:credentials><con:selectedAuthProfile>No Authorization</con:selectedAuthProfile><con:authType>No Authorization</con:authType></con:credentials><con:jmsConfig JMSDeliveryMode="PERSISTENT"/><con:jmsPropertyConfig/><con:parameters><entry key="text" value="&quot;gg&quot;" xmlns="http://eviware.com/soapui/config"/></con:parameters><con:parameterOrder><con:entry>text</con:entry></con:parameterOrder></con:request></con:method></con:resource></con:interface><con:testSuite id="89a5a720-5970-419f-9145-cb16a498c099" name="TestSuite 1"><con:settings/><con:savedRecentRuns>1</con:savedRecentRuns><con:runType>SEQUENTIAL</con:runType><con:testCase id="43fd2c18-b7c1-4e92-aa3e-433908b059b2" discardOkResults="true" failOnError="true" failTestCaseOnErrors="true" keepSession="false" name="TestCase 1" searchProperties="true" timeout="0" maxResults="0"><con:settings/><con:savedRecentRuns>1</con:savedRecentRuns><con:testStep type="groovy" name="Groovy Script 2" id="5b951c98-e1df-480c-9668-6632175781b3"><con:settings/><con:config><script>context.text = "Some Text Two"
log.info context.text
testRunner.testCase.setPropertyValue( "ExpectedText", context.text) // set header name property in request pane.			</script></con:config></con:testStep><con:testStep type="restrequest" name="PingRequest" id="27e5cbc8-0ed6-46bb-b776-5b393d0789f1"><con:settings/><con:config service="http://ping.com" resourcePath="/ping" methodName="" xsi:type="con:RestRequestStep" xmlns:xsi="http://www.w3.org/2001/XMLSchema-instance"><con:restRequest name="PingRequest" id="527d7213-047b-458f-9fdf-5e555b66c196" mediaType="application/json"><con:settings><con:setting id="com.eviware.soapui.impl.wsdl.WsdlRequest@request-headers">&lt;xml-fragment/></con:setting></con:settings><con:endpoint>http://dc2devrmapp44.prod.tangoe.com:8055</con:endpoint><con:request/><con:originalUri>http://ping.com/ping</con:originalUri><con:credentials><con:selectedAuthProfile>Inherit From Parent</con:selectedAuthProfile><con:authType>No Authorization</con:authType></con:credentials><con:jmsConfig JMSDeliveryMode="PERSISTENT"/><con:jmsPropertyConfig/><con:parameters><entry key="text" value="${#TestCase#ExpectedText}" xmlns="http://eviware.com/soapui/config"/></con:parameters><con:parameterOrder><con:entry>text</con:entry></con:parameterOrder></con:restRequest></con:config></con:testStep><con:testStep type="groovy" name="Groovy Script" id="fa65bce0-fcbe-44a5-81c9-3376b17d574d"><con:settings/><con:config><script>import groovy.json.JsonSlurper
def groovyUtils = new com.eviware.soapui.support.GroovyUtils( context ); 
def testCase = context.testCase; 
def testStep = testCase.getTestStepByName("PingRequest");  
def response = testStep.testRequest.messageExchange.response.responseContent;
def slurper = new JsonSlurper();
def json = slurper.parseText response;

String tempString = json.status

log.info json.status
log.info json.text</script></con:config></con:testStep><con:properties><con:property><con:name>ExpectedText</con:name><con:value>Some Text Two</con:value></con:property></con:properties><con:reportParameters/><con:breakPoints><con:testStepId>5b951c98-e1df-480c-9668-6632175781b3</con:testStepId><con:status>NONE</con:status><con:properties/></con:breakPoints></con:testCase><con:properties/><con:reportParameters/></con:testSuite><con:savedRecentRuns>1</con:savedRecentRuns><con:requirements/><con:properties/><con:wssContainer/><con:databaseConnectionContainer/><con:oAuth2ProfileContainer/><con:oAuth1ProfileContainer/><con:reporting><con:reportTemplates/><con:xmlTemplates/><con:xmlTemplates/><con:parameters/><con:parameters/></con:reporting><con:reporting/><con:authRepository/><con:tags/></con:soapui-project>