<?xml version="1.0" encoding="UTF-8"?>
<con:soapui-project id="a01e23c3-3219-41de-b0cb-17706bb9b33a" activeEnvironment="Default environment" name="API_ApplicationsSortingAUTOMATE!" lastOpened="2017-09-19T17:19:45.887-04:00" soapui-version="5.2.1" resourceRoot="" updated="2.1.0 20170726-1100" abortOnError="false" runType="SEQUENTIAL" xmlns:con="http://eviware.com/soapui/config"><con:settings/><con:interface xsi:type="con:RestService" id="14ef7e7f-386f-4812-8ef1-5636d6602010" wadlVersion="http://wadl.dev.java.net/2009/02" name="Applications" type="rest" xmlns:xsi="http://www.w3.org/2001/XMLSchema-instance"><con:settings/><con:definitionCache type="TEXT" rootPart=""/><con:endpoints><con:endpoint>http://dc2devrmapp44.prod.tangoe.com:8055</con:endpoint><con:endpoint>http://tg-mobility.cloudhub.io</con:endpoint></con:endpoints><con:resource name="V1" path="/platformservice/api/v1/applications" id="afb5fbc4-b523-40fb-b343-ba85c3c5c2e7"><con:settings/><con:parameters><con:parameter><con:name>sortBy</con:name><con:value/><con:style>QUERY</con:style><con:default/><con:description xsi:nil="true"/></con:parameter><con:parameter><con:name>sortDirection</con:name><con:value/><con:style>QUERY</con:style><con:default/><con:description xsi:nil="true"/></con:parameter><con:parameter><con:name>pageSize</con:name><con:value/><con:style>QUERY</con:style><con:default/><con:description xsi:nil="true"/></con:parameter><con:parameter><con:name>Authorization</con:name><con:value/><con:style>HEADER</con:style><con:default/><con:description xsi:nil="true"/></con:parameter></con:parameters><con:method name="GetApplications" id="b9f29342-ba70-485a-be0f-c6aeb9f281a3" method="GET"><con:settings/><con:parameters/><con:representation type="FAULT"><con:mediaType>application/json</con:mediaType><con:status>403 400 500</con:status><con:params/><con:element xmlns:dev="http://tg-mobility.cloudhub.io/mobility/v1/assets/devices">dev:Fault</con:element></con:representation><con:representation type="RESPONSE"><con:mediaType>application/json;charset=UTF-8</con:mediaType><con:status>200</con:status><con:params/><con:element xmlns:dev="http://tg-mobility.cloudhub.io/mobility/v1/assets/devices">dev:Response</con:element></con:representation><con:representation type="RESPONSE"><con:mediaType xsi:nil="true"/><con:status>0</con:status><con:params/><con:element>data</con:element></con:representation><con:representation type="FAULT"><con:mediaType xsi:nil="true"/><con:status>404</con:status><con:params/><con:element>data</con:element></con:representation><con:representation type="FAULT"><con:mediaType xsi:nil="true"/><con:status>404</con:status><con:params/><con:element>data</con:element></con:representation><con:representation type="FAULT"><con:mediaType xsi:nil="true"/><con:status>404</con:status><con:params/><con:element>data</con:element></con:representation><con:representation type="FAULT"><con:mediaType xsi:nil="true"/><con:status>404</con:status><con:params/><con:element>data</con:element></con:representation><con:representation type="FAULT"><con:mediaType xsi:nil="true"/><con:status>404</con:status><con:params/><con:element>data</con:element></con:representation><con:representation type="FAULT"><con:mediaType xsi:nil="true"/><con:status>404</con:status><con:params/><con:element>data</con:element></con:representation><con:representation type="FAULT"><con:mediaType xsi:nil="true"/><con:status>404</con:status><con:params/><con:element>data</con:element></con:representation><con:representation type="FAULT"><con:mediaType xsi:nil="true"/><con:status>404</con:status><con:params/><con:element>data</con:element></con:representation><con:representation type="FAULT"><con:mediaType xsi:nil="true"/><con:status>404</con:status><con:params/><con:element>data</con:element></con:representation><con:representation type="FAULT"><con:mediaType xsi:nil="true"/><con:status>404</con:status><con:params/><con:element>data</con:element></con:representation><con:representation type="FAULT"><con:mediaType xsi:nil="true"/><con:status>404</con:status><con:params/><con:element>data</con:element></con:representation><con:representation type="FAULT"><con:mediaType xsi:nil="true"/><con:status>404</con:status><con:params/><con:element>data</con:element></con:representation><con:representation type="RESPONSE"><con:mediaType xsi:nil="true"/><con:status>0</con:status><con:params/><con:element>data</con:element></con:representation><con:representation type="FAULT"><con:mediaType xsi:nil="true"/><con:status>404</con:status><con:params/><con:element>data</con:element></con:representation><con:representation type="RESPONSE"><con:mediaType xsi:nil="true"/><con:status>0</con:status><con:params/><con:element>data</con:element></con:representation><con:representation type="RESPONSE"><con:mediaType xsi:nil="true"/><con:status>0</con:status><con:params/><con:element>data</con:element></con:representation><con:representation type="RESPONSE"><con:mediaType xsi:nil="true"/><con:status>0</con:status><con:params/><con:element>data</con:element></con:representation><con:representation type="RESPONSE"><con:mediaType xsi:nil="true"/><con:status>0</con:status><con:params/><con:element>data</con:element></con:representation><con:representation type="RESPONSE"><con:mediaType xsi:nil="true"/><con:status>0</con:status><con:params/><con:element>data</con:element></con:representation><con:representation type="RESPONSE"><con:mediaType xsi:nil="true"/><con:status>0</con:status><con:params/><con:element>data</con:element></con:representation><con:representation type="RESPONSE"><con:mediaType xsi:nil="true"/><con:status>0</con:status><con:params/><con:element>data</con:element></con:representation><con:representation type="RESPONSE"><con:mediaType xsi:nil="true"/><con:status>0</con:status><con:params/><con:element>data</con:element></con:representation><con:representation type="RESPONSE"><con:mediaType xsi:nil="true"/><con:status>0</con:status><con:params/><con:element>data</con:element></con:representation><con:representation type="RESPONSE"><con:mediaType xsi:nil="true"/><con:status>0</con:status><con:params/><con:element>data</con:element></con:representation><con:representation type="RESPONSE"><con:mediaType xsi:nil="true"/><con:status>0</con:status><con:params/><con:element>data</con:element></con:representation><con:representation type="FAULT"><con:mediaType>application/json;charset=UTF-8</con:mediaType><con:status>400 404 500</con:status><con:params/><con:element xmlns:dev="http://tg-mobility.cloudhub.io/mobility/v1/assets/devices">dev:Fault</con:element></con:representation><con:representation type="RESPONSE"><con:mediaType xsi:nil="true"/><con:status>0</con:status><con:params/><con:element>data</con:element></con:representation><con:representation type="RESPONSE"><con:mediaType xsi:nil="true"/><con:status>0</con:status><con:params/><con:element>data</con:element></con:representation><con:request name="GetApplications" id="37dfc892-e20b-4e85-a429-12187d2bc377" mediaType="application/json"><con:settings><con:setting id="com.eviware.soapui.impl.wsdl.WsdlRequest@request-headers">&lt;xml-fragment/></con:setting></con:settings><con:endpoint>None</con:endpoint><con:request/><con:originalUri>http://tg-mobility.cloudhub.io/mobility/v1/assets/devices</con:originalUri><con:credentials><con:selectedAuthProfile>No Authorization</con:selectedAuthProfile><con:authType>No Authorization</con:authType></con:credentials><con:jmsConfig JMSDeliveryMode="PERSISTENT"/><con:jmsPropertyConfig/><con:parameters>
  <con:entry key="sortDirection" value="nnn"/>
  <con:entry key="pageSize" value="66"/>
  <con:entry key="sortBy" value="Knn"/>
</con:parameters><con:parameterOrder><con:entry>sortBy</con:entry><con:entry>sortDirection</con:entry><con:entry>pageSize</con:entry><con:entry>Authorization</con:entry></con:parameterOrder></con:request></con:method></con:resource></con:interface><con:testSuite id="bae40536-5873-463a-82b6-9695616d4fe4" name="TestSuiteSortApps"><con:settings/><con:savedRecentRuns>1</con:savedRecentRuns><con:runType>SEQUENTIAL</con:runType><con:testCase id="3b26452e-7d1e-440e-810b-29a916f2a5d0" discardOkResults="true" failOnError="true" failTestCaseOnErrors="true" keepSession="false" name="TestCaseSortingApplications" searchProperties="true" maxResults="0"><con:description/><con:settings/><con:savedRecentRuns>1</con:savedRecentRuns><con:testStep type="groovy" name="SetupToken" id="22809d23-0739-432e-93f8-66d163cdf3a1"><con:settings/><con:config><script>// *** ADDED DECEMBER 26 -- TRYING SECURITY TOKEN ***  
// *** JANUARY 3 -- ADDING READING URL (HOSTNAME) FROM FILE ***

def groovyUtils = new com.eviware.soapui.support.GroovyUtils( context ); 

String projectPath = groovyUtils.projectPath //gets the path of the project root
String fileNameToken = projectPath + "\\tokenGenerated.txt"
String fileNameURL = projectPath + "\\platformServiceHostName.txt"

readDataFromFile(fileNameToken, log, testRunner)
readDataFromFile(fileNameURL, log, testRunner)

soapUIScripts.CommonMethods.StaticMethod(log)


// read in each line of token pair file and send to SetupTestSuiteVariables method for creating token pair file.
static boolean readDataFromFile(fileName, log, testRunner)
{
	try
	{
		new File(fileName).eachLine 
		{ 
			line ->	
			//log.info line
			setupTestSuiteVariables(line ,log, testRunner)
		}
	}
	catch (all)
	{
		log.info "    File read failed in readDataFromFile method."
		return false
	}
	return true
}

// put token into test suite property if line contains one of the tokens.
static void setupTestSuiteVariables(inputLine, log, testRunner)
{
	def strArray = []
	strArray = inputLine.split("=")
	
	// log.info strArray[1]
	
	if (inputLine.contains("Token"))
	{  
		testRunner.testCase.setPropertyValue("Token",strArray[1])
		log.info "  Token: " + testRunner.testCase.getPropertyValue("Token")		
	
	} else if (inputLine.contains("URL"))
	{
		testRunner.testCase.setPropertyValue("URL",strArray[1])
		log.info "  Hostname URL: " + testRunner.testCase.getPropertyValue("URL")	
	}
	
}
</script></con:config></con:testStep><con:testStep type="groovy" name="ScriptSetup" id="0a61c989-5960-411a-b4b9-c453e0cbe6e4"><con:settings/><con:config><script>// /////////////////////////////////////////////
// 
// /////////////////////////////////////////////

testRunner.testCase.setPropertyValue("sortBy", "")
testRunner.testCase.setPropertyValue("sortDirection", "")
testRunner.testCase.setPropertyValue("PageSize", "200")
 




</script></con:config></con:testStep><con:testStep type="restrequest" name="GetApplicationsForObjects" id="90399915-ed86-43d9-8669-13889f8ae25b"><con:settings/><con:config service="Applications" resourcePath="/platformservice/api/v1/applications" methodName="GetApplications" xsi:type="con:RestRequestStep" xmlns:xsi="http://www.w3.org/2001/XMLSchema-instance"><con:restRequest name="GetApplicationsForObjects" id="37dfc892-e20b-4e85-a429-12187d2bc377" mediaType="application/json"><con:settings><con:setting id="com.eviware.soapui.impl.wsdl.WsdlRequest@request-headers">&lt;xml-fragment/></con:setting></con:settings><con:endpoint>${#TestCase#URL}</con:endpoint><con:request/><con:originalUri>http://tg-mobility.cloudhub.io/mobility/v1/assets/devices</con:originalUri><con:assertion type="Valid HTTP Status Codes" id="204a31e4-52cc-401a-b88e-189337a9befe" name="Valid HTTP Status Codes"><con:settings/><con:configuration><codes>200</codes></con:configuration></con:assertion><con:credentials><con:selectedAuthProfile>Inherit From Parent</con:selectedAuthProfile><con:authType>No Authorization</con:authType></con:credentials><con:jmsConfig JMSDeliveryMode="PERSISTENT"/><con:jmsPropertyConfig/><con:parameters>
  <con:entry key="Authorization" value="Bearer ${#TestCase#Token}"/>
  <con:entry key="sortDirection" value="${#TestCase#SortDirection}"/>
  <con:entry key="pageSize" value="${#TestCase#PageSize}"/>
  <con:entry key="sortBy" value="${#TestCase#SortBy}"/>
</con:parameters><con:parameterOrder><con:entry>sortBy</con:entry><con:entry>sortDirection</con:entry><con:entry>pageSize</con:entry><con:entry>Authorization</con:entry></con:parameterOrder></con:restRequest></con:config></con:testStep><con:testStep type="groovy" name="BuildListOfAllDevicesObjects" id="710fe59b-94f8-4499-986b-623cf7c0f8a8"><con:settings/><con:config><script>import groovy.json.JsonSlurper 
def groovyUtils = new com.eviware.soapui.support.GroovyUtils( context ); 
def testCase = context.testCase; 
def testStep = testCase.getTestStepByName("GetApplicationsForObjects") 

def alert = com.eviware.soapui.support.UISupport; // this can be used fo popups

testRunner = new com.eviware.soapui.impl.wsdl.testcase.WsdlTestCaseRunner(testCase, null); 
testStepContext = new com.eviware.soapui.impl.wsdl.testcase.WsdlTestRunContext(testStep); 

def response = testStep.testRequest.messageExchange.response.responseContent
def slurper = new JsonSlurper()
def json = slurper.parseText response

//log.info "Total Count = " + json.orders._meta.totalCountcontext.listOfOrderObjects

// ///////////////////////////////////////////////////////////////////////////////////////
// This section loads each order item into a list of order objects. This is done by
// making a request for 50 order items at a time until all order items are loaded into 
// an orders list. The order objects only hold some of the items in each order item.
// ///////////////////////////////////////////////////////////////////////////////////////

int totalCount = json.metadata.totalCount as int

context.listOfAppObjects = []

String tempOne
String tempTwo
String tempThree
String tempFour

for(int x = 0; x &lt; totalCount ; x++) // bladd
{

	tempOne = json.applications[x].key
	tempTwo = json.applications[x].name
	
	if(json.applications[x].description.equals(null))
	{
		tempThree = null
	}
	else
	{
		tempThree = json.applications[x].description
	}
	
	tempFour = json.applications[x].enabled

	context.listOfAppObjects.add(new soapUIScripts.CommonMethods.AppObject(tempOne, tempTwo, tempThree, tempFour))
}


for(soapUIScripts.CommonMethods.AppObject appObj : context.listOfAppObjects)
{
	appObj.Show(log)
}

/*
class AppObject
{
	String key = ""
	String name = ""
	String desscription = ""
	String enabled = ""
	
	public AppObject(String ky, String nme, String descript, String enbled)
	{
		key = ky
		name = nme
		desscription = descript
		enabled = enbled
	}

	public Show(log)
	{
		log.info "-----------------"
		log.info key
		log.info name
		log.info desscription
		log.info enabled
	}
	
}
*/</script></con:config></con:testStep><con:testStep type="datasource" name="DataSource" id="fa3f679c-d1b6-478f-a082-41856b1c677b"><con:settings/><con:config xsi:type="con:DataSourceStep" xmlns:xsi="http://www.w3.org/2001/XMLSchema-instance"><con:dataSource type="Grid"><con:configuration><check><![CDATA[<xml-fragment><con:entry xmlns:con="http://eviware.com/soapui/config">true</con:entry><con:entry xmlns:con="http://eviware.com/soapui/config">true</con:entry><con:entry xmlns:con="http://eviware.com/soapui/config">true</con:entry><con:entry xmlns:con="http://eviware.com/soapui/config">true</con:entry><con:entry xmlns:con="http://eviware.com/soapui/config">true</con:entry><con:entry xmlns:con="http://eviware.com/soapui/config">true</con:entry><con:entry xmlns:con="http://eviware.com/soapui/config">true</con:entry><con:entry xmlns:con="http://eviware.com/soapui/config">true</con:entry><con:entry xmlns:con="http://eviware.com/soapui/config">true</con:entry></xml-fragment>]]></check><row><![CDATA[<xml-fragment><con:entry xmlns:con="http://eviware.com/soapui/config">KEY</con:entry><con:entry xmlns:con="http://eviware.com/soapui/config">ASC</con:entry><con:entry xmlns:con="http://eviware.com/soapui/config"/></xml-fragment>]]></row><row><![CDATA[<xml-fragment><con:entry xmlns:con="http://eviware.com/soapui/config">KEY</con:entry><con:entry xmlns:con="http://eviware.com/soapui/config">DESC</con:entry><con:entry xmlns:con="http://eviware.com/soapui/config"/></xml-fragment>]]></row><row><![CDATA[<xml-fragment><con:entry xmlns:con="http://eviware.com/soapui/config">NAME</con:entry><con:entry xmlns:con="http://eviware.com/soapui/config">ASC</con:entry><con:entry xmlns:con="http://eviware.com/soapui/config"/></xml-fragment>]]></row><row><![CDATA[<xml-fragment><con:entry xmlns:con="http://eviware.com/soapui/config">NAME</con:entry><con:entry xmlns:con="http://eviware.com/soapui/config">DESC</con:entry><con:entry xmlns:con="http://eviware.com/soapui/config"/></xml-fragment>]]></row><row><![CDATA[<xml-fragment><con:entry xmlns:con="http://eviware.com/soapui/config">IS_ENABLED</con:entry><con:entry xmlns:con="http://eviware.com/soapui/config">ASC</con:entry><con:entry xmlns:con="http://eviware.com/soapui/config"/></xml-fragment>]]></row><row><![CDATA[<xml-fragment><con:entry xmlns:con="http://eviware.com/soapui/config">IS_ENABLED</con:entry><con:entry xmlns:con="http://eviware.com/soapui/config">DESC</con:entry><con:entry xmlns:con="http://eviware.com/soapui/config"/></xml-fragment>]]></row><row><![CDATA[<xml-fragment><con:entry xmlns:con="http://eviware.com/soapui/config">KEY</con:entry><con:entry xmlns:con="http://eviware.com/soapui/config"/><con:entry xmlns:con="http://eviware.com/soapui/config"/></xml-fragment>]]></row><row><![CDATA[<xml-fragment><con:entry xmlns:con="http://eviware.com/soapui/config">NAME</con:entry><con:entry xmlns:con="http://eviware.com/soapui/config"/><con:entry xmlns:con="http://eviware.com/soapui/config"/></xml-fragment>]]></row><row><![CDATA[<xml-fragment><con:entry xmlns:con="http://eviware.com/soapui/config">IS_ENABLED</con:entry><con:entry xmlns:con="http://eviware.com/soapui/config"/><con:entry xmlns:con="http://eviware.com/soapui/config"/></xml-fragment>]]></row></con:configuration></con:dataSource><con:property>sortBy</con:property><con:property>sortDirection</con:property><con:completeLastOperation>true</con:completeLastOperation><con:restartOnRun>true</con:restartOnRun></con:config></con:testStep><con:testStep type="restrequest" name="GetApplicationsSorted" id="2b617cd9-a3dd-4ee5-b7e0-6afcca9705f0"><con:settings/><con:config service="Applications" resourcePath="/platformservice/api/v1/applications" methodName="GetApplications" xsi:type="con:RestRequestStep" xmlns:xsi="http://www.w3.org/2001/XMLSchema-instance"><con:restRequest name="GetApplicationsSorted" id="78225f30-ac27-4fc1-b283-2688b59cb02f" mediaType="application/json"><con:settings><con:setting id="com.eviware.soapui.impl.wsdl.WsdlRequest@request-headers">&lt;xml-fragment/></con:setting></con:settings><con:endpoint>${#TestCase#URL}</con:endpoint><con:request/><con:originalUri>http://tg-mobility.cloudhub.io/mobility/v1/assets/devices</con:originalUri><con:assertion type="Valid HTTP Status Codes" id="e847023d-e7d0-44a2-a0ed-3d7d9c4d20b9" name="Valid HTTP Status Codes"><con:settings/><con:configuration><codes>200</codes></con:configuration></con:assertion><con:credentials><con:selectedAuthProfile>No Authorization</con:selectedAuthProfile><con:authType>No Authorization</con:authType></con:credentials><con:jmsConfig JMSDeliveryMode="PERSISTENT"/><con:jmsPropertyConfig/><con:parameters>
  <con:entry key="Authorization" value="Bearer ${#TestCase#Token}"/>
  <con:entry key="sortDirection" value="${DataSource#sortDirection}"/>
  <con:entry key="pageSize" value="${#TestCase#PageSize}"/>
  <con:entry key="sortBy" value="${DataSource#sortBy}"/>
</con:parameters><con:parameterOrder><con:entry>sortBy</con:entry><con:entry>sortDirection</con:entry><con:entry>pageSize</con:entry><con:entry>Authorization</con:entry></con:parameterOrder></con:restRequest></con:config></con:testStep><con:testStep type="groovy" name="VerifyApplicationsSorting" id="3e72e467-da8b-4f25-ad46-c2108f1e3c58"><con:settings/><con:config><script>import groovy.json.JsonSlurper 

def groovyUtils = new com.eviware.soapui.support.GroovyUtils( context ); 
def testCase = context.testCase; 
def testStep = testCase.getTestStepByName("GetApplicationsSorted") 
def dataSource = testCase.getTestStepByName("DataSource")

//  need for external call.
testRunner = new com.eviware.soapui.impl.wsdl.testcase.WsdlTestCaseRunner(testCase, null); 
testStepContext = new com.eviware.soapui.impl.wsdl.testcase.WsdlTestRunContext(testStep); 

// get response of last test step run.
def response = testStep.testRequest.messageExchange.response.responseContent
def slurper = new JsonSlurper()
def json = slurper.parseText response

def sortDirection = dataSource.getPropertyValue("sortDirection")
def sortBy = dataSource.getPropertyValue("sortBy")

log.info "sortBy: " + sortBy
log.info "sortDirection = " + sortDirection

VerifySorting(json, sortDirection, sortBy)

/* Methods */
void VerifySorting(json, sortDirection, sortBy)
{
	def originalList = []
	def sortedList = []

	if (sortBy == "KEY")
	{
		originalList = json.applications.key
	}
	else if (sortBy == "NAME")
	{
		originalList = json.applications.name
	}
	else if (sortBy == "IS_ENABLED")
	{
		VerifySortingEnabled(json, sortDirection, sortBy) // need to call special method for this.
		return
	}

	// Copy the elements from original list to sorted list
	for(int i = 0; i &lt; originalList.size(); i++)
	{
		sortedList[i] = originalList[i]
	}

	// The criteria to sort the list must be case insensitive. E.g.: there are model names starting with "i" instead of "I", like "iPhone"
	Collections.sort(sortedList, String.CASE_INSENSITIVE_ORDER)

	// If sort = descending, sort list in reverse order
	if(sortDirection.equals("DESC"))
	{
		sortedList = sortedList.reverse()
	}

	log.info "originalList: " + originalList
	log.info "sortedList:   " + sortedList
	
	assert(sortedList.equals(originalList))
}

// this is special case for testing sorting with 
void VerifySortingEnabled(json, sortDirection, sortBy)
{
	log.info "In 'VerifySortingEnabled' method"
	
	def originalList = []
	def sortedList = []

	if (sortBy == "IS_ENABLED")
	{
		originalList = json.applications.enabled
	}
	else
	{
		throw new Exception("Error in 'VerifySortingEnabled' method in 'VerifyApplicationsSorting' test step. Unknown parameter sent in.")	
	}
	
	// Copy the elements from original list to sorted list
	for(int i = 0; i &lt; originalList.size(); i++)
	{
		sortedList[i] = originalList[i]
	}

	def sortedListString = [] // this will hold a string list of the 'sortedList' from above

	// copy 'sortedList' from above into string list 'sortedListString'.
	for(String str : sortedList)
	{
		sortedListString.add(str as String)
	}

	def originalListString = [] // this will hold a string list of the 'originalList' from above

	// now create a list of strings from the original list from above.
	for(String str : originalList)
	{
		originalListString.add(str as String)
	}

	// The criteria to sort the list must be case insensitive. E.g.: there are model names starting with "i" instead of "I", like "iPhone"
	Collections.sort(sortedListString, String.CASE_INSENSITIVE_ORDER)

	// If sort = descending, sort list in reverse order
	if(sortDirection.equals("DESC"))
	{
		sortedListString = sortedListString.reverse()
	}

	log.info "originalListString: " + originalListString
	log.info "sortedListString:   " + sortedListString

	assert(sortedListString.equals(originalListString))
}
</script></con:config></con:testStep><con:testStep type="groovy" name="VerifyAppSortingWithObjects" id="fd5eb0c5-c82e-47f4-99f4-66614d2b1e0b"><con:settings/><con:config><script>// ///////////////////////////////////////////////////////////////////////////////////////////////////////
// this is where to get order info from 'GetOrdersSorted' response.
// ///////////////////////////////////////////////////////////////////////////////////////////////////////
import groovy.json.JsonSlurper 

def groovyUtils = new com.eviware.soapui.support.GroovyUtils( context ); 
def testCase = context.testCase; 
def testStep = testCase.getTestStepByName("GetApplicationsSorted") 

// get response of last test step run.
def response = testStep.testRequest.messageExchange.response.responseContent
def slurper = new JsonSlurper()
def json = slurper.parseText response

log.info "Start VerifyAppSortingWithObjects"

// store away number of items in "GetAssetsServicesSorted" response.
int limit = json.metadata.totalCount

// ////////////////////////////////////////////////////////////////////////////////////////////////////////////////////////////
// a request has been previously made and the sorting has been verified in the json response. this section goes through 
// each app item in the json response. for each app item this gets the app object related to the app item by 
// seraching the list of apps, created in the beginning of this test, for the app item's key. once the app object 
// that's related to the app item in the json response is found, properties stored in the app object are compared
// to the app item's properties.
// ////////////////////////////////////////////////////////////////////////////////////////////////////////////////////////////

for(int x = 0; x &lt; limit; x++) // use limit that was set in test request.
{
	// this gets the device object related to the device item json.devices.items[x].id
	soapUIScripts.CommonMethods.AppObject obj = FindAppObjectByKeyId(json.applications[x].key)

	try
	{
		assert((json.applications[x].name).equals(obj.name))
		assert((json.applications[x].description).equals(obj.desscription))
		assert((json.applications[x].enabled as String).equals(obj.enabled))
	}
	catch (AssertionError e)
	{
		throw new Exception("Failure in 'VerifyAppSortingWithObjects' step. Error message is " + e.getMessage() )	
	}


}

// this receives a serviceId and returns the order object that goes with the serviceId.
soapUIScripts.CommonMethods.AppObject FindAppObjectByKeyId(String keyId)
{
	for(soapUIScripts.CommonMethods.AppObject obj : context.listOfAppObjects)
	{
		if(obj.key.equals(keyId))
		{
			return obj
		}
	}

	throw new RuntimeException("Fail in 'VerifyAppSortingWithObjects' groovy script. Method 'FindObjectByKeyId' did not find a return value.") 
}

/*
class AppObject
{
	String key = ""
	String name = ""
	String desscription = ""
	String enabled = ""
	
	public AppObject(String ky, String nme, String descript, String enbled)
	{
		key = ky
		name = nme
		desscription = descript
		enabled = enbled
	}

	public Show(log)
	{
		log.info "-----------------"
		log.info key
		log.info name
		log.info desscription
		log.info enabled
	}
	
}

*/


log.info "VerifyAppSortingWithObjects Done"
</script></con:config></con:testStep><con:testStep type="datasourceloop" name="DataSource Loop" id="4ee14ec3-4457-44cc-b689-d17d94e2af99"><con:settings/><con:config><dataSourceStep>DataSource</dataSourceStep><targetStep>GetApplicationsSorted</targetStep></con:config></con:testStep><con:properties><con:property><con:name>Tenant</con:name><con:value>XX1</con:value></con:property><con:property><con:name>limit</con:name><con:value>50</con:value></con:property><con:property><con:name>offset</con:name><con:value>0</con:value></con:property><con:property><con:name>companyEmployeeId</con:name><con:value>Dudley.Doright2.XX1</con:value></con:property><con:property><con:name>AccessToken</con:name><con:value>thAnyP9RqCqKRPo5r4lSR0Ac2j1W</con:value></con:property><con:property><con:name>RefreshToken</con:name><con:value>Jsvy1xxZxYvwTmrR0V8FdyDMOjWrPVEosyeUY4Xujs</con:value></con:property><con:property><con:name>DeviceId</con:name><con:value>36819015</con:value></con:property><con:property><con:name>ServiceId</con:name><con:value>39968735</con:value></con:property><con:property><con:name>EmployeeId</con:name><con:value>28720153</con:value></con:property><con:property><con:name>DepartmentId</con:name><con:value>11569020350</con:value></con:property><con:property><con:name>LogoUrl</con:name><con:value>https://qa1cmd.tangoe.com/</con:value></con:property><con:property><con:name>client_id</con:name><con:value>3c276cecdc674aabb5456f54b605bbbf</con:value></con:property><con:property><con:name>client_secret</con:name><con:value>c513c4a67492405d95CE4DB4B40B73FF</con:value></con:property><con:property><con:name>URL</con:name><con:value>http://dc1testrmapp03.prod.tangoe.com:4070</con:value></con:property><con:property><con:name>transactionType</con:name><con:value>NEW_ACTIVATION</con:value></con:property><con:property><con:name>sortAscending</con:name><con:value>false</con:value></con:property><con:property><con:name>sortBy</con:name><con:value/></con:property><con:property><con:name>regionId</con:name><con:value>70144640</con:value></con:property><con:property><con:name>LastHref</con:name><con:value>https://tngo-qa-mobproc-cmd.cloudhub.io/mobproc/v1.qa/catalog/accessories?transactionType=NEW_ACTIVATION&amp;offset=0&amp;sortBy=VENDOR&amp;region=70144640&amp;limit=100&amp;sortAscending=false</con:value></con:property><con:property><con:name>hrefUrl</con:name><con:value>https://tngo-qa-mobproc-cmd.cloudhub.io/mobproc/v1.qa/catalog/accessories?transactionType=NEW_ACTIVATION&amp;sortBy=VENDOR&amp;offset=0&amp;region=70144640&amp;limit=100&amp;sortAscending=false</con:value></con:property><con:property><con:name>ConditionUrl</con:name><con:value>https://tngo-qa-mobproc-cmd.cloudhub.io/mobproc/v1.qa/assets/devices?offset=0&amp;sortBy=DEPARTMENT&amp;limit=100&amp;sortAscending=false</con:value></con:property><con:property><con:name>clientID</con:name><con:value>676ff94144f4400e9227c89937c1ade4</con:value></con:property><con:property><con:name>clientSecret</con:name><con:value>71f90d2437ee4a41A992931F17AC9AEC</con:value></con:property><con:property><con:name>sortDirection</con:name><con:value/></con:property><con:property><con:name>PageSize</con:name><con:value>200</con:value></con:property><con:property><con:name>Token</con:name><con:value>eyJhbGciOiJIUzUxMiJ9.eyJzdWIiOiJhZG1pbiIsImF1dGgiOiJST0xFX0FETUlOLFJPTEVfVVNFUiIsImV4cCI6MTUzNDU0MjI2N30._4f8fjO9v3CjCmTbIhzPozqQLN33RPdKaAPp589lCXEd4bplWcVI1T267h5dpJG-Gp7tctZsZL90UWJCSA5QtQ</con:value></con:property></con:properties><con:reportParameters/><con:breakPoints><con:testStepId>7b8f2d2b-0292-4873-ab56-fcbaa8ff99f1</con:testStepId><con:status>NONE</con:status><con:properties/></con:breakPoints><con:breakPoints><con:testStepId>66aca81c-be72-452b-ab66-5b341016b808</con:testStepId><con:status>NONE</con:status><con:properties/></con:breakPoints><con:breakPoints><con:testStepId>84bde778-87fe-4b16-955b-7296fde18e70</con:testStepId><con:status>NONE</con:status><con:properties/></con:breakPoints><con:breakPoints><con:testStepId>52fa8ca2-264a-461d-beaa-373b1826f5f9</con:testStepId><con:status>NONE</con:status><con:properties/></con:breakPoints><con:breakPoints><con:testStepId>bef3478a-b94d-4805-b9cd-c71b4479ad07</con:testStepId><con:status>NONE</con:status><con:properties/></con:breakPoints><con:breakPoints><con:testStepId>4541bed6-6863-4a97-acc5-26b850b688f5</con:testStepId><con:status>NONE</con:status><con:properties/></con:breakPoints><con:breakPoints><con:testStepId>2b617cd9-a3dd-4ee5-b7e0-6afcca9705f0</con:testStepId><con:status>NONE</con:status><con:properties/></con:breakPoints><con:breakPoints><con:testStepId>7adac169-babb-4ca1-bbf7-b9ed761f7a37</con:testStepId><con:status>NONE</con:status><con:properties/></con:breakPoints><con:breakPoints><con:testStepId>3e72e467-da8b-4f25-ad46-c2108f1e3c58</con:testStepId><con:status>NONE</con:status><con:properties/></con:breakPoints><con:breakPoints><con:testStepId>90399915-ed86-43d9-8669-13889f8ae25b</con:testStepId><con:status>NONE</con:status><con:properties/></con:breakPoints><con:breakPoints><con:testStepId>710fe59b-94f8-4499-986b-623cf7c0f8a8</con:testStepId><con:status>NONE</con:status><con:properties/></con:breakPoints><con:breakPoints><con:testStepId>fd5eb0c5-c82e-47f4-99f4-66614d2b1e0b</con:testStepId><con:status>NONE</con:status><con:properties/></con:breakPoints></con:testCase><con:properties/><con:reportParameters/></con:testSuite><con:savedRecentRuns>1</con:savedRecentRuns><con:requirements/><con:properties/><con:wssContainer/><con:databaseConnectionContainer/><con:oAuth2ProfileContainer/><con:oAuth1ProfileContainer/><con:reporting><con:xmlTemplates/><con:parameters/></con:reporting><con:authRepository/><con:tags/></con:soapui-project>