<?xml version="1.0" encoding="UTF-8"?>
<con:soapui-project id="1fc0940e-a6af-4554-b594-72f4527c9f6f" created="2.1.0" activeEnvironment="Default environment" name="API_SFD_114373" resourceRoot="" updated="2.1.0 20170726-1100" xmlns:con="http://eviware.com/soapui/config"><con:settings/><con:interface xsi:type="con:RestService" id="11f1359e-3dda-4b5a-bd3c-fa7acc28cf61" wadlVersion="http://wadl.dev.java.net/2009/02" name="OrdersId" type="rest" xmlns:xsi="http://www.w3.org/2001/XMLSchema-instance"><con:settings/><con:definitionCache type="TEXT" rootPart=""/><con:endpoints><con:endpoint>${#TestCase#URL}</con:endpoint><con:endpoint>https://tg-mobility.cloudhub.io</con:endpoint></con:endpoints><con:resource name="OrdersId" path="/orders/{Id}" id="ca4baa1f-69b7-4d87-bf6e-0a738d5b1c56"><con:settings/><con:parameters><con:parameter><con:name>X-TNGO-TENANT</con:name><con:value/><con:style>HEADER</con:style><con:default/><con:description xsi:nil="true"/></con:parameter><con:parameter><con:name>Authorization</con:name><con:value/><con:style>HEADER</con:style><con:default/><con:description xsi:nil="true"/></con:parameter><con:parameter><con:name>limit</con:name><con:value/><con:style>QUERY</con:style><con:default/><con:description xsi:nil="true"/></con:parameter><con:parameter><con:name>offset</con:name><con:value/><con:style>QUERY</con:style><con:default/><con:description xsi:nil="true"/></con:parameter><con:parameter><con:name>sortBy</con:name><con:value/><con:style>QUERY</con:style><con:default/><con:description xsi:nil="true"/></con:parameter><con:parameter><con:name>sortAscending</con:name><con:value/><con:style>QUERY</con:style><con:default/><con:description xsi:nil="true"/></con:parameter><con:parameter><con:name>client_id</con:name><con:value/><con:style>HEADER</con:style><con:default/><con:description xsi:nil="true"/></con:parameter><con:parameter><con:name>client_secret</con:name><con:value/><con:style>HEADER</con:style><con:default/><con:description xsi:nil="true"/></con:parameter><con:parameter><con:name>Id</con:name><con:value/><con:style>TEMPLATE</con:style><con:default/><con:description xsi:nil="true"/></con:parameter></con:parameters><con:method name="OrdersId" id="75033286-426d-41fd-b850-768be8be36d3" method="GET"><con:settings/><con:parameters/><con:representation type="FAULT"><con:mediaType>application/json</con:mediaType><con:status>403 400 500</con:status><con:params/><con:element xmlns:ord="https://tg-mobility.cloudhub.io/mobility/v1/orders">ord:Fault</con:element></con:representation><con:representation type="RESPONSE"><con:mediaType>application/json;charset=UTF-8</con:mediaType><con:status>200</con:status><con:params/><con:element xmlns:ord="https://tg-mobility.cloudhub.io/mobility/v1/orders">ord:Response</con:element></con:representation><con:representation type="RESPONSE"><con:mediaType xsi:nil="true"/><con:status>0</con:status><con:params/><con:element>data</con:element></con:representation><con:representation type="RESPONSE"><con:mediaType xsi:nil="true"/><con:status>0</con:status><con:params/><con:element>data</con:element></con:representation><con:representation type="FAULT"><con:mediaType>text/html</con:mediaType><con:status>404</con:status><con:params/><con:element>html</con:element></con:representation><con:representation type="RESPONSE"><con:mediaType xsi:nil="true"/><con:status>0</con:status><con:params/><con:element>data</con:element></con:representation><con:representation type="RESPONSE"><con:mediaType xsi:nil="true"/><con:status>0</con:status><con:params/><con:element>data</con:element></con:representation><con:representation type="RESPONSE"><con:mediaType xsi:nil="true"/><con:status>0</con:status><con:params/><con:element>data</con:element></con:representation><con:representation type="RESPONSE"><con:mediaType xsi:nil="true"/><con:status>0</con:status><con:params/><con:element>data</con:element></con:representation><con:request name="OrdersId" id="eefadc0f-deda-4a78-8619-5ba72c406d91" mediaType="application/json"><con:settings><con:setting id="com.eviware.soapui.impl.wsdl.WsdlRequest@request-headers">&lt;xml-fragment/></con:setting></con:settings><con:endpoint>none</con:endpoint><con:request/><con:originalUri>https://tg-mobility.cloudhub.io/mobility/v1/orders</con:originalUri><con:credentials><con:selectedAuthProfile>No Authorization</con:selectedAuthProfile><con:authType>No Authorization</con:authType></con:credentials><con:jmsConfig JMSDeliveryMode="PERSISTENT"/><con:parameters>
  <con:entry key="offset" value="0"/>
  <con:entry key="X-TNGO-TENANT" value="XX1"/>
  <con:entry key="Authorization" value="Bearer 123"/>
  <con:entry key="limit" value="10"/>
</con:parameters><con:parameterOrder><con:entry>X-TNGO-TENANT</con:entry><con:entry>Authorization</con:entry><con:entry>limit</con:entry><con:entry>offset</con:entry><con:entry>sortBy</con:entry><con:entry>sortAscending</con:entry><con:entry>client_id</con:entry><con:entry>client_secret</con:entry><con:entry>Id</con:entry></con:parameterOrder></con:request></con:method></con:resource></con:interface><con:testSuite id="bff5296c-1260-4121-8c59-683b7bec370a" name="TestSuite 1"><con:settings/><con:savedRecentRuns>1</con:savedRecentRuns><con:runType>SEQUENTIAL</con:runType><con:testCase id="ed02fd3b-54d4-45c0-99ba-bd37fa413c97" discardOkResults="true" failOnError="true" failTestCaseOnErrors="true" keepSession="false" name="OrdersId" searchProperties="true" timeout="0"><con:settings/><con:savedRecentRuns>1</con:savedRecentRuns><con:testStep type="groovy" name="READ!!! THIS !!!" id="bee4d5cb-2ed5-43ea-9147-a58913a3b6d7"><con:settings/><con:config><script>
// ********************************************* this uses an OrderId that is generated by Ana's  'Port Number' test. ******************************************

/*
---------------------------- STEPS ------------------
1) Get orderId from Ana (Port Number).
2) Put the orderId into the 'Setup' step -- testRunner.testCase.setPropertyValue( "OrderId" , "MyOrderId" )
3) Have BLR remove the price in the database for the order.
3) Run test.
 */</script></con:config></con:testStep><con:testStep type="groovy" name="Setup" id="3422f54d-91f6-4e4c-934b-11967aa86965"><con:settings/><con:config><script>// /////////////////////////////////////////////
// This sets up all of the test case properties
// /////////////////////////////////////////////

def groovyUtils = new com.eviware.soapui.support.GroovyUtils( context ); 
def projectPath = groovyUtils.projectPath //gets the path of the project root

// this is sanity check with a simple call. all this does is verify a simple connection 
// to the external clases by logging a message in log window.
soapUIScripts.CommonMethods.StaticMethod(log)  // 

// setup test case properties stored in 'DudleyDorightDataActions' class.
soapUIScripts.DudleyDorightDataActions.SetupTestCaseProperties(log, testRunner) 

// read in token pair and put in test case properties.
// NOTE: token pair must be in same folder as project
//       token pair must be up to date (not expired)
assert(soapUIScripts.CommonMethods.ReadTokenPair(projectPath + "\\" + "TokenPair.txt", log, testRunner) == true)

// read user Ids and assign to test case properties.
def userIdsFileName = projectPath + "\\" + "DudleyDoright.txt"
// assert soapUIScripts.CommonMethods.ReadUserIds(userIdsFileName, log, testRunner) == true

assert soapUIScripts.CommonMethods.ReadUserIdsURL(userIdsFileName, log, testRunner) == true

// set orderId here
testRunner.testCase.setPropertyValue( "OrderId" , "13294062" ) // &lt;&lt;================================================  SET ORDER ID !!!!!!!!!!!!!!


log.info "URL::: " + testRunner.testCase.getPropertyValue( "URL" )
log.info "ClientId::: " + testRunner.testCase.getPropertyValue( "clientId" )
log.info "ClientSecret::: " + testRunner.testCase.getPropertyValue( "clientSecret" )

</script></con:config></con:testStep><con:testStep type="restrequest" name="OrdersId" id="ca201d1e-ad2c-4b42-a134-59c86e956757"><con:settings/><con:config service="OrdersId" resourcePath="/orders/{Id}" methodName="OrdersId" xsi:type="con:RestRequestStep" xmlns:xsi="http://www.w3.org/2001/XMLSchema-instance"><con:restRequest name="OrdersId" id="eefadc0f-deda-4a78-8619-5ba72c406d91" mediaType="application/json"><con:settings><con:setting id="com.eviware.soapui.impl.wsdl.WsdlRequest@request-headers">&lt;xml-fragment/></con:setting></con:settings><con:endpoint>${#TestCase#URL}</con:endpoint><con:request/><con:originalUri>https://tg-mobility.cloudhub.io/mobility/v1/orders</con:originalUri><con:credentials><con:selectedAuthProfile>Inherit From Parent</con:selectedAuthProfile><con:authType>No Authorization</con:authType></con:credentials><con:jmsConfig JMSDeliveryMode="PERSISTENT"/><con:parameters>
  <con:entry key="Authorization" value="Bearer ${#TestCase#AccessToken}"/>
  <con:entry key="offset" value="0"/>
  <con:entry key="X-TNGO-TENANT" value="XX1"/>
  <con:entry key="limit" value="10"/>
  <con:entry key="client_secret" value="${#TestCase#clientSecret}"/>
  <con:entry key="Id" value="${#TestCase#OrderId}"/>
  <con:entry key="client_id" value="${#TestCase#clientId}"/>
</con:parameters><con:parameterOrder><con:entry>X-TNGO-TENANT</con:entry><con:entry>Authorization</con:entry><con:entry>limit</con:entry><con:entry>offset</con:entry><con:entry>sortBy</con:entry><con:entry>sortAscending</con:entry><con:entry>client_id</con:entry><con:entry>client_secret</con:entry><con:entry>Id</con:entry></con:parameterOrder></con:restRequest></con:config></con:testStep><con:testStep type="groovy" name="VerifySomeResponse" id="3ff6b725-e68f-4eb2-a78e-16278eb7e821"><con:settings/><con:config><script>import groovy.json.JsonSlurper

GetResponse("OrdersId")

// verify email and orderId
assert(json.accountHolder.email.equals("ana@test.com"))
assert(json.orderId.equals(testRunner.testCase.getPropertyValue( "OrderId")))

// remove brackets from the device price anount and make sure it is zero.
String temp = json.orderSegments.items.device.price.amount
String amount =  temp.replace("[","").replace("]","")
assert(amount.equals("0"))

log.info "complete"

// ///////////////////////
//      helper
// ///////////////////////


void GetResponse(String request)
{
	groovyUtils = new com.eviware.soapui.support.GroovyUtils( context ); 
	testCase = context.testCase; 
	testStep = testCase.getTestStepByName(request);  
	response = testStep.testRequest.messageExchange.response.responseContent;
	slurper = new JsonSlurper();
	json = slurper.parseText response;
}</script></con:config></con:testStep><con:properties><con:property><con:name>Tenant</con:name><con:value>XX1</con:value></con:property><con:property><con:name>limit</con:name><con:value>10</con:value></con:property><con:property><con:name>offset</con:name><con:value>0</con:value></con:property><con:property><con:name>companyEmployeeId</con:name><con:value>Dudley.Doright2.XX1</con:value></con:property><con:property><con:name>AccessToken</con:name><con:value>DCzZsamKg1ALKYJ2LBL3Z6JcD2D7</con:value></con:property><con:property><con:name>RefreshToken</con:name><con:value>LCOK88fzvyPk9w9S3BHarDINMlQoLTTuoY7wOuiDuP</con:value></con:property><con:property><con:name>DeviceId</con:name><con:value>37948383</con:value></con:property><con:property><con:name>ServiceId</con:name><con:value>41741086</con:value></con:property><con:property><con:name>EmployeeId</con:name><con:value>28735033</con:value></con:property><con:property><con:name>DepartmentId</con:name><con:value>11569020350</con:value></con:property><con:property><con:name>clientId</con:name><con:value>3c276cecdc674aabb5456f54b605bbbf</con:value></con:property><con:property><con:name>clientSecret</con:name><con:value>3c684c3220e740ef92E7177A32AE978D</con:value></con:property><con:property><con:name>LogoUrl</con:name><con:value>https://qa1cmd.tangoe.com/</con:value></con:property><con:property><con:name>OrderId</con:name><con:value>13294062</con:value></con:property><con:property><con:name>URL</con:name><con:value>https://tngo-dev-mobproc.cloudhub.io/mobproc/v1.dev</con:value></con:property></con:properties><con:reportParameters/><con:breakPoints><con:testStepId>3422f54d-91f6-4e4c-934b-11967aa86965</con:testStepId><con:status>NONE</con:status><con:properties/></con:breakPoints><con:breakPoints><con:testStepId>bee4d5cb-2ed5-43ea-9147-a58913a3b6d7</con:testStepId><con:status>NONE</con:status><con:properties/></con:breakPoints><con:breakPoints><con:testStepId>3ff6b725-e68f-4eb2-a78e-16278eb7e821</con:testStepId><con:status>NONE</con:status><con:properties/></con:breakPoints></con:testCase><con:properties/><con:reportParameters/></con:testSuite><con:savedRecentRuns>1</con:savedRecentRuns><con:requirements/><con:properties/><con:wssContainer/><con:databaseConnectionContainer/><con:oAuth2ProfileContainer/><con:oAuth1ProfileContainer/><con:reporting><con:reportTemplates/><con:xmlTemplates/><con:xmlTemplates/><con:parameters/><con:parameters/></con:reporting><con:reporting/><con:authRepository/><con:tags/></con:soapui-project>