<?xml version="1.0" encoding="UTF-8"?>
<con:soapui-project id="f711b422-efbe-4fc6-a28f-583cb4775175" created="2.1.0" activeEnvironment="Default environment" name="API_Route" resourceRoot="" updated="2.1.0 20170726-1100" xmlns:con="http://eviware.com/soapui/config"><con:settings/><con:interface xsi:type="con:RestService" id="94ca7ff4-e4fc-4503-a4bd-cf161445d63c" wadlVersion="http://wadl.dev.java.net/2009/02" name="GetByRouteKey" type="rest" xmlns:xsi="http://www.w3.org/2001/XMLSchema-instance"><con:settings/><con:definitionCache type="TEXT" rootPart=""/><con:endpoints><con:endpoint>http://http</con:endpoint></con:endpoints><con:resource name="GetByRouteKey" path="/v1/routes/{key}" id="f5b957a5-4ea3-422b-bf7b-da97fdeda943"><con:settings/><con:parameters><con:parameter><con:name>key</con:name><con:value/><con:style>TEMPLATE</con:style><con:default/><con:description xsi:nil="true"/></con:parameter></con:parameters><con:method name="GetByRouteKey" id="2e46952c-a5ab-4915-8870-1719113a5fa5" method="GET"><con:settings/><con:parameters/><con:representation type="RESPONSE"><con:mediaType>application/json;charset=UTF-8</con:mediaType><con:status>200</con:status><con:params/><con:element xmlns:apr="http://dc2devrmapp44.prod.tangoe.com/v1/routes/APR-RVM">apr:Response</con:element></con:representation><con:request name="GetByRouteKey" id="b58ab9e1-e967-438d-a1f8-85c99fac8a0f" mediaType="application/json"><con:settings><con:setting id="com.eviware.soapui.impl.wsdl.WsdlRequest@request-headers">&lt;xml-fragment/></con:setting></con:settings><con:endpoint>http://http</con:endpoint><con:request/><con:credentials><con:selectedAuthProfile>No Authorization</con:selectedAuthProfile><con:authType>No Authorization</con:authType></con:credentials><con:jmsConfig JMSDeliveryMode="PERSISTENT"/><con:parameters><entry key="key" value="44" xmlns="http://eviware.com/soapui/config"/></con:parameters><con:parameterOrder><con:entry>key</con:entry></con:parameterOrder></con:request></con:method></con:resource></con:interface><con:interface xsi:type="con:RestService" id="6a5f33ef-faab-48f7-973b-93ef30f98678" wadlVersion="http://wadl.dev.java.net/2009/02" name="DeleteRouteByKey" type="rest" xmlns:xsi="http://www.w3.org/2001/XMLSchema-instance"><con:settings/><con:definitionCache type="TEXT" rootPart=""/><con:endpoints><con:endpoint>http://a.com</con:endpoint></con:endpoints><con:resource name="DeleteRouteByKey" path="/v1/routes/{key}" id="e375b19c-dbf2-481c-af3c-f680cc531695"><con:settings/><con:parameters><con:parameter><con:name>key</con:name><con:value/><con:style>TEMPLATE</con:style><con:default/><con:description xsi:nil="true"/></con:parameter></con:parameters><con:method name="DeleteRouteByKey" id="9cb430ed-b84d-4a13-a5be-9d93e7f868b0" method="DELETE"><con:settings/><con:parameters/><con:request name="DeleteRouteByKey" id="7a28a9d0-d30d-4cad-9103-4e90cfb1280e" mediaType="application/json" postQueryString="false"><con:settings><con:setting id="com.eviware.soapui.impl.wsdl.WsdlRequest@request-headers">&lt;xml-fragment/></con:setting></con:settings><con:endpoint>http://a.com</con:endpoint><con:request/><con:credentials><con:selectedAuthProfile>No Authorization</con:selectedAuthProfile><con:authType>No Authorization</con:authType></con:credentials><con:jmsConfig JMSDeliveryMode="PERSISTENT"/><con:parameters><entry key="key" value="33" xmlns="http://eviware.com/soapui/config"/></con:parameters><con:parameterOrder><con:entry>key</con:entry></con:parameterOrder></con:request></con:method></con:resource></con:interface><con:interface xsi:type="con:RestService" id="19f306cb-9bae-41f3-b7c3-e4959ec81978" wadlVersion="http://wadl.dev.java.net/2009/02" name="PostRoute" type="rest" xmlns:xsi="http://www.w3.org/2001/XMLSchema-instance"><con:settings/><con:definitionCache type="TEXT" rootPart=""/><con:endpoints><con:endpoint>http://a.com</con:endpoint></con:endpoints><con:resource name="PostRoute" path="/v1/routes" id="6527cf42-c326-4801-8eae-078771d51e6d"><con:settings/><con:parameters/><con:method name="PostRoute" id="29a8f0a8-7b81-45c1-a860-b795ea7b29a8" method="POST"><con:settings/><con:parameters/><con:representation type="RESPONSE"><con:mediaType xsi:nil="true"/><con:status>0</con:status><con:params/><con:element>data</con:element></con:representation><con:representation type="REQUEST"><con:mediaType>application/json</con:mediaType><con:params/></con:representation><con:representation type="FAULT"><con:mediaType>application/json;charset=UTF-8</con:mediaType><con:status>400</con:status><con:params/><con:element xmlns:rout="http://a.com/v1/routes">rout:Fault</con:element></con:representation><con:request name="PostRoute" id="ce9538eb-c691-4204-9a58-3e53e16736de" mediaType="application/json" postQueryString="false"><con:settings><con:setting id="com.eviware.soapui.impl.wsdl.WsdlRequest@request-headers">&lt;xml-fragment/></con:setting></con:settings><con:endpoint>http://a.com</con:endpoint><con:request>{
  "applicationKey": "string",
  "deploymentKey": "string",
  "enabled": true,
  "key": "string",
  "qualifier": "string",
  "tenantKey": "string"
}</con:request><con:credentials><con:authType>No Authorization</con:authType></con:credentials><con:jmsConfig JMSDeliveryMode="PERSISTENT"/><con:parameters/></con:request></con:method></con:resource></con:interface><con:interface xsi:type="con:RestService" id="67ba136d-c7a7-4508-a5b3-4bb4787bb6c6" wadlVersion="http://wadl.dev.java.net/2009/02" name="GetRoutes" type="rest" xmlns:xsi="http://www.w3.org/2001/XMLSchema-instance"><con:settings/><con:definitionCache type="TEXT" rootPart=""/><con:endpoints><con:endpoint>http://a.com</con:endpoint></con:endpoints><con:resource name="GetRoutes" path="/v1/routes" id="bb5ff0a4-6e05-44e2-8f9a-1d7879879f28"><con:settings/><con:parameters/><con:method name="GetRoutes" id="564260ee-e315-4d71-b831-78e7aea204f6" method="GET"><con:settings/><con:parameters/><con:representation type="RESPONSE"><con:mediaType>application/json;charset=UTF-8</con:mediaType><con:status>200</con:status><con:params/><con:element xmlns:rout="http://dc2devrmapp44.prod.tangoe.com/v1/routes">rout:Response</con:element></con:representation><con:request name="GetRoutes" id="84d37d26-b254-47b0-936f-c3ab7f11496c" mediaType="application/json"><con:settings><con:setting id="com.eviware.soapui.impl.wsdl.WsdlRequest@request-headers">&lt;xml-fragment/></con:setting></con:settings><con:endpoint>http://a.com</con:endpoint><con:request/><con:credentials><con:authType>No Authorization</con:authType></con:credentials><con:jmsConfig JMSDeliveryMode="PERSISTENT"/><con:parameters/></con:request></con:method></con:resource></con:interface><con:testSuite id="0d0555da-b244-4e09-a0db-eaee770e33b2" name="TestSuite 1"><con:settings/><con:savedRecentRuns>1</con:savedRecentRuns><con:runType>SEQUENTIAL</con:runType><con:testCase id="87768840-0930-4bbe-a338-a42f5a5cb998" discardOkResults="true" failOnError="true" failTestCaseOnErrors="true" keepSession="false" name="TestCase 1" searchProperties="true" timeout="0"><con:settings/><con:savedRecentRuns>1</con:savedRecentRuns><con:testStep type="restrequest" name="GetRouteByKey" id="e3805124-20bf-4ef8-95d4-fd97616a4104"><con:settings/><con:config service="GetByRouteKey" resourcePath="/v1/routes/{key}" methodName="GetByRouteKey" xsi:type="con:RestRequestStep" xmlns:xsi="http://www.w3.org/2001/XMLSchema-instance"><con:restRequest name="GetRouteByKey" id="b58ab9e1-e967-438d-a1f8-85c99fac8a0f" mediaType="application/json"><con:settings><con:setting id="com.eviware.soapui.impl.wsdl.WsdlRequest@request-headers">&lt;xml-fragment/></con:setting></con:settings><con:endpoint>http://dc2devrmapp44.prod.tangoe.com:8055</con:endpoint><con:request/><con:originalUri>http://dc2devrmapp44.prod.tangoe.com/v1/routes/APR-RVM</con:originalUri><con:credentials><con:selectedAuthProfile>Inherit From Parent</con:selectedAuthProfile><con:authType>No Authorization</con:authType></con:credentials><con:jmsConfig JMSDeliveryMode="PERSISTENT"/><con:parameters><entry key="key" value="APR-RVM" xmlns="http://eviware.com/soapui/config"/></con:parameters><con:parameterOrder><con:entry>key</con:entry></con:parameterOrder></con:restRequest></con:config></con:testStep><con:testStep type="restrequest" name="DeleteRouteByKey" id="bd62975d-6f5e-421b-981c-8101295dd77e"><con:settings/><con:config service="DeleteRouteByKey" resourcePath="/v1/routes/{key}" methodName="DeleteRouteByKey" xsi:type="con:RestRequestStep" xmlns:xsi="http://www.w3.org/2001/XMLSchema-instance"><con:restRequest name="DeleteRouteByKey" id="7a28a9d0-d30d-4cad-9103-4e90cfb1280e" mediaType="application/json" postQueryString="false"><con:settings><con:setting id="com.eviware.soapui.impl.wsdl.WsdlRequest@request-headers">&lt;xml-fragment/></con:setting></con:settings><con:endpoint>http://dc2devrmapp44.prod.tangoe.com:8055</con:endpoint><con:request/><con:credentials><con:selectedAuthProfile>Inherit From Parent</con:selectedAuthProfile><con:authType>No Authorization</con:authType></con:credentials><con:jmsConfig JMSDeliveryMode="PERSISTENT"/><con:parameters><entry key="key" value="33" xmlns="http://eviware.com/soapui/config"/></con:parameters><con:parameterOrder><con:entry>key</con:entry></con:parameterOrder></con:restRequest></con:config></con:testStep><con:testStep type="restrequest" name="PostRoute" id="9dae57a6-dab2-44a4-af75-6dd3dc3bbea2"><con:settings/><con:config service="PostRoute" resourcePath="/v1/routes" methodName="PostRoute" xsi:type="con:RestRequestStep" xmlns:xsi="http://www.w3.org/2001/XMLSchema-instance"><con:restRequest name="REST Request" id="ce9538eb-c691-4204-9a58-3e53e16736de" mediaType="application/json" postQueryString="false"><con:settings><con:setting id="com.eviware.soapui.impl.wsdl.WsdlRequest@request-headers">&lt;xml-fragment/></con:setting></con:settings><con:endpoint>http://dc2devrmapp44.prod.tangoe.com:8055</con:endpoint><con:request>{
  "applicationKey": "BOBXXX",
  "deploymentKey": "BOBDDD",
  "enabled": true,
  "key": "BOBROUTE",
  "qualifier": "string",
  "tenantKey": "BOBT"
}</con:request><con:originalUri>http://a.com/v1/routes</con:originalUri><con:credentials><con:selectedAuthProfile>Inherit From Parent</con:selectedAuthProfile><con:authType>No Authorization</con:authType></con:credentials><con:jmsConfig JMSDeliveryMode="PERSISTENT"/><con:parameters/></con:restRequest></con:config></con:testStep><con:testStep type="restrequest" name="GetRoutes" id="8d8ce1c8-2710-44cd-b325-57a223c03122"><con:settings/><con:config service="GetRoutes" resourcePath="/v1/routes" methodName="GetRoutes" xsi:type="con:RestRequestStep" xmlns:xsi="http://www.w3.org/2001/XMLSchema-instance"><con:restRequest name="GetRoutes" id="84d37d26-b254-47b0-936f-c3ab7f11496c" mediaType="application/json"><con:settings><con:setting id="com.eviware.soapui.impl.wsdl.WsdlRequest@request-headers">&lt;xml-fragment/></con:setting></con:settings><con:endpoint>http://dc2devrmapp44.prod.tangoe.com:8055</con:endpoint><con:request/><con:originalUri>http://dc2devrmapp44.prod.tangoe.com/v1/routes</con:originalUri><con:credentials><con:selectedAuthProfile>Inherit From Parent</con:selectedAuthProfile><con:authType>No Authorization</con:authType></con:credentials><con:jmsConfig JMSDeliveryMode="PERSISTENT"/><con:parameters/></con:restRequest></con:config></con:testStep><con:properties/><con:reportParameters/></con:testCase><con:properties/><con:reportParameters/></con:testSuite><con:savedRecentRuns>1</con:savedRecentRuns><con:properties/><con:wssContainer/><con:databaseConnectionContainer/><con:oAuth2ProfileContainer/><con:oAuth1ProfileContainer/><con:reporting><con:xmlTemplates/><con:parameters/></con:reporting><con:authRepository/><con:tags/></con:soapui-project>