<?xml version="1.0" encoding="UTF-8"?>
<con:soapui-project id="a01e23c3-3219-41de-b0cb-17706bb9b33a" activeEnvironment="Default environment" name="API_SortingAssetsDevicesDetail" lastOpened="2017-09-19T17:19:45.887-04:00" soapui-version="5.2.1" resourceRoot="" updated="2.1.0 20170726-1100" abortOnError="false" runType="SEQUENTIAL" xmlns:con="http://eviware.com/soapui/config"><con:settings/><con:interface xsi:type="con:RestService" id="14ef7e7f-386f-4812-8ef1-5636d6602010" wadlVersion="http://wadl.dev.java.net/2009/02" name="Assets Devices" type="rest" xmlns:xsi="http://www.w3.org/2001/XMLSchema-instance"><con:settings/><con:definitionCache type="TEXT" rootPart=""/><con:endpoints><con:endpoint>${#TestCase#URL}</con:endpoint><con:endpoint>http://tg-mobility.cloudhub.io</con:endpoint></con:endpoints><con:resource name="V1" path="/assets/devices" id="afb5fbc4-b523-40fb-b343-ba85c3c5c2e7"><con:settings/><con:parameters><con:parameter><con:name>X-TNGO-TENANT</con:name><con:value/><con:style>HEADER</con:style><con:default/><con:description xsi:nil="true"/></con:parameter><con:parameter><con:name>limit</con:name><con:value/><con:style>QUERY</con:style><con:default/><con:description xsi:nil="true"/></con:parameter><con:parameter><con:name>offset</con:name><con:value/><con:style>QUERY</con:style><con:default/><con:description xsi:nil="true"/></con:parameter><con:parameter><con:name>Authorization</con:name><con:value/><con:style>HEADER</con:style><con:default/><con:description xsi:nil="true"/></con:parameter><con:parameter><con:name>sortAscending</con:name><con:value/><con:style>QUERY</con:style><con:default/><con:description xsi:nil="true"/></con:parameter><con:parameter><con:name>client_id</con:name><con:value/><con:style>HEADER</con:style><con:default/><con:description xsi:nil="true"/></con:parameter><con:parameter><con:name>client_secret</con:name><con:value/><con:style>HEADER</con:style><con:default/><con:description xsi:nil="true"/></con:parameter><con:parameter><con:name>sortBy</con:name><con:value/><con:style>QUERY</con:style><con:default/><con:description xsi:nil="true"/></con:parameter><con:parameter><con:name>companyEmployeeId</con:name><con:value/><con:style>QUERY</con:style><con:default/><con:description xsi:nil="true"/></con:parameter></con:parameters><con:method name="GetAssetsDevices" id="b9f29342-ba70-485a-be0f-c6aeb9f281a3" method="GET"><con:settings/><con:parameters/><con:representation type="FAULT"><con:mediaType>application/json</con:mediaType><con:status>403 400 500</con:status><con:params/><con:element xmlns:dev="http://tg-mobility.cloudhub.io/mobility/v1/assets/devices">dev:Fault</con:element></con:representation><con:representation type="RESPONSE"><con:mediaType>application/json;charset=UTF-8</con:mediaType><con:status>200</con:status><con:params/><con:element xmlns:dev="http://tg-mobility.cloudhub.io/mobility/v1/assets/devices">dev:Response</con:element></con:representation><con:representation type="RESPONSE"><con:mediaType xsi:nil="true"/><con:status>0</con:status><con:params/><con:element>data</con:element></con:representation><con:representation type="FAULT"><con:mediaType xsi:nil="true"/><con:status>404</con:status><con:params/><con:element>data</con:element></con:representation><con:representation type="FAULT"><con:mediaType xsi:nil="true"/><con:status>404</con:status><con:params/><con:element>data</con:element></con:representation><con:representation type="FAULT"><con:mediaType xsi:nil="true"/><con:status>404</con:status><con:params/><con:element>data</con:element></con:representation><con:representation type="FAULT"><con:mediaType xsi:nil="true"/><con:status>404</con:status><con:params/><con:element>data</con:element></con:representation><con:representation type="FAULT"><con:mediaType xsi:nil="true"/><con:status>404</con:status><con:params/><con:element>data</con:element></con:representation><con:representation type="FAULT"><con:mediaType xsi:nil="true"/><con:status>404</con:status><con:params/><con:element>data</con:element></con:representation><con:representation type="FAULT"><con:mediaType xsi:nil="true"/><con:status>404</con:status><con:params/><con:element>data</con:element></con:representation><con:representation type="FAULT"><con:mediaType xsi:nil="true"/><con:status>404</con:status><con:params/><con:element>data</con:element></con:representation><con:representation type="FAULT"><con:mediaType xsi:nil="true"/><con:status>404</con:status><con:params/><con:element>data</con:element></con:representation><con:representation type="FAULT"><con:mediaType xsi:nil="true"/><con:status>404</con:status><con:params/><con:element>data</con:element></con:representation><con:representation type="FAULT"><con:mediaType xsi:nil="true"/><con:status>404</con:status><con:params/><con:element>data</con:element></con:representation><con:representation type="FAULT"><con:mediaType xsi:nil="true"/><con:status>404</con:status><con:params/><con:element>data</con:element></con:representation><con:representation type="RESPONSE"><con:mediaType xsi:nil="true"/><con:status>0</con:status><con:params/><con:element>data</con:element></con:representation><con:representation type="FAULT"><con:mediaType xsi:nil="true"/><con:status>404</con:status><con:params/><con:element>data</con:element></con:representation><con:representation type="RESPONSE"><con:mediaType xsi:nil="true"/><con:status>0</con:status><con:params/><con:element>data</con:element></con:representation><con:representation type="RESPONSE"><con:mediaType xsi:nil="true"/><con:status>0</con:status><con:params/><con:element>data</con:element></con:representation><con:representation type="RESPONSE"><con:mediaType xsi:nil="true"/><con:status>0</con:status><con:params/><con:element>data</con:element></con:representation><con:representation type="RESPONSE"><con:mediaType xsi:nil="true"/><con:status>0</con:status><con:params/><con:element>data</con:element></con:representation><con:representation type="RESPONSE"><con:mediaType xsi:nil="true"/><con:status>0</con:status><con:params/><con:element>data</con:element></con:representation><con:representation type="RESPONSE"><con:mediaType xsi:nil="true"/><con:status>0</con:status><con:params/><con:element>data</con:element></con:representation><con:representation type="RESPONSE"><con:mediaType xsi:nil="true"/><con:status>0</con:status><con:params/><con:element>data</con:element></con:representation><con:representation type="RESPONSE"><con:mediaType xsi:nil="true"/><con:status>0</con:status><con:params/><con:element>data</con:element></con:representation><con:representation type="RESPONSE"><con:mediaType xsi:nil="true"/><con:status>0</con:status><con:params/><con:element>data</con:element></con:representation><con:representation type="RESPONSE"><con:mediaType xsi:nil="true"/><con:status>0</con:status><con:params/><con:element>data</con:element></con:representation><con:representation type="RESPONSE"><con:mediaType xsi:nil="true"/><con:status>0</con:status><con:params/><con:element>data</con:element></con:representation><con:request name="GetAssetsDevices" id="37dfc892-e20b-4e85-a429-12187d2bc377" mediaType="application/json"><con:settings><con:setting id="com.eviware.soapui.impl.wsdl.WsdlRequest@request-headers">&lt;xml-fragment/></con:setting></con:settings><con:endpoint>None</con:endpoint><con:request/><con:originalUri>http://tg-mobility.cloudhub.io/mobility/v1/assets/devices</con:originalUri><con:credentials><con:selectedAuthProfile>No Authorization</con:selectedAuthProfile><con:authType>No Authorization</con:authType></con:credentials><con:jmsConfig JMSDeliveryMode="PERSISTENT"/><con:jmsPropertyConfig/><con:parameters><entry key="sortAscending" value="" xmlns="http://eviware.com/soapui/config"/></con:parameters><con:parameterOrder><con:entry>X-TNGO-TENANT</con:entry><con:entry>Authorization</con:entry><con:entry>client_id</con:entry><con:entry>client_secret</con:entry><con:entry>limit</con:entry><con:entry>offset</con:entry><con:entry>sortAscending</con:entry><con:entry>sortBy</con:entry><con:entry>companyEmployeeId</con:entry></con:parameterOrder></con:request></con:method></con:resource></con:interface><con:testSuite id="bae40536-5873-463a-82b6-9695616d4fe4" name="TestSuiteAssetsDevices"><con:settings/><con:runType>SEQUENTIAL</con:runType><con:testCase id="3b26452e-7d1e-440e-810b-29a916f2a5d0" discardOkResults="true" failOnError="true" failTestCaseOnErrors="true" keepSession="false" name="TestCaseSortingAssetsDevices" searchProperties="true" maxResults="0"><con:description>
**************************************************************************************************************************************
08/02/2016 - Ana P.

SFE 13016 
----------
Added the ability to sort assets (i.e., both devices and services) on the date the asset record was last updated. 

• The  UPDATED_DATE option was added to the sortBy query parameter for the /assets/devices and /assets/services endpoints.

In this test case the UPDATED_DATE option was added to the data source to cover this part of the enhancement.

**************************************************************************************************************************************</con:description><con:settings/><con:savedRecentRuns>1</con:savedRecentRuns><con:testStep type="groovy" name="ScriptSetupAssetsDevices" id="0a61c989-5960-411a-b4b9-c453e0cbe6e4"><con:settings/><con:config><script>// /////////////////////////////////////////////
// This sets up all of the test case properties
// /////////////////////////////////////////////

def groovyUtils = new com.eviware.soapui.support.GroovyUtils( context ); 
def projectPath = groovyUtils.projectPath //gets the path of the project root

// this is sanity check with a simple call. all this does is verify a simple connection 
// to the external clases by logging a message in log window.
soapUIScripts.CommonMethods.StaticMethod(log) 

// setup test case properties stored in 'DudleyDorightDataActions' class.
soapUIScripts.DudleyDorightDataActions.SetupTestCaseProperties(log, testRunner) 

// read in token pair and put in test case properties.
// NOTE: token pair must be in same folder as project
//       token pair must be up to date (not expired)
assert(soapUIScripts.CommonMethods.ReadTokenPair(projectPath + "\\" + "TokenPair.txt", log, testRunner) == true)

// read user Ids and assign to test case properties 
def userIdsFileName = projectPath + "\\" + "DudleyDoright.txt"
assert soapUIScripts.CommonMethods.ReadUserIdsURL(userIdsFileName, log, testRunner) == true

context.offset = 0
// context.limit = 100
context.limit = 50 // NOTE!!! bob - changed to 50 because getting time out on requests when 100 is used.

testRunner.testCase.setPropertyValue("offset", context.offset.toString())
testRunner.testCase.setPropertyValue("limit", context.limit.toString())


testRunner.testCase.setPropertyValue("regionId", "70144640")


log.info "  ** Sort ASSETS DEVICES ** "






</script></con:config></con:testStep><con:testStep type="restrequest" name="AssetsDevices" id="90399915-ed86-43d9-8669-13889f8ae25b"><con:settings/><con:config service="Assets Devices" resourcePath="/assets/devices" methodName="GetAssetsDevices" xsi:type="con:RestRequestStep" xmlns:xsi="http://www.w3.org/2001/XMLSchema-instance"><con:restRequest name="AssetsDevices" id="37dfc892-e20b-4e85-a429-12187d2bc377" mediaType="application/json"><con:settings><con:setting id="com.eviware.soapui.impl.wsdl.WsdlRequest@request-headers">&lt;xml-fragment/></con:setting></con:settings><con:endpoint>${#TestCase#URL}</con:endpoint><con:request/><con:originalUri>http://tg-mobility.cloudhub.io/mobility/v1/assets/devices</con:originalUri><con:assertion type="Valid HTTP Status Codes" id="204a31e4-52cc-401a-b88e-189337a9befe" name="Valid HTTP Status Codes"><con:settings/><con:configuration><codes>200</codes></con:configuration></con:assertion><con:credentials><con:selectedAuthProfile>Inherit From Parent</con:selectedAuthProfile><con:authType>No Authorization</con:authType></con:credentials><con:jmsConfig JMSDeliveryMode="PERSISTENT"/><con:jmsPropertyConfig/><con:parameters>
  <con:entry key="Authorization" value="Bearer ${#TestCase#AccessToken}"/>
  <con:entry key="sortAscending" value="${DataSource#sortAscending}"/>
  <con:entry key="offset" value="${#TestCase#offset}"/>
  <con:entry key="X-TNGO-TENANT" value="${#TestCase#Tenant}"/>
  <con:entry key="limit" value="${#TestCase#limit}"/>
  <con:entry key="sortBy" value="${DataSource#sortBy}"/>
  <con:entry key="client_secret" value="${#TestCase#clientSecret}"/>
  <con:entry key="client_id" value="${#TestCase#clientId}"/>
</con:parameters><con:parameterOrder><con:entry>X-TNGO-TENANT</con:entry><con:entry>Authorization</con:entry><con:entry>client_id</con:entry><con:entry>client_secret</con:entry><con:entry>limit</con:entry><con:entry>offset</con:entry><con:entry>sortAscending</con:entry><con:entry>sortBy</con:entry><con:entry>companyEmployeeId</con:entry></con:parameterOrder></con:restRequest></con:config></con:testStep><con:testStep type="groovy" name="BuildListOfAllDevicesObjects" id="710fe59b-94f8-4499-986b-623cf7c0f8a8"><con:settings/><con:config><script><![CDATA[import groovy.json.JsonSlurper 
def groovyUtils = new com.eviware.soapui.support.GroovyUtils( context ); 
def testCase = context.testCase; 
def testStep = testCase.getTestStepByName("AssetsDevices") 

def alert = com.eviware.soapui.support.UISupport; // this can be used fo popups

testRunner = new com.eviware.soapui.impl.wsdl.testcase.WsdlTestCaseRunner(testCase, null); 
testStepContext = new com.eviware.soapui.impl.wsdl.testcase.WsdlTestRunContext(testStep); 

def response = testStep.testRequest.messageExchange.response.responseContent
def slurper = new JsonSlurper()
def json = slurper.parseText response

//log.info "Total Count = " + json.orders._meta.totalCountcontext.listOfOrderObjects

// ///////////////////////////////////////////////////////////////////////////////////////
// This section loads each order item into a list of order objects. This is done by
// making a request for 50 order items at a time until all order items are loaded into 
// an orders list. The order objects only hold some of the items in each order item.
// ///////////////////////////////////////////////////////////////////////////////////////

int totalCount = json.devices._meta.totalCount as int
int offset = 0
int limit = 50

int numFullLoops = (json.devices._meta.totalCount as int)/limit
int numLeftoverItems = totalCount - (numFullLoops * limit)

log.info "Total Count = " + totalCount
log.info "Starting Offset = " + offset
log.info "Limit = " + limit
log.info "Number of blocks that have full limit size = " + numFullLoops
log.info "Number leftover items and end = " + numLeftoverItems

context.listOfDeviceObjects = []

int outputCounter = 0

for(int x = 0; x < numFullLoops ; x++) // bladd
{
	// run and get response
	testRunner.testCase.setPropertyValue("offset", offset as String)
	testRunner.testCase.setPropertyValue("limit", limit as String)

	//alert.showInfoMessage("Redy to run with offset = " + offset);
	log.info "Starting to run request with offset = " + offset
	
	testStep.run(testRunner, testStepContext);
	response = testStep.testRequest.messageExchange.response.responseContent
	json = slurper.parseText response

	log.info "Add response items to object list"

	for(int y = 0; y < limit; y++)
	{
		tempOne = json.devices.items[y].id // deviceId
		tempTwo = json.devices.items[y]._meta.href // metaHref
		
		if((json.devices.items[y].model).equals(null)) // modelId
		{
			tempThree = null
		}
		else
		{
			tempThree = json.devices.items[y].model.id
		}
		
		if((json.devices.items[y].service).equals(null)) // service id
		{
			tempFour = null
		}
		else
		{
			tempFour = json.devices.items[y].service.id
		}

		if((json.devices.items[y].service).equals(null)) // service number
		{
			tempFive = null
		}
		else
		{
			tempFive = json.devices.items[y].service.serviceNumber
		}

		if((json.devices.items[y].updated).equals(null)) // updated
		{
			tempSix = null
		}
		else
		{
			tempSix = json.devices.items[y].updated
		}

		context.listOfDeviceObjects.add(new soapUIScripts.CommonMethods.DeviceObject(tempOne, tempTwo, tempThree, tempFour, tempFive, tempSix))	
	}

	log.info "Current offset " + offset + " completed."
	
	offset += limit
}

if(numLeftoverItems == 0)
{
	return
}

// offset has been set to start at the last block that is smaller than all of the other blocks in thge for loop above

// run and get response 
testRunner.testCase.setPropertyValue("offset", offset as String)
testRunner.testCase.setPropertyValue("limit", limit as String)

//alert.showInfoMessage("Redy to run with offset = " + offset);
log.info "Starting to run with offset = " + offset

testStep.run(testRunner, testStepContext);
response = testStep.testRequest.messageExchange.response.responseContent
json = slurper.parseText response

int n = 0

log.info "Add final items to object list"

for(int k = offset; k < totalCount; k++)
{
		tempOne = json.devices.items[n].id // deviceId
		tempTwo = json.devices.items[n]._meta.href // metaHref
		
		if((json.devices.items[n].model).equals(null)) // modelId
		{
			tempThree = null
		}
		else
		{
			tempThree = json.devices.items[n].model.id
		}
		
		if((json.devices.items[n].service).equals(null)) // service id
		{
			tempFour = null
		}
		else
		{
			tempFour = json.devices.items[n].service.id
		}

		if((json.devices.items[n].service).equals(null)) // service number
		{
			tempFive = null
		}
		else
		{
			tempFive = json.devices.items[n].service.serviceNumber
		}

		if((json.devices.items[n].updated).equals(null)) // updated
		{
			tempSix = null
		}
		else
		{
			tempSix = json.devices.items[n].updated
		}

		context.listOfDeviceObjects.add(new soapUIScripts.CommonMethods.DeviceObject(tempOne, tempTwo, tempThree, tempFour, tempFive, tempSix))	
	n++
}

// this sets offset and limit per what was set in first step.
testRunner.testCase.setPropertyValue("offset", context.offset.toString())
testRunner.testCase.setPropertyValue("limit", context.limit.toString())

log.info "Log order objects to a file"

def filename = "C:\\SoapUi_Projects\\_API_2017_SFE_15041\\Hacking_XX1\\DeviceObjects.txt"
def file = new File(filename)
def w = file.newWriter() 


for (soapUIScripts.CommonMethods.DeviceObject obj : context.listOfDeviceObjects)
{
	w << outputCounter + "\r\n"
	w << "deviceId: " + obj.deviceId + "\r\n"
	w << "mHref: " + obj.metaHref + "\r\n"
	w << "modelId: " + obj.modelId + "\r\n"
	w << "serviceId: " + obj.serviceId + "\r\n"
	w << "serviceNumber: " + obj.serviceNumber + "\r\n"
	w << "updated: " + obj.updated + "\r\n"

	outputCounter++
}

w.close()
	
return
]]></script></con:config></con:testStep><con:testStep type="datasource" name="DataSource" id="fa3f679c-d1b6-478f-a082-41856b1c677b"><con:settings/><con:config xsi:type="con:DataSourceStep" xmlns:xsi="http://www.w3.org/2001/XMLSchema-instance"><con:dataSource type="Grid"><con:configuration><check><![CDATA[<xml-fragment><con:entry xmlns:con="http://eviware.com/soapui/config">true</con:entry><con:entry xmlns:con="http://eviware.com/soapui/config">true</con:entry><con:entry xmlns:con="http://eviware.com/soapui/config">true</con:entry><con:entry xmlns:con="http://eviware.com/soapui/config">true</con:entry><con:entry xmlns:con="http://eviware.com/soapui/config">true</con:entry><con:entry xmlns:con="http://eviware.com/soapui/config">true</con:entry><con:entry xmlns:con="http://eviware.com/soapui/config">true</con:entry><con:entry xmlns:con="http://eviware.com/soapui/config">true</con:entry><con:entry xmlns:con="http://eviware.com/soapui/config">true</con:entry><con:entry xmlns:con="http://eviware.com/soapui/config">true</con:entry></xml-fragment>]]></check><row><![CDATA[<xml-fragment><con:entry xmlns:con="http://eviware.com/soapui/config">true</con:entry><con:entry xmlns:con="http://eviware.com/soapui/config">MANUFACTURER</con:entry><con:entry xmlns:con="http://eviware.com/soapui/config"/></xml-fragment>]]></row><row><![CDATA[<xml-fragment><con:entry xmlns:con="http://eviware.com/soapui/config">true</con:entry><con:entry xmlns:con="http://eviware.com/soapui/config">MODEL</con:entry><con:entry xmlns:con="http://eviware.com/soapui/config"/></xml-fragment>]]></row><row><![CDATA[<xml-fragment><con:entry xmlns:con="http://eviware.com/soapui/config">true</con:entry><con:entry xmlns:con="http://eviware.com/soapui/config">EMPLOYEE</con:entry><con:entry xmlns:con="http://eviware.com/soapui/config"/></xml-fragment>]]></row><row><![CDATA[<xml-fragment><con:entry xmlns:con="http://eviware.com/soapui/config">true</con:entry><con:entry xmlns:con="http://eviware.com/soapui/config">DEPARTMENT</con:entry><con:entry xmlns:con="http://eviware.com/soapui/config"/></xml-fragment>]]></row><row><![CDATA[<xml-fragment><con:entry xmlns:con="http://eviware.com/soapui/config">true</con:entry><con:entry xmlns:con="http://eviware.com/soapui/config">UPDATED_DATE</con:entry><con:entry xmlns:con="http://eviware.com/soapui/config"/></xml-fragment>]]></row><row><![CDATA[<xml-fragment><con:entry xmlns:con="http://eviware.com/soapui/config">false</con:entry><con:entry xmlns:con="http://eviware.com/soapui/config">MANUFACTURER</con:entry><con:entry xmlns:con="http://eviware.com/soapui/config"/></xml-fragment>]]></row><row><![CDATA[<xml-fragment><con:entry xmlns:con="http://eviware.com/soapui/config">false</con:entry><con:entry xmlns:con="http://eviware.com/soapui/config">MODEL</con:entry><con:entry xmlns:con="http://eviware.com/soapui/config"/></xml-fragment>]]></row><row><![CDATA[<xml-fragment><con:entry xmlns:con="http://eviware.com/soapui/config">false</con:entry><con:entry xmlns:con="http://eviware.com/soapui/config">EMPLOYEE</con:entry><con:entry xmlns:con="http://eviware.com/soapui/config"/></xml-fragment>]]></row><row><![CDATA[<xml-fragment><con:entry xmlns:con="http://eviware.com/soapui/config">false</con:entry><con:entry xmlns:con="http://eviware.com/soapui/config">DEPARTMENT</con:entry><con:entry xmlns:con="http://eviware.com/soapui/config"/></xml-fragment>]]></row><row><![CDATA[<xml-fragment><con:entry xmlns:con="http://eviware.com/soapui/config">false</con:entry><con:entry xmlns:con="http://eviware.com/soapui/config">UPDATED_DATE</con:entry><con:entry xmlns:con="http://eviware.com/soapui/config"/></xml-fragment>]]></row></con:configuration></con:dataSource><con:property>sortAscending</con:property><con:property>sortBy</con:property><con:completeLastOperation>true</con:completeLastOperation><con:restartOnRun>true</con:restartOnRun></con:config></con:testStep><con:testStep type="restrequest" name="GetAssetsDevicesSorted" id="2b617cd9-a3dd-4ee5-b7e0-6afcca9705f0"><con:settings/><con:config service="Assets Devices" resourcePath="/assets/devices" methodName="GetAssetsDevices" xsi:type="con:RestRequestStep" xmlns:xsi="http://www.w3.org/2001/XMLSchema-instance"><con:restRequest name="GetAssetsDevicesSorted" id="78225f30-ac27-4fc1-b283-2688b59cb02f" mediaType="application/json"><con:settings><con:setting id="com.eviware.soapui.impl.wsdl.WsdlRequest@request-headers">&lt;xml-fragment/></con:setting></con:settings><con:endpoint>${#TestCase#URL}</con:endpoint><con:request/><con:originalUri>http://tg-mobility.cloudhub.io/mobility/v1/assets/devices</con:originalUri><con:assertion type="Valid HTTP Status Codes" id="e847023d-e7d0-44a2-a0ed-3d7d9c4d20b9" name="Valid HTTP Status Codes"><con:settings/><con:configuration><codes>200</codes></con:configuration></con:assertion><con:credentials><con:selectedAuthProfile>No Authorization</con:selectedAuthProfile><con:authType>No Authorization</con:authType></con:credentials><con:jmsConfig JMSDeliveryMode="PERSISTENT"/><con:jmsPropertyConfig/><con:parameters>
  <con:entry key="Authorization" value="Bearer ${#TestCase#AccessToken}"/>
  <con:entry key="sortAscending" value="${DataSource#sortAscending}"/>
  <con:entry key="offset" value="${#TestCase#offset}"/>
  <con:entry key="X-TNGO-TENANT" value="${#TestCase#Tenant}"/>
  <con:entry key="limit" value="${#TestCase#limit}"/>
  <con:entry key="sortBy" value="${DataSource#sortBy}"/>
  <con:entry key="client_secret" value="${#TestCase#clientSecret}"/>
  <con:entry key="client_id" value="${#TestCase#clientId}"/>
</con:parameters><con:parameterOrder><con:entry>X-TNGO-TENANT</con:entry><con:entry>Authorization</con:entry><con:entry>client_id</con:entry><con:entry>client_secret</con:entry><con:entry>limit</con:entry><con:entry>offset</con:entry><con:entry>sortAscending</con:entry><con:entry>sortBy</con:entry><con:entry>companyEmployeeId</con:entry></con:parameterOrder></con:restRequest></con:config></con:testStep><con:testStep type="groovy" name="VerifyAssetsDevicesSorting" id="3e72e467-da8b-4f25-ad46-c2108f1e3c58"><con:settings/><con:config><script>import groovy.json.JsonSlurper 

def groovyUtils = new com.eviware.soapui.support.GroovyUtils( context ); 
def testCase = context.testCase; 
def testStep = testCase.getTestStepByName("GetAssetsDevicesSorted") 
def dataSource = testCase.getTestStepByName("DataSource")

//  need for external call.
testRunner = new com.eviware.soapui.impl.wsdl.testcase.WsdlTestCaseRunner(testCase, null); 
testStepContext = new com.eviware.soapui.impl.wsdl.testcase.WsdlTestRunContext(testStep); 

// get response of last test step run.
def response = testStep.testRequest.messageExchange.response.responseContent
def slurper = new JsonSlurper()
def json = slurper.parseText response


def sortAscending = dataSource.getPropertyValue("sortAscending")
def sortBy = dataSource.getPropertyValue("sortBy")

log.info "sortBy: " + sortBy
log.info "sortAscending = " + sortAscending


VerifyOrderSortAscending(json, sortAscending, sortBy)


/* Methods */

void VerifyOrderSortAscending(json, sortAscending, sortBy){

	def originalList = []
	def sortedList = []

	
	if (sortBy == "MANUFACTURER"){
		originalList = json.devices.items.manufacturer.name
	}
	else if (sortBy == "MODEL"){
		originalList = json.devices.items.model.name
	}
	else if (sortBy == "EMPLOYEE"){
		originalList = json.devices.items.employee.lastName
	}
	else if (sortBy == "DEPARTMENT"){
		originalList = json.devices.items.employee.department.name
	}
	else if (sortBy == "UPDATED_DATE"){
		originalList = json.devices.items.updated
	}						


	// Copy the elements from original list to sorted list
	for(int i = 0; i &lt; originalList.size(); i++){
		sortedList[i] = originalList[i]
	}

	// The criteria to sort the list must be case insensitive. E.g.: there are model names starting with "i" instead of "I", like "iPhone"
	Collections.sort(sortedList, String.CASE_INSENSITIVE_ORDER)

	// If sort = descending, sort list in reverse order
	if(sortAscending.equals("false")){
		sortedList = sortedList.reverse()
	}

	log.info "originalList: " + originalList
	log.info "sortedList:   " + sortedList
	
	assert(sortedList.equals(originalList))
	

}





</script></con:config></con:testStep><con:testStep type="groovy" name="VerifyDevicesSortingWithObjects" id="fd5eb0c5-c82e-47f4-99f4-66614d2b1e0b"><con:settings/><con:config><script>// ///////////////////////////////////////////////////////////////////////////////////////////////////////
// this is where to get order info from 'GetOrdersSorted' response.
// ///////////////////////////////////////////////////////////////////////////////////////////////////////
import groovy.json.JsonSlurper 

def groovyUtils = new com.eviware.soapui.support.GroovyUtils( context ); 
def testCase = context.testCase; 
def testStep = testCase.getTestStepByName("GetAssetsDevicesSorted") 

// get response of last test step run.
def response = testStep.testRequest.messageExchange.response.responseContent
def slurper = new JsonSlurper()
def json = slurper.parseText response

log.info "Start VerifyServicessSortingWithObjects"

// store away number of items in "GetAssetsServicesSorted" response.
int limit = json.devices._meta.limit

// ////////////////////////////////////////////////////////////////////////////////////////////////////////////////////////////
// a request has been previously made and the sorting has been verified in the json response. this section goes through 
// each order item in the json response. for each order item this gets the device object related to the order item by 
// seraching the list of devices, created in the beginning of this test, for the device item's deviceId. once the device object 
// that's related to the device item in the json response is found, some properties stored in the device object are compared
// to the device item's properties.
// ////////////////////////////////////////////////////////////////////////////////////////////////////////////////////////////

for(int x = 0; x &lt; limit; x++) // use limit that was set in test request.
{
	// this gets the device object related to the device item json.devices.items[x].id
	soapUIScripts.CommonMethods.DeviceObject obj = FindObjectByDeviceId(json.devices.items[x].id)
	
	// this verifies some of the service item's properties match its corresponding service object properties.
	assert((json.devices.items[x].id).equals(obj.deviceId))
	assert((json.devices.items[x]._meta.href).equals(obj.metaHref))

	// only test if there is a model node
	if(json.devices.items[x].model != null)
	{
		assert((json.devices.items[x].model.id).equals(obj.modelId))			
	}

	// only test if there is a service node
	if(json.devices.items[x].service !=  null)
	{
		assert((json.devices.items[x].service.id).equals(obj.serviceId))	
		assert((json.devices.items[x].service.serviceNumber).equals(obj.serviceNumber))	
	}
}

// this receives a serviceId and returns the order object that goes with the serviceId.
soapUIScripts.CommonMethods.DeviceObject FindObjectByDeviceId(String deviceId)
{
	for(soapUIScripts.CommonMethods.DeviceObject obj : context.listOfDeviceObjects)
	{
		if(obj.deviceId.equals(deviceId))
		{
			return obj
		}
	}
	throw new RuntimeException("Fail in 'VerifyServicessSortingWithObjects' groovy script. Method 'FindObjectByServiceId' did not find a return value.") 
}

log.info "VerifyServicessSortingWithObjects Done"
</script></con:config></con:testStep><con:testStep type="datasourceloop" name="DataSource Loop" id="4ee14ec3-4457-44cc-b689-d17d94e2af99"><con:settings/><con:config><dataSourceStep>DataSource</dataSourceStep><targetStep>GetAssetsDevicesSorted</targetStep></con:config></con:testStep><con:properties><con:property><con:name>Tenant</con:name><con:value>XX1</con:value></con:property><con:property><con:name>limit</con:name><con:value>10</con:value></con:property><con:property><con:name>offset</con:name><con:value>0</con:value></con:property><con:property><con:name>companyEmployeeId</con:name><con:value>Dudley.Doright2.XX1</con:value></con:property><con:property><con:name>AccessToken</con:name><con:value>thAnyP9RqCqKRPo5r4lSR0Ac2j1W</con:value></con:property><con:property><con:name>RefreshToken</con:name><con:value>Jsvy1xxZxYvwTmrR0V8FdyDMOjWrPVEosyeUY4Xujs</con:value></con:property><con:property><con:name>DeviceId</con:name><con:value>36819015</con:value></con:property><con:property><con:name>ServiceId</con:name><con:value>39968735</con:value></con:property><con:property><con:name>EmployeeId</con:name><con:value>28720153</con:value></con:property><con:property><con:name>DepartmentId</con:name><con:value>11569020350</con:value></con:property><con:property><con:name>LogoUrl</con:name><con:value>https://qa1cmd.tangoe.com/</con:value></con:property><con:property><con:name>client_id</con:name><con:value>3c276cecdc674aabb5456f54b605bbbf</con:value></con:property><con:property><con:name>client_secret</con:name><con:value>c513c4a67492405d95CE4DB4B40B73FF</con:value></con:property><con:property><con:name>URL</con:name><con:value>https://tngo-qa-mobproc.cloudhub.io/mobproc/v1.qa</con:value></con:property><con:property><con:name>transactionType</con:name><con:value>NEW_ACTIVATION</con:value></con:property><con:property><con:name>sortAscending</con:name><con:value>false</con:value></con:property><con:property><con:name>sortBy</con:name><con:value>DEPARTMENT</con:value></con:property><con:property><con:name>regionId</con:name><con:value>70144640</con:value></con:property><con:property><con:name>LastHref</con:name><con:value>https://tngo-qa-mobproc-cmd.cloudhub.io/mobproc/v1.qa/catalog/accessories?transactionType=NEW_ACTIVATION&amp;offset=0&amp;sortBy=VENDOR&amp;region=70144640&amp;limit=100&amp;sortAscending=false</con:value></con:property><con:property><con:name>hrefUrl</con:name><con:value>https://tngo-qa-mobproc-cmd.cloudhub.io/mobproc/v1.qa/catalog/accessories?transactionType=NEW_ACTIVATION&amp;sortBy=VENDOR&amp;offset=0&amp;region=70144640&amp;limit=100&amp;sortAscending=false</con:value></con:property><con:property><con:name>ConditionUrl</con:name><con:value>https://tngo-qa-mobproc-cmd.cloudhub.io/mobproc/v1.qa/assets/devices?offset=0&amp;sortBy=DEPARTMENT&amp;limit=100&amp;sortAscending=false</con:value></con:property><con:property><con:name>clientID</con:name><con:value>676ff94144f4400e9227c89937c1ade4</con:value></con:property><con:property><con:name>clientSecret</con:name><con:value>71f90d2437ee4a41A992931F17AC9AEC</con:value></con:property></con:properties><con:reportParameters/><con:breakPoints><con:testStepId>7b8f2d2b-0292-4873-ab56-fcbaa8ff99f1</con:testStepId><con:status>NONE</con:status><con:properties/></con:breakPoints><con:breakPoints><con:testStepId>66aca81c-be72-452b-ab66-5b341016b808</con:testStepId><con:status>NONE</con:status><con:properties/></con:breakPoints><con:breakPoints><con:testStepId>84bde778-87fe-4b16-955b-7296fde18e70</con:testStepId><con:status>NONE</con:status><con:properties/></con:breakPoints><con:breakPoints><con:testStepId>52fa8ca2-264a-461d-beaa-373b1826f5f9</con:testStepId><con:status>NONE</con:status><con:properties/></con:breakPoints><con:breakPoints><con:testStepId>bef3478a-b94d-4805-b9cd-c71b4479ad07</con:testStepId><con:status>NONE</con:status><con:properties/></con:breakPoints><con:breakPoints><con:testStepId>4541bed6-6863-4a97-acc5-26b850b688f5</con:testStepId><con:status>NONE</con:status><con:properties/></con:breakPoints><con:breakPoints><con:testStepId>2b617cd9-a3dd-4ee5-b7e0-6afcca9705f0</con:testStepId><con:status>NONE</con:status><con:properties/></con:breakPoints><con:breakPoints><con:testStepId>7adac169-babb-4ca1-bbf7-b9ed761f7a37</con:testStepId><con:status>NONE</con:status><con:properties/></con:breakPoints><con:breakPoints><con:testStepId>3e72e467-da8b-4f25-ad46-c2108f1e3c58</con:testStepId><con:status>NONE</con:status><con:properties/></con:breakPoints><con:breakPoints><con:testStepId>90399915-ed86-43d9-8669-13889f8ae25b</con:testStepId><con:status>NONE</con:status><con:properties/></con:breakPoints><con:breakPoints><con:testStepId>710fe59b-94f8-4499-986b-623cf7c0f8a8</con:testStepId><con:status>NONE</con:status><con:properties/></con:breakPoints><con:breakPoints><con:testStepId>fd5eb0c5-c82e-47f4-99f4-66614d2b1e0b</con:testStepId><con:status>NONE</con:status><con:properties/></con:breakPoints></con:testCase><con:properties/><con:reportParameters/></con:testSuite><con:savedRecentRuns>1</con:savedRecentRuns><con:requirements/><con:properties/><con:wssContainer/><con:databaseConnectionContainer/><con:oAuth2ProfileContainer/><con:oAuth1ProfileContainer/><con:reporting><con:xmlTemplates/><con:parameters/></con:reporting><con:authRepository/><con:tags/></con:soapui-project>