<?xml version="1.0" encoding="UTF-8"?>
<con:soapui-workspace name="RouteRules" cid="808b8f3c-d267-4064-ac08-0bbb3c29ace9" soapui-version="6.0.0" xmlns:con="http://eviware.com/soapui/config">
  <con:settings/>
  <con:project name="RouteRulesManual" lastOpened="2018-06-13T06:52:54.430-04:00">C:/SoapUi_Projects/NormandyInfrastructure/RoutngRulesAndTokens/RouteRulesManual.xml</con:project>
  <con:project name="RouteRulesTesting" lastOpened="2018-06-13T09:07:29.990-04:00">C:/SoapUi_Projects/NormandyInfrastructure/RoutngRulesAndTokens/RouteRulesTesting.xml</con:project>
  <con:project name="TokenGenerator" lastOpened="2018-06-05T10:43:28.215-04:00">C:/SoapUi_Projects/NormandyInfrastructure/RoutngRulesAndTokens/Token_Generator.xml</con:project>
  <con:recentItemCollection>
    <con:moduleId>ProjectsModule</con:moduleId>
    <con:itemId>ffdfeb09-4b9d-450f-a8ed-b34fde4d57bb</con:itemId>
    <con:itemId>39885fe1-9fb0-4f3a-a8ad-c3a607a1d603</con:itemId>
    <con:itemId>6a2a1665-019b-455c-8fdc-265ef79644d6</con:itemId>
    <con:itemId>1c30d5ce-54a8-4626-b990-756d0e7cdfe5</con:itemId>
    <con:itemId>ba90fc50-87a4-4aa4-b24d-283e355f14fb</con:itemId>
  </con:recentItemCollection>
  <con:recentItemCollection>
    <con:moduleId>SoapUiNGModule</con:moduleId>
    <con:itemId>9bee17f6-ad5d-4a89-bac3-695c98bacb9c</con:itemId>
    <con:itemId>10333518-6414-4b4a-8e69-5ade35f29b30</con:itemId>
    <con:itemId>2b3a59ba-e4df-482a-8f14-6e260570a559</con:itemId>
    <con:itemId>ca49fb44-bf3f-4810-983d-6348bb245608</con:itemId>
    <con:itemId>0d637417-a964-48af-9e70-d5396eaa217d</con:itemId>
  </con:recentItemCollection>
  <con:navigatorNodeCollection>
    <con:rootNodeLabel>Projects</con:rootNodeLabel>
    <con:expandNodeState>
      <con:id>e4b8ad1f-bb5e-400d-b90c-dbf471050619</con:id>
      <con:expandState>true</con:expandState>
    </con:expandNodeState>
    <con:expandNodeState>
      <con:id>c3eb3b55-0f66-4042-8e98-da76e202eaf7</con:id>
      <con:expandState>false</con:expandState>
    </con:expandNodeState>
    <con:expandNodeState>
      <con:id>f17f73ac-ef16-4728-8587-a31680baba1a</con:id>
      <con:expandState>true</con:expandState>
    </con:expandNodeState>
    <con:expandNodeState>
      <con:id>eb10adb7-a4ab-4ce9-97ad-029b7a9295c5</con:id>
      <con:expandState>true</con:expandState>
    </con:expandNodeState>
    <con:expandNodeState>
      <con:id>528dc3ea-9c06-4fa1-be82-fd7307b75737</con:id>
      <con:expandState>true</con:expandState>
    </con:expandNodeState>
    <con:expandNodeState>
      <con:id>0737c538-1e18-4d2e-b5a7-76e86863e830</con:id>
      <con:expandState>false</con:expandState>
    </con:expandNodeState>
    <con:expandNodeState>
      <con:id>9dd26ef8-2887-4032-a789-18dcf75f4d60</con:id>
      <con:expandState>true</con:expandState>
    </con:expandNodeState>
    <con:expandNodeState>
      <con:id>c80d92d9-9af3-4487-b526-78e5006fb856</con:id>
      <con:expandState>true</con:expandState>
    </con:expandNodeState>
    <con:expandNodeState>
      <con:id>fb5fd123-0c5b-46ba-9aa4-4701c261f606</con:id>
      <con:expandState>false</con:expandState>
    </con:expandNodeState>
    <con:expandNodeState>
      <con:id>11ca4048-5ded-4e90-9a71-29d11634ccf2</con:id>
      <con:expandState>true</con:expandState>
    </con:expandNodeState>
    <con:expandNodeState>
      <con:id>bc9ad6d6-5bea-4ffd-bb01-3e6d75d17610</con:id>
      <con:expandState>true</con:expandState>
    </con:expandNodeState>
    <con:expandNodeState>
      <con:id>33e5363e-d33b-4957-8084-5e6ce5b50fa4</con:id>
      <con:expandState>false</con:expandState>
    </con:expandNodeState>
    <con:expandNodeState>
      <con:id>48584117-eb11-4e44-bf37-d9d5fd23a64e</con:id>
      <con:expandState>true</con:expandState>
    </con:expandNodeState>
    <con:expandNodeState>
      <con:id>aaffa4fe-b580-4a4e-b3d7-b3a7212b5e94</con:id>
      <con:expandState>true</con:expandState>
    </con:expandNodeState>
    <con:expandNodeState>
      <con:id>ef6283f9-324a-4e4d-be8f-be390152989c</con:id>
      <con:expandState>false</con:expandState>
    </con:expandNodeState>
    <con:expandNodeState>
      <con:id>71f5f6fe-82fd-41ed-b34b-bb9ca43ad555</con:id>
      <con:expandState>true</con:expandState>
    </con:expandNodeState>
    <con:expandNodeState>
      <con:id>413da9c4-d0f0-48c9-851f-214384f46ae6</con:id>
      <con:expandState>true</con:expandState>
    </con:expandNodeState>
    <con:expandNodeState>
      <con:id>3bc74bf6-8c25-4487-bcaf-0ace85028677</con:id>
      <con:expandState>true</con:expandState>
    </con:expandNodeState>
    <con:expandNodeState>
      <con:id>68f50624-25d9-416a-9d97-5387bc407aa0</con:id>
      <con:expandState>true</con:expandState>
    </con:expandNodeState>
    <con:expandNodeState>
      <con:id>560420ab-f237-41e0-9cc5-ecda2540e1cc</con:id>
      <con:expandState>true</con:expandState>
    </con:expandNodeState>
    <con:expandNodeState>
      <con:id>713b90e9-ac67-4c51-83c0-0f1c8c167459</con:id>
      <con:expandState>true</con:expandState>
    </con:expandNodeState>
    <con:expandNodeState>
      <con:id>e43d215b-ff57-40fe-9139-a598c7532c3f</con:id>
      <con:expandState>false</con:expandState>
    </con:expandNodeState>
    <con:expandNodeState>
      <con:id>c57ebe60-d1ed-42c4-9040-11168d5fcd49</con:id>
      <con:expandState>true</con:expandState>
    </con:expandNodeState>
    <con:expandNodeState>
      <con:id>895aa253-edcb-4b0a-a7c2-b75c903a7cf3</con:id>
      <con:expandState>true</con:expandState>
    </con:expandNodeState>
    <con:expandNodeState>
      <con:id>49d35372-1fb9-4060-a5e1-c82d4e935ce9</con:id>
      <con:expandState>false</con:expandState>
    </con:expandNodeState>
    <con:expandNodeState>
      <con:id>8fce93fa-ef92-44c1-b25a-401b35b79ccc</con:id>
      <con:expandState>false</con:expandState>
    </con:expandNodeState>
    <con:expandNodeState>
      <con:id>68eeb1e9-e007-4420-b8d3-fdb5714e2924</con:id>
      <con:expandState>false</con:expandState>
    </con:expandNodeState>
    <con:expandNodeState>
      <con:id>e1b975aa-04c1-4826-ad8e-07ef0637263b</con:id>
      <con:expandState>false</con:expandState>
    </con:expandNodeState>
    <con:expandNodeState>
      <con:id>e5aa872d-1c6c-4bcb-ac15-6b3c558b6c85</con:id>
      <con:expandState>true</con:expandState>
    </con:expandNodeState>
    <con:expandNodeState>
      <con:id>1ce7d789-3a21-470c-aa1e-4519d5a47e97</con:id>
      <con:expandState>true</con:expandState>
    </con:expandNodeState>
    <con:expandNodeState>
      <con:id>916e8eba-1046-48fb-8387-510582bcfc93</con:id>
      <con:expandState>true</con:expandState>
    </con:expandNodeState>
    <con:expandNodeState>
      <con:id>d10eae7f-c71f-43e1-90be-63919dbdc1ff</con:id>
      <con:expandState>false</con:expandState>
    </con:expandNodeState>
    <con:expandNodeState>
      <con:id>1ea8654a-e859-422c-bf26-82bd192bf9b9</con:id>
      <con:expandState>true</con:expandState>
    </con:expandNodeState>
    <con:expandNodeState>
      <con:id>19d7706a-cfcf-4709-9738-e8be9d5831e5</con:id>
      <con:expandState>true</con:expandState>
    </con:expandNodeState>
    <con:expandNodeState>
      <con:id>44a94422-cd88-4aa1-8c9e-122f0126ebf6</con:id>
      <con:expandState>false</con:expandState>
    </con:expandNodeState>
    <con:expandNodeState>
      <con:id>424c5532-c416-4d36-b12f-f33097b5ebd9</con:id>
      <con:expandState>true</con:expandState>
    </con:expandNodeState>
    <con:expandNodeState>
      <con:id>4aae6dcb-8d7e-4e0d-a565-88ed1b7b0925</con:id>
      <con:expandState>true</con:expandState>
    </con:expandNodeState>
    <con:expandNodeState>
      <con:id>8e5238e1-da96-4438-9947-b944a4888117</con:id>
      <con:expandState>false</con:expandState>
    </con:expandNodeState>
    <con:expandNodeState>
      <con:id>d7221bd3-7a57-475e-8e1c-7cde5fb7d10e</con:id>
      <con:expandState>true</con:expandState>
    </con:expandNodeState>
    <con:expandNodeState>
      <con:id>81fd0f72-99bf-4234-853f-c717d2ff8161</con:id>
      <con:expandState>true</con:expandState>
    </con:expandNodeState>
    <con:expandNodeState>
      <con:id>d51f7968-5425-410c-91b1-e98ad613425c</con:id>
      <con:expandState>false</con:expandState>
    </con:expandNodeState>
    <con:expandNodeState>
      <con:id>9cfe30ab-553a-4809-b2af-a3b5f29fead7</con:id>
      <con:expandState>true</con:expandState>
    </con:expandNodeState>
    <con:expandNodeState>
      <con:id>dad7cad5-a6ee-4d84-9921-f2dc5ab61861</con:id>
      <con:expandState>true</con:expandState>
    </con:expandNodeState>
    <con:expandNodeState>
      <con:id>be78ac13-7bf7-4df0-a37f-11481ccbb82f</con:id>
      <con:expandState>false</con:expandState>
    </con:expandNodeState>
    <con:expandNodeState>
      <con:id>141b4672-d39c-40c8-ad49-7314428d55b8</con:id>
      <con:expandState>true</con:expandState>
    </con:expandNodeState>
    <con:expandNodeState>
      <con:id>d5033753-43c7-434f-9f85-68ddea115e5f</con:id>
      <con:expandState>true</con:expandState>
    </con:expandNodeState>
    <con:expandNodeState>
      <con:id>d0a5dcec-19da-4c08-aff8-2b79db7d1ccb</con:id>
      <con:expandState>false</con:expandState>
    </con:expandNodeState>
    <con:expandNodeState>
      <con:id>01b6a8f1-428f-435b-a7b6-7ff81e093db0</con:id>
      <con:expandState>true</con:expandState>
    </con:expandNodeState>
    <con:expandNodeState>
      <con:id>22028f73-5968-4941-ad3e-ba85c6270917</con:id>
      <con:expandState>true</con:expandState>
    </con:expandNodeState>
    <con:expandNodeState>
      <con:id>415a2dc9-fa03-417e-89d7-0937ce0b304b</con:id>
      <con:expandState>false</con:expandState>
    </con:expandNodeState>
    <con:expandNodeState>
      <con:id>b693ede3-09dd-4182-96ed-7639867b322f</con:id>
      <con:expandState>false</con:expandState>
    </con:expandNodeState>
    <con:expandNodeState>
      <con:id>90874cb4-a3be-42b3-bf57-6aea1b223b30</con:id>
      <con:expandState>true</con:expandState>
    </con:expandNodeState>
    <con:expandNodeState>
      <con:id>f4ccdb83-845f-4557-9274-7fc48e645d29</con:id>
      <con:expandState>true</con:expandState>
    </con:expandNodeState>
    <con:expandNodeState>
      <con:id>89a37c73-0ca4-42d9-81ee-537ae764a542</con:id>
      <con:expandState>false</con:expandState>
    </con:expandNodeState>
    <con:expandNodeState>
      <con:id>6935a47b-67e5-43c8-a741-e37047abb393</con:id>
      <con:expandState>false</con:expandState>
    </con:expandNodeState>
    <con:expandNodeState>
      <con:id>24a615ab-098b-4f14-b8a7-9d7de9093f6f</con:id>
      <con:expandState>false</con:expandState>
    </con:expandNodeState>
    <con:expandNodeState>
      <con:id>05113981-af42-43a6-bdd8-b777242a8a0e</con:id>
      <con:expandState>false</con:expandState>
    </con:expandNodeState>
    <con:expandNodeState>
      <con:id>9271cf70-715c-4e1b-92a9-421521eb0bca</con:id>
      <con:expandState>false</con:expandState>
    </con:expandNodeState>
    <con:expandNodeState>
      <con:id>4b03ab43-d0b7-4536-8c29-1733e2dbf127</con:id>
      <con:expandState>true</con:expandState>
    </con:expandNodeState>
    <con:expandNodeState>
      <con:id>e2ce5efb-ed29-40f2-97a9-48faa93ff397</con:id>
      <con:expandState>true</con:expandState>
    </con:expandNodeState>
    <con:expandNodeState>
      <con:id>3f1ec751-e173-4d3d-abab-4d9c31c87bef</con:id>
      <con:expandState>false</con:expandState>
    </con:expandNodeState>
    <con:expandNodeState>
      <con:id>339a665d-a1a4-4c87-acc2-d133dabe5800</con:id>
      <con:expandState>false</con:expandState>
    </con:expandNodeState>
    <con:expandNodeState>
      <con:id>c278c9ea-0b2f-4cdc-9d0a-49fcf2a87462</con:id>
      <con:expandState>false</con:expandState>
    </con:expandNodeState>
    <con:expandNodeState>
      <con:id>bbf20794-d229-4ac3-8eef-3a574ff33d3b</con:id>
      <con:expandState>true</con:expandState>
    </con:expandNodeState>
    <con:expandNodeState>
      <con:id>4ff30455-995b-42b8-be7f-ea4ab29b7983</con:id>
      <con:expandState>true</con:expandState>
    </con:expandNodeState>
    <con:expandNodeState>
      <con:id>39885fe1-9fb0-4f3a-a8ad-c3a607a1d603</con:id>
      <con:expandState>false</con:expandState>
    </con:expandNodeState>
    <con:expandNodeState>
      <con:id>d19b5054-61f0-4c5e-ac86-b54f781d6899</con:id>
      <con:expandState>false</con:expandState>
    </con:expandNodeState>
    <con:expandNodeState>
      <con:id>298fd757-bfb1-4340-87b9-d7ed96571347</con:id>
      <con:expandState>false</con:expandState>
    </con:expandNodeState>
    <con:expandNodeState>
      <con:id>f983421b-dd9d-432f-a983-8eec30dc4fad</con:id>
      <con:expandState>false</con:expandState>
    </con:expandNodeState>
    <con:expandNodeState>
      <con:id>8b46c313-5e34-4b79-a5f3-547ec51fef90</con:id>
      <con:expandState>true</con:expandState>
    </con:expandNodeState>
    <con:expandNodeState>
      <con:id>0e4c4838-fe6b-4266-a101-c5406872938c</con:id>
      <con:expandState>true</con:expandState>
    </con:expandNodeState>
    <con:expandNodeState>
      <con:id>a88e4c92-9fbf-4f25-adc8-888f3b8a3a77</con:id>
      <con:expandState>false</con:expandState>
    </con:expandNodeState>
    <con:expandNodeState>
      <con:id>2be7f8dd-26a7-43b9-9df7-d7c3fbf2e123</con:id>
      <con:expandState>true</con:expandState>
    </con:expandNodeState>
    <con:expandNodeState>
      <con:id>f4f51707-6fc8-4729-91b6-59b9fc4f89a7</con:id>
      <con:expandState>true</con:expandState>
    </con:expandNodeState>
    <con:expandNodeState>
      <con:id>d15853b2-a925-4209-80b7-1b04802b1877</con:id>
      <con:expandState>false</con:expandState>
    </con:expandNodeState>
    <con:expandNodeState>
      <con:id>fa6cc2ac-d700-4a06-9db1-55dba048c7e1</con:id>
      <con:expandState>true</con:expandState>
    </con:expandNodeState>
    <con:expandNodeState>
      <con:id>f5b99d4b-92ba-473f-ac96-ddde41728738</con:id>
      <con:expandState>true</con:expandState>
    </con:expandNodeState>
    <con:expandNodeState>
      <con:id>365e1823-42e6-412f-b603-e66465af5998</con:id>
      <con:expandState>false</con:expandState>
    </con:expandNodeState>
    <con:expandNodeState>
      <con:id>8d893ac8-e5a7-4884-ae33-465c881f3074</con:id>
      <con:expandState>false</con:expandState>
    </con:expandNodeState>
    <con:expandNodeState>
      <con:id>ffdfeb09-4b9d-450f-a8ed-b34fde4d57bb</con:id>
      <con:expandState>false</con:expandState>
    </con:expandNodeState>
    <con:expandNodeState>
      <con:id>71cfff4d-3745-4868-bcc2-055773399cb1</con:id>
      <con:expandState>false</con:expandState>
    </con:expandNodeState>
    <con:expandNodeState>
      <con:id>f0e70bbf-4cc5-4a41-bfc8-0c497e283e07</con:id>
      <con:expandState>false</con:expandState>
    </con:expandNodeState>
    <con:expandNodeState>
      <con:id>05ad3eaa-32c8-41de-a2aa-22e7195e49bc</con:id>
      <con:expandState>false</con:expandState>
    </con:expandNodeState>
    <con:expandNodeState>
      <con:id>a27d6433-bb25-484b-9a60-6cf90812a9ae</con:id>
      <con:expandState>false</con:expandState>
    </con:expandNodeState>
    <con:expandNodeState>
      <con:id>2a81c119-1e1d-41ed-9e6c-1a59be4537f3</con:id>
      <con:expandState>true</con:expandState>
    </con:expandNodeState>
    <con:expandNodeState>
      <con:id>f29584da-1f3b-459c-b462-d3e3d4e34569</con:id>
      <con:expandState>true</con:expandState>
    </con:expandNodeState>
    <con:expandNodeState>
      <con:id>b1293e7e-e0dc-4dab-a1bb-d1fdb5e8fd7f</con:id>
      <con:expandState>false</con:expandState>
    </con:expandNodeState>
    <con:expandNodeState>
      <con:id>95d349e5-dcec-4eca-aeda-19dd5c70763d</con:id>
      <con:expandState>true</con:expandState>
    </con:expandNodeState>
    <con:expandNodeState>
      <con:id>285583df-dff7-4184-a5da-eac9ea9f87da</con:id>
      <con:expandState>true</con:expandState>
    </con:expandNodeState>
    <con:expandNodeState>
      <con:id>6a2a1665-019b-455c-8fdc-265ef79644d6</con:id>
      <con:expandState>false</con:expandState>
    </con:expandNodeState>
    <con:expandNodeState>
      <con:id>859c39ab-cbf2-42da-a124-3e69c0d5a417</con:id>
      <con:expandState>false</con:expandState>
    </con:expandNodeState>
    <con:expandNodeState>
      <con:id>eb51271f-708b-4cd4-b8a1-4157e6c5a27d</con:id>
      <con:expandState>false</con:expandState>
    </con:expandNodeState>
    <con:expandNodeState>
      <con:id>a7c3a8c1-2862-4c15-b21d-22cb82af0142</con:id>
      <con:expandState>false</con:expandState>
    </con:expandNodeState>
  </con:navigatorNodeCollection>
  <con:navigatorNodeCollection>
    <con:rootNodeLabel>SoapUI</con:rootNodeLabel>
    <con:expandNodeState>
      <con:id>e4b8ad1f-bb5e-400d-b90c-dbf471050619</con:id>
      <con:expandState>true</con:expandState>
    </con:expandNodeState>
    <con:expandNodeState>
      <con:id>31e3e192-fcdd-45a7-85c6-a0ec239cd7a0</con:id>
      <con:expandState>true</con:expandState>
    </con:expandNodeState>
    <con:expandNodeState>
      <con:id>d69bc08a-5637-4e53-896d-4562aaf851e8</con:id>
      <con:expandState>true</con:expandState>
    </con:expandNodeState>
    <con:expandNodeState>
      <con:id>528dc3ea-9c06-4fa1-be82-fd7307b75737</con:id>
      <con:expandState>true</con:expandState>
    </con:expandNodeState>
    <con:expandNodeState>
      <con:id>ca639372-be4f-473d-a8d1-21cab27af5b2</con:id>
      <con:expandState>true</con:expandState>
    </con:expandNodeState>
    <con:expandNodeState>
      <con:id>aeb2b9df-25ce-4e2a-983e-e939f404b75d</con:id>
      <con:expandState>true</con:expandState>
    </con:expandNodeState>
    <con:expandNodeState>
      <con:id>e1b975aa-04c1-4826-ad8e-07ef0637263b</con:id>
      <con:expandState>true</con:expandState>
    </con:expandNodeState>
    <con:expandNodeState>
      <con:id>608eb949-2fa1-4a67-8d64-bd93d27bc8fd</con:id>
      <con:expandState>true</con:expandState>
    </con:expandNodeState>
    <con:expandNodeState>
      <con:id>b3805ac0-7fd7-430d-9463-53921b8ee778</con:id>
      <con:expandState>false</con:expandState>
    </con:expandNodeState>
    <con:expandNodeState>
      <con:id>713b90e9-ac67-4c51-83c0-0f1c8c167459</con:id>
      <con:expandState>true</con:expandState>
    </con:expandNodeState>
    <con:expandNodeState>
      <con:id>259e3045-c693-49ca-8a19-49a578b28e32</con:id>
      <con:expandState>true</con:expandState>
    </con:expandNodeState>
    <con:expandNodeState>
      <con:id>0d637417-a964-48af-9e70-d5396eaa217d</con:id>
      <con:expandState>true</con:expandState>
    </con:expandNodeState>
    <con:expandNodeState>
      <con:id>0737c538-1e18-4d2e-b5a7-76e86863e830</con:id>
      <con:expandState>false</con:expandState>
    </con:expandNodeState>
    <con:expandNodeState>
      <con:id>fb5fd123-0c5b-46ba-9aa4-4701c261f606</con:id>
      <con:expandState>false</con:expandState>
    </con:expandNodeState>
    <con:expandNodeState>
      <con:id>33e5363e-d33b-4957-8084-5e6ce5b50fa4</con:id>
      <con:expandState>false</con:expandState>
    </con:expandNodeState>
    <con:expandNodeState>
      <con:id>ef6283f9-324a-4e4d-be8f-be390152989c</con:id>
      <con:expandState>false</con:expandState>
    </con:expandNodeState>
    <con:expandNodeState>
      <con:id>e43d215b-ff57-40fe-9139-a598c7532c3f</con:id>
      <con:expandState>false</con:expandState>
    </con:expandNodeState>
    <con:expandNodeState>
      <con:id>89a37c73-0ca4-42d9-81ee-537ae764a542</con:id>
      <con:expandState>false</con:expandState>
    </con:expandNodeState>
    <con:expandNodeState>
      <con:id>d10eae7f-c71f-43e1-90be-63919dbdc1ff</con:id>
      <con:expandState>false</con:expandState>
    </con:expandNodeState>
    <con:expandNodeState>
      <con:id>be78ac13-7bf7-4df0-a37f-11481ccbb82f</con:id>
      <con:expandState>false</con:expandState>
    </con:expandNodeState>
    <con:expandNodeState>
      <con:id>d0a5dcec-19da-4c08-aff8-2b79db7d1ccb</con:id>
      <con:expandState>false</con:expandState>
    </con:expandNodeState>
    <con:expandNodeState>
      <con:id>415a2dc9-fa03-417e-89d7-0937ce0b304b</con:id>
      <con:expandState>false</con:expandState>
    </con:expandNodeState>
    <con:expandNodeState>
      <con:id>b693ede3-09dd-4182-96ed-7639867b322f</con:id>
      <con:expandState>false</con:expandState>
    </con:expandNodeState>
    <con:expandNodeState>
      <con:id>9271cf70-715c-4e1b-92a9-421521eb0bca</con:id>
      <con:expandState>false</con:expandState>
    </con:expandNodeState>
    <con:expandNodeState>
      <con:id>339a665d-a1a4-4c87-acc2-d133dabe5800</con:id>
      <con:expandState>false</con:expandState>
    </con:expandNodeState>
    <con:expandNodeState>
      <con:id>2b3a59ba-e4df-482a-8f14-6e260570a559</con:id>
      <con:expandState>true</con:expandState>
    </con:expandNodeState>
    <con:expandNodeState>
      <con:id>c278c9ea-0b2f-4cdc-9d0a-49fcf2a87462</con:id>
      <con:expandState>false</con:expandState>
    </con:expandNodeState>
    <con:expandNodeState>
      <con:id>f983421b-dd9d-432f-a983-8eec30dc4fad</con:id>
      <con:expandState>false</con:expandState>
    </con:expandNodeState>
    <con:expandNodeState>
      <con:id>a88e4c92-9fbf-4f25-adc8-888f3b8a3a77</con:id>
      <con:expandState>false</con:expandState>
    </con:expandNodeState>
    <con:expandNodeState>
      <con:id>d15853b2-a925-4209-80b7-1b04802b1877</con:id>
      <con:expandState>false</con:expandState>
    </con:expandNodeState>
    <con:expandNodeState>
      <con:id>71cfff4d-3745-4868-bcc2-055773399cb1</con:id>
      <con:expandState>false</con:expandState>
    </con:expandNodeState>
    <con:expandNodeState>
      <con:id>a27d6433-bb25-484b-9a60-6cf90812a9ae</con:id>
      <con:expandState>false</con:expandState>
    </con:expandNodeState>
    <con:expandNodeState>
      <con:id>b1293e7e-e0dc-4dab-a1bb-d1fdb5e8fd7f</con:id>
      <con:expandState>false</con:expandState>
    </con:expandNodeState>
    <con:expandNodeState>
      <con:id>859c39ab-cbf2-42da-a124-3e69c0d5a417</con:id>
      <con:expandState>false</con:expandState>
    </con:expandNodeState>
    <con:expandNodeState>
      <con:id>eb51271f-708b-4cd4-b8a1-4157e6c5a27d</con:id>
      <con:expandState>false</con:expandState>
    </con:expandNodeState>
    <con:expandNodeState>
      <con:id>a7c3a8c1-2862-4c15-b21d-22cb82af0142</con:id>
      <con:expandState>false</con:expandState>
    </con:expandNodeState>
    <con:expandNodeState>
      <con:id>689c692f-0042-48b6-9e04-bfb4bae4323f</con:id>
      <con:expandState>false</con:expandState>
    </con:expandNodeState>
    <con:expandNodeState>
      <con:id>ad349e1b-2e34-4f6b-9363-4f68205eac52</con:id>
      <con:expandState>false</con:expandState>
    </con:expandNodeState>
    <con:expandNodeState>
      <con:id>cf4c0044-d55c-46ab-93df-b420dc91276a</con:id>
      <con:expandState>false</con:expandState>
    </con:expandNodeState>
  </con:navigatorNodeCollection>
  <con:dashboardTileCollection>
    <con:dashboardTiles>
      <con:dashboardTile tileId="e0d2672e-06f3-4644-9657-32d35415ec20" tileType="NEW_TEST"/>
      <con:dashboardTile tileId="1e26c998-bf3f-4aa9-9f0c-57d4ce8feb17" tileType="TEST_SUITE_STATUS">
        <con:settings xsi:type="con:TestStatusTileSettings" xmlns:xsi="http://www.w3.org/2001/XMLSchema-instance">
          <con:mode>
            <con:today>true</con:today>
          </con:mode>
          <con:filter>
            <con:failed>true</con:failed>
            <con:passed>true</con:passed>
            <con:unknown>true</con:unknown>
          </con:filter>
        </con:settings>
      </con:dashboardTile>
      <con:dashboardTile tileId="79a6fc7d-2c98-418b-a9ab-9ed3e5ed2c33" tileType="TEST_CASE_STATUS_TILE">
        <con:settings xsi:type="con:TestCaseStatusTileSettings" xmlns:xsi="http://www.w3.org/2001/XMLSchema-instance">
          <con:mode>
            <con:today>true</con:today>
          </con:mode>
          <con:filter>
            <con:failed>true</con:failed>
            <con:passed>true</con:passed>
            <con:unknown>true</con:unknown>
          </con:filter>
        </con:settings>
      </con:dashboardTile>
      <con:dashboardTile tileId="b13b0e77-1456-4bb3-abb9-09a443b2fa15" tileType="SECURE_TILE">
        <con:settings xsi:type="con:SecureTileSettings" xmlns:xsi="http://www.w3.org/2001/XMLSchema-instance">
          <con:mode>
            <con:today>true</con:today>
          </con:mode>
          <con:scan>All Scans</con:scan>
          <con:project>All Projects</con:project>
        </con:settings>
      </con:dashboardTile>
      <con:dashboardTile tileId="575f7fbe-6f62-4ce1-b691-11e529250002" tileType="LOADUI_HISTORY_TILE">
        <con:settings xsi:type="con:LoadHistoryTileSettings" xmlns:xsi="http://www.w3.org/2001/XMLSchema-instance">
          <con:mode>
            <con:today>true</con:today>
          </con:mode>
          <con:project>All Projects</con:project>
          <con:filter>
            <con:avg>true</con:avg>
            <con:duration>true</con:duration>
            <con:failures>true</con:failures>
          </con:filter>
        </con:settings>
      </con:dashboardTile>
      <con:dashboardTile tileId="310c1864-c2b4-4d28-9729-52719285f045" tileType="SERVICEV">
        <con:settings xsi:type="con:ServiceVTileSettings" xmlns:xsi="http://www.w3.org/2001/XMLSchema-instance">
          <con:tableSettings>
            <con:column>Name</con:column>
            <con:column>Status</con:column>
            <con:column>Location</con:column>
            <con:column>Port</con:column>
          </con:tableSettings>
          <con:searchSettings>
            <con:searchType>All</con:searchType>
          </con:searchSettings>
        </con:settings>
      </con:dashboardTile>
    </con:dashboardTiles>
    <con:recentDashboardTiles/>
  </con:dashboardTileCollection>
</con:soapui-workspace>