<?xml version="1.0" encoding="UTF-8"?>
<con:soapui-workspace name="NewItems" cid="6a20dbe1-03c0-4d3c-984a-c06113e841b1" soapui-version="6.0.0" xmlns:con="http://eviware.com/soapui/config">
  <con:settings/>
  <con:project name="TokenProjectPingFederate" lastOpened="2019-01-22T18:14:51.699-05:00">C:/SoapUi_Projects/NewItems/TokenProjectPingFederateXX1.xml</con:project>
  <con:project name="Project 1" lastOpened="2019-01-22T18:15:15.616-05:00">C:/SoapUi_Projects/NewItems/Project1.xml</con:project>
  <con:recentItemCollection>
    <con:moduleId>SoapUiNGModule</con:moduleId>
    <con:itemId>f1b37072-f28a-4975-9527-6d66b89e64b0</con:itemId>
    <con:itemId>2678d5b9-3166-4197-96cb-954cb880f75d</con:itemId>
    <con:itemId>708b2397-3f53-4b09-b374-f53d8a434e10</con:itemId>
    <con:itemId>4e460b81-4f84-4a20-90a7-e57f2b83ec94</con:itemId>
    <con:itemId>9f6f6066-8adb-4b2f-94cb-7385fb4c5780</con:itemId>
  </con:recentItemCollection>
  <con:recentItemCollection>
    <con:moduleId>ProjectsModule</con:moduleId>
    <con:itemId>339d8837-72e0-4f9c-b582-50f2da308d24</con:itemId>
    <con:itemId>2b6e415d-40f9-406d-a9d5-1083cb5c8e3c</con:itemId>
    <con:itemId>414fe6b3-b666-427d-b2ea-6382a3535b98</con:itemId>
    <con:itemId>b1e72e77-08bf-4e16-83c3-8fe211e127ef</con:itemId>
  </con:recentItemCollection>
  <con:navigatorNodeCollection>
    <con:rootNodeLabel>SoapUI</con:rootNodeLabel>
    <con:expandNodeState>
      <con:id>ff678e73-708c-4302-9c9a-784897e03d6b</con:id>
      <con:expandState>true</con:expandState>
    </con:expandNodeState>
    <con:expandNodeState>
      <con:id>2678d5b9-3166-4197-96cb-954cb880f75d</con:id>
      <con:expandState>true</con:expandState>
    </con:expandNodeState>
    <con:expandNodeState>
      <con:id>707638d7-ba85-4471-868f-6a7ba8971aea</con:id>
      <con:expandState>true</con:expandState>
    </con:expandNodeState>
    <con:expandNodeState>
      <con:id>7154afc7-d026-4339-9723-0241bc65c800</con:id>
      <con:expandState>true</con:expandState>
    </con:expandNodeState>
    <con:expandNodeState>
      <con:id>339d8837-72e0-4f9c-b582-50f2da308d24</con:id>
      <con:expandState>false</con:expandState>
    </con:expandNodeState>
    <con:expandNodeState>
      <con:id>4e460b81-4f84-4a20-90a7-e57f2b83ec94</con:id>
      <con:expandState>true</con:expandState>
    </con:expandNodeState>
    <con:expandNodeState>
      <con:id>afd4f01b-1c66-4168-b75e-0ae2cd5aa4f2</con:id>
      <con:expandState>true</con:expandState>
    </con:expandNodeState>
    <con:expandNodeState>
      <con:id>1aa41219-9ad6-4f05-bbab-b1aa6c531725</con:id>
      <con:expandState>true</con:expandState>
    </con:expandNodeState>
    <con:expandNodeState>
      <con:id>708b2397-3f53-4b09-b374-f53d8a434e10</con:id>
      <con:expandState>true</con:expandState>
    </con:expandNodeState>
    <con:expandNodeState>
      <con:id>7059b3c1-901d-4e6b-8d81-801d4b440ef2</con:id>
      <con:expandState>false</con:expandState>
    </con:expandNodeState>
    <con:expandNodeState>
      <con:id>57417139-47c1-4ef4-9fb2-8a352c72a595</con:id>
      <con:expandState>false</con:expandState>
    </con:expandNodeState>
    <con:expandNodeState>
      <con:id>ee348bc3-297d-477f-986a-90568f1af050</con:id>
      <con:expandState>false</con:expandState>
    </con:expandNodeState>
    <con:expandNodeState>
      <con:id>89fc3347-9aaf-487d-a149-e02dd4f16d4c</con:id>
      <con:expandState>false</con:expandState>
    </con:expandNodeState>
    <con:expandNodeState>
      <con:id>3592e555-ce9a-4fdf-9101-f8ff1a6b27a0</con:id>
      <con:expandState>false</con:expandState>
    </con:expandNodeState>
    <con:expandNodeState>
      <con:id>f6113226-94cd-4303-97de-9ee282cf0c23</con:id>
      <con:expandState>true</con:expandState>
    </con:expandNodeState>
    <con:expandNodeState>
      <con:id>f1b37072-f28a-4975-9527-6d66b89e64b0</con:id>
      <con:expandState>true</con:expandState>
    </con:expandNodeState>
  </con:navigatorNodeCollection>
  <con:navigatorNodeCollection>
    <con:rootNodeLabel>Projects</con:rootNodeLabel>
    <con:expandNodeState>
      <con:id>ff678e73-708c-4302-9c9a-784897e03d6b</con:id>
      <con:expandState>true</con:expandState>
    </con:expandNodeState>
    <con:expandNodeState>
      <con:id>339d8837-72e0-4f9c-b582-50f2da308d24</con:id>
      <con:expandState>true</con:expandState>
    </con:expandNodeState>
    <con:expandNodeState>
      <con:id>2b6e415d-40f9-406d-a9d5-1083cb5c8e3c</con:id>
      <con:expandState>true</con:expandState>
    </con:expandNodeState>
    <con:expandNodeState>
      <con:id>414fe6b3-b666-427d-b2ea-6382a3535b98</con:id>
      <con:expandState>true</con:expandState>
    </con:expandNodeState>
  </con:navigatorNodeCollection>
  <con:dashboardTileCollection>
    <con:dashboardTiles>
      <con:dashboardTile tileId="66832dcf-cc67-4a87-bb4b-f122463ef57e" tileType="NEW_TEST"/>
      <con:dashboardTile tileId="2ae52a02-fc7e-4074-a298-966483fd6122" tileType="TEST_SUITE_STATUS">
        <con:settings xsi:type="con:TestStatusTileSettings" xmlns:xsi="http://www.w3.org/2001/XMLSchema-instance">
          <con:mode>
            <con:today>true</con:today>
          </con:mode>
          <con:filter>
            <con:failed>true</con:failed>
            <con:passed>true</con:passed>
            <con:unknown>true</con:unknown>
          </con:filter>
        </con:settings>
      </con:dashboardTile>
      <con:dashboardTile tileId="3df0b470-c8ff-4ada-bf04-0e04ea9586fa" tileType="TEST_CASE_STATUS_TILE">
        <con:settings xsi:type="con:TestCaseStatusTileSettings" xmlns:xsi="http://www.w3.org/2001/XMLSchema-instance">
          <con:mode>
            <con:today>true</con:today>
          </con:mode>
          <con:filter>
            <con:failed>true</con:failed>
            <con:passed>true</con:passed>
            <con:unknown>true</con:unknown>
          </con:filter>
        </con:settings>
      </con:dashboardTile>
      <con:dashboardTile tileId="52949f44-f8e0-4da2-abef-43531a9fcd3a" tileType="SECURE_TILE">
        <con:settings xsi:type="con:SecureTileSettings" xmlns:xsi="http://www.w3.org/2001/XMLSchema-instance">
          <con:mode>
            <con:today>true</con:today>
          </con:mode>
          <con:scan>All Scans</con:scan>
          <con:project>All Projects</con:project>
        </con:settings>
      </con:dashboardTile>
      <con:dashboardTile tileId="ed0528ea-4583-49c8-af6f-db23671a1df1" tileType="LOADUI_HISTORY_TILE">
        <con:settings xsi:type="con:LoadHistoryTileSettings" xmlns:xsi="http://www.w3.org/2001/XMLSchema-instance">
          <con:mode>
            <con:today>true</con:today>
          </con:mode>
          <con:project>All Projects</con:project>
          <con:filter>
            <con:avg>true</con:avg>
            <con:duration>true</con:duration>
            <con:failures>true</con:failures>
          </con:filter>
        </con:settings>
      </con:dashboardTile>
      <con:dashboardTile tileId="93bdfc75-ba35-446b-bfe1-c6756b97b2e1" tileType="SERVICEV">
        <con:settings xsi:type="con:ServiceVTileSettings" xmlns:xsi="http://www.w3.org/2001/XMLSchema-instance">
          <con:tableSettings>
            <con:column>Name</con:column>
            <con:column>Status</con:column>
            <con:column>Location</con:column>
            <con:column>Port</con:column>
          </con:tableSettings>
          <con:searchSettings>
            <con:searchType>All</con:searchType>
          </con:searchSettings>
        </con:settings>
      </con:dashboardTile>
    </con:dashboardTiles>
    <con:recentDashboardTiles/>
  </con:dashboardTileCollection>
</con:soapui-workspace>