<?xml version="1.0" encoding="UTF-8"?>
<con:soapui-project id="ff678e73-708c-4302-9c9a-784897e03d6b" created="2.4.0" activeEnvironment="Default environment" name="Project 1" resourceRoot="" updated="2.4.0 2018-06-08T12:50:23Z" encryptionMode="Not encrypted" xmlns:con="http://eviware.com/soapui/config">
  <con:settings/>
  <con:interface xsi:type="con:RestService" id="339d8837-72e0-4f9c-b582-50f2da308d24" wadlVersion="http://wadl.dev.java.net/2009/02" name="Diagnostics" type="rest" xmlns:xsi="http://www.w3.org/2001/XMLSchema-instance">
    <con:settings/>
    <con:definitionCache type="TEXT" rootPart=""/>
    <con:endpoints>
      <con:endpoint>http://a.com</con:endpoint>
    </con:endpoints>
    <con:resource name="Diagnostics" path="/diagnostics" id="2b6e415d-40f9-406d-a9d5-1083cb5c8e3c">
      <con:settings/>
      <con:parameters>
        <con:parameter required="true">
          <con:name>X-TNGO-TENANT</con:name>
          <con:value/>
          <con:style>HEADER</con:style>
          <con:default/>
          <con:description xsi:nil="true"/>
        </con:parameter>
        <con:parameter required="true">
          <con:name>Authorization</con:name>
          <con:value/>
          <con:style>HEADER</con:style>
          <con:default/>
          <con:description xsi:nil="true"/>
        </con:parameter>
        <con:parameter required="true">
          <con:name>client_Id</con:name>
          <con:value/>
          <con:style>HEADER</con:style>
          <con:default/>
          <con:description xsi:nil="true"/>
        </con:parameter>
        <con:parameter required="true">
          <con:name>client_secret</con:name>
          <con:value/>
          <con:style>HEADER</con:style>
          <con:default/>
          <con:description xsi:nil="true"/>
        </con:parameter>
      </con:parameters>
      <con:method name="Diagnostics" id="414fe6b3-b666-427d-b2ea-6382a3535b98" method="GET">
        <con:settings/>
        <con:parameters/>
        <con:representation type="FAULT">
          <con:mediaType>application/json</con:mediaType>
          <con:status>403</con:status>
          <con:params/>
          <con:element xmlns:diag="https://tngo-qa-mobproc.cloudhub.io/mobproc/v1.qa/diagnostics">diag:Fault</con:element>
        </con:representation>
        <con:representation type="RESPONSE">
          <con:mediaType>application/json;charset=UTF-8</con:mediaType>
          <con:status>200</con:status>
          <con:params/>
          <con:element xmlns:diag="https://tngo-qa-mobproc.cloudhub.io/mobproc/v1.qa/diagnostics">diag:Response</con:element>
        </con:representation>
        <con:request name="Diagnostics" id="b1e72e77-08bf-4e16-83c3-8fe211e127ef" mediaType="application/json">
          <con:settings>
            <con:setting id="com.eviware.soapui.impl.wsdl.WsdlRequest@request-headers">&lt;xml-fragment/></con:setting>
          </con:settings>
          <con:endpoint>http://a.com</con:endpoint>
          <con:request/>
          <con:credentials>
            <con:selectedAuthProfile>No Authorization</con:selectedAuthProfile>
            <con:authType>No Authorization</con:authType>
          </con:credentials>
          <con:jmsConfig JMSDeliveryMode="PERSISTENT"/>
          <con:parameters/>
          <con:parameterOrder>
            <con:entry>X-TNGO-TENANT</con:entry>
            <con:entry>Authorization</con:entry>
            <con:entry>client_Id</con:entry>
            <con:entry>client_secret</con:entry>
          </con:parameterOrder>
        </con:request>
      </con:method>
    </con:resource>
  </con:interface>
  <con:testSuite id="2678d5b9-3166-4197-96cb-954cb880f75d" name="TestSuite 1">
    <con:settings/>
    <con:savedRecentRuns>1</con:savedRecentRuns>
    <con:runType>SEQUENTIAL</con:runType>
    <con:testCase id="707638d7-ba85-4471-868f-6a7ba8971aea" discardOkResults="false" failOnError="true" failTestCaseOnErrors="true" keepSession="false" name="TestCaseUsingGroovyScript" searchProperties="true" timeout="0">
      <con:settings/>
      <con:savedRecentRuns>1</con:savedRecentRuns>
      <con:testStep type="datasource" name="DataSource" id="6ec1bc5b-6767-43f0-8d1e-d9d841f4798d">
        <con:settings/>
        <con:config xsi:type="con:DataSourceStep" xmlns:xsi="http://www.w3.org/2001/XMLSchema-instance">
          <con:dataSource type="File">
            <con:configuration>
              <fileName>C:/SoapUi_Projects/NewItems/Input.txt</fileName>
              <separator>,</separator>
              <trim>true</trim>
              <charset>Cp1252</charset>
              <quotedValues>false</quotedValues>
            </con:configuration>
          </con:dataSource>
          <con:shared>true</con:shared>
          <con:restartShared>true</con:restartShared>
          <con:property>dataOne</con:property>
          <con:property>dataTwo</con:property>
          <con:property>dataThree</con:property>
          <con:startRow/>
          <con:endRow/>
          <con:recordsPerIteration>5</con:recordsPerIteration>
          <con:completeLastOperation>true</con:completeLastOperation>
          <con:failOnEmpty>true</con:failOnEmpty>
          <con:trimValues>false</con:trimValues>
          <con:entitizeValues>false</con:entitizeValues>
          <con:restartOnRun>true</con:restartOnRun>
          <con:expandProperties>false</con:expandProperties>
        </con:config>
      </con:testStep>
      <con:testStep type="groovy" name="ReadAllDataSourceProperties" id="2a1080b5-a463-440c-9e1d-9328f42c66cf">
        <con:settings/>
        <con:config>
          <script>def groovyUtils = new com.eviware.soapui.support.GroovyUtils( context ); 
def projectPath = groovyUtils.projectPath //gets the path of the project root
def row = testRunner.testCase.testSteps["DataSource"].currentRow

// log.info( testRunner.testCase.testSteps["DataSource"].currentRow )

int numRows = (testRunner.testCase.testSteps["DataSource"].currentRow).toInteger()
log.info "Num Rows = " + numRows


//log.info context.expand( '${DataSource#dataOne}' ) + " " + context.expand( '${DataSource#dataTwo}' ) + " " + context.expand( '${DataSource#dataThree}' )
//log.info context.expand( '${DataSource#dataOne::0}' )
//log.info context.expand( '${DataSource#dataTwo::0}' )
//log.info context.expand( '${DataSource#dataThree::0}' )
//log.info context.expand( '${DataSource#dataOne::1}' )
//log.info context.expand( '${DataSource#dataTwo::1}' )
//log.info context.expand( '${DataSource#dataThree::1}' )

for(int x = 0; x &lt; numRows; x++)
{
	log.info "Row number " + x + " ------------------"
	log.info context.expand( '${DataSource#dataOne::' + x.toString() + '}' + " " + '${DataSource#dataTwo::' + x.toString() + '}' + " " +  '${DataSource#dataThree::' + x.toString() + '}')
	//log.info context.expand( '${DataSource#dataTwo::' + x.toString() + '}' )
	//log.info context.expand( '${DataSource#dataThree::' + x.toString() + '}' )
}</script>
        </con:config>
      </con:testStep>
      <con:properties/>
      <con:reportParameters/>
      <con:breakPoints>
        <con:testStepId>2a1080b5-a463-440c-9e1d-9328f42c66cf</con:testStepId>
        <con:status>NONE</con:status>
        <con:properties/>
      </con:breakPoints>
    </con:testCase>
    <con:testCase id="7154afc7-d026-4339-9723-0241bc65c800" discardOkResults="false" failOnError="true" failTestCaseOnErrors="true" keepSession="false" name="TestCaseUsingDataSourceLoop" searchProperties="true" timeout="0">
      <con:settings/>
      <con:savedRecentRuns>1</con:savedRecentRuns>
      <con:testStep type="datasource" name="DataSource" id="8a5dd1e7-13af-41d2-b278-afd72247d03e">
        <con:settings/>
        <con:config xsi:type="con:DataSourceStep" xmlns:xsi="http://www.w3.org/2001/XMLSchema-instance">
          <con:dataSource type="File">
            <con:configuration>
              <fileName>C:/SoapUi_Projects/NewItems/Input.txt</fileName>
              <separator>,</separator>
              <trim>true</trim>
              <charset>Cp1252</charset>
              <quotedValues>false</quotedValues>
            </con:configuration>
          </con:dataSource>
          <con:shared>true</con:shared>
          <con:restartShared>true</con:restartShared>
          <con:property>DataOne</con:property>
          <con:property>DataTwo</con:property>
          <con:property>DataThree</con:property>
          <con:startRow/>
          <con:endRow/>
          <con:recordsPerIteration>1</con:recordsPerIteration>
          <con:completeLastOperation>true</con:completeLastOperation>
          <con:trimValues>false</con:trimValues>
          <con:entitizeValues>false</con:entitizeValues>
          <con:restartOnRun>true</con:restartOnRun>
          <con:expandProperties>false</con:expandProperties>
        </con:config>
      </con:testStep>
      <con:testStep type="groovy" name="Groovy Script" id="09dc020a-4230-4a2e-9c85-0e85dad1867f">
        <con:settings/>
        <con:config>
          <script>log.info "Current row read in = " + context.expand( '${DataSource#DataOne}' +  " " + '${DataSource#DataTwo}'  + " " + '${DataSource#DataThree}')</script>
        </con:config>
      </con:testStep>
      <con:testStep type="datasourceloop" name="DataSource Loop" id="d1700ee9-6bba-4104-bd19-143b6e0e75d2">
        <con:settings/>
        <con:config>
          <dataSourceStep>DataSource</dataSourceStep>
          <targetStep>Groovy Script</targetStep>
          <discardResults>true</discardResults>
        </con:config>
      </con:testStep>
      <con:properties/>
      <con:reportParameters/>
    </con:testCase>
    <con:testCase id="4e460b81-4f84-4a20-90a7-e57f2b83ec94" discardOkResults="false" failOnError="true" failTestCaseOnErrors="true" keepSession="false" name="Diagnostics" searchProperties="true" timeout="0">
      <con:settings/>
      <con:savedRecentRuns>1</con:savedRecentRuns>
      <con:testStep type="groovy" name="Setup" id="91238c75-baa7-48f1-9ade-e643d61b7105">
        <con:settings/>
        <con:config>
          <script>// /////////////////////////////////////////////
// This sets up all of the test case properties
// /////////////////////////////////////////////

def groovyUtils = new com.eviware.soapui.support.GroovyUtils( context ); 
def projectPath = groovyUtils.projectPath //gets the path of the project root

// this is sanity check with a simple call. all this does is verify a simple connection 
// to the external clases by logging a message in log window.
soapUIScripts.CommonMethods.StaticMethod(log) 

// setup test case properties stored in 'DudleyDorightDataActions' class.
soapUIScripts.DudleyDorightDataActions.SetupTestCaseProperties(log, testRunner) 

// read in token pair and put in test case properties.
// NOTE: token pair must be in same folder as project
//       token pair must be up to date (not expired)
assert(soapUIScripts.CommonMethods.ReadTokenPair(projectPath + "\\" + "TokenPair.txt", log, testRunner) == true)

// read user Ids and assign to test case properties - In this case is only needed for logoUrl
def userIdsFileName = projectPath + "\\" + "DudleyDoright.txt"
//assert soapUIScripts.CommonMethods.ReadUserIds(userIdsFileName, log, testRunner) == true
assert soapUIScripts.CommonMethods.ReadUserIdsURL(userIdsFileName, log, testRunner) == true</script>
        </con:config>
      </con:testStep>
      <con:testStep type="restrequest" name="Diagnostics" id="9f6f6066-8adb-4b2f-94cb-7385fb4c5780">
        <con:settings/>
        <con:config service="Diagnostics" resourcePath="/diagnostics" methodName="Diagnostics" xsi:type="con:RestRequestStep" xmlns:xsi="http://www.w3.org/2001/XMLSchema-instance">
          <con:restRequest name="Diagnostics" id="b1e72e77-08bf-4e16-83c3-8fe211e127ef" mediaType="application/json">
            <con:settings>
              <con:setting id="com.eviware.soapui.impl.wsdl.WsdlRequest@request-headers">&lt;xml-fragment/></con:setting>
            </con:settings>
            <con:endpoint>${#TestCase#URL}</con:endpoint>
            <con:request/>
            <con:originalUri>https://tngo-qa-mobproc.cloudhub.io/mobproc/v1.qa/diagnostics</con:originalUri>
            <con:assertion type="Valid HTTP Status Codes" id="ad986af0-7fe4-48e7-af1c-284d11f9601e" name="Valid HTTP Status Codes">
              <con:settings/>
              <con:configuration>
                <codes>200</codes>
              </con:configuration>
            </con:assertion>
            <con:credentials>
              <con:selectedAuthProfile>Inherit From Parent</con:selectedAuthProfile>
              <con:authType>No Authorization</con:authType>
            </con:credentials>
            <con:jmsConfig JMSDeliveryMode="PERSISTENT"/>
            <con:parameters>
              <con:entry key="Authorization" value="Bearer ${#TestCase#AccessToken}"/>
              <con:entry key="X-TNGO-TENANT" value="${#TestCase#Tenant}"/>
              <con:entry key="client_secret" value="${#TestCase#clientSecret}"/>
              <con:entry key="client_Id" value="${#TestCase#clientId}"/>
            </con:parameters>
            <con:parameterOrder>
              <con:entry>X-TNGO-TENANT</con:entry>
              <con:entry>Authorization</con:entry>
              <con:entry>client_Id</con:entry>
              <con:entry>client_secret</con:entry>
            </con:parameterOrder>
          </con:restRequest>
        </con:config>
      </con:testStep>
      <con:properties>
        <con:property>
          <con:name>Tenant</con:name>
          <con:value>XX1</con:value>
        </con:property>
        <con:property>
          <con:name>limit</con:name>
          <con:value>10</con:value>
        </con:property>
        <con:property>
          <con:name>offset</con:name>
          <con:value>0</con:value>
        </con:property>
        <con:property>
          <con:name>companyEmployeeId</con:name>
          <con:value>Dudley.Doright2.XX1</con:value>
        </con:property>
        <con:property>
          <con:name>AccessToken</con:name>
          <con:value>d6K92JuZ84BfnufSuTCnU7WBSDf2</con:value>
        </con:property>
        <con:property>
          <con:name>RefreshToken</con:name>
          <con:value>6CsKWERgth196YjnKO6bbzCdPF78ySawE4s6zu4mEp</con:value>
        </con:property>
        <con:property>
          <con:name>DeviceId</con:name>
          <con:value>37948400</con:value>
        </con:property>
        <con:property>
          <con:name>ServiceId</con:name>
          <con:value>41737938</con:value>
        </con:property>
        <con:property>
          <con:name>EmployeeId</con:name>
          <con:value>28735033</con:value>
        </con:property>
        <con:property>
          <con:name>DepartmentId</con:name>
          <con:value>11569020350</con:value>
        </con:property>
        <con:property>
          <con:name>LogoUrl</con:name>
          <con:value>https://qa1cmd.tangoe.com/</con:value>
        </con:property>
        <con:property>
          <con:name>URL</con:name>
          <con:value>https://tngo-qa-mobproc.cloudhub.io/mobproc/v1.qa</con:value>
        </con:property>
        <con:property>
          <con:name>clientId</con:name>
          <con:value>392d0283466b4e00be8e8b8062db5f9f</con:value>
        </con:property>
        <con:property>
          <con:name>clientSecret</con:name>
          <con:value>3c684c3220e740ef92E7177A32AE978D</con:value>
        </con:property>
      </con:properties>
      <con:reportParameters/>
      <con:breakPoints>
        <con:testStepId>91238c75-baa7-48f1-9ade-e643d61b7105</con:testStepId>
        <con:status>NONE</con:status>
        <con:properties/>
      </con:breakPoints>
    </con:testCase>
    <con:testCase id="f6113226-94cd-4303-97de-9ee282cf0c23" discardOkResults="false" failOnError="true" failTestCaseOnErrors="true" keepSession="false" name="TestCaseUsingExcelSheet" searchProperties="true" timeout="0">
      <con:settings/>
      <con:savedRecentRuns>1</con:savedRecentRuns>
      <con:testStep type="datasource" name="DataSource" id="7ca3467c-183a-4e0d-af7e-a30de855c78d">
        <con:settings/>
        <con:config xsi:type="con:DataSourceStep" xmlns:xsi="http://www.w3.org/2001/XMLSchema-instance">
          <con:dataSource type="Excel">
            <con:configuration>
              <file>C:/SoapUi_Projects/NewItems/Input.xlsx</file>
              <worksheet>Sheet1</worksheet>
              <cell>A1</cell>
              <ignoreEmpty>true</ignoreEmpty>
              <evaluateFormulas>false</evaluateFormulas>
            </con:configuration>
          </con:dataSource>
          <con:shared>true</con:shared>
          <con:restartShared>true</con:restartShared>
          <con:property>Name</con:property>
          <con:property>Address</con:property>
          <con:property>City</con:property>
          <con:property>State</con:property>
          <con:startRow/>
          <con:endRow/>
          <con:recordsPerIteration>10</con:recordsPerIteration>
          <con:completeLastOperation>true</con:completeLastOperation>
          <con:trimValues>false</con:trimValues>
          <con:entitizeValues>false</con:entitizeValues>
          <con:restartOnRun>true</con:restartOnRun>
          <con:expandProperties>false</con:expandProperties>
        </con:config>
      </con:testStep>
      <con:testStep type="groovy" name="ReadAllDataSourceProperties" id="76e9904d-f657-46a4-9691-033389a2ba67">
        <con:settings/>
        <con:config>
          <script>def groovyUtils = new com.eviware.soapui.support.GroovyUtils( context ); 
def projectPath = groovyUtils.projectPath //gets the path of the project root
def row = testRunner.testCase.testSteps["DataSource"].currentRow

// log.info( testRunner.testCase.testSteps["DataSource"].currentRow )

int numRows = (testRunner.testCase.testSteps["DataSource"].currentRow).toInteger()
log.info "Num Rows = " + numRows

for(int x = 0; x &lt; numRows; x++)
{
	log.info "Row number " + x + " ------------------"
	log.info context.expand( '${DataSource#Name::' + x.toString() + '}' + " " + '${DataSource#Address::' + x.toString() + '}' + " " +  '${DataSource#City::' + x.toString() + '}'
	+ " " +  '${DataSource#State::' + x.toString() + '}')
}</script>
        </con:config>
      </con:testStep>
      <con:properties/>
      <con:reportParameters/>
    </con:testCase>
    <con:testCase id="f1b37072-f28a-4975-9527-6d66b89e64b0" discardOkResults="false" failOnError="true" failTestCaseOnErrors="true" keepSession="false" name="TestCaseUsingExcelSheetDataSourceLoop" searchProperties="true" timeout="0">
      <con:settings/>
      <con:savedRecentRuns>1</con:savedRecentRuns>
      <con:testStep type="datasource" name="DataSource" id="4634f24b-bc6c-466e-bb82-bf5e51bc3fbf">
        <con:settings/>
        <con:config xsi:type="con:DataSourceStep" xmlns:xsi="http://www.w3.org/2001/XMLSchema-instance">
          <con:dataSource type="Excel">
            <con:configuration>
              <file>C:/SoapUi_Projects/NewItems/Input.xlsx</file>
              <worksheet>Sheet1</worksheet>
              <cell>A1</cell>
              <ignoreEmpty>true</ignoreEmpty>
              <evaluateFormulas>false</evaluateFormulas>
            </con:configuration>
          </con:dataSource>
          <con:shared>true</con:shared>
          <con:restartShared>true</con:restartShared>
          <con:property>Name</con:property>
          <con:property>Address</con:property>
          <con:property>City</con:property>
          <con:property>State</con:property>
          <con:startRow/>
          <con:endRow/>
          <con:recordsPerIteration>1</con:recordsPerIteration>
          <con:completeLastOperation>true</con:completeLastOperation>
          <con:trimValues>false</con:trimValues>
          <con:entitizeValues>false</con:entitizeValues>
          <con:restartOnRun>true</con:restartOnRun>
          <con:expandProperties>false</con:expandProperties>
        </con:config>
      </con:testStep>
      <con:testStep type="groovy" name="Script" id="e5517400-be3c-4ff6-967b-727e28a1ac7f">
        <con:settings/>
        <con:config>
          <script>log.info "Current row read in = " + context.expand( '${DataSource#Name}' +  " " + '${DataSource#Address}'  + " " + '${DataSource#City}'+ " " + '${DataSource#State}')</script>
        </con:config>
      </con:testStep>
      <con:testStep type="datasourceloop" name="DataSource Loop" id="60d53fcf-a538-4c5e-b9fb-1b3a0a5aaf7e">
        <con:settings/>
        <con:config>
          <dataSourceStep>DataSource</dataSourceStep>
          <targetStep>Script</targetStep>
          <discardResults>true</discardResults>
        </con:config>
      </con:testStep>
      <con:properties/>
      <con:reportParameters/>
    </con:testCase>
    <con:properties/>
    <con:reportParameters/>
  </con:testSuite>
  <con:savedRecentRuns>1</con:savedRecentRuns>
  <con:requirements/>
  <con:properties/>
  <con:wssContainer/>
  <con:databaseConnectionContainer/>
  <con:jmsConnectionContainer/>
  <con:oAuth2ProfileContainer/>
  <con:oAuth1ProfileContainer/>
  <con:reporting>
    <con:xmlTemplates/>
    <con:parameters/>
  </con:reporting>
  <con:eventHandlers type="RequestFilter.filterRequest" name="RequestFilter.filterRequest">
    <con:script>// Sample event script to add custom HTTP header to all outgoing REST, SOAP and HTTP(S) calls
// This code is often used for adding custom authentication to SoapUI Pro tests

// If hardcoding the token, uncomment and change line 5
// def token = '4567'

// If your token is parameterized in Project level custom property, uncomment line 8
// def token = request.parent.testCase.testSuite.project.getProperty('auth_token').getValue()

// To modify all outgoing calls, remove comments from lines 11 to 16
// def headers = request.requestHeaders
// if (headers.containsKey('auth_token2') == false) {
//   headers.put('auth_token2', token)
//   request.requestHeaders = headers
// }</con:script>
  </con:eventHandlers>
  <con:eventHandlers type="TestRunListener.afterStep" name="TestRunListener.afterStep">
    <con:script>// Save all test step results into files
// Change the directory path in line 5 to a location where you want to store details
// then uncomment lines 5 to 10

// filePath = 'C:\\tempOutputDirectory\\'
// fos = new FileOutputStream(filePath + testStepResult.testStep.label + '.txt', true)
// pw = new PrintWriter(fos)
// testStepResult.writeTo(pw)
// pw.close()
// fos.close()</con:script>
  </con:eventHandlers>
  <con:authRepository/>
  <con:tags/>
</con:soapui-project>
