<?xml version="1.0" encoding="UTF-8"?>
<con:soapui-project id="e45d5723-0077-4198-9258-e17456d2d851" activeEnvironment="Default environment" name="API_OrdersIdHistory" resourceRoot="" soapui-version="6.0.0" lastOpened="2016-09-02T10:54:22.598-04:00" xmlns:con="http://eviware.com/soapui/config"><con:settings/><con:interface xsi:type="con:RestService" id="97494cd8-6f9e-442d-b9c6-9e451e0c6672" wadlVersion="http://wadl.dev.java.net/2009/02" name="https://tg-mobility.cloudhub.io" type="rest" xmlns:xsi="http://www.w3.org/2001/XMLSchema-instance"><con:settings/><con:definitionCache type="TEXT" rootPart=""/><con:endpoints><con:endpoint>https://tg-mobility.cloudhub.io</con:endpoint></con:endpoints><con:resource name="V1" path="/orders/{id}/history" id="cab49406-b7c4-4354-b346-3f6138bec0c8"><con:settings/><con:parameters><con:parameter><con:name>X-TNGO-TENANT</con:name><con:value/><con:style>HEADER</con:style><con:default/><con:description xsi:nil="true"/></con:parameter><con:parameter><con:name>Authorization</con:name><con:value/><con:style>HEADER</con:style><con:default/><con:description xsi:nil="true"/></con:parameter><con:parameter><con:name>sortAscending</con:name><con:value/><con:style>QUERY</con:style><con:default/><con:description xsi:nil="true"/></con:parameter><con:parameter><con:name>id</con:name><con:value>8068014</con:value><con:style>TEMPLATE</con:style><con:default>8068014</con:default></con:parameter><con:parameter><con:name>client_id</con:name><con:value/><con:style>HEADER</con:style><con:default/><con:description xsi:nil="true"/></con:parameter><con:parameter><con:name>client_secret</con:name><con:value/><con:style>HEADER</con:style><con:default/><con:description xsi:nil="true"/></con:parameter></con:parameters><con:method name="V1" id="bec3bb56-f52b-4da3-833b-a288a42ff6f7" method="GET"><con:settings/><con:parameters/><con:representation type="RESPONSE"><con:mediaType>application/json;charset=UTF-8</con:mediaType><con:status>200</con:status><con:params/><con:element xmlns:ns="https://tg-mobility.cloudhub.io/mobility/v1/orders/8068014">ns:Response</con:element></con:representation><con:representation type="FAULT"><con:mediaType>application/json</con:mediaType><con:status>403 400</con:status><con:params/></con:representation><con:request name="Request 1" id="7332c73d-bbb9-4889-88d2-acd81249a712" mediaType="application/json"><con:settings><con:setting id="com.eviware.soapui.impl.wsdl.WsdlRequest@request-headers">&lt;xml-fragment/></con:setting></con:settings><con:endpoint>None</con:endpoint><con:request/><con:originalUri>https://tg-mobility.cloudhub.io/mobility/v1/orders/8068014/history</con:originalUri><con:credentials><con:selectedAuthProfile>No Authorization</con:selectedAuthProfile><con:authType>No Authorization</con:authType></con:credentials><con:jmsConfig JMSDeliveryMode="PERSISTENT"/><con:parameters>
  <con:entry key="Authorization" value="Bearer 123"/>
  <con:entry key="sortAscending" value="true"/>
  <con:entry key="X-TNGO-TENANT" value="XX1"/>
  <con:entry key="client_secret" value="nn"/>
  <con:entry key="client_id" value="bb"/>
</con:parameters><con:parameterOrder><con:entry>X-TNGO-TENANT</con:entry><con:entry>Authorization</con:entry><con:entry>sortAscending</con:entry><con:entry>id</con:entry><con:entry>client_id</con:entry><con:entry>client_secret</con:entry></con:parameterOrder></con:request></con:method></con:resource></con:interface><con:testSuite id="b5968600-07ae-4f71-a8fe-958667e5ab78" name="TestSuite 1"><con:settings/><con:runType>SEQUENTIAL</con:runType><con:testCase id="db8b657d-7665-4aae-a97e-a51752771fec" discardOkResults="true" failOnError="true" failTestCaseOnErrors="true" keepSession="false" name="TestCase 1" searchProperties="true"><con:description>Bob Lichtenfels - 12/07/15 Started
	 ScriptSetup - setup test caase properties. this include some specific info about the order Id.
	 RequestOrderForOrderId - This is request for orderId read in from command-generated file.
	 ScriptVerifyResponse - verify response data.
Bob Lichtenfels - 12/14/15 
	 ScriptSetup --- added code to method that reads in selenium output file to read in the three order detail dates that were
             	 added to the selenium output file and put them into the test case properties.
	 ScriptVerifyResponse --- created scripts:
	 Created methods to adjust date output by selenium to UTC in military format (YY/MM/DD/HH/MIN/SEC).
	 Created methods to convert API date to format (YY/MM/DD/HH/MIN/SEC) and compare it to API date

</con:description><con:settings/><con:testStep type="groovy" name="ScriptSetup" id="21a0fc37-5982-4126-b17e-c3917a202cff"><con:settings/><con:config><script>// /////////////////////////////////////////////
// This sets up all of the test case properties
// /////////////////////////////////////////////
def groovyUtils = new com.eviware.soapui.support.GroovyUtils( context ); 
def projectPath = groovyUtils.projectPath //gets the path of the project root

// this is sanity check with a simple call. all this does is verify a simple connection 
// to the external clases by logging a message in log window.
soapUIScripts.CommonMethods.StaticMethod(log) 

// setup test case properties stored in 'DudleyDorightDataActions' class.
soapUIScripts.DudleyDorightDataActions.SetupTestCaseProperties(log, testRunner) 

// read in token pair and put in test case properties.
// NOTE: token pair must be in same folder as project
//       token pair must be up to date (not expired)
assert(soapUIScripts.CommonMethods.ReadTokenPair(projectPath + "\\" + "TokenPair.txt", log, testRunner) == true)

// read user Ids and dates from command. Then assign to test case properties.
def userIdsFileName = projectPath + "\\" + "DudleyDoright.txt"
//assert soapUIScripts.CommonMethods.ReadUserIds(userIdsFileName, log, testRunner) == true
assert soapUIScripts.CommonMethods.ReadUserIdsURL(userIdsFileName, log, testRunner) == true

// read necessary Ids and assign to test case properties.
def orderIdHistoryInput = projectPath + "\\" + "SeleniumSingleOrderForReadyApi.txt"
assert ReadOrderInfoForOrdersIdHistory(orderIdHistoryInput, log, testRunner) == true

// setup sort flag
testRunner.testCase.setPropertyValue("Sort", "true")

// /////////////////////////////////////////////////////////////////////
// 						  METHODS 
// /////////////////////////////////////////////////////////////////////

static boolean ReadOrderInfoForOrdersIdHistory(fileName, log, testRunner)
{
		def localVar
		def localArr = []
		def finalVar
		try
		{
			new File(fileName).eachLine 
			{ 
				line ->	
				log.info line
				if (line.contains("Date")) // setup one of the dates 
				{
					int indexLeft =  line.indexOf(':')
					int indexRight = line.size()
					def type = line[0..indexLeft - 1]
					def data = line[indexLeft + 1..indexRight - 1]
					testRunner.testCase.setPropertyValue(type,data)
				}
				else if (!line.contains("Date") &amp;&amp; !line.contains("Order Details:")) // setup other
				{
					localVar = line
					localArr = localVar.split(":")
					testRunner.testCase.setPropertyValue(localArr[0],localArr[1])					
				}
			}
		}
		catch (all)
		{
			log.info "    File read failed in ReadOrderInfoForOrdersIdHistory method."
			return false
		}
		return true
}	




</script></con:config></con:testStep><con:testStep type="restrequest" name="RequestOrderForOrderId" id="7fdf523f-d7ba-4482-8059-26b687b695cf"><con:settings/><con:config service="https://tg-mobility.cloudhub.io" resourcePath="/orders/{id}/history" methodName="V1" xsi:type="con:RestRequestStep" xmlns:xsi="http://www.w3.org/2001/XMLSchema-instance"><con:restRequest name="RequestOrderForOrderId" id="7332c73d-bbb9-4889-88d2-acd81249a712" mediaType="application/json"><con:settings><con:setting id="com.eviware.soapui.impl.wsdl.WsdlRequest@request-headers">&lt;xml-fragment/></con:setting></con:settings><con:endpoint>${#TestCase#URL}</con:endpoint><con:request/><con:originalUri>https://tg-mobility.cloudhub.io/mobility/v1/orders/8068014</con:originalUri><con:assertion type="Valid HTTP Status Codes" id="0093214b-123b-49b8-bc50-69808c33d21f" name="Valid HTTP Status Codes"><con:settings/><con:configuration><codes>200</codes></con:configuration></con:assertion><con:credentials><con:selectedAuthProfile>No Authorization</con:selectedAuthProfile><con:authType>No Authorization</con:authType></con:credentials><con:jmsConfig JMSDeliveryMode="PERSISTENT"/><con:parameters>
  <con:entry key="Authorization" value="Bearer ${#TestCase#AccessToken}"/>
  <con:entry key="sortAscending" value="${#TestCase#Sort}"/>
  <con:entry key="X-TNGO-TENANT" value="${#TestCase#Tenant}"/>
  <con:entry key="id" value="${#TestCase#OrderId}"/>
  <con:entry key="client_secret" value="${#TestCase#client_secret}"/>
  <con:entry key="client_id" value="${#TestCase#client_Id}"/>
</con:parameters><con:parameterOrder><con:entry>X-TNGO-TENANT</con:entry><con:entry>Authorization</con:entry><con:entry>sortAscending</con:entry><con:entry>id</con:entry><con:entry>client_id</con:entry><con:entry>client_secret</con:entry></con:parameterOrder></con:restRequest></con:config></con:testStep><con:testStep type="groovy" name="ScriptVerifyResponse" id="982bdcd9-e079-4ab4-ac95-92e213c0f136"><con:settings/><con:config><script>import groovy.json.JsonSlurper 
def groovyUtils = new com.eviware.soapui.support.GroovyUtils(context); 
def testCase = context.testCase; 
def testStep = testCase.getTestStepByName("RequestOrderForOrderId") 

//  need for external call.
testRunner = new com.eviware.soapui.impl.wsdl.testcase.WsdlTestCaseRunner(testCase, null); 
testStepContext = new com.eviware.soapui.impl.wsdl.testcase.WsdlTestRunContext(testStep); 

// get response of last test step run.
def response = testStep.testRequest.messageExchange.response.responseContent
def slurper = new JsonSlurper()
def json = slurper.parseText response
 
// these variables use info from the test case properties. the info comes from command and was 
// brought into this test from an external file.
def orderId =  testRunner.testCase.getPropertyValue("OrderId")
String orderDate = testRunner.testCase.getPropertyValue("OrderDate")
def orderType = testRunner.testCase.getPropertyValue("OrderType")
def externalOrderId = testRunner.testCase.getPropertyValue("ExternalOrderId")
def employeeId = testRunner.testCase.getPropertyValue("EmployeeId")
def departmentId = testRunner.testCase.getPropertyValue("DepartmentId")
def mainUrl = testRunner.testCase.getPropertyValue("URL")

// get the date/times read in from command into variables for the step
def cmdOrderInitNoteTime = testRunner.testCase.getPropertyValue("DateInitNote")
def cmdOrderSubmittedTime = testRunner.testCase.getPropertyValue("DateSubmitEvent")
def cmdDateFulfillTime = testRunner.testCase.getPropertyValue("DateFulfillEvent")


//  get value for Sort Ascending
def sortAscending = testRunner.testCase.getPropertyValue("Sort")

// ////////////////////////
// 	  setup variables
// ////////////////////////
String history_metahref = mainUrl + "/orders/" + orderId + "/history?sortAscending=" + sortAscending
String history_metahrefOrder = mainUrl + "/orders/" + orderId
String history_metatotalCount = "3" // see spreadsheet

// below is section one of three (items index 0)
String historyitemseventDescription_0 = "Awaiting Approval Event"
String historyitemssubmittalType_0 = "SYSTEM"
String historyitemsorderId_0 = orderId
String historyitemssegmentId_0 = SetupSegmentId(orderId)
String historyitemsnote_0 = "Entered Order Processing"

// below is section two of three (items index 1)
String historyitemstimestamp_1 = "" // This is done with a function call in the verify response section.
String historyitemseventDescription_1 =  "Order Submitted Event"
String historyitemssubmittalType_1 = "MANUAL"
String historyitemsorderId_1 = orderId
String historyitemssegmentId_1 = SetupSegmentId(orderId)

// below is section three of three (items index 2)
String historyitemstimestamp_2 = "" // // This is done with a function call in the verify response section.
String historyitemseventDescription_2 =  "Initiator-Note"
String historyitemssubmittalType_2 = "MANUAL"
String historyitemsorderId_2 = orderId
String historyitemssegmentId_2 = SetupSegmentId(orderId)
String historyitemsnote_2 = ""

// different messages for different transactions.
if (orderType == "Deactivate Service") // deactivate
{
	historyitemsnote_2 = "This is a message Sent By QA"
}
else if  (orderType == "Switch Devices") // switch Devices
{
	historyitemsnote_2 = "Please confirm serial number for new device"
}
else if  (orderType == "Suspend") // suspend
{
	historyitemsnote_2 = "Please confirm with account holder that service has been successfully suspended."
}
else if  (orderType == "Unsuspend") // unsuspend
{
	historyitemsnote_2 = "Please confirm with account holder that service has been successfully reconnected."
}
else
{
	log.info "Order Type has not been found!! Input file may be missing or input file info is broken."
	throw new RuntimeException("'Order Type has not been found!! Input file may be missing or input file info is broken.'")
}

// below is section one of two (createdBy index 0)
String historyitemscreatedBy_metahref = mainUrl + "/employees/" + employeeId
String historyitemscreatedByid = employeeId
String historyitemscreatedBycompanyEmployeeId = "Dudley.Doright2.XX1"
String historyitemscreatedByfirstName = "Dudley"
String historyitemscreatedBylastName = "Doright"
String historyitemscreatedBystatus = "ACTIVE"
String historyitemscreatedByemail = "Dudley.Doright@tangoe.com"
String historyitemscreatedBydepartmentid = departmentId
String historyitemscreatedBydepartmentname = "Marketing"

// below is section one of two (createdBy index 0)

// //////////////////////////////////////////////////////////////////////////////////////////////
// 									verify responses
// //////////////////////////////////////////////////////////////////////////////////////////////

log.info "********************************** verify responses ***********************************" 

// bladd below
// bladd above

CompareItemsTwo(json.history._meta.href,history_metahref)
CompareItemsTwo(json.history._meta.hrefOrder,history_metahrefOrder)
CompareItemsTwo(json.history._meta.totalCount,history_metatotalCount)

// ------ below is section one of three
// String historyitemstimestamp_0 = "" // done in method below.

// compare API result and command result for fulfillment event.
//CompareLists(ConvertApiTimeToList(json.history.items.timestamp[0], log), ConvertCommandDateTimeToMilitaryArray(cmdDateFulfillTime, log))

CompareItemsTwo(json.history.items.eventDescription[0],historyitemseventDescription_0)
CompareItemsTwo(json.history.items.submittalType[0],historyitemssubmittalType_0)
CompareItemsTwo(json.history.items.orderId[0],historyitemsorderId_0)
CompareItemsTwo(json.history.items.segmentId[0],historyitemssegmentId_0)
CompareItemsTwo(json.history.items.note[0],historyitemsnote_0)

// ------ below is section two of three
// String historyitemstimestamp_1 = "" // deon in method below

// compare API result and command result for order submitted event.
//CompareLists(ConvertApiTimeToList(json.history.items.timestamp[1], log), ConvertCommandDateTimeToMilitaryArray(cmdOrderSubmittedTime, log))

CompareItemsTwo(json.history.items.eventDescription[1],historyitemseventDescription_1)
CompareItemsTwo(json.history.items.submittalType[1],historyitemssubmittalType_1)
CompareItemsTwo(json.history.items.orderId[1],historyitemsorderId_1)
CompareItemsTwo(json.history.items.segmentId[1],historyitemssegmentId_1)

// ------ below is section three of three
// String historyitemstimestamp_0 = "" // done in method below.

// compare API result and command result for order submitted event.
//CompareLists(ConvertApiTimeToList(json.history.items.timestamp[2], log), ConvertCommandDateTimeToMilitaryArray(cmdOrderInitNoteTime , log))

CompareItemsTwo(json.history.items.eventDescription[2],historyitemseventDescription_2)
CompareItemsTwo(json.history.items.submittalType[2],historyitemssubmittalType_2)
CompareItemsTwo(json.history.items.orderId[2],historyitemsorderId_2)
CompareItemsTwo(json.history.items.segmentId[2],historyitemssegmentId_2)
CompareItemsTwo(json.history.items.note[2],historyitemsnote_2)

// below is for section one and two for "CreatedBy"
CompareItemsTwo(json.history.items.createdBy._meta.href[0],historyitemscreatedBy_metahref)
CompareItemsTwo(json.history.items.createdBy.id[0],historyitemscreatedByid)
CompareItemsTwo(json.history.items.createdBy.companyEmployeeId[0],historyitemscreatedBycompanyEmployeeId)
CompareItemsTwo(json.history.items.createdBy.firstName[0],historyitemscreatedByfirstName)
CompareItemsTwo(json.history.items.createdBy.lastName[0],historyitemscreatedBylastName)
CompareItemsTwo(json.history.items.createdBy.status[0],historyitemscreatedBystatus)
CompareItemsTwo(json.history.items.createdBy.email[0],historyitemscreatedByemail)
CompareItemsTwo(json.history.items.createdBy.department.id[0],historyitemscreatedBydepartmentid)
CompareItemsTwo(json.history.items.createdBy.department.name[0],historyitemscreatedBydepartmentname)

// below is section two for "CreatedBy". the only change here from section one above is the index.
CompareItemsTwo(json.history.items.createdBy._meta.href[1],historyitemscreatedBy_metahref)
CompareItemsTwo(json.history.items.createdBy.id[1],historyitemscreatedByid)
CompareItemsTwo(json.history.items.createdBy.companyEmployeeId[1],historyitemscreatedBycompanyEmployeeId)
CompareItemsTwo(json.history.items.createdBy.firstName[1],historyitemscreatedByfirstName)
CompareItemsTwo(json.history.items.createdBy.lastName[1],historyitemscreatedBylastName)
CompareItemsTwo(json.history.items.createdBy.status[1],historyitemscreatedBystatus)
CompareItemsTwo(json.history.items.createdBy.email[1],historyitemscreatedByemail)
CompareItemsTwo(json.history.items.createdBy.department.id[1],historyitemscreatedBydepartmentid)
CompareItemsTwo(json.history.items.createdBy.department.name[1],historyitemscreatedBydepartmentname)

log.info "done"


// ///////////////////////////////////////////////////////////////////
// ////////////////////////// METHODS ////////////////////////////////
// ///////////////////////////////////////////////////////////////////

// take in a string with CST time (year, month, date, hour, minute, second and AM/PM) 
// and return an array with the UTC time (year, month, date, hour, minute, and second) 
// with the hour in 24 hour format.
// Returns list in this order: year,month,date,hour,minute,second.
static List ConvertCommandDateTimeToMilitaryArray(commmandDateTime, log)
{    // bladd
	def arrayTimeDate = []
	def arrayTimeDateForReturn = []	
	def arrayHourMinSecond = []
	def arrayDateTimeNoDoubleSpace = []
	def masterList = [] // this is the list that has it all in strings
	def year
	def strMonth
	def month
	def finalMonth
	def date 
	def hour
	def minute
	def second
	def amPM
	def militaryHour

	arrayDateTimeNoDoubleSpace = commmandDateTime.replaceAll("  ", " ") // first make sure there are no double spaces
	arrayTimeDate = arrayDateTimeNoDoubleSpace.split(" ") // break the date apart into array
	// for(str in arrayTimeDate){log.info str} // debug

	strMonth = arrayTimeDate[0]
	month = GetMonthInteger(strMonth, log) // convert month from "Dec" to "12"
	date = arrayTimeDate[1].replaceAll(",","") // remove comma after date
	year = arrayTimeDate[2]
	amPM = arrayTimeDate[4]
	arrayHourMinSecond = arrayTimeDate[3].split(":") // this breaks "hr:min:sec" text apart 
	// for(str in arrayHourMinSecond){log.info str} // debug - show hour, minute, second in an array.	
	hour = arrayHourMinSecond[0]
	minute = arrayHourMinSecond[1]
	second = arrayHourMinSecond[2]

	// load up final list holding all needed dateTime values as strings.
	masterList.add(year)
	masterList.add(month)	
	masterList.add(date)
	masterList.add(hour)
	masterList.add(minute)
	masterList.add(second)		
	masterList.add(amPM)		
	// for(str in masterList){log.info str} // debug - show final list of items as strings

	// convert month to UTC military month - send month and AM/PM to do this
	masterList[3] = SetupMilitaryHour(masterList[3], masterList[6], log)

	// hour is is expected to be two digits. make sure it's always two digits.
	if(masterList[3].size() == 1)
	{
		def tempStr = "0" + masterList[3]
		masterList[3] = tempStr
	}

	masterList.remove(6)
	
	return masterList
}

// get the hour and AM/PM and return UTC military month as string.
static String SetupMilitaryHour(hour, amPM, log)
{
	//log.info "Hour in:" + hour
	
	if(amPM == "AM")
	{
		//log.info "Lookup AM"
		def mapAMPlusSix = [:]
		mapAMPlusSix.put(1,7) // 1 AM
		mapAMPlusSix.put(2,8)
		mapAMPlusSix.put(3,9)
		mapAMPlusSix.put(4,10)
		mapAMPlusSix.put(5,11)
		mapAMPlusSix.put(6,12)
		mapAMPlusSix.put(7,13)
		mapAMPlusSix.put(8,14)
		mapAMPlusSix.put(9,15)
		mapAMPlusSix.put(10,16)
		mapAMPlusSix.put(11,17)
		mapAMPlusSix.put(12,18) 
		return mapAMPlusSix[hour as int] as String 
	}
	else
	{
		//log.info "Lookup PM"
		def mapPMPlusSix = [:]
		mapPMPlusSix.put(1,19) // 1 PM in
		mapPMPlusSix.put(2,20)
		mapPMPlusSix.put(3,21)
		mapPMPlusSix.put(4,22)
		mapPMPlusSix.put(5,23)
		mapPMPlusSix.put(6,00)// midnight 
		mapPMPlusSix.put(7,01)
		mapPMPlusSix.put(8,02)
		mapPMPlusSix.put(9,03)
		mapPMPlusSix.put(10,04)
		mapPMPlusSix.put(11,05)
		mapPMPlusSix.put(12,18) // input is 12 PM (noon)
		return mapPMPlusSix[hour as int] as String
	}
}

// get a month as string and return an int as two digit string.
static def GetMonthInteger(def strMonth, log)
{
	def returnMonthNumber
	def date = Date.parse('MMM', strMonth)
	int num = date.format('MM') as int
	String strNum = String.valueOf(num)
	if(strNum.length() &lt; 2)
	{
		return "0" + strNum
	}
	else
	{
		return strNum
	}
}


// get test time from API response and convert to list with
// year,month,date,hour,minute,second.
// This is API format that is passed in: 2015-12-09T17:59:48Z
static List ConvertApiTimeToList(inTime, log)
{
	def arrayStart = []
	def arrayLeftSide = []
	def arrayRightSide = []
	def masterList = [] // this is the list that has it all in strings
		
	// split left and right halves
	arrayStart = inTime.split("T")
	// for(str in arrayStart){log.info str}
	arrayLeftSide = arrayStart[0].split("-")
	//for(str in arrayLeftSide){log.info str}
	arrayRightSide = arrayStart[1].split(":")
	//for(str in arrayRightSide){log.info str}
	arrayRightSide[2] = arrayRightSide[2].replaceAll("Z","")

	// create master list and return
	masterList[0] = arrayLeftSide[0]
	masterList[1] = arrayLeftSide[1]
	masterList[2] = arrayLeftSide[2]
	masterList[3] = arrayRightSide[0]
	masterList[4] = arrayRightSide[1]
	masterList[5] = arrayRightSide[2]

	return masterList
}

void CompareItemsTwo(json, expectedValueString)
{
	String jsonString = json
	
	// this will show each compare being made - DEBUG ONLY ${#TestCase#companyEmployeeId}
	//log.info jsonString + "    " + expectedValueString 
	assert(jsonString == expectedValueString)
}

void CompareLists(apiList, commandList)
{
	//log.info "apilist:  " + apiList
	//log.info "commandList: " + commandList
	assert apiList == commandList
}

String SetupSegmentId(String inVal)
{
	int numVal = inVal.toInteger()
	int finalVal = numVal + 1
	return finalVal.toString()
}
</script></con:config></con:testStep><con:properties><con:property><con:name>Tenant</con:name><con:value>XX1</con:value></con:property><con:property><con:name>limit</con:name><con:value>10</con:value></con:property><con:property><con:name>offset</con:name><con:value>0</con:value></con:property><con:property><con:name>companyEmployeeId</con:name><con:value>Dudley.Doright2.XX1</con:value></con:property><con:property><con:name>AccessToken</con:name><con:value>OE7BYgo8ZXLvu9v2EL52ozwh4m5Uk7CbiiAUfsaLRJFJRmeZWSNZmTWiLu5D2E6X3F7z4rbwIAWrw8cAP3glqg</con:value></con:property><con:property><con:name>RefreshToken</con:name><con:value>J1OOoFGBUZ7XLf6RAQj_XFcvhAEoB6vMBl0vTM35Jfjm2sBxNj3fWxCanRKPJRWanFt77b5ivDazWK_dh71RRQ</con:value></con:property><con:property><con:name>DeviceId</con:name><con:value>35972122</con:value></con:property><con:property><con:name>ServiceId</con:name><con:value>39039354</con:value></con:property><con:property><con:name>EmployeeId</con:name><con:value>28696123</con:value></con:property><con:property><con:name>DepartmentId</con:name><con:value>11569020350</con:value></con:property><con:property><con:name>OrderId</con:name><con:value>9789313</con:value></con:property><con:property><con:name>OrderType</con:name><con:value>Switch Devices</con:value></con:property><con:property><con:name>ExternalOrderId</con:name><con:value>QAOrderNumber1472706715160</con:value></con:property><con:property><con:name>Sort</con:name><con:value>true</con:value></con:property><con:property><con:name>OrderDate</con:name><con:value>9/1/2016</con:value></con:property><con:property><con:name>DateInitNote</con:name><con:value>Sep 01, 2016 12:07:03 AM CDT -0500 UTC</con:value></con:property><con:property><con:name>DateSubmitEvent</con:name><con:value>Sep 01, 2016 12:07:03 AM CDT -0500 UTC</con:value></con:property><con:property><con:name>DateFulfillEvent</con:name><con:value>Sep 01, 2016 12:07:09 AM CDT -0500 UTC</con:value></con:property><con:property><con:name>LogoUrl</con:name><con:value>https://qa1cmd.tangoe.com/</con:value></con:property><con:property><con:name>StatusDate</con:name><con:value>9/1/2016</con:value></con:property><con:property><con:name>Status</con:name><con:value>Awaiting Approval Event</con:value></con:property><con:property><con:name>DateSubmitted</con:name><con:value>Dec 09, 2015 11:59:48 AM CST -0600 UTC</con:value></con:property><con:property><con:name>URL</con:name><con:value>https://tngo-qa-mobproc-cmd.cloudhub.io/mobproc/v1.qa</con:value></con:property><con:property><con:name>client_id</con:name><con:value>3c276cecdc674aabb5456f54b605bbbf</con:value></con:property><con:property><con:name>client_secret</con:name><con:value>c513c4a67492405d95CE4DB4B40B73FF</con:value></con:property></con:properties><con:reportParameters/><con:breakPoints><con:testStepId>21a0fc37-5982-4126-b17e-c3917a202cff</con:testStepId><con:status>NONE</con:status><con:properties/></con:breakPoints></con:testCase><con:properties/><con:reportParameters/></con:testSuite><con:requirements/><con:properties/><con:wssContainer/><con:databaseConnectionContainer/><con:oAuth2ProfileContainer/><con:reporting><con:reportTemplates/><con:xmlTemplates/><con:xmlTemplates/><con:parameters/><con:parameters/></con:reporting><con:reporting/><con:authRepository/><con:tags/></con:soapui-project>