<?xml version="1.0" encoding="UTF-8"?>
<con:soapui-project id="0f0b8617-5d20-4674-94f6-d98b5cf61338" activeEnvironment="Default environment" name="API_AssetsServicesFiltering" lastOpened="2016-06-14T09:40:48.888-03:00" soapui-version="6.0.0" xmlns:con="http://eviware.com/soapui/config"><con:settings/><con:interface xsi:type="con:RestService" id="3a8e7938-ba56-4465-873f-0bca939d1f76" wadlVersion="http://wadl.dev.java.net/2009/02" name="Assets Devices" type="rest" xmlns:xsi="http://www.w3.org/2001/XMLSchema-instance"><con:settings/><con:definitionCache type="TEXT" rootPart=""/><con:endpoints><con:endpoint>${#TestCase#URL}</con:endpoint><con:endpoint>http://tg-mobility.cloudhub.io</con:endpoint></con:endpoints><con:resource name="V1" path="/assets/devices" id="431d7f18-a3eb-4f7c-9ab0-9e8944ea6716"><con:settings/><con:parameters><con:parameter><con:name>X-TNGO-TENANT</con:name><con:value/><con:style>HEADER</con:style><con:default/><con:description xsi:nil="true"/></con:parameter><con:parameter><con:name>limit</con:name><con:value/><con:style>QUERY</con:style><con:default/><con:description xsi:nil="true"/></con:parameter><con:parameter><con:name>offset</con:name><con:value/><con:style>QUERY</con:style><con:default/><con:description xsi:nil="true"/></con:parameter><con:parameter><con:name>Authorization</con:name><con:value/><con:style>HEADER</con:style><con:default/><con:description xsi:nil="true"/></con:parameter><con:parameter><con:name>client_id</con:name><con:value/><con:style>HEADER</con:style><con:default/><con:description xsi:nil="true"/></con:parameter><con:parameter><con:name>client_secret</con:name><con:value/><con:style>HEADER</con:style><con:default/><con:description xsi:nil="true"/></con:parameter><con:parameter><con:name>companyEmployeeId</con:name><con:value/><con:style>QUERY</con:style><con:default/><con:description xsi:nil="true"/></con:parameter><con:parameter><con:name>department</con:name><con:value/><con:style>QUERY</con:style><con:default/><con:description xsi:nil="true"/></con:parameter><con:parameter><con:name>employee</con:name><con:value/><con:style>QUERY</con:style><con:default/><con:description xsi:nil="true"/></con:parameter><con:parameter><con:name>includeSubDepartments</con:name><con:value/><con:style>QUERY</con:style><con:default/><con:description xsi:nil="true"/></con:parameter><con:parameter><con:name>manufacturer</con:name><con:value/><con:style>QUERY</con:style><con:default/><con:description xsi:nil="true"/></con:parameter><con:parameter><con:name>models</con:name><con:value/><con:style>QUERY</con:style><con:default/><con:description xsi:nil="true"/></con:parameter><con:parameter><con:name>serviceNumber</con:name><con:value/><con:style>QUERY</con:style><con:default/><con:description xsi:nil="true"/></con:parameter><con:parameter><con:name>transactionType</con:name><con:value/><con:style>QUERY</con:style><con:default/><con:description xsi:nil="true"/></con:parameter></con:parameters><con:method name="GetAssetsDevices" id="5a26e2e1-eddd-4d75-b6f2-595f20e65f1b" method="GET"><con:settings/><con:parameters/><con:representation type="FAULT"><con:mediaType>application/json</con:mediaType><con:status>403 400 500</con:status><con:params/><con:element xmlns:dev="http://tg-mobility.cloudhub.io/mobility/v1/assets/devices">dev:Fault</con:element></con:representation><con:representation type="RESPONSE"><con:mediaType>application/json;charset=UTF-8</con:mediaType><con:status>200</con:status><con:params/><con:element xmlns:dev="http://tg-mobility.cloudhub.io/mobility/v1/assets/devices">dev:Response</con:element></con:representation><con:representation type="RESPONSE"><con:mediaType xsi:nil="true"/><con:status>0</con:status><con:params/><con:element>data</con:element></con:representation><con:representation type="FAULT"><con:mediaType xsi:nil="true"/><con:status>404</con:status><con:params/><con:element>data</con:element></con:representation><con:representation type="FAULT"><con:mediaType xsi:nil="true"/><con:status>404</con:status><con:params/><con:element>data</con:element></con:representation><con:representation type="FAULT"><con:mediaType xsi:nil="true"/><con:status>404</con:status><con:params/><con:element>data</con:element></con:representation><con:representation type="FAULT"><con:mediaType xsi:nil="true"/><con:status>404</con:status><con:params/><con:element>data</con:element></con:representation><con:representation type="FAULT"><con:mediaType xsi:nil="true"/><con:status>404</con:status><con:params/><con:element>data</con:element></con:representation><con:representation type="FAULT"><con:mediaType xsi:nil="true"/><con:status>404</con:status><con:params/><con:element>data</con:element></con:representation><con:representation type="FAULT"><con:mediaType xsi:nil="true"/><con:status>404</con:status><con:params/><con:element>data</con:element></con:representation><con:representation type="FAULT"><con:mediaType xsi:nil="true"/><con:status>404</con:status><con:params/><con:element>data</con:element></con:representation><con:representation type="FAULT"><con:mediaType xsi:nil="true"/><con:status>404</con:status><con:params/><con:element>data</con:element></con:representation><con:representation type="FAULT"><con:mediaType xsi:nil="true"/><con:status>404</con:status><con:params/><con:element>data</con:element></con:representation><con:representation type="FAULT"><con:mediaType xsi:nil="true"/><con:status>404</con:status><con:params/><con:element>data</con:element></con:representation><con:representation type="FAULT"><con:mediaType xsi:nil="true"/><con:status>404</con:status><con:params/><con:element>data</con:element></con:representation><con:representation type="RESPONSE"><con:mediaType xsi:nil="true"/><con:status>0</con:status><con:params/><con:element>data</con:element></con:representation><con:representation type="FAULT"><con:mediaType xsi:nil="true"/><con:status>404</con:status><con:params/><con:element>data</con:element></con:representation><con:representation type="RESPONSE"><con:mediaType xsi:nil="true"/><con:status>0</con:status><con:params/><con:element>data</con:element></con:representation><con:representation type="RESPONSE"><con:mediaType xsi:nil="true"/><con:status>0</con:status><con:params/><con:element>data</con:element></con:representation><con:request name="GetAssetsDevices" id="499feb57-2a68-496e-9fe3-4b0aa92a5084" mediaType="application/json"><con:settings><con:setting id="com.eviware.soapui.impl.wsdl.WsdlRequest@request-headers">&lt;xml-fragment/></con:setting></con:settings><con:endpoint>None</con:endpoint><con:request/><con:originalUri>http://tg-mobility.cloudhub.io/mobility/v1/assets/devices</con:originalUri><con:credentials><con:selectedAuthProfile>No Authorization</con:selectedAuthProfile><con:authType>No Authorization</con:authType></con:credentials><con:jmsConfig JMSDeliveryMode="PERSISTENT"/><con:jmsPropertyConfig/><con:parameters/><con:parameterOrder><con:entry>X-TNGO-TENANT</con:entry><con:entry>Authorization</con:entry><con:entry>client_id</con:entry><con:entry>client_secret</con:entry><con:entry>limit</con:entry><con:entry>offset</con:entry><con:entry>companyEmployeeId</con:entry><con:entry>department</con:entry><con:entry>employee</con:entry><con:entry>includeSubDepartments</con:entry><con:entry>manufacturer</con:entry><con:entry>models</con:entry><con:entry>serviceNumber</con:entry><con:entry>transactionType</con:entry></con:parameterOrder></con:request></con:method></con:resource></con:interface><con:interface xsi:type="con:RestService" id="522229a2-61f9-4e41-a5cb-74c244d1c67c" wadlVersion="http://wadl.dev.java.net/2009/02" name="Assets Services" type="rest" xmlns:xsi="http://www.w3.org/2001/XMLSchema-instance"><con:settings/><con:definitionCache type="TEXT" rootPart=""/><con:endpoints><con:endpoint>https://tngo-dev-mobproc-cmd.cloudhub.io</con:endpoint></con:endpoints><con:resource name="Services" path="/assets/services" id="8591fbed-07fc-4669-b348-4510f443f76e"><con:settings/><con:parameters><con:parameter><con:name>sortAscending</con:name><con:value>true</con:value><con:style>QUERY</con:style><con:default>true</con:default><con:path xsi:nil="true"/><con:description xsi:nil="true"/></con:parameter><con:parameter><con:name>offset</con:name><con:value>0</con:value><con:style>QUERY</con:style><con:default>0</con:default><con:path xsi:nil="true"/><con:description xsi:nil="true"/></con:parameter><con:parameter><con:name>limit</con:name><con:value>10</con:value><con:style>QUERY</con:style><con:default>10</con:default><con:path xsi:nil="true"/><con:description xsi:nil="true"/></con:parameter><con:parameter><con:name>companyEmployeeId</con:name><con:value/><con:style>QUERY</con:style><con:default/><con:description xsi:nil="true"/></con:parameter><con:parameter><con:name>department</con:name><con:value/><con:style>QUERY</con:style><con:default/><con:description xsi:nil="true"/></con:parameter><con:parameter><con:name>employee</con:name><con:value/><con:style>QUERY</con:style><con:default/><con:description xsi:nil="true"/></con:parameter><con:parameter><con:name>includeSubDepartments</con:name><con:value/><con:style>QUERY</con:style><con:default/><con:description xsi:nil="true"/></con:parameter><con:parameter><con:name>serviceNumber</con:name><con:value/><con:style>QUERY</con:style><con:default/><con:description xsi:nil="true"/></con:parameter><con:parameter><con:name>status</con:name><con:value/><con:style>QUERY</con:style><con:default/><con:description xsi:nil="true"/></con:parameter><con:parameter><con:name>transactionType</con:name><con:value/><con:style>QUERY</con:style><con:default/><con:description xsi:nil="true"/></con:parameter><con:parameter><con:name>vendor</con:name><con:value/><con:style>QUERY</con:style><con:default/><con:description xsi:nil="true"/></con:parameter><con:parameter><con:name>X-TNGO-TENANT</con:name><con:value/><con:style>HEADER</con:style><con:default/><con:description xsi:nil="true"/></con:parameter><con:parameter><con:name>Authorization</con:name><con:value/><con:style>HEADER</con:style><con:default/><con:description xsi:nil="true"/></con:parameter><con:parameter><con:name>client_id</con:name><con:value/><con:style>HEADER</con:style><con:default/><con:description xsi:nil="true"/></con:parameter><con:parameter><con:name>client_secret</con:name><con:value/><con:style>HEADER</con:style><con:default/><con:description xsi:nil="true"/></con:parameter></con:parameters><con:method name="Services" id="1d66eeec-2c05-4ae2-947c-ae5431ab9663" method="GET"><con:settings/><con:parameters/><con:representation type="RESPONSE"><con:mediaType>application/json;charset=UTF-8</con:mediaType><con:status>200</con:status><con:params/><con:element xmlns:ser="https://tngo-qa-mobproc-cmd.cloudhub.io/mobproc/v1.qa/assets/services">ser:Response</con:element></con:representation><con:request name="Request 1" id="854f9c96-b736-4671-9815-d1632ccdf3b3" mediaType="application/json"><con:settings><con:setting id="com.eviware.soapui.impl.wsdl.WsdlRequest@request-headers">&lt;xml-fragment/></con:setting></con:settings><con:endpoint>None</con:endpoint><con:request/><con:credentials><con:selectedAuthProfile>No Authorization</con:selectedAuthProfile><con:authType>No Authorization</con:authType></con:credentials><con:jmsConfig JMSDeliveryMode="PERSISTENT"/><con:parameters>
  <con:entry key="sortAscending" value="true"/>
  <con:entry key="offset" value="0"/>
  <con:entry key="limit" value="10"/>
</con:parameters><con:parameterOrder><con:entry>X-TNGO-TENANT</con:entry><con:entry>Authorization</con:entry><con:entry>client_id</con:entry><con:entry>client_secret</con:entry><con:entry>sortAscending</con:entry><con:entry>offset</con:entry><con:entry>limit</con:entry><con:entry>companyEmployeeId</con:entry><con:entry>department</con:entry><con:entry>employee</con:entry><con:entry>includeSubDepartments</con:entry><con:entry>serviceNumber</con:entry><con:entry>status</con:entry><con:entry>transactionType</con:entry><con:entry>vendor</con:entry></con:parameterOrder></con:request></con:method></con:resource></con:interface><con:testSuite id="26b1dea3-19a3-4a5e-99f4-813e428ad0cf" name="TS_AssetsServicesFiltering"><con:settings/><con:runType>SEQUENTIAL</con:runType><con:testCase id="d5a601e2-970b-4317-a91a-35d576d2e225" discardOkResults="true" failOnError="true" failTestCaseOnErrors="true" keepSession="false" name="TC_AssetsServicesFiltering" searchProperties="true"><con:settings/><con:testStep type="groovy" name="ScriptSetupAssetsServices" id="05fb0b31-9df0-4989-ba10-d813fee51534"><con:settings/><con:config><script>// /////////////////////////////////////////////
// This sets up all of the test case properties
// /////////////////////////////////////////////

def groovyUtils = new com.eviware.soapui.support.GroovyUtils( context ); 
def projectPath = groovyUtils.projectPath //gets the path of the project root

// this is sanity check with a simple call. all this does is verify a simple connection 
// to the external clases by logging a message in log window.
soapUIScripts.CommonMethods.StaticMethod(log) 

// setup test case properties stored in 'DudleyDorightDataActions' class.
soapUIScripts.DudleyDorightDataActions.SetupTestCaseProperties(log, testRunner) 

// read in token pair and put in test case properties.
// NOTE: token pair must be in same folder as project
//       token pair must be up to date (not expired)
assert(soapUIScripts.CommonMethods.ReadTokenPair(projectPath + "\\" + "TokenPair.txt", log, testRunner) == true)

// read user Ids and assign to test case properties 
def userIdsFileName = projectPath + "\\" + "DudleyDoright.txt"
assert soapUIScripts.CommonMethods.ReadUserIdsURL(userIdsFileName, log, testRunner) == true

def userIdsFileName2 = projectPath + "\\" + "AnaUserData.txt"
assert soapUIScripts.CommonMethods.ReadUserIds(userIdsFileName2, log, testRunner) == true

context.offset = 0
context.limit = 20

testRunner.testCase.setPropertyValue("offset", context.offset.toString())
testRunner.testCase.setPropertyValue("limit", context.limit.toString())

testRunner.testCase.setPropertyValue("regionId", "70144640")
testRunner.testCase.setPropertyValue("serviceStatus", "ACTIVE")
testRunner.testCase.setPropertyValue("vendorId", "98")







</script></con:config></con:testStep><con:testStep type="restrequest" name="GetAssetsServicesByCompanyEmployeeId" id="872cb7d6-ff16-44cb-97ce-80ec21fda532"><con:settings/><con:config service="Assets Services" resourcePath="/assets/services" methodName="Services" xsi:type="con:RestRequestStep" xmlns:xsi="http://www.w3.org/2001/XMLSchema-instance"><con:restRequest name="GetAssetsServicesByCompanyEmployeeId" id="854f9c96-b736-4671-9815-d1632ccdf3b3" mediaType="application/json"><con:settings><con:setting id="com.eviware.soapui.impl.wsdl.WsdlRequest@request-headers">&lt;xml-fragment/></con:setting></con:settings><con:endpoint>${#TestCase#URL}</con:endpoint><con:request/><con:originalUri>https://tngo-qa-mobproc-cmd.cloudhub.io/mobproc/v1.qa/assets/services</con:originalUri><con:assertion type="Valid HTTP Status Codes" id="011e41e5-fac5-42f5-bc8d-3d537a511b71" name="Valid HTTP Status Codes"><con:settings/><con:configuration><codes>200</codes></con:configuration></con:assertion><con:credentials><con:selectedAuthProfile>No Authorization</con:selectedAuthProfile><con:authType>No Authorization</con:authType></con:credentials><con:jmsConfig JMSDeliveryMode="PERSISTENT"/><con:parameters>
  <con:entry key="Authorization" value="Bearer ${#TestCase#AccessToken}"/>
  <con:entry key="sortAscending" value="true"/>
  <con:entry key="offset" value="${#TestCase#offset}"/>
  <con:entry key="X-TNGO-TENANT" value="${#TestCase#Tenant}"/>
  <con:entry key="limit" value="${#TestCase#limit}"/>
  <con:entry key="client_secret" value="${#TestCase#client_secret}"/>
  <con:entry key="companyEmployeeId" value="${#TestCase#CompanyEmployeeId}"/>
  <con:entry key="client_id" value="${#TestCase#client_Id}"/>
</con:parameters><con:parameterOrder><con:entry>X-TNGO-TENANT</con:entry><con:entry>Authorization</con:entry><con:entry>client_id</con:entry><con:entry>client_secret</con:entry><con:entry>sortAscending</con:entry><con:entry>offset</con:entry><con:entry>limit</con:entry><con:entry>companyEmployeeId</con:entry><con:entry>department</con:entry><con:entry>employee</con:entry><con:entry>includeSubDepartments</con:entry><con:entry>serviceNumber</con:entry><con:entry>status</con:entry><con:entry>transactionType</con:entry><con:entry>vendor</con:entry></con:parameterOrder></con:restRequest></con:config></con:testStep><con:testStep type="groovy" name="VerifyAssetsServicesByCompanyEmployeeId" id="1e604beb-b409-4ea0-8a00-89838ae7f13a"><con:settings/><con:config><script>import groovy.json.JsonSlurper 

def groovyUtils = new com.eviware.soapui.support.GroovyUtils( context ); 
def testCase = context.testCase; 
def testStep = testCase.getTestStepByName("GetAssetsServicesByCompanyEmployeeId") 

//  need for external call.
testRunner = new com.eviware.soapui.impl.wsdl.testcase.WsdlTestCaseRunner(testCase, null); 
testStepContext = new com.eviware.soapui.impl.wsdl.testcase.WsdlTestRunContext(testStep); 

// get response of last test step run.
def response = testStep.testRequest.messageExchange.response.responseContent
def slurper = new JsonSlurper()
def json = slurper.parseText response


def companyEmployeeId = testRunner.testCase.getPropertyValue("CompanyEmployeeId")
def listCompEmployeeIds = json.services.items.employee.companyEmployeeId


for (emp in listCompEmployeeIds){
	//log.info emp
	assert (companyEmployeeId.equals(emp))
}

log.info "CompanyEmployeeId Ok"</script></con:config></con:testStep><con:testStep type="restrequest" name="GetAssetsServicesByDepartment" id="1cae5dda-03ea-4467-9987-5971f7855dfb"><con:settings/><con:config service="Assets Services" resourcePath="/assets/services" methodName="Services" xsi:type="con:RestRequestStep" xmlns:xsi="http://www.w3.org/2001/XMLSchema-instance"><con:restRequest name="GetAssetsServicesByDepartment" id="854f9c96-b736-4671-9815-d1632ccdf3b3" mediaType="application/json"><con:settings><con:setting id="com.eviware.soapui.impl.wsdl.WsdlRequest@request-headers">&lt;xml-fragment/></con:setting></con:settings><con:endpoint>${#TestCase#URL}</con:endpoint><con:request/><con:originalUri>https://tngo-qa-mobproc-cmd.cloudhub.io/mobproc/v1.qa/assets/services</con:originalUri><con:assertion type="Valid HTTP Status Codes" id="02cf5ef3-a706-4302-87cf-97e579d60ed7" name="Valid HTTP Status Codes"><con:settings/><con:configuration><codes>200</codes></con:configuration></con:assertion><con:credentials><con:selectedAuthProfile>No Authorization</con:selectedAuthProfile><con:authType>No Authorization</con:authType></con:credentials><con:jmsConfig JMSDeliveryMode="PERSISTENT"/><con:parameters>
  <con:entry key="Authorization" value="Bearer ${#TestCase#AccessToken}"/>
  <con:entry key="sortAscending" value="true"/>
  <con:entry key="offset" value="${#TestCase#offset}"/>
  <con:entry key="X-TNGO-TENANT" value="${#TestCase#Tenant}"/>
  <con:entry key="limit" value="${#TestCase#limit}"/>
  <con:entry key="includeSubDepartments" value="false"/>
  <con:entry key="client_secret" value="${#TestCase#client_secret}"/>
  <con:entry key="department" value="${#TestCase#DepartmentId}"/>
  <con:entry key="client_id" value="${#TestCase#client_Id}"/>
</con:parameters><con:parameterOrder><con:entry>X-TNGO-TENANT</con:entry><con:entry>Authorization</con:entry><con:entry>client_id</con:entry><con:entry>client_secret</con:entry><con:entry>sortAscending</con:entry><con:entry>offset</con:entry><con:entry>limit</con:entry><con:entry>companyEmployeeId</con:entry><con:entry>department</con:entry><con:entry>employee</con:entry><con:entry>includeSubDepartments</con:entry><con:entry>serviceNumber</con:entry><con:entry>status</con:entry><con:entry>transactionType</con:entry><con:entry>vendor</con:entry></con:parameterOrder></con:restRequest></con:config></con:testStep><con:testStep type="groovy" name="VerifyAssetsServicesByDepartment" id="9fedb67a-6cfe-4308-ad31-06fd5ba2b6f7"><con:settings/><con:config><script>import groovy.json.JsonSlurper 

def groovyUtils = new com.eviware.soapui.support.GroovyUtils( context ); 
def testCase = context.testCase; 
def testStep = testCase.getTestStepByName("GetAssetsServicesByDepartment") 

//  need for external call.
testRunner = new com.eviware.soapui.impl.wsdl.testcase.WsdlTestCaseRunner(testCase, null); 
testStepContext = new com.eviware.soapui.impl.wsdl.testcase.WsdlTestRunContext(testStep); 

// get response of last test step run.
def response = testStep.testRequest.messageExchange.response.responseContent
def slurper = new JsonSlurper()
def json = slurper.parseText response


def departmentId = testRunner.testCase.getPropertyValue("DepartmentId")
def listDepartmentIds = json.services.items.employee.department.id


for (dep in listDepartmentIds){
	//log.info dep
	assert (departmentId.equals(dep))
}

log.info "Department Ok"</script></con:config></con:testStep><con:testStep type="restrequest" name="GetAssetsServicesByEmployeeId" id="a5e8bce4-fba6-40b6-80f6-32e393401b36"><con:settings/><con:config service="Assets Services" resourcePath="/assets/services" methodName="Services" xsi:type="con:RestRequestStep" xmlns:xsi="http://www.w3.org/2001/XMLSchema-instance"><con:restRequest name="GetAssetsServicesByEmployeeId" id="854f9c96-b736-4671-9815-d1632ccdf3b3" mediaType="application/json"><con:settings><con:setting id="com.eviware.soapui.impl.wsdl.WsdlRequest@request-headers">&lt;xml-fragment/></con:setting></con:settings><con:endpoint>${#TestCase#URL}</con:endpoint><con:request/><con:originalUri>https://tngo-qa-mobproc-cmd.cloudhub.io/mobproc/v1.qa/assets/services</con:originalUri><con:assertion type="Valid HTTP Status Codes" id="1ece28ee-07aa-4a0b-b484-7ed0bd594916" name="Valid HTTP Status Codes"><con:settings/><con:configuration><codes>200</codes></con:configuration></con:assertion><con:credentials><con:selectedAuthProfile>No Authorization</con:selectedAuthProfile><con:authType>No Authorization</con:authType></con:credentials><con:jmsConfig JMSDeliveryMode="PERSISTENT"/><con:parameters>
  <con:entry key="Authorization" value="Bearer ${#TestCase#AccessToken}"/>
  <con:entry key="sortAscending" value="true"/>
  <con:entry key="offset" value="${#TestCase#offset}"/>
  <con:entry key="X-TNGO-TENANT" value="${#TestCase#Tenant}"/>
  <con:entry key="limit" value="${#TestCase#limit}"/>
  <con:entry key="client_secret" value="${#TestCase#client_secret}"/>
  <con:entry key="employee" value="${#TestCase#EmployeeId}"/>
  <con:entry key="client_id" value="${#TestCase#client_Id}"/>
</con:parameters><con:parameterOrder><con:entry>X-TNGO-TENANT</con:entry><con:entry>Authorization</con:entry><con:entry>client_id</con:entry><con:entry>client_secret</con:entry><con:entry>sortAscending</con:entry><con:entry>offset</con:entry><con:entry>limit</con:entry><con:entry>companyEmployeeId</con:entry><con:entry>department</con:entry><con:entry>employee</con:entry><con:entry>includeSubDepartments</con:entry><con:entry>serviceNumber</con:entry><con:entry>status</con:entry><con:entry>transactionType</con:entry><con:entry>vendor</con:entry></con:parameterOrder></con:restRequest></con:config></con:testStep><con:testStep type="groovy" name="VerifyAssetsServicesByEmployeeId" id="1cf2770a-409a-4298-a131-7e49dd6a2225"><con:settings/><con:config><script>import groovy.json.JsonSlurper 

def groovyUtils = new com.eviware.soapui.support.GroovyUtils( context ); 
def testCase = context.testCase; 
def testStep = testCase.getTestStepByName("GetAssetsServicesByEmployeeId") 

//  need for external call.
testRunner = new com.eviware.soapui.impl.wsdl.testcase.WsdlTestCaseRunner(testCase, null); 
testStepContext = new com.eviware.soapui.impl.wsdl.testcase.WsdlTestRunContext(testStep); 

// get response of last test step run.
def response = testStep.testRequest.messageExchange.response.responseContent
def slurper = new JsonSlurper()
def json = slurper.parseText response


def employeeId = testRunner.testCase.getPropertyValue("EmployeeId")
def listEmployeeIds = json.services.items.employee.id


for (emp in listEmployeeIds){
	//log.info emp
	assert (employeeId.equals(emp))
}

log.info "Employee Id Ok"</script></con:config></con:testStep><con:testStep type="restrequest" name="GetAssetsServicesByServiceNumber" id="b9f4ef53-5ce4-4983-91d5-839deb5e697e"><con:settings/><con:config service="Assets Services" resourcePath="/assets/services" methodName="Services" xsi:type="con:RestRequestStep" xmlns:xsi="http://www.w3.org/2001/XMLSchema-instance"><con:restRequest name="GetAssetsServicesByServiceNumber" id="854f9c96-b736-4671-9815-d1632ccdf3b3" mediaType="application/json"><con:settings><con:setting id="com.eviware.soapui.impl.wsdl.WsdlRequest@request-headers">&lt;xml-fragment/></con:setting></con:settings><con:endpoint>${#TestCase#URL}</con:endpoint><con:request/><con:originalUri>https://tngo-qa-mobproc-cmd.cloudhub.io/mobproc/v1.qa/assets/services</con:originalUri><con:assertion type="Valid HTTP Status Codes" id="9a7045b9-82a2-4106-85c3-a997144dc13f" name="Valid HTTP Status Codes"><con:settings/><con:configuration><codes>200</codes></con:configuration></con:assertion><con:credentials><con:selectedAuthProfile>No Authorization</con:selectedAuthProfile><con:authType>No Authorization</con:authType></con:credentials><con:jmsConfig JMSDeliveryMode="PERSISTENT"/><con:parameters>
  <con:entry key="Authorization" value="Bearer ${#TestCase#AccessToken}"/>
  <con:entry key="sortAscending" value="true"/>
  <con:entry key="serviceNumber" value="${#TestCase#ServiceNumber}"/>
  <con:entry key="offset" value="${#TestCase#offset}"/>
  <con:entry key="X-TNGO-TENANT" value="${#TestCase#Tenant}"/>
  <con:entry key="limit" value="${#TestCase#limit}"/>
  <con:entry key="client_secret" value="${#TestCase#client_secret}"/>
  <con:entry key="client_id" value="${#TestCase#client_Id}"/>
</con:parameters><con:parameterOrder><con:entry>X-TNGO-TENANT</con:entry><con:entry>Authorization</con:entry><con:entry>client_id</con:entry><con:entry>client_secret</con:entry><con:entry>sortAscending</con:entry><con:entry>offset</con:entry><con:entry>limit</con:entry><con:entry>companyEmployeeId</con:entry><con:entry>department</con:entry><con:entry>employee</con:entry><con:entry>includeSubDepartments</con:entry><con:entry>serviceNumber</con:entry><con:entry>status</con:entry><con:entry>transactionType</con:entry><con:entry>vendor</con:entry></con:parameterOrder></con:restRequest></con:config></con:testStep><con:testStep type="groovy" name="VerifyAssetsServicesByServiceNumber" id="fd24b20d-76ce-4885-bf96-5315605994cf"><con:settings/><con:config><script>import groovy.json.JsonSlurper 

def groovyUtils = new com.eviware.soapui.support.GroovyUtils(context); 
def testCase = context.testCase; 
def testStep = testCase.getTestStepByName("GetAssetsServicesByServiceNumber")

//  need for external call.
testRunner = new com.eviware.soapui.impl.wsdl.testcase.WsdlTestCaseRunner(testCase, null); 
testStepContext = new com.eviware.soapui.impl.wsdl.testcase.WsdlTestRunContext(testStep); 

// get response of last test step run.
def response = testStep.testRequest.messageExchange.response.responseContent
def slurper = new JsonSlurper()
def json = slurper.parseText response


def serviceNumber = testRunner.testCase.getPropertyValue("ServiceNumber")
def listServiceNumbers = json.services.items.service.serviceNumber


for (num in listServiceNumbers){
	//log.info num
	assert (serviceNumber.equals(num))
}

log.info "Service Number Ok"
</script></con:config></con:testStep><con:testStep type="restrequest" name="GetAssetsServicesByStatus" id="6ae5ba31-582b-478f-9e49-d9d11e3d7dd3"><con:settings/><con:config service="Assets Services" resourcePath="/assets/services" methodName="Services" xsi:type="con:RestRequestStep" xmlns:xsi="http://www.w3.org/2001/XMLSchema-instance"><con:restRequest name="GetAssetsServicesByStatus" id="854f9c96-b736-4671-9815-d1632ccdf3b3" mediaType="application/json"><con:settings><con:setting id="com.eviware.soapui.impl.wsdl.WsdlRequest@request-headers">&lt;xml-fragment/></con:setting></con:settings><con:endpoint>${#TestCase#URL}</con:endpoint><con:request/><con:originalUri>https://tngo-qa-mobproc-cmd.cloudhub.io/mobproc/v1.qa/assets/services</con:originalUri><con:assertion type="Valid HTTP Status Codes" id="7c794c3a-7d44-45d9-ba89-58faefcc3794" name="Valid HTTP Status Codes"><con:settings/><con:configuration><codes>200</codes></con:configuration></con:assertion><con:credentials><con:selectedAuthProfile>No Authorization</con:selectedAuthProfile><con:authType>No Authorization</con:authType></con:credentials><con:jmsConfig JMSDeliveryMode="PERSISTENT"/><con:parameters>
  <con:entry key="Authorization" value="Bearer ${#TestCase#AccessToken}"/>
  <con:entry key="sortAscending" value="true"/>
  <con:entry key="offset" value="${#TestCase#offset}"/>
  <con:entry key="X-TNGO-TENANT" value="${#TestCase#Tenant}"/>
  <con:entry key="limit" value="${#TestCase#limit}"/>
  <con:entry key="client_secret" value="${#TestCase#client_secret}"/>
  <con:entry key="client_id" value="${#TestCase#client_Id}"/>
  <con:entry key="status" value="${#TestCase#serviceStatus}"/>
</con:parameters><con:parameterOrder><con:entry>X-TNGO-TENANT</con:entry><con:entry>Authorization</con:entry><con:entry>client_id</con:entry><con:entry>client_secret</con:entry><con:entry>sortAscending</con:entry><con:entry>offset</con:entry><con:entry>limit</con:entry><con:entry>companyEmployeeId</con:entry><con:entry>department</con:entry><con:entry>employee</con:entry><con:entry>includeSubDepartments</con:entry><con:entry>serviceNumber</con:entry><con:entry>status</con:entry><con:entry>transactionType</con:entry><con:entry>vendor</con:entry></con:parameterOrder></con:restRequest></con:config></con:testStep><con:testStep type="groovy" name="VerifyAssetsServicesByStatus" id="dca84442-a2ed-43b1-a994-81659b4a5e69"><con:settings/><con:config><script>import groovy.json.JsonSlurper 

def groovyUtils = new com.eviware.soapui.support.GroovyUtils(context ); 
def testCase = context.testCase; 
def testStep = testCase.getTestStepByName("GetAssetsServicesByStatus") 

//  need for external call.
testRunner = new com.eviware.soapui.impl.wsdl.testcase.WsdlTestCaseRunner(testCase, null); 
testStepContext = new com.eviware.soapui.impl.wsdl.testcase.WsdlTestRunContext(testStep); 

// get response of last test step run.
def response = testStep.testRequest.messageExchange.response.responseContent
def slurper = new JsonSlurper()
def json = slurper.parseText response


def status = testRunner.testCase.getPropertyValue("serviceStatus")
def listStatuses = json.services.items.status


for (s in listStatuses){
	//log.info s
	assert (status.equals(s))
}

log.info "Status Ok"
</script></con:config></con:testStep><con:testStep type="restrequest" name="GetAssetsServicesByVendor" id="344eed05-fa44-4db8-9e66-1aa099f191c2"><con:settings/><con:config service="Assets Services" resourcePath="/assets/services" methodName="Services" xsi:type="con:RestRequestStep" xmlns:xsi="http://www.w3.org/2001/XMLSchema-instance"><con:restRequest name="GetAssetsServicesByVendor" id="854f9c96-b736-4671-9815-d1632ccdf3b3" mediaType="application/json"><con:settings><con:setting id="com.eviware.soapui.impl.wsdl.WsdlRequest@request-headers">&lt;xml-fragment/></con:setting></con:settings><con:endpoint>${#TestCase#URL}</con:endpoint><con:request/><con:originalUri>https://tngo-qa-mobproc-cmd.cloudhub.io/mobproc/v1.qa/assets/services</con:originalUri><con:assertion type="Valid HTTP Status Codes" id="e6e68c61-feba-4713-8e1c-36a3081897b4" name="Valid HTTP Status Codes"><con:settings/><con:configuration><codes>200</codes></con:configuration></con:assertion><con:credentials><con:selectedAuthProfile>No Authorization</con:selectedAuthProfile><con:authType>No Authorization</con:authType></con:credentials><con:jmsConfig JMSDeliveryMode="PERSISTENT"/><con:parameters>
  <con:entry key="Authorization" value="Bearer ${#TestCase#AccessToken}"/>
  <con:entry key="sortAscending" value=""/>
  <con:entry key="offset" value="${#TestCase#offset}"/>
  <con:entry key="vendor" value="${#TestCase#vendorId}"/>
  <con:entry key="X-TNGO-TENANT" value="${#TestCase#Tenant}"/>
  <con:entry key="limit" value="${#TestCase#limit}"/>
  <con:entry key="client_secret" value="${#TestCase#client_secret}"/>
  <con:entry key="client_id" value="${#TestCase#client_Id}"/>
</con:parameters><con:parameterOrder><con:entry>X-TNGO-TENANT</con:entry><con:entry>Authorization</con:entry><con:entry>client_id</con:entry><con:entry>client_secret</con:entry><con:entry>sortAscending</con:entry><con:entry>offset</con:entry><con:entry>limit</con:entry><con:entry>companyEmployeeId</con:entry><con:entry>department</con:entry><con:entry>employee</con:entry><con:entry>includeSubDepartments</con:entry><con:entry>serviceNumber</con:entry><con:entry>status</con:entry><con:entry>transactionType</con:entry><con:entry>vendor</con:entry></con:parameterOrder></con:restRequest></con:config></con:testStep><con:testStep type="groovy" name="VerifyAssetsServicesByVendor" id="71b21635-b31a-417e-9db0-3f2573cb3fae"><con:settings/><con:config><script>import groovy.json.JsonSlurper 

def groovyUtils = new com.eviware.soapui.support.GroovyUtils( context ); 
def testCase = context.testCase; 
def testStep = testCase.getTestStepByName("GetAssetsServicesByVendor") 

//  need for external call.
testRunner = new com.eviware.soapui.impl.wsdl.testcase.WsdlTestCaseRunner(testCase, null); 
testStepContext = new com.eviware.soapui.impl.wsdl.testcase.WsdlTestRunContext(testStep); 

// get response of last test step run.
def response = testStep.testRequest.messageExchange.response.responseContent
def slurper = new JsonSlurper()
def json = slurper.parseText response


def vendorId = testRunner.testCase.getPropertyValue("vendorId")
def listVendors = json.services.items.vendor.billing.id


for (v in listVendors){
	//log.info v
	assert (vendorId.equals(v))
}

log.info "Vendor Id Ok"</script></con:config></con:testStep><con:testStep type="datasource" name="DataSource" id="e82dd8c8-cda7-48fa-9053-224beeccbb2c"><con:settings/><con:config xsi:type="con:DataSourceStep" xmlns:xsi="http://www.w3.org/2001/XMLSchema-instance"><con:dataSource type="Grid"><con:configuration><check><![CDATA[<xml-fragment><con:entry xmlns:con="http://eviware.com/soapui/config">true</con:entry><con:entry xmlns:con="http://eviware.com/soapui/config">true</con:entry><con:entry xmlns:con="http://eviware.com/soapui/config">true</con:entry><con:entry xmlns:con="http://eviware.com/soapui/config">true</con:entry><con:entry xmlns:con="http://eviware.com/soapui/config">true</con:entry><con:entry xmlns:con="http://eviware.com/soapui/config">true</con:entry><con:entry xmlns:con="http://eviware.com/soapui/config">true</con:entry><con:entry xmlns:con="http://eviware.com/soapui/config">true</con:entry></xml-fragment>]]></check><row>&lt;xml-fragment>&lt;con:entry xmlns:con="http://eviware.com/soapui/config">ORDER_ACCESSORIES&lt;/con:entry>&lt;con:entry xmlns:con="http://eviware.com/soapui/config"/>&lt;/xml-fragment></row><row>&lt;xml-fragment>&lt;con:entry xmlns:con="http://eviware.com/soapui/config">UPDATE_FEATURES&lt;/con:entry>&lt;con:entry xmlns:con="http://eviware.com/soapui/config"/>&lt;/xml-fragment></row><row>&lt;xml-fragment>&lt;con:entry xmlns:con="http://eviware.com/soapui/config">SWAP_DEVICES&lt;/con:entry>&lt;con:entry xmlns:con="http://eviware.com/soapui/config"/>&lt;/xml-fragment></row><row>&lt;xml-fragment>&lt;con:entry xmlns:con="http://eviware.com/soapui/config">SUSPEND&lt;/con:entry>&lt;con:entry xmlns:con="http://eviware.com/soapui/config"/>&lt;/xml-fragment></row><row>&lt;xml-fragment>&lt;con:entry xmlns:con="http://eviware.com/soapui/config">DEACTIVATE&lt;/con:entry>&lt;con:entry xmlns:con="http://eviware.com/soapui/config"/>&lt;/xml-fragment></row><row>&lt;xml-fragment>&lt;con:entry xmlns:con="http://eviware.com/soapui/config">UNSUSPEND&lt;/con:entry>&lt;con:entry xmlns:con="http://eviware.com/soapui/config"/>&lt;/xml-fragment></row><row>&lt;xml-fragment>&lt;con:entry xmlns:con="http://eviware.com/soapui/config">UPGRADE&lt;/con:entry>&lt;con:entry xmlns:con="http://eviware.com/soapui/config"/>&lt;/xml-fragment></row><row>&lt;xml-fragment>&lt;con:entry xmlns:con="http://eviware.com/soapui/config">PORT_NUMBER&lt;/con:entry>&lt;con:entry xmlns:con="http://eviware.com/soapui/config"/>&lt;/xml-fragment></row></con:configuration></con:dataSource><con:property>transactionType</con:property><con:restartOnRun>true</con:restartOnRun></con:config></con:testStep><con:testStep type="restrequest" name="GetAssetsServicesByTransactionType" id="79c3b83f-d012-42be-b1db-6a1873a277cc"><con:settings/><con:config service="Assets Services" resourcePath="/assets/services" methodName="Services" xsi:type="con:RestRequestStep" xmlns:xsi="http://www.w3.org/2001/XMLSchema-instance"><con:restRequest name="GetAssetsServicesByTransactionType" id="854f9c96-b736-4671-9815-d1632ccdf3b3" mediaType="application/json"><con:settings><con:setting id="com.eviware.soapui.impl.wsdl.WsdlRequest@request-headers">&lt;xml-fragment/></con:setting></con:settings><con:endpoint>${#TestCase#URL}</con:endpoint><con:request/><con:originalUri>https://tngo-qa-mobproc-cmd.cloudhub.io/mobproc/v1.qa/assets/services</con:originalUri><con:assertion type="Valid HTTP Status Codes" id="5268bf30-18b1-4a86-9597-d886c2d979ae" name="Valid HTTP Status Codes"><con:settings/><con:configuration><codes>200</codes></con:configuration></con:assertion><con:credentials><con:selectedAuthProfile>No Authorization</con:selectedAuthProfile><con:authType>No Authorization</con:authType></con:credentials><con:jmsConfig JMSDeliveryMode="PERSISTENT"/><con:parameters>
  <con:entry key="Authorization" value="Bearer ${#TestCase#AccessToken}"/>
  <con:entry key="transactionType" value="${DataSource#transactionType}"/>
  <con:entry key="sortAscending" value="true"/>
  <con:entry key="offset" value="${#TestCase#offset}"/>
  <con:entry key="X-TNGO-TENANT" value="${#TestCase#Tenant}"/>
  <con:entry key="limit" value="${#TestCase#limit}"/>
  <con:entry key="client_secret" value="${#TestCase#client_secret}"/>
  <con:entry key="client_id" value="${#TestCase#client_Id}"/>
</con:parameters><con:parameterOrder><con:entry>X-TNGO-TENANT</con:entry><con:entry>Authorization</con:entry><con:entry>client_id</con:entry><con:entry>client_secret</con:entry><con:entry>sortAscending</con:entry><con:entry>offset</con:entry><con:entry>limit</con:entry><con:entry>companyEmployeeId</con:entry><con:entry>department</con:entry><con:entry>employee</con:entry><con:entry>includeSubDepartments</con:entry><con:entry>serviceNumber</con:entry><con:entry>status</con:entry><con:entry>transactionType</con:entry><con:entry>vendor</con:entry></con:parameterOrder></con:restRequest></con:config></con:testStep><con:testStep type="groovy" name="VerifyAssetsServicesByTransactionType" id="ff35dfe4-cceb-48dc-b43c-697b57aa5d57"><con:settings/><con:config><script>import groovy.json.JsonSlurper 

def groovyUtils = new com.eviware.soapui.support.GroovyUtils(context); 
def testCase = context.testCase; 
def testStep = testCase.getTestStepByName("GetAssetsServicesByTransactionType")
def dataSource = testCase.getTestStepByName("DataSource")

//  need for external call.
testRunner = new com.eviware.soapui.impl.wsdl.testcase.WsdlTestCaseRunner(testCase, null); 
testStepContext = new com.eviware.soapui.impl.wsdl.testcase.WsdlTestRunContext(testStep); 

// get response of last test step run.
def response = testStep.testRequest.messageExchange.response.responseContent
def slurper = new JsonSlurper()
def json = slurper.parseText response


def transactionType = dataSource.getPropertyValue("transactionType")
def metaHref = json.services._meta.href

assert (metaHref.contains(transactionType))

//log.info transactionType
log.info "Transaction Type Ok"
</script></con:config></con:testStep><con:testStep type="datasourceloop" name="DataSource Loop" id="3636a96a-5c09-4e12-8c9e-6c15744a9eae"><con:settings/><con:config><dataSourceStep>DataSource</dataSourceStep><targetStep>GetAssetsServicesByTransactionType</targetStep></con:config></con:testStep><con:properties><con:property><con:name>Tenant</con:name><con:value>XX1</con:value></con:property><con:property><con:name>limit</con:name><con:value>20</con:value></con:property><con:property><con:name>offset</con:name><con:value>0</con:value></con:property><con:property><con:name>companyEmployeeId</con:name><con:value>ana.pace.xx1</con:value></con:property><con:property><con:name>AccessToken</con:name><con:value>vQASZTtMm6AXug3AtTzMPFULcYHbYZ8dtksrfSjY4TmbHZwM5demEGz6kYWXuLdHgUJG3ZNbHEHme9ZXydb6NQ</con:value></con:property><con:property><con:name>RefreshToken</con:name><con:value>3QiqQ4fDVY1YUs8CiUtCEkX605wNeYiawLR9zrx9GShAC8wlZorTgv3N0sxx3YjSz_53TXxeYDWcFMTxmtKuGw</con:value></con:property><con:property><con:name>DeviceId</con:name><con:value>35433799</con:value></con:property><con:property><con:name>ServiceId</con:name><con:value>38457027</con:value></con:property><con:property><con:name>EmployeeId</con:name><con:value>28680025</con:value></con:property><con:property><con:name>DepartmentId</con:name><con:value>11569020385</con:value></con:property><con:property><con:name>LogoUrl</con:name><con:value>https://qa1cmd.tangoe.com/</con:value></con:property><con:property><con:name>client_id</con:name><con:value>3c276cecdc674aabb5456f54b605bbbf</con:value></con:property><con:property><con:name>client_secret</con:name><con:value>c513c4a67492405d95CE4DB4B40B73FF</con:value></con:property><con:property><con:name>URL</con:name><con:value>https://tngo-qa-mobproc-cmd.cloudhub.io/mobproc/v1.qa</con:value></con:property><con:property><con:name>FirstName</con:name><con:value>AnaLaura</con:value></con:property><con:property><con:name>LastName</con:name><con:value>Pace</con:value></con:property><con:property><con:name>DepartmentName</con:name><con:value>Development</con:value></con:property><con:property><con:name>OfficePhone</con:name><con:value>123-555-4567</con:value></con:property><con:property><con:name>Email</con:name><con:value>analaura@example.com</con:value></con:property><con:property><con:name>ServiceNumber</con:name><con:value>7775551234</con:value></con:property><con:property><con:name>DeviceId2</con:name><con:value>35433839</con:value></con:property><con:property><con:name>ServiceId2</con:name><con:value>38457047</con:value></con:property><con:property><con:name>ServiceNumber2</con:name><con:value>7774567890</con:value></con:property><con:property><con:name>DeviceId3</con:name><con:value>35434039</con:value></con:property><con:property><con:name>ServiceId3</con:name><con:value>38457207</con:value></con:property><con:property><con:name>ServiceNumber3</con:name><con:value>7774561122</con:value></con:property><con:property><con:name>DeviceId4</con:name><con:value>35434179</con:value></con:property><con:property><con:name>ServiceId4</con:name><con:value>38457327</con:value></con:property><con:property><con:name>ServiceNumber4</con:name><con:value>7894561230</con:value></con:property><con:property><con:name>regionId</con:name><con:value>70144640</con:value></con:property><con:property><con:name>manufacturerId</con:name><con:value>Apple</con:value></con:property><con:property><con:name>manufacturerAssertion</con:name><con:value>Cellworks</con:value></con:property><con:property><con:name>model</con:name><con:value>iPhone 5 (16GB) - Black</con:value></con:property><con:property><con:name>model1</con:name><con:value>iPhone (16gb)</con:value></con:property><con:property><con:name>model2</con:name><con:value>iPhone 5 (16GB) - Black</con:value></con:property><con:property><con:name>serviceStatus</con:name><con:value>ACTIVE</con:value></con:property><con:property><con:name>vendorId</con:name><con:value>98</con:value></con:property></con:properties><con:reportParameters/><con:breakPoints><con:testStepId>543745f7-716c-4385-b6b5-8d1467f5c0df</con:testStepId><con:status>NONE</con:status><con:properties/></con:breakPoints><con:breakPoints><con:testStepId>5d8df568-2caf-4a28-82cc-f8593bbdec84</con:testStepId><con:status>NONE</con:status><con:properties/></con:breakPoints><con:breakPoints><con:testStepId>63cad784-ac2f-4b1b-bbc2-632bd1405cbf</con:testStepId><con:status>NONE</con:status><con:properties/></con:breakPoints><con:breakPoints><con:testStepId>f24f6058-1e9d-4dc7-aab8-ee712f233b07</con:testStepId><con:status>NONE</con:status><con:properties/></con:breakPoints><con:breakPoints><con:testStepId>67fab96a-c615-4d30-b84c-b19b29ca65f6</con:testStepId><con:status>NONE</con:status><con:properties/></con:breakPoints><con:breakPoints><con:testStepId>fd24b20d-76ce-4885-bf96-5315605994cf</con:testStepId><con:status>NONE</con:status><con:properties/></con:breakPoints><con:breakPoints><con:testStepId>dca84442-a2ed-43b1-a994-81659b4a5e69</con:testStepId><con:status>NONE</con:status><con:properties/></con:breakPoints><con:breakPoints><con:testStepId>71b21635-b31a-417e-9db0-3f2573cb3fae</con:testStepId><con:status>NONE</con:status><con:properties/></con:breakPoints><con:breakPoints><con:testStepId>0920533e-d082-46fd-8b69-2a295e42aaa2</con:testStepId><con:status>NONE</con:status><con:properties/></con:breakPoints><con:breakPoints><con:testStepId>7a4e996f-15d3-4c8b-a03f-2e87c77e3df6</con:testStepId><con:status>NONE</con:status><con:properties/></con:breakPoints><con:breakPoints><con:testStepId>eead2459-c6ac-4371-b823-2b24693367a4</con:testStepId><con:status>NONE</con:status><con:properties/></con:breakPoints><con:breakPoints><con:testStepId>d20ce117-0220-4c4c-a0f6-3b027f90e26f</con:testStepId><con:status>NONE</con:status><con:properties/></con:breakPoints><con:breakPoints><con:testStepId>7dd70f42-1a0c-4aa0-95fe-af47130e247c</con:testStepId><con:status>NONE</con:status><con:properties/></con:breakPoints><con:breakPoints><con:testStepId>344eed05-fa44-4db8-9e66-1aa099f191c2</con:testStepId><con:status>NONE</con:status><con:properties/></con:breakPoints></con:testCase><con:properties/><con:reportParameters/></con:testSuite><con:requirements/><con:properties/><con:wssContainer/><con:databaseConnectionContainer/><con:oAuth2ProfileContainer/><con:reporting><con:xmlTemplates/><con:parameters/></con:reporting><con:authRepository/><con:tags/></con:soapui-project>