<?xml version="1.0" encoding="UTF-8"?>
<con:soapui-project id="76b639ae-15f6-4419-850e-b9861a6c5dd5" activeEnvironment="Default environment" name="AnaData" lastOpened="2016-08-22T15:38:35.603-03:00" soapui-version="6.0.0" xmlns:con="http://eviware.com/soapui/config"><con:settings/><con:interface xsi:type="con:RestService" id="795f8a14-b123-43a7-984b-356df344935a" wadlVersion="http://wadl.dev.java.net/2009/02" name="Employees" type="rest" xmlns:xsi="http://www.w3.org/2001/XMLSchema-instance"><con:settings/><con:definitionCache type="TEXT" rootPart=""/><con:endpoints><con:endpoint>https://tngo-dev-mobproc-cmd.cloudhub.io</con:endpoint></con:endpoints><con:resource name="Employees" path="/employees" id="3e1243be-8159-42dc-9cbe-b14db3383eb8"><con:settings/><con:parameters><con:parameter><con:name>sortAscending</con:name><con:value>true</con:value><con:style>QUERY</con:style><con:default>true</con:default><con:path xsi:nil="true"/><con:description xsi:nil="true"/></con:parameter><con:parameter><con:name>offset</con:name><con:value>0</con:value><con:style>QUERY</con:style><con:default>0</con:default><con:path xsi:nil="true"/><con:description xsi:nil="true"/></con:parameter><con:parameter><con:name>limit</con:name><con:value>10</con:value><con:style>QUERY</con:style><con:default>10</con:default><con:path xsi:nil="true"/><con:description xsi:nil="true"/></con:parameter><con:parameter><con:name>firstName</con:name><con:value>AnaLaura</con:value><con:style>QUERY</con:style><con:default>AnaLaura</con:default><con:path xsi:nil="true"/><con:description xsi:nil="true"/></con:parameter><con:parameter><con:name>lastName</con:name><con:value>Pace</con:value><con:style>QUERY</con:style><con:default>Pace</con:default><con:path xsi:nil="true"/><con:description xsi:nil="true"/></con:parameter><con:parameter><con:name>includeAddress</con:name><con:value>true</con:value><con:style>QUERY</con:style><con:default>true</con:default><con:path xsi:nil="true"/><con:description xsi:nil="true"/></con:parameter><con:parameter><con:name>Authorization</con:name><con:value/><con:style>HEADER</con:style><con:default/><con:description xsi:nil="true"/></con:parameter><con:parameter><con:name>X-TNGO-TENANT</con:name><con:value/><con:style>HEADER</con:style><con:default/><con:description xsi:nil="true"/></con:parameter><con:parameter><con:name>client_id</con:name><con:value/><con:style>HEADER</con:style><con:default/><con:description xsi:nil="true"/></con:parameter><con:parameter><con:name>client_secret</con:name><con:value/><con:style>HEADER</con:style><con:default/><con:description xsi:nil="true"/></con:parameter></con:parameters><con:method name="Employees" id="99f60c92-94b2-444e-a366-7e28dc74186f" method="GET"><con:settings/><con:parameters/><con:representation type="FAULT"><con:mediaType>application/json</con:mediaType><con:status>403</con:status><con:params/><con:element xmlns:emp="https://tngo-qa-mobproc-cmd.cloudhub.io/mobproc/v1.qa/employees">emp:Fault</con:element></con:representation><con:representation type="RESPONSE"><con:mediaType>application/json;charset=UTF-8</con:mediaType><con:status>200</con:status><con:params/><con:element xmlns:emp="https://tngo-qa-mobproc-cmd.cloudhub.io/mobproc/v1.qa/employees">emp:Response</con:element></con:representation><con:request name="Request 1" id="765bfb5f-6f34-4ddd-ba88-a3e0b1dc2c0f" mediaType="application/json"><con:settings><con:setting id="com.eviware.soapui.impl.wsdl.WsdlRequest@request-headers">&lt;xml-fragment/></con:setting></con:settings><con:endpoint>None</con:endpoint><con:request/><con:credentials><con:selectedAuthProfile>No Authorization</con:selectedAuthProfile><con:authType>No Authorization</con:authType></con:credentials><con:jmsConfig JMSDeliveryMode="PERSISTENT"/><con:parameters>
  <con:entry key="firstName" value="AnaLaura"/>
  <con:entry key="lastName" value="Pace"/>
  <con:entry key="sortAscending" value="true"/>
  <con:entry key="offset" value="0"/>
  <con:entry key="limit" value="10"/>
  <con:entry key="includeAddress" value="true"/>
</con:parameters><con:parameterOrder><con:entry>X-TNGO-TENANT</con:entry><con:entry>Authorization</con:entry><con:entry>client_id</con:entry><con:entry>client_secret</con:entry><con:entry>sortAscending</con:entry><con:entry>offset</con:entry><con:entry>limit</con:entry><con:entry>firstName</con:entry><con:entry>lastName</con:entry><con:entry>includeAddress</con:entry></con:parameterOrder></con:request></con:method></con:resource></con:interface><con:interface xsi:type="con:RestService" id="69c43702-35ab-425e-8067-c0fc974e2458" wadlVersion="http://wadl.dev.java.net/2009/02" name="EmployeeId" type="rest" xmlns:xsi="http://www.w3.org/2001/XMLSchema-instance"><con:settings/><con:definitionCache type="TEXT" rootPart=""/><con:endpoints><con:endpoint>https://tngo-dev-mobproc-cmd.cloudhub.io</con:endpoint></con:endpoints><con:resource name="EmployeeId" path="/employees/{id}" id="60ba41a4-8fb0-4cbd-9562-e8e3eb41b223"><con:settings/><con:parameters><con:parameter><con:name>id</con:name><con:value/><con:style>TEMPLATE</con:style><con:default/></con:parameter><con:parameter><con:name>X-TNGO-TENANT</con:name><con:value/><con:style>HEADER</con:style><con:default/><con:description xsi:nil="true"/></con:parameter><con:parameter><con:name>Authorization</con:name><con:value/><con:style>HEADER</con:style><con:default/><con:description xsi:nil="true"/></con:parameter><con:parameter><con:name>client_id</con:name><con:value/><con:style>HEADER</con:style><con:default/><con:description xsi:nil="true"/></con:parameter><con:parameter><con:name>client_secret</con:name><con:value/><con:style>HEADER</con:style><con:default/><con:description xsi:nil="true"/></con:parameter></con:parameters><con:method name="EmployeeId" id="8e6e5acf-2520-458a-88ad-00c5981b8d7d" method="GET"><con:settings/><con:parameters/><con:representation type="RESPONSE"><con:mediaType>application/json;charset=UTF-8</con:mediaType><con:status>200</con:status><con:params/><con:element xmlns:ns="https://tngo-qa-mobproc-cmd.cloudhub.io/mobproc/v1.qa/employees/28680025">ns:Response</con:element></con:representation><con:request name="Request 1" id="39b4baa2-ecbb-4c5e-94cc-ec6798492811" mediaType="application/json"><con:settings><con:setting id="com.eviware.soapui.impl.wsdl.WsdlRequest@request-headers">&lt;xml-fragment/></con:setting></con:settings><con:endpoint>None</con:endpoint><con:request/><con:credentials><con:selectedAuthProfile>No Authorization</con:selectedAuthProfile><con:authType>No Authorization</con:authType></con:credentials><con:jmsConfig JMSDeliveryMode="PERSISTENT"/><con:parameters><entry key="id" value="" xmlns="http://eviware.com/soapui/config"/></con:parameters><con:parameterOrder><con:entry>X-TNGO-TENANT</con:entry><con:entry>Authorization</con:entry><con:entry>client_id</con:entry><con:entry>client_secret</con:entry><con:entry>id</con:entry></con:parameterOrder></con:request></con:method></con:resource></con:interface><con:interface xsi:type="con:RestService" id="6d0625df-1f63-4e18-ae46-875ce5f28f48" wadlVersion="http://wadl.dev.java.net/2009/02" name="AssetsDevices" type="rest" xmlns:xsi="http://www.w3.org/2001/XMLSchema-instance"><con:settings/><con:definitionCache type="TEXT" rootPart=""/><con:endpoints/><con:resource name="Devices" path="/assets/devices" id="6aaa590c-4caf-4e7d-8460-26c3f65a26f3"><con:settings/><con:parameters><con:parameter><con:name>companyEmployeeId</con:name><con:value>ana.pace.xx1</con:value><con:style>QUERY</con:style><con:default>ana.pace.xx1</con:default><con:path xsi:nil="true"/><con:description xsi:nil="true"/></con:parameter><con:parameter><con:name>sortAscending</con:name><con:value>true</con:value><con:style>QUERY</con:style><con:default>true</con:default><con:path xsi:nil="true"/><con:description xsi:nil="true"/></con:parameter><con:parameter><con:name>offset</con:name><con:value>0</con:value><con:style>QUERY</con:style><con:default>0</con:default><con:path xsi:nil="true"/><con:description xsi:nil="true"/></con:parameter><con:parameter><con:name>limit</con:name><con:value>10</con:value><con:style>QUERY</con:style><con:default>10</con:default><con:path xsi:nil="true"/><con:description xsi:nil="true"/></con:parameter><con:parameter><con:name>X-TNGO-TENANT</con:name><con:value/><con:style>HEADER</con:style><con:default/><con:description xsi:nil="true"/></con:parameter><con:parameter><con:name>Authorization</con:name><con:value/><con:style>HEADER</con:style><con:default/><con:description xsi:nil="true"/></con:parameter><con:parameter><con:name>client_id</con:name><con:value/><con:style>HEADER</con:style><con:default/><con:description xsi:nil="true"/></con:parameter><con:parameter><con:name>client_secret</con:name><con:value/><con:style>HEADER</con:style><con:default/><con:description xsi:nil="true"/></con:parameter><con:parameter><con:name>sortBy</con:name><con:value/><con:style>QUERY</con:style><con:default/><con:description xsi:nil="true"/></con:parameter></con:parameters><con:method name="Devices" id="6fa7ee2d-b45f-49d5-afba-9e05e996c54f" method="GET"><con:settings/><con:parameters/><con:representation type="FAULT"><con:mediaType>application/json</con:mediaType><con:status>403</con:status><con:params/></con:representation><con:representation type="RESPONSE"><con:mediaType>application/json;charset=UTF-8</con:mediaType><con:status>200</con:status><con:params/><con:element xmlns:dev="https://tngo-qa-mobproc-cmd.cloudhub.io/mobproc/v1.qa/assets/devices">dev:Response</con:element></con:representation><con:request name="Request 1" id="65f86707-6a0a-4b46-b95e-f78810da4536" mediaType="application/json"><con:settings><con:setting id="com.eviware.soapui.impl.wsdl.WsdlRequest@request-headers">&lt;xml-fragment/></con:setting></con:settings><con:endpoint>None</con:endpoint><con:request/><con:credentials><con:selectedAuthProfile>No Authorization</con:selectedAuthProfile><con:authType>No Authorization</con:authType></con:credentials><con:jmsConfig JMSDeliveryMode="PERSISTENT"/><con:parameters>
  <con:entry key="sortAscending" value=""/>
  <con:entry key="offset" value="0"/>
  <con:entry key="limit" value="10"/>
  <con:entry key="companyEmployeeId" value="ana.pace.xx1"/>
</con:parameters><con:parameterOrder><con:entry>X-TNGO-TENANT</con:entry><con:entry>Authorization</con:entry><con:entry>client_id</con:entry><con:entry>client_secret</con:entry><con:entry>companyEmployeeId</con:entry><con:entry>offset</con:entry><con:entry>limit</con:entry><con:entry>sortBy</con:entry><con:entry>sortAscending</con:entry></con:parameterOrder></con:request></con:method></con:resource></con:interface><con:testSuite id="1e0d78c7-6656-41cf-90fa-31123c2f630b" name="GetAnaData"><con:settings/><con:runType>SEQUENTIAL</con:runType><con:testCase id="b601c51e-3dd4-4bc1-b7f3-96af8a5a105f" discardOkResults="true" failOnError="true" failTestCaseOnErrors="true" keepSession="false" name="GetAnaData" searchProperties="true"><con:description>04/28/2016 - Ana
------------------
This test case gets information of user Ana to store it in two separate text files. That info will be read in by some test cases.

Text file 1 example ("AnaUserData.txt"):
----------------------------------------
FirstName:AnaLaura
LastName:Pace
EmployeeId:28680025
CompanyEmployeeId:ana.pace.xx1
DepartmentName:Unknown
DepartmentId:48068836
OfficePhone:123-555-4567
Email:analaura@example.com
DeviceId:35433779
ServiceId:38457027
ServiceNumber:7775551234
LogoUrl:https://qa1cmd.tangoe.com/

Text file 2 example ("AnaAddressData.txt"):  
--> this text file is useful when the request body, and/or the response contains a "shipTo" block, so this data doesn't need to be hardcoded on request body or in the variables used on the verification steps. 
---------------------------------------------
AddressComponents1Id:LINE_1
AddressComponents1Label:Line 1
AddressComponents1Value:123 Main
AddressComponents2Id:CITY
AddressComponents2Label:City
AddressComponents2Value:Mendoza
AddressComponents3Id:POSTAL_CODE
AddressComponents3Label:Postal Code
AddressComponents3Value:938278
AnaRegionId:70143764
AnaRegionName:Argentina</con:description><con:settings/><con:testStep type="groovy" name="ScriptSetup" id="0789e6bd-df77-4ce6-854f-16ed26bb23dd"><con:settings/><con:config><script>// /////////////////////////////////////////////
// This sets up all of the test case properties
// /////////////////////////////////////////////

def groovyUtils = new com.eviware.soapui.support.GroovyUtils( context ); 
def projectPath = groovyUtils.projectPath //gets the path of the project root

// this is sanity check with a simple call. all this does is verify a simple connection 
// to the external clases by logging a message in log window.
soapUIScripts.CommonMethods.StaticMethod(log) 

// setup test case properties stored in 'DudleyDorightDataActions' class.
soapUIScripts.DudleyDorightDataActions.SetupTestCaseProperties(log, testRunner) 

// read in token pair and put in test case properties.
// NOTE: token pair must be in same folder as project
//       token pair must be up to date (not expired)
assert(soapUIScripts.CommonMethods.ReadTokenPair(projectPath + "\\" + "TokenPair.txt", log, testRunner) == true)

// read user Ids and assign to test case properties.
def userIdsFileName = projectPath + "\\" + "DudleyDoright.txt"

assert soapUIScripts.CommonMethods.ReadUserIdsURL(userIdsFileName, log, testRunner) == true
</script></con:config></con:testStep><con:testStep type="restrequest" name="GetEmployeeAna" id="751f39d4-0ed2-4e39-b060-46a9c640ef7a"><con:settings/><con:config service="Employees" resourcePath="/employees" methodName="Employees" xsi:type="con:RestRequestStep" xmlns:xsi="http://www.w3.org/2001/XMLSchema-instance"><con:restRequest name="GetEmployeeAna" id="765bfb5f-6f34-4ddd-ba88-a3e0b1dc2c0f" mediaType="application/json"><con:settings><con:setting id="com.eviware.soapui.impl.wsdl.WsdlRequest@request-headers">&lt;xml-fragment/></con:setting></con:settings><con:endpoint>${#TestCase#URL}</con:endpoint><con:request/><con:originalUri>https://tngo-qa-mobproc-cmd.cloudhub.io/mobproc/v1.qa/employees</con:originalUri><con:assertion type="Valid HTTP Status Codes" id="5a26e0b7-1bfb-4f07-8528-10bc220a6689" name="Valid HTTP Status Codes"><con:settings/><con:configuration><codes>200</codes></con:configuration></con:assertion><con:credentials><con:selectedAuthProfile>No Authorization</con:selectedAuthProfile><con:authType>No Authorization</con:authType></con:credentials><con:jmsConfig JMSDeliveryMode="PERSISTENT"/><con:parameters>
  <con:entry key="Authorization" value="Bearer ${#TestCase#AccessToken}"/>
  <con:entry key="firstName" value="AnaLaura"/>
  <con:entry key="lastName" value="Pace"/>
  <con:entry key="sortAscending" value="true"/>
  <con:entry key="offset" value="0"/>
  <con:entry key="X-TNGO-TENANT" value="${#TestCase#Tenant}"/>
  <con:entry key="limit" value="1"/>
  <con:entry key="includeAddress" value="true"/>
  <con:entry key="client_secret" value="${#TestCase#client_secret}"/>
  <con:entry key="client_id" value="${#TestCase#client_Id}"/>
</con:parameters><con:parameterOrder><con:entry>X-TNGO-TENANT</con:entry><con:entry>Authorization</con:entry><con:entry>client_id</con:entry><con:entry>client_secret</con:entry><con:entry>sortAscending</con:entry><con:entry>offset</con:entry><con:entry>limit</con:entry><con:entry>firstName</con:entry><con:entry>lastName</con:entry><con:entry>includeAddress</con:entry></con:parameterOrder></con:restRequest></con:config></con:testStep><con:testStep type="groovy" name="GetEmployeeId" id="0d5123c9-9cdc-44fb-b8ef-1468eb565a34"><con:settings/><con:config><script>import groovy.json.JsonSlurper 

def groovyUtils = new com.eviware.soapui.support.GroovyUtils( context ); 

def testCase = context.testCase; 
def testStep = testCase.getTestStepByName("GetEmployeeAna") 

//  need for external call.
testRunner = new com.eviware.soapui.impl.wsdl.testcase.WsdlTestCaseRunner(testCase, null); 
testStepContext = new com.eviware.soapui.impl.wsdl.testcase.WsdlTestRunContext(testStep); 

// get response of last test step run.
def response = testStep.testRequest.messageExchange.response.responseContent
def slurper = new JsonSlurper()
def json = slurper.parseText response

def employeeId = json.employees.items[0].id

testRunner.testCase.setPropertyValue("AnaEmployeeId", employeeId)
 </script></con:config></con:testStep><con:testStep type="restrequest" name="GetEmployeeById" id="1dc186b6-b57b-4b9b-a753-ccc509ab9574"><con:settings/><con:config service="EmployeeId" resourcePath="/employees/{id}" methodName="EmployeeId" xsi:type="con:RestRequestStep" xmlns:xsi="http://www.w3.org/2001/XMLSchema-instance"><con:restRequest name="GetEmployeeById" id="39b4baa2-ecbb-4c5e-94cc-ec6798492811" mediaType="application/json"><con:settings><con:setting id="com.eviware.soapui.impl.wsdl.WsdlRequest@request-headers">&lt;xml-fragment/></con:setting></con:settings><con:endpoint>${#TestCase#URL}</con:endpoint><con:request/><con:originalUri>https://tngo-qa-mobproc-cmd.cloudhub.io/mobproc/v1.qa/employees/28680025</con:originalUri><con:assertion type="Valid HTTP Status Codes" id="ac90b5a5-f582-4df1-89b7-a2abb929858b" name="Valid HTTP Status Codes"><con:settings/><con:configuration><codes>200</codes></con:configuration></con:assertion><con:credentials><con:selectedAuthProfile>No Authorization</con:selectedAuthProfile><con:authType>No Authorization</con:authType></con:credentials><con:jmsConfig JMSDeliveryMode="PERSISTENT"/><con:parameters>
  <con:entry key="Authorization" value="Bearer ${#TestCase#AccessToken}"/>
  <con:entry key="X-TNGO-TENANT" value="${#TestCase#Tenant}"/>
  <con:entry key="id" value="${#TestCase#AnaEmployeeId}"/>
  <con:entry key="client_secret" value="${#TestCase#client_secret}"/>
  <con:entry key="client_id" value="${#TestCase#client_Id}"/>
</con:parameters><con:parameterOrder><con:entry>X-TNGO-TENANT</con:entry><con:entry>Authorization</con:entry><con:entry>client_id</con:entry><con:entry>client_secret</con:entry><con:entry>id</con:entry></con:parameterOrder></con:restRequest></con:config></con:testStep><con:testStep type="groovy" name="SetupTestCasePropertiesUser" id="ad7e1777-0736-4b7a-b31f-9c89acb5a0ac"><con:settings/><con:config><script>import groovy.json.JsonSlurper 

def groovyUtils = new com.eviware.soapui.support.GroovyUtils( context ); 
def projectPath = groovyUtils.projectPath //gets the path of the project root

def testCase = context.testCase; 
def testStep = testCase.getTestStepByName("GetEmployeeById") 

//  need for external call.
testRunner = new com.eviware.soapui.impl.wsdl.testcase.WsdlTestCaseRunner(testCase, null); 
testStepContext = new com.eviware.soapui.impl.wsdl.testcase.WsdlTestRunContext(testStep); 

// get response of last test step run.
def response = testStep.testRequest.messageExchange.response.responseContent
def slurper = new JsonSlurper()
def json = slurper.parseText response

// Basic Info
testRunner.testCase.setPropertyValue("FirstName", json.firstName)
testRunner.testCase.setPropertyValue("LastName", json.lastName)
testRunner.testCase.setPropertyValue("EmployeeId", json.id)
testRunner.testCase.setPropertyValue("CompanyEmployeeId", json.companyEmployeeId)
testRunner.testCase.setPropertyValue("DepartmentName", json.department.name)
testRunner.testCase.setPropertyValue("DepartmentId", json.department.id)
testRunner.testCase.setPropertyValue("OfficePhone", json.officePhone)
testRunner.testCase.setPropertyValue("Email", json.email)

// Address Info Components
testRunner.testCase.setPropertyValue("AddressComponents1Id", json.address.components[0].id)
testRunner.testCase.setPropertyValue("AddressComponents1Label", json.address.components[0].label)
testRunner.testCase.setPropertyValue("AddressComponents1Value", json.address.components[0].value)
testRunner.testCase.setPropertyValue("AddressComponents2Id", json.address.components[1].id)
testRunner.testCase.setPropertyValue("AddressComponents2Label", json.address.components[1].label)
testRunner.testCase.setPropertyValue("AddressComponents2Value", json.address.components[1].value)
testRunner.testCase.setPropertyValue("AddressComponents3Id", json.address.components[2].id)
testRunner.testCase.setPropertyValue("AddressComponents3Label", json.address.components[2].label)
testRunner.testCase.setPropertyValue("AddressComponents3Value", json.address.components[2].value)

 // Address Info Region
testRunner.testCase.setPropertyValue("AnaRegionId", json.address.region.id)
testRunner.testCase.setPropertyValue("AnaRegionName", json.address.region.name)
      







 </script></con:config></con:testStep><con:testStep type="restrequest" name="GetDevicesAna" id="f13f0fcb-97d2-4794-a4fe-32bcd7422edd"><con:settings/><con:config service="AssetsDevices" resourcePath="/assets/devices" methodName="Devices" xsi:type="con:RestRequestStep" xmlns:xsi="http://www.w3.org/2001/XMLSchema-instance"><con:restRequest name="GetDevicesAna" id="65f86707-6a0a-4b46-b95e-f78810da4536" mediaType="application/json"><con:settings><con:setting id="com.eviware.soapui.impl.wsdl.WsdlRequest@request-headers">&lt;xml-fragment/></con:setting></con:settings><con:endpoint>${#TestCase#URL}</con:endpoint><con:request/><con:originalUri>https://tngo-qa-mobproc-cmd.cloudhub.io/mobproc/v1.qa/assets/devices</con:originalUri><con:assertion type="Valid HTTP Status Codes" id="4ac9dd0a-a296-424e-85d1-1e1538896bc4" name="Valid HTTP Status Codes"><con:settings/><con:configuration><codes>200</codes></con:configuration></con:assertion><con:credentials><con:selectedAuthProfile>No Authorization</con:selectedAuthProfile><con:authType>No Authorization</con:authType></con:credentials><con:jmsConfig JMSDeliveryMode="PERSISTENT"/><con:parameters>
  <con:entry key="Authorization" value="Bearer ${#TestCase#AccessToken}"/>
  <con:entry key="sortAscending" value="false"/>
  <con:entry key="offset" value="0"/>
  <con:entry key="X-TNGO-TENANT" value="${#TestCase#Tenant}"/>
  <con:entry key="limit" value="100"/>
  <con:entry key="companyEmployeeId" value="ana.pace.xx1"/>
  <con:entry key="client_secret" value="${#TestCase#client_secret}"/>
  <con:entry key="client_id" value="${#TestCase#client_Id}"/>
</con:parameters><con:parameterOrder><con:entry>X-TNGO-TENANT</con:entry><con:entry>Authorization</con:entry><con:entry>client_id</con:entry><con:entry>client_secret</con:entry><con:entry>companyEmployeeId</con:entry><con:entry>sortAscending</con:entry><con:entry>offset</con:entry><con:entry>limit</con:entry><con:entry>sortBy</con:entry></con:parameterOrder></con:restRequest></con:config></con:testStep><con:testStep type="groovy" name="SetupTestCasePropertiesDevice" id="8631055c-c29c-4b36-a6e9-563f9abdc6fa"><con:settings/><con:config><script>import groovy.json.JsonSlurper 

def groovyUtils = new com.eviware.soapui.support.GroovyUtils( context ); 
def projectPath = groovyUtils.projectPath //gets the path of the project root

def testCase = context.testCase; 
def testStep = testCase.getTestStepByName("GetDevicesAna") 

//  need for external call.
testRunner = new com.eviware.soapui.impl.wsdl.testcase.WsdlTestCaseRunner(testCase, null); 
testStepContext = new com.eviware.soapui.impl.wsdl.testcase.WsdlTestRunContext(testStep); 

// get response of last test step run.
def response = testStep.testRequest.messageExchange.response.responseContent
def slurper = new JsonSlurper()
def json = slurper.parseText response


def servNumbers = []

int index = 0

int amount = json.devices.items.size()

String item

for (int i = 0; i &lt; amount; i++){

	item = json.devices.items[i]

	if (item.contains("serviceNumber")){
		servNumbers[i] =  json.devices.items[i].service.serviceNumber
	}else{
		servNumbers[i] = null
	}

}

log.info "Serv numbers: " + servNumbers



for (num in servNumbers){

	log.info "  Index: " + index
	log.info "  Service Number: " + num

	if(num.equals("7775551234")){
		testRunner.testCase.setPropertyValue("DeviceId", json.devices.items[index].id)
		testRunner.testCase.setPropertyValue("ServiceId", json.devices.items[index].service.id)
		testRunner.testCase.setPropertyValue("ServiceNumber", json.devices.items[index].service.serviceNumber)
	}

	if(num.equals("7774567890")){
		// it will be used on the first test case for Port Number
		testRunner.testCase.setPropertyValue("DeviceId2", json.devices.items[index].id)  
		testRunner.testCase.setPropertyValue("ServiceId2", json.devices.items[index].service.id)
		testRunner.testCase.setPropertyValue("ServiceNumber2", json.devices.items[index].service.serviceNumber)
	}

	if(num.equals("7774561122")){
		// it will be used on the second test case for Port Number
		testRunner.testCase.setPropertyValue("DeviceId3", json.devices.items[index].id)  
		testRunner.testCase.setPropertyValue("ServiceId3", json.devices.items[index].service.id)
		testRunner.testCase.setPropertyValue("ServiceNumber3", json.devices.items[index].service.serviceNumber)
	}

	if(num.equals("7894561230")){	
		// Sprint device - it will be used on the Approval test cases
		testRunner.testCase.setPropertyValue("DeviceId4", json.devices.items[index].id)  
		testRunner.testCase.setPropertyValue("ServiceId4", json.devices.items[index].service.id)
		testRunner.testCase.setPropertyValue("ServiceNumber4", json.devices.items[index].service.serviceNumber)
	}

	if(num.equals("7007007000")){	
		// Device that will be used on the "API_LastUpdatedAssetsAndServices" test case
		testRunner.testCase.setPropertyValue("DeviceId5", json.devices.items[index].id)  
		testRunner.testCase.setPropertyValue("ServiceId5", json.devices.items[index].service.id)
		testRunner.testCase.setPropertyValue("ServiceNumber5", json.devices.items[index].service.serviceNumber)
	}	

	//if(num.equals("7778889990")){	
		
	if(num.equals("7774567777")){
		// Device that will be used on the "API_LastUpdatedAssetsAndServices" test case
		testRunner.testCase.setPropertyValue("DeviceId6", json.devices.items[index].id)  
		testRunner.testCase.setPropertyValue("ServiceId6", json.devices.items[index].service.id)
		testRunner.testCase.setPropertyValue("ServiceNumber6", json.devices.items[index].service.serviceNumber)
	}	
	
	index++
	
}

def logoUrlComplete = json.devices.items[0].manufacturer.logoUrl

def urlParts = []

urlParts = logoUrlComplete.split("manage")

testRunner.testCase.setPropertyValue("LogoUrl", urlParts[0])


</script></con:config></con:testStep><con:testStep type="groovy" name="ScriptOutputAnaBasicInfo" id="f6221a7f-9d6e-4b46-90cb-09c8aa4ec228"><con:settings/><con:config><script>
def groovyUtils = new com.eviware.soapui.support.GroovyUtils( context ); 
def projectPath = groovyUtils.projectPath //gets the path of the project root


// Set up variables with the test case properties

def firstName = testRunner.testCase.getPropertyValue("FirstName")
def lastName = testRunner.testCase.getPropertyValue("LastName")
def employeeId = testRunner.testCase.getPropertyValue("EmployeeId")
def companyEmployeeId = testRunner.testCase.getPropertyValue("CompanyEmployeeId")
def departmentName = testRunner.testCase.getPropertyValue("DepartmentName")
def departmentId = testRunner.testCase.getPropertyValue("DepartmentId")
def officePhone = testRunner.testCase.getPropertyValue("OfficePhone")
def email = testRunner.testCase.getPropertyValue("Email")
def logoUrl = testRunner.testCase.getPropertyValue("LogoUrl")

def deviceId = testRunner.testCase.getPropertyValue("DeviceId")
def serviceId = testRunner.testCase.getPropertyValue("ServiceId")
def serviceNumber = testRunner.testCase.getPropertyValue("ServiceNumber")

def deviceId2 = testRunner.testCase.getPropertyValue("DeviceId2")
def serviceId2 = testRunner.testCase.getPropertyValue("ServiceId2")
def serviceNumber2 = testRunner.testCase.getPropertyValue("ServiceNumber2")

def deviceId3 = testRunner.testCase.getPropertyValue("DeviceId3")
def serviceId3 = testRunner.testCase.getPropertyValue("ServiceId3")
def serviceNumber3 = testRunner.testCase.getPropertyValue("ServiceNumber3")

def deviceId4 = testRunner.testCase.getPropertyValue("DeviceId4")
def serviceId4 = testRunner.testCase.getPropertyValue("ServiceId4")
def serviceNumber4 = testRunner.testCase.getPropertyValue("ServiceNumber4")

def deviceId5 = testRunner.testCase.getPropertyValue("DeviceId5")
def serviceId5 = testRunner.testCase.getPropertyValue("ServiceId5")
def serviceNumber5 = testRunner.testCase.getPropertyValue("ServiceNumber5")

def deviceId6 = testRunner.testCase.getPropertyValue("DeviceId6")
def serviceId6 = testRunner.testCase.getPropertyValue("ServiceId6")
def serviceNumber6 = testRunner.testCase.getPropertyValue("ServiceNumber6")


// file to be used through complete test case.
File outFile = new File(projectPath + "\\" + "AnaUserData.txt")

def logFile = outFile
logFile.delete()

logFile.append("FirstName:" + firstName+ "\n")
logFile.append("LastName:" + lastName + "\n")
logFile.append("EmployeeId:" + employeeId + "\n")
logFile.append("CompanyEmployeeId:" + companyEmployeeId + "\n")
logFile.append("DepartmentName:" + departmentName + "\n")
logFile.append("DepartmentId:" + departmentId + "\n")
logFile.append("OfficePhone:" + officePhone + "\n")
logFile.append("Email:" + email + "\n")
logFile.append("LogoUrl:" + logoUrl + "\n")

logFile.append("DeviceId:" + deviceId + "\n")
logFile.append("ServiceId:" + serviceId + "\n")
logFile.append("ServiceNumber:" + serviceNumber + "\n")

logFile.append("DeviceId2:" + deviceId2 + "\n")
logFile.append("ServiceId2:" + serviceId2 + "\n")
logFile.append("ServiceNumber2:" + serviceNumber2 + "\n")

logFile.append("DeviceId3:" + deviceId3 + "\n")
logFile.append("ServiceId3:" + serviceId3 + "\n")
logFile.append("ServiceNumber3:" + serviceNumber3 + "\n")

logFile.append("DeviceId4:" + deviceId4 + "\n")
logFile.append("ServiceId4:" + serviceId4 + "\n")
logFile.append("ServiceNumber4:" + serviceNumber4 + "\n")

logFile.append("DeviceId5:" + deviceId5 + "\n")
logFile.append("ServiceId5:" + serviceId5 + "\n")
logFile.append("ServiceNumber5:" + serviceNumber5 + "\n")

logFile.append("DeviceId6:" + deviceId6 + "\n")
logFile.append("ServiceId6:" + serviceId6 + "\n")
logFile.append("ServiceNumber6:" + serviceNumber6 + "\n")
</script></con:config></con:testStep><con:testStep type="groovy" name="ScriptOutputAnaAddressInfo" id="a932d9c8-1916-4d20-944c-9d1d18202d57"><con:settings/><con:config><script>
def groovyUtils = new com.eviware.soapui.support.GroovyUtils( context ); 
def projectPath = groovyUtils.projectPath //gets the path of the project root


// Set up variables with the test case properties

// Address Info Components
def address1Id = testRunner.testCase.getPropertyValue("AddressComponents1Id")
def address1Label = testRunner.testCase.getPropertyValue("AddressComponents1Label")
def address1Value = testRunner.testCase.getPropertyValue("AddressComponents1Value")
def address2Id = testRunner.testCase.getPropertyValue("AddressComponents2Id")
def address2Label = testRunner.testCase.getPropertyValue("AddressComponents2Label")
def address2Value = testRunner.testCase.getPropertyValue("AddressComponents2Value")
def address3Id = testRunner.testCase.getPropertyValue("AddressComponents3Id")
def address3Label = testRunner.testCase.getPropertyValue("AddressComponents3Label")
def address3Value = testRunner.testCase.getPropertyValue("AddressComponents3Value")

 // Address Info Region
def regionId = testRunner.testCase.getPropertyValue("AnaRegionId")
def regionName = testRunner.testCase.getPropertyValue("AnaRegionName")


// file to be used through complete test case.
File outFile = new File(projectPath + "\\" + "AnaAddressData.txt")

def logFile = outFile
logFile.delete()

logFile.append("AddressComponents1Id:" + address1Id+ "\n")
logFile.append("AddressComponents1Label:" + address1Label + "\n")
logFile.append("AddressComponents1Value:" + address1Value + "\n")
logFile.append("AddressComponents2Id:" + address2Id + "\n")
logFile.append("AddressComponents2Label:" + address2Label + "\n")
logFile.append("AddressComponents2Value:" + address2Value + "\n")
logFile.append("AddressComponents3Id:" + address3Id + "\n")
logFile.append("AddressComponents3Label:" + address3Label + "\n")
logFile.append("AddressComponents3Value:" + address3Value + "\n")

logFile.append("AnaRegionId:" + regionId + "\n")
logFile.append("AnaRegionName:" + regionName + "\n")





</script></con:config></con:testStep><con:properties><con:property><con:name>Tenant</con:name><con:value>XX1</con:value></con:property><con:property><con:name>limit</con:name><con:value>10</con:value></con:property><con:property><con:name>offset</con:name><con:value>0</con:value></con:property><con:property><con:name>companyEmployeeId</con:name><con:value>ana.pace.xx1</con:value></con:property><con:property><con:name>AccessToken</con:name><con:value>oW1avf1lIPOUza-mthGi1PSsCI8AhEAwuynfNsKEpi_P90wz684ltz1vRdjJ5QH_erRK-Binpneqb4XvRS27sQ</con:value></con:property><con:property><con:name>RefreshToken</con:name><con:value>JHnxCI-95mWgcfQswO7skHHAz-ObhQV5gzVE7qUpF3dTQ5rGQNXCmCAQhUQtZSFSYcSUNMar_ZIRyz9f5ss_Eg</con:value></con:property><con:property><con:name>DeviceId</con:name><con:value>35434539</con:value></con:property><con:property><con:name>ServiceId</con:name><con:value>38457027</con:value></con:property><con:property><con:name>EmployeeId</con:name><con:value>28680025</con:value></con:property><con:property><con:name>DepartmentId</con:name><con:value>11569020385</con:value></con:property><con:property><con:name>LogoUrl</con:name><con:value>https://qa1cmd.tangoe.com/</con:value></con:property><con:property><con:name>URL</con:name><con:value>https://tngo-qa-mobproc-cmd.cloudhub.io/mobproc/v1.qa</con:value></con:property><con:property><con:name>client_id</con:name><con:value>3c276cecdc674aabb5456f54b605bbbf</con:value></con:property><con:property><con:name>client_secret</con:name><con:value>c513c4a67492405d95CE4DB4B40B73FF</con:value></con:property><con:property><con:name>AnaEmployeeId</con:name><con:value>28680025</con:value></con:property><con:property><con:name>FirstName</con:name><con:value>AnaLaura</con:value></con:property><con:property><con:name>LastName</con:name><con:value>Pace</con:value></con:property><con:property><con:name>DepartmentName</con:name><con:value>Development</con:value></con:property><con:property><con:name>OfficePhone</con:name><con:value>123-555-4567</con:value></con:property><con:property><con:name>Email</con:name><con:value>analaura@example.com</con:value></con:property><con:property><con:name>ServiceNumber</con:name><con:value>7775551234</con:value></con:property><con:property><con:name>AddressComponents1Id</con:name><con:value>LINE_1</con:value></con:property><con:property><con:name>AddressComponents1Label</con:name><con:value>Line 1</con:value></con:property><con:property><con:name>AddressComponents1Value</con:name><con:value>123 Main</con:value></con:property><con:property><con:name>AddressComponents2Id</con:name><con:value>CITY</con:value></con:property><con:property><con:name>AddressComponents2Label</con:name><con:value>City</con:value></con:property><con:property><con:name>AddressComponents2Value</con:name><con:value>Mendoza</con:value></con:property><con:property><con:name>AddressComponents3Id</con:name><con:value>POSTAL_CODE</con:value></con:property><con:property><con:name>AddressComponents3Label</con:name><con:value>Postal Code</con:value></con:property><con:property><con:name>AddressComponents3Value</con:name><con:value>938278</con:value></con:property><con:property><con:name>RegionMetaHref</con:name><con:value>https://tngo-qa-mobproc-cmd.cloudhub.io/mobproc/v1.qa/regions/70143764</con:value></con:property><con:property><con:name>RegionId</con:name><con:value>70143764</con:value></con:property><con:property><con:name>RegionName</con:name><con:value>Argentina</con:value></con:property><con:property><con:name>AnaRegionId</con:name><con:value>70143764</con:value></con:property><con:property><con:name>AnaRegionName</con:name><con:value>Argentina</con:value></con:property><con:property><con:name>DeviceId2</con:name><con:value>35434739</con:value></con:property><con:property><con:name>ServiceId2</con:name><con:value>38457047</con:value></con:property><con:property><con:name>ServiceNumber2</con:name><con:value>7774567890</con:value></con:property><con:property><con:name>DeviceId3</con:name><con:value>35434679</con:value></con:property><con:property><con:name>ServiceId3</con:name><con:value>38457207</con:value></con:property><con:property><con:name>ServiceNumber3</con:name><con:value>7774561122</con:value></con:property><con:property><con:name>DeviceId4</con:name><con:value>35434179</con:value></con:property><con:property><con:name>ServiceId4</con:name><con:value>38457327</con:value></con:property><con:property><con:name>ServiceNumber4</con:name><con:value>7894561230</con:value></con:property><con:property><con:name>DeviceId5</con:name><con:value>35434819</con:value></con:property><con:property><con:name>ServiceId5</con:name><con:value>38461347</con:value></con:property><con:property><con:name>ServiceNumber5</con:name><con:value>7007007000</con:value></con:property><con:property><con:name>DeviceId6</con:name><con:value>35435019</con:value></con:property><con:property><con:name>ServiceId6</con:name><con:value>38461427</con:value></con:property><con:property><con:name>ServiceNumber6</con:name><con:value>7774567777</con:value></con:property></con:properties><con:reportParameters/><con:breakPoints><con:testStepId>751f39d4-0ed2-4e39-b060-46a9c640ef7a</con:testStepId><con:status>NONE</con:status><con:properties/></con:breakPoints><con:breakPoints><con:testStepId>1dc186b6-b57b-4b9b-a753-ccc509ab9574</con:testStepId><con:status>NONE</con:status><con:properties/></con:breakPoints><con:breakPoints><con:testStepId>0d5123c9-9cdc-44fb-b8ef-1468eb565a34</con:testStepId><con:status>NONE</con:status><con:properties/></con:breakPoints><con:breakPoints><con:testStepId>ad7e1777-0736-4b7a-b31f-9c89acb5a0ac</con:testStepId><con:status>NONE</con:status><con:properties/></con:breakPoints><con:breakPoints><con:testStepId>f13f0fcb-97d2-4794-a4fe-32bcd7422edd</con:testStepId><con:status>NONE</con:status><con:properties/></con:breakPoints><con:breakPoints><con:testStepId>8631055c-c29c-4b36-a6e9-563f9abdc6fa</con:testStepId><con:status>NONE</con:status><con:properties/></con:breakPoints><con:breakPoints><con:testStepId>0789e6bd-df77-4ce6-854f-16ed26bb23dd</con:testStepId><con:status>NONE</con:status><con:properties/></con:breakPoints><con:breakPoints><con:testStepId>f6221a7f-9d6e-4b46-90cb-09c8aa4ec228</con:testStepId><con:status>NONE</con:status><con:properties/></con:breakPoints><con:breakPoints><con:testStepId>a932d9c8-1916-4d20-944c-9d1d18202d57</con:testStepId><con:status>NONE</con:status><con:properties/></con:breakPoints></con:testCase><con:properties/><con:reportParameters/></con:testSuite><con:requirements/><con:properties/><con:wssContainer/><con:databaseConnectionContainer/><con:oAuth2ProfileContainer/><con:reporting><con:reportTemplates/><con:xmlTemplates/><con:xmlTemplates/><con:parameters/><con:parameters/></con:reporting><con:reporting/><con:authRepository/><con:tags/></con:soapui-project>