<?xml version="1.0" encoding="UTF-8"?>
<con:soapui-project id="7ee6778f-a235-416e-a277-5e58d80bc9c2" activeEnvironment="Default environment" name="API_CatalogPlansFiltering" lastOpened="2017-08-18T11:33:17.250-03:00" soapui-version="6.0.0" updated="2.3.0 2018-03-06T16:28:42Z" encryptionMode="Not encrypted" xmlns:con="http://eviware.com/soapui/config">
  <con:settings/>
  <con:interface xsi:type="con:RestService" id="053d75e2-0330-45a0-a790-f872b1a93778" wadlVersion="http://wadl.dev.java.net/2009/02" name="https://tg-mobility.cloudhub.io" type="rest" xmlns:xsi="http://www.w3.org/2001/XMLSchema-instance">
    <con:settings/>
    <con:definitionCache type="TEXT" rootPart=""/>
    <con:endpoints>
      <con:endpoint>https://tg-mobility.cloudhub.io</con:endpoint>
    </con:endpoints>
    <con:resource name="planId" path="/catalog/plans/{id}" id="49490f82-b210-4415-8120-2948a5d32b71">
      <con:settings/>
      <con:parameters>
        <con:parameter>
          <con:name>X-TNGO-TENANT</con:name>
          <con:value/>
          <con:style>HEADER</con:style>
          <con:default/>
          <con:description xsi:nil="true"/>
        </con:parameter>
        <con:parameter>
          <con:name>Authorization</con:name>
          <con:value/>
          <con:style>HEADER</con:style>
          <con:default/>
          <con:description xsi:nil="true"/>
        </con:parameter>
        <con:parameter>
          <con:name>id</con:name>
          <con:value/>
          <con:style>TEMPLATE</con:style>
          <con:default/>
          <con:description xsi:nil="true"/>
        </con:parameter>
        <con:parameter>
          <con:name>client_id</con:name>
          <con:value/>
          <con:style>HEADER</con:style>
          <con:default/>
          <con:description xsi:nil="true"/>
        </con:parameter>
        <con:parameter>
          <con:name>client_secret</con:name>
          <con:value/>
          <con:style>HEADER</con:style>
          <con:default/>
          <con:description xsi:nil="true"/>
        </con:parameter>
      </con:parameters>
      <con:method name="Method 1" id="1019ff87-5106-4241-9c68-e1c1ecb3f8ca" method="GET">
        <con:settings/>
        <con:parameters/>
        <con:representation type="FAULT">
          <con:mediaType>application/json</con:mediaType>
          <con:status>403 400</con:status>
          <con:params/>
        </con:representation>
        <con:representation type="RESPONSE">
          <con:mediaType>application/json;charset=UTF-8</con:mediaType>
          <con:status>200</con:status>
          <con:params/>
          <con:element xmlns:plan="https://tg-mobility.cloudhub.io/mobility/v1/catalog/plans">plan:Response</con:element>
        </con:representation>
        <con:request name="GetPlanById" id="7d8f5450-581d-4f20-9915-f4c512557d32" mediaType="application/json">
          <con:settings>
            <con:setting id="com.eviware.soapui.impl.wsdl.WsdlRequest@request-headers">&lt;xml-fragment/></con:setting>
          </con:settings>
          <con:endpoint>None</con:endpoint>
          <con:request/>
          <con:credentials>
            <con:selectedAuthProfile>No Authorization</con:selectedAuthProfile>
            <con:authType>No Authorization</con:authType>
          </con:credentials>
          <con:jmsConfig JMSDeliveryMode="PERSISTENT"/>
          <con:parameters>
            <entry key="X-TNGO-TENANT" value="XX1" xmlns="http://eviware.com/soapui/config"/>
          </con:parameters>
          <con:parameterOrder>
            <con:entry>X-TNGO-TENANT</con:entry>
            <con:entry>Authorization</con:entry>
            <con:entry>id</con:entry>
            <con:entry>client_id</con:entry>
            <con:entry>client_secret</con:entry>
          </con:parameterOrder>
        </con:request>
      </con:method>
    </con:resource>
    <con:resource name="plans" path="/catalog/plans" id="58a91fc8-c2de-4e5e-b405-50d1919f983f">
      <con:settings/>
      <con:parameters>
        <con:parameter>
          <con:name>X-TNGO-TENANT</con:name>
          <con:value/>
          <con:style>HEADER</con:style>
          <con:default/>
          <con:description xsi:nil="true"/>
        </con:parameter>
        <con:parameter>
          <con:name>limit</con:name>
          <con:value/>
          <con:style>QUERY</con:style>
          <con:default/>
          <con:description xsi:nil="true"/>
        </con:parameter>
        <con:parameter>
          <con:name>offset</con:name>
          <con:value/>
          <con:style>QUERY</con:style>
          <con:default/>
          <con:description xsi:nil="true"/>
        </con:parameter>
        <con:parameter>
          <con:name>Authorization</con:name>
          <con:value/>
          <con:style>HEADER</con:style>
          <con:default/>
          <con:description xsi:nil="true"/>
        </con:parameter>
        <con:parameter>
          <con:name>transactionType</con:name>
          <con:value/>
          <con:style>QUERY</con:style>
          <con:default/>
          <con:description xsi:nil="true"/>
        </con:parameter>
        <con:parameter>
          <con:name>region</con:name>
          <con:value/>
          <con:style>QUERY</con:style>
          <con:default/>
          <con:description xsi:nil="true"/>
        </con:parameter>
        <con:parameter>
          <con:name>client_id</con:name>
          <con:value/>
          <con:style>HEADER</con:style>
          <con:default/>
          <con:description xsi:nil="true"/>
        </con:parameter>
        <con:parameter>
          <con:name>client_secret</con:name>
          <con:value/>
          <con:style>HEADER</con:style>
          <con:default/>
          <con:description xsi:nil="true"/>
        </con:parameter>
        <con:parameter>
          <con:name>compatibleWithDevice</con:name>
          <con:value/>
          <con:style>QUERY</con:style>
          <con:default/>
          <con:description xsi:nil="true"/>
        </con:parameter>
        <con:parameter>
          <con:name>postalCode</con:name>
          <con:value/>
          <con:style>QUERY</con:style>
          <con:default/>
          <con:description xsi:nil="true"/>
        </con:parameter>
        <con:parameter>
          <con:name>service</con:name>
          <con:value/>
          <con:style>QUERY</con:style>
          <con:default/>
          <con:description xsi:nil="true"/>
        </con:parameter>
        <con:parameter>
          <con:name>vendor</con:name>
          <con:value/>
          <con:style>QUERY</con:style>
          <con:default/>
          <con:description xsi:nil="true"/>
        </con:parameter>
      </con:parameters>
      <con:method name="Method 1" id="e964f6b0-bf50-4469-957f-e92d8509fe4f" method="GET">
        <con:settings/>
        <con:parameters/>
        <con:representation type="FAULT">
          <con:mediaType>application/json</con:mediaType>
          <con:status>403 400</con:status>
          <con:params/>
        </con:representation>
        <con:representation type="RESPONSE">
          <con:mediaType>application/json;charset=UTF-8</con:mediaType>
          <con:status>200</con:status>
          <con:params/>
          <con:element xmlns:plan="https://tg-mobility.cloudhub.io/mobility/v1/catalog/plans">plan:Response</con:element>
        </con:representation>
        <con:representation type="RESPONSE">
          <con:mediaType xsi:nil="true"/>
          <con:status>0</con:status>
          <con:params/>
          <con:element>data</con:element>
        </con:representation>
        <con:request name="GetPlans" id="d90fb46a-6922-4296-ba2b-09f31af372e5" mediaType="application/json">
          <con:settings>
            <con:setting id="com.eviware.soapui.impl.wsdl.WsdlRequest@request-headers">&lt;xml-fragment/></con:setting>
          </con:settings>
          <con:endpoint>None</con:endpoint>
          <con:request/>
          <con:credentials>
            <con:selectedAuthProfile>No Authorization</con:selectedAuthProfile>
            <con:authType>No Authorization</con:authType>
          </con:credentials>
          <con:jmsConfig JMSDeliveryMode="PERSISTENT"/>
          <con:parameters>
            <entry key="X-TNGO-TENANT" value="XX1" xmlns="http://eviware.com/soapui/config"/>
          </con:parameters>
          <con:parameterOrder>
            <con:entry>X-TNGO-TENANT</con:entry>
            <con:entry>Authorization</con:entry>
            <con:entry>client_id</con:entry>
            <con:entry>client_secret</con:entry>
            <con:entry>limit</con:entry>
            <con:entry>offset</con:entry>
            <con:entry>transactionType</con:entry>
            <con:entry>region</con:entry>
            <con:entry>postalCode</con:entry>
            <con:entry>compatibleWithDevice</con:entry>
            <con:entry>service</con:entry>
            <con:entry>vendor</con:entry>
          </con:parameterOrder>
        </con:request>
      </con:method>
    </con:resource>
    <con:resource name="regions" path="/regions" id="cadd7233-bc9d-4869-9a34-374c5a25fb8d">
      <con:settings/>
      <con:parameters>
        <con:parameter>
          <con:name>type</con:name>
          <con:value>ALL</con:value>
          <con:style>QUERY</con:style>
          <con:default>ALL</con:default>
        </con:parameter>
        <con:parameter>
          <con:name>X-TNGO-TENANT</con:name>
          <con:value/>
          <con:style>HEADER</con:style>
          <con:default/>
          <con:description xsi:nil="true"/>
        </con:parameter>
        <con:parameter>
          <con:name>Authorization</con:name>
          <con:value/>
          <con:style>HEADER</con:style>
          <con:default/>
          <con:description xsi:nil="true"/>
        </con:parameter>
        <con:parameter>
          <con:name>client_id</con:name>
          <con:value/>
          <con:style>HEADER</con:style>
          <con:default/>
          <con:description xsi:nil="true"/>
        </con:parameter>
        <con:parameter>
          <con:name>client_secret</con:name>
          <con:value/>
          <con:style>HEADER</con:style>
          <con:default/>
          <con:description xsi:nil="true"/>
        </con:parameter>
      </con:parameters>
      <con:method name="Method 1" id="5d3f9c96-c461-49a9-b0d4-45d8961a5ba7" method="GET">
        <con:settings/>
        <con:parameters/>
        <con:representation type="RESPONSE">
          <con:mediaType>application/json;charset=UTF-8</con:mediaType>
          <con:status>200</con:status>
          <con:params/>
          <con:element xmlns:reg="https://tg-mobility.cloudhub.io/mobility/v1/regions">reg:Response</con:element>
        </con:representation>
        <con:representation type="RESPONSE">
          <con:mediaType xsi:nil="true"/>
          <con:status>0</con:status>
          <con:params/>
          <con:element>data</con:element>
        </con:representation>
        <con:representation type="RESPONSE">
          <con:mediaType xsi:nil="true"/>
          <con:status>0</con:status>
          <con:params/>
          <con:element>data</con:element>
        </con:representation>
        <con:representation type="RESPONSE">
          <con:mediaType xsi:nil="true"/>
          <con:status>0</con:status>
          <con:params/>
          <con:element>data</con:element>
        </con:representation>
        <con:representation type="FAULT">
          <con:mediaType>application/json</con:mediaType>
          <con:status>500 403</con:status>
          <con:params/>
          <con:element xmlns:reg="https://tg-mobility.cloudhub.io/mobility/v1/regions">reg:Fault</con:element>
        </con:representation>
        <con:request name="GetRegions" id="e5c37b06-682a-4444-bc72-99b56f3e46f8" mediaType="application/json">
          <con:settings>
            <con:setting id="com.eviware.soapui.impl.wsdl.WsdlRequest@request-headers">&lt;xml-fragment/></con:setting>
          </con:settings>
          <con:endpoint>none</con:endpoint>
          <con:request/>
          <con:credentials>
            <con:selectedAuthProfile>No Authorization</con:selectedAuthProfile>
            <con:authType>No Authorization</con:authType>
          </con:credentials>
          <con:jmsConfig JMSDeliveryMode="PERSISTENT"/>
          <con:parameters/>
          <con:parameterOrder>
            <con:entry>X-TNGO-TENANT</con:entry>
            <con:entry>Authorization</con:entry>
            <con:entry>type</con:entry>
            <con:entry>client_id</con:entry>
            <con:entry>client_secret</con:entry>
          </con:parameterOrder>
        </con:request>
      </con:method>
    </con:resource>
  </con:interface>
  <con:interface xsi:type="con:RestService" id="dba32086-b411-43c8-a791-d4463dd3c2bf" wadlVersion="http://wadl.dev.java.net/2009/02" name="https://tngo-dev-mobproc-cmd.cloudhub.io" type="rest" xmlns:xsi="http://www.w3.org/2001/XMLSchema-instance">
    <con:settings/>
    <con:definitionCache type="TEXT" rootPart=""/>
    <con:endpoints>
      <con:endpoint>https://tngo-dev-mobproc-cmd.cloudhub.io</con:endpoint>
    </con:endpoints>
    <con:resource name="Devices" path="/catalog/devices" id="1cbcc75d-26a9-42ad-92b2-c704a99847f7">
      <con:settings/>
      <con:parameters>
        <con:parameter>
          <con:name>transactionType</con:name>
          <con:value>NEW_ACTIVATION</con:value>
          <con:style>QUERY</con:style>
          <con:default>NEW_ACTIVATION</con:default>
          <con:path xsi:nil="true"/>
          <con:description xsi:nil="true"/>
        </con:parameter>
        <con:parameter>
          <con:name>region</con:name>
          <con:value>70144640</con:value>
          <con:style>QUERY</con:style>
          <con:default>70144640</con:default>
          <con:path xsi:nil="true"/>
          <con:description xsi:nil="true"/>
        </con:parameter>
        <con:parameter>
          <con:name>offset</con:name>
          <con:value>0</con:value>
          <con:style>QUERY</con:style>
          <con:default>0</con:default>
          <con:path xsi:nil="true"/>
          <con:description xsi:nil="true"/>
        </con:parameter>
        <con:parameter>
          <con:name>limit</con:name>
          <con:value>10</con:value>
          <con:style>QUERY</con:style>
          <con:default>10</con:default>
          <con:path xsi:nil="true"/>
          <con:description xsi:nil="true"/>
        </con:parameter>
        <con:parameter>
          <con:name>X-TNGO-TENANT</con:name>
          <con:value/>
          <con:style>HEADER</con:style>
          <con:default/>
          <con:description xsi:nil="true"/>
        </con:parameter>
        <con:parameter>
          <con:name>Authorization</con:name>
          <con:value/>
          <con:style>HEADER</con:style>
          <con:default/>
          <con:description xsi:nil="true"/>
        </con:parameter>
        <con:parameter>
          <con:name>client_id</con:name>
          <con:value/>
          <con:style>HEADER</con:style>
          <con:default/>
          <con:description xsi:nil="true"/>
        </con:parameter>
        <con:parameter>
          <con:name>client_secret</con:name>
          <con:value/>
          <con:style>HEADER</con:style>
          <con:default/>
          <con:description xsi:nil="true"/>
        </con:parameter>
      </con:parameters>
      <con:method name="Devices" id="b47933c8-1020-45bd-bac4-b02a5a58234a" method="GET">
        <con:settings/>
        <con:parameters/>
        <con:representation type="RESPONSE">
          <con:mediaType>application/json;charset=UTF-8</con:mediaType>
          <con:status>200</con:status>
          <con:params/>
          <con:element xmlns:dev="https://tngo-qa-mobproc-cmd.cloudhub.io/mobproc/v1.qa/catalog/devices">dev:Response</con:element>
        </con:representation>
        <con:request name="Request 1" id="6b4d38c1-2cea-4ca6-9458-ab034ded7109" mediaType="application/json">
          <con:settings>
            <con:setting id="com.eviware.soapui.impl.wsdl.WsdlRequest@request-headers">&lt;xml-fragment/></con:setting>
          </con:settings>
          <con:endpoint>None</con:endpoint>
          <con:request/>
          <con:credentials>
            <con:selectedAuthProfile>No Authorization</con:selectedAuthProfile>
            <con:authType>No Authorization</con:authType>
          </con:credentials>
          <con:jmsConfig JMSDeliveryMode="PERSISTENT"/>
          <con:parameters>
            <con:entry key="transactionType" value=""/>
            <con:entry key="offset" value=""/>
            <con:entry key="limit" value=""/>
            <con:entry key="region" value=""/>
          </con:parameters>
          <con:parameterOrder>
            <con:entry>X-TNGO-TENANT</con:entry>
            <con:entry>Authorization</con:entry>
            <con:entry>client_secret</con:entry>
            <con:entry>client_id</con:entry>
            <con:entry>transactionType</con:entry>
            <con:entry>region</con:entry>
            <con:entry>offset</con:entry>
            <con:entry>limit</con:entry>
          </con:parameterOrder>
        </con:request>
      </con:method>
    </con:resource>
  </con:interface>
  <con:testSuite id="4164a4a8-f86a-41ce-9adb-a906a64a8ca1" name="TS_CatalogPlansFiltering">
    <con:settings/>
    <con:runType>SEQUENTIAL</con:runType>
    <con:testCase id="2b6cb8a0-03f5-4eca-ad0c-15857d0cc197" discardOkResults="true" failOnError="true" failTestCaseOnErrors="true" keepSession="false" name="TC_CatalogPlansFiltering" searchProperties="true">
      <con:settings/>
      <con:savedRecentRuns>1</con:savedRecentRuns>
      <con:testStep type="groovy" name="ScriptSetupPlans" id="11499cac-d7c6-4b1a-a3fd-4c893975104e">
        <con:settings/>
        <con:config>
          <script>// /////////////////////////////////////////////
// This sets up all of the test case properties
// /////////////////////////////////////////////

def groovyUtils = new com.eviware.soapui.support.GroovyUtils( context ); 
def projectPath = groovyUtils.projectPath //gets the path of the project root

// this is sanity check with a simple call. all this does is verify a simple connection 
// to the external clases by logging a message in log window.
soapUIScripts.CommonMethods.StaticMethod(log) 

// setup test case properties stored in 'DudleyDorightDataActions' class.
soapUIScripts.DudleyDorightDataActions.SetupTestCaseProperties(log, testRunner) 

// read in token pair and put in test case properties.
// NOTE: token pair must be in same folder as project
//       token pair must be up to date (not expired)
assert(soapUIScripts.CommonMethods.ReadTokenPair(projectPath + "\\" + "TokenPair.txt", log, testRunner) == true)

// read user Ids and assign to test case properties 
def userIdsFileName = projectPath + "\\" + "DudleyDoright.txt"
assert soapUIScripts.CommonMethods.ReadUserIdsURL(userIdsFileName, log, testRunner) == true

def userIdsFileName2 = projectPath + "\\" + "AnaUserData.txt"
assert soapUIScripts.CommonMethods.ReadUserIds(userIdsFileName2, log, testRunner) == true

context.offset = 0
context.limit = 20

testRunner.testCase.setPropertyValue("offset", context.offset.toString())
testRunner.testCase.setPropertyValue("limit", context.limit.toString())

testRunner.testCase.setPropertyValue("regionId", "70144640")
testRunner.testCase.setPropertyValue("vendorId", "98")

testRunner.testCase.setPropertyValue("transactionType", "NEW_ACTIVATION")
testRunner.testCase.setPropertyValue("postalCode", "02452")</script>
        </con:config>
      </con:testStep>
      <con:testStep type="restrequest" name="GetDevices" id="1dbb59fb-bd92-48a7-ac3a-dcfb7caa6c0d">
        <con:settings/>
        <con:config service="https://tngo-dev-mobproc-cmd.cloudhub.io" resourcePath="/catalog/devices" methodName="Devices" xsi:type="con:RestRequestStep" xmlns:xsi="http://www.w3.org/2001/XMLSchema-instance">
          <con:restRequest name="GetDevices" id="6b4d38c1-2cea-4ca6-9458-ab034ded7109" mediaType="application/json">
            <con:settings>
              <con:setting id="com.eviware.soapui.impl.wsdl.WsdlRequest@request-headers">&lt;xml-fragment/></con:setting>
            </con:settings>
            <con:endpoint>${#TestCase#URL}</con:endpoint>
            <con:request/>
            <con:originalUri>https://tngo-qa-mobproc-cmd.cloudhub.io/mobproc/v1.qa/catalog/devices</con:originalUri>
            <con:assertion type="Valid HTTP Status Codes" id="7e19c768-61c5-4103-a7da-28ac097b6f06" name="Valid HTTP Status Codes">
              <con:settings/>
              <con:configuration>
                <codes>200</codes>
              </con:configuration>
            </con:assertion>
            <con:credentials>
              <con:selectedAuthProfile>No Authorization</con:selectedAuthProfile>
              <con:authType>No Authorization</con:authType>
            </con:credentials>
            <con:jmsConfig JMSDeliveryMode="PERSISTENT"/>
            <con:parameters>
              <con:entry key="transactionType" value="${#TestCase#transactionType}"/>
              <con:entry key="Authorization" value="Bearer ${#TestCase#AccessToken}"/>
              <con:entry key="offset" value="${#TestCase#offset}"/>
              <con:entry key="X-TNGO-TENANT" value="${#TestCase#Tenant}"/>
              <con:entry key="limit" value="${#TestCase#limit}"/>
              <con:entry key="client_secret" value="${#TestCase#clientSecret}"/>
              <con:entry key="region" value="${#TestCase#regionId}"/>
              <con:entry key="client_id" value="${#TestCase#clientId}"/>
            </con:parameters>
            <con:parameterOrder>
              <con:entry>X-TNGO-TENANT</con:entry>
              <con:entry>Authorization</con:entry>
              <con:entry>client_id</con:entry>
              <con:entry>client_secret</con:entry>
              <con:entry>offset</con:entry>
              <con:entry>limit</con:entry>
              <con:entry>transactionType</con:entry>
              <con:entry>region</con:entry>
            </con:parameterOrder>
          </con:restRequest>
        </con:config>
      </con:testStep>
      <con:testStep type="groovy" name="SetupQueryParameterCompatibleWithDevice" id="43d8e18d-ad37-436d-8ab6-089d0a865c45">
        <con:settings/>
        <con:config>
          <script>import groovy.json.JsonSlurper 
import java.util.Random

def groovyUtils = new com.eviware.soapui.support.GroovyUtils( context ); 
def testCase = context.testCase; 
def testStep = testCase.getTestStepByName("GetDevices") 

//  need for external call.
testRunner = new com.eviware.soapui.impl.wsdl.testcase.WsdlTestCaseRunner(testCase, null); 
testStepContext = new com.eviware.soapui.impl.wsdl.testcase.WsdlTestRunContext(testStep); 

// get response of last test step run.
def response = testStep.testRequest.messageExchange.response.responseContent
def slurper = new JsonSlurper()
def json = slurper.parseText response


int amount = json.devices._meta.totalCount
int limit = Integer.parseInt(testRunner.testCase.getPropertyValue("limit"))
//log.info "amount: " + amount

// Gets a random index to get a Plan's id for next test step
Random random = new Random()

// If the total amount of Plans is greater than the limit specified on the request, assign the limit's value to the "amount" variable
if (amount > limit){
	amount = limit
}
int max = amount - 1
int index = random.nextInt(max)

//log.info "index: " + index

def compatibleDeviceId = json.devices.items[index].id
log.info "compatibleDeviceId: " + compatibleDeviceId

testRunner.testCase.setPropertyValue("compatibleDeviceId", compatibleDeviceId)</script>
        </con:config>
      </con:testStep>
      <con:testStep type="restrequest" name="GetPlansCompatibleWithDevice" id="9587b0cc-4571-47f2-86c4-040c9a35be4a">
        <con:settings/>
        <con:config service="https://tg-mobility.cloudhub.io" resourcePath="/catalog/plans" methodName="Method 1" xsi:type="con:RestRequestStep" xmlns:xsi="http://www.w3.org/2001/XMLSchema-instance">
          <con:restRequest name="GetPlansCompatibleWithDevice" id="eff9ed00-3612-45af-83ac-3e6291855126" mediaType="application/json">
            <con:settings>
              <con:setting id="com.eviware.soapui.impl.wsdl.WsdlRequest@request-headers">&lt;xml-fragment/></con:setting>
            </con:settings>
            <con:endpoint>${#TestCase#URL}</con:endpoint>
            <con:request/>
            <con:originalUri>https://tg-mobility.cloudhub.io/mobility/v1/catalog/plans</con:originalUri>
            <con:assertion type="Valid HTTP Status Codes" id="2d58f649-1120-47e8-be2a-680643684a4c" name="Valid HTTP Status Codes">
              <con:settings/>
              <con:configuration>
                <codes>200</codes>
              </con:configuration>
            </con:assertion>
            <con:credentials>
              <con:selectedAuthProfile>No Authorization</con:selectedAuthProfile>
              <con:authType>No Authorization</con:authType>
            </con:credentials>
            <con:jmsConfig JMSDeliveryMode="PERSISTENT"/>
            <con:parameters>
              <con:entry key="Authorization" value="Bearer ${#TestCase#AccessToken}"/>
              <con:entry key="transactionType" value="${#TestCase#transactionType}"/>
              <con:entry key="offset" value="${#TestCase#offset}"/>
              <con:entry key="service" value=""/>
              <con:entry key="vendor" value=""/>
              <con:entry key="X-TNGO-TENANT" value="${#TestCase#Tenant}"/>
              <con:entry key="postalCode" value=""/>
              <con:entry key="limit" value="${#TestCase#limit}"/>
              <con:entry key="compatibleWithDevice" value="${#TestCase#compatibleDeviceId}"/>
              <con:entry key="client_secret" value="${#TestCase#clientSecret}"/>
              <con:entry key="region" value="${#TestCase#regionId}"/>
              <con:entry key="client_id" value="${#TestCase#clientId}"/>
            </con:parameters>
            <con:parameterOrder>
              <con:entry>X-TNGO-TENANT</con:entry>
              <con:entry>Authorization</con:entry>
              <con:entry>client_id</con:entry>
              <con:entry>client_secret</con:entry>
              <con:entry>limit</con:entry>
              <con:entry>offset</con:entry>
              <con:entry>transactionType</con:entry>
              <con:entry>region</con:entry>
              <con:entry>postalCode</con:entry>
              <con:entry>compatibleWithDevice</con:entry>
              <con:entry>service</con:entry>
              <con:entry>vendor</con:entry>
            </con:parameterOrder>
          </con:restRequest>
        </con:config>
      </con:testStep>
      <con:testStep type="groovy" name="VerifyPlansByCompatibleWithDevice" id="38e88253-03cc-49c7-bccf-b8ff7a31a5fc">
        <con:settings/>
        <con:config>
          <script>import groovy.json.JsonSlurper 

def groovyUtils = new com.eviware.soapui.support.GroovyUtils( context ); 
def testCase = context.testCase; 
def testStep = testCase.getTestStepByName("GetPlansCompatibleWithDevice") 

//  need for external call.
testRunner = new com.eviware.soapui.impl.wsdl.testcase.WsdlTestCaseRunner(testCase, null); 
testStepContext = new com.eviware.soapui.impl.wsdl.testcase.WsdlTestRunContext(testStep); 

// get response of last test step run.
def response = testStep.testRequest.messageExchange.response.responseContent
def slurper = new JsonSlurper()
def json = slurper.parseText response


def compatibleDeviceId = testRunner.testCase.getPropertyValue("compatibleDeviceId")
def metaHref = json.plans._meta.href

assert (metaHref.contains(compatibleDeviceId))


log.info "Compatible Device Id Ok"</script>
        </con:config>
      </con:testStep>
      <con:testStep type="restrequest" name="GetPlansByService" id="d1642881-ca1c-4850-8b31-e39d7404e235">
        <con:settings/>
        <con:config service="https://tg-mobility.cloudhub.io" resourcePath="/catalog/plans" methodName="Method 1" xsi:type="con:RestRequestStep" xmlns:xsi="http://www.w3.org/2001/XMLSchema-instance">
          <con:restRequest name="GetPlansByService" id="eff9ed00-3612-45af-83ac-3e6291855126" mediaType="application/json">
            <con:settings>
              <con:setting id="com.eviware.soapui.impl.wsdl.WsdlRequest@request-headers">&lt;xml-fragment/></con:setting>
            </con:settings>
            <con:endpoint>${#TestCase#URL}</con:endpoint>
            <con:request/>
            <con:originalUri>https://tg-mobility.cloudhub.io/mobility/v1/catalog/plans</con:originalUri>
            <con:assertion type="Valid HTTP Status Codes" id="2d58f649-1120-47e8-be2a-680643684a4c" name="Valid HTTP Status Codes">
              <con:settings/>
              <con:configuration>
                <codes>200</codes>
              </con:configuration>
            </con:assertion>
            <con:credentials>
              <con:selectedAuthProfile>No Authorization</con:selectedAuthProfile>
              <con:authType>No Authorization</con:authType>
            </con:credentials>
            <con:jmsConfig JMSDeliveryMode="PERSISTENT"/>
            <con:parameters>
              <con:entry key="Authorization" value="Bearer ${#TestCase#AccessToken}"/>
              <con:entry key="transactionType" value="${#TestCase#transactionType}"/>
              <con:entry key="offset" value="${#TestCase#offset}"/>
              <con:entry key="vendor" value=""/>
              <con:entry key="service" value="${#TestCase#ServiceId}"/>
              <con:entry key="X-TNGO-TENANT" value="${#TestCase#Tenant}"/>
              <con:entry key="postalCode" value=""/>
              <con:entry key="limit" value="${#TestCase#limit}"/>
              <con:entry key="compatibleWithDevice" value=""/>
              <con:entry key="client_secret" value="${#TestCase#clientSecret}"/>
              <con:entry key="region" value="${#TestCase#regionId}"/>
              <con:entry key="client_id" value="${#TestCase#clientId}"/>
            </con:parameters>
            <con:parameterOrder>
              <con:entry>X-TNGO-TENANT</con:entry>
              <con:entry>Authorization</con:entry>
              <con:entry>client_id</con:entry>
              <con:entry>client_secret</con:entry>
              <con:entry>limit</con:entry>
              <con:entry>offset</con:entry>
              <con:entry>transactionType</con:entry>
              <con:entry>region</con:entry>
              <con:entry>postalCode</con:entry>
              <con:entry>compatibleWithDevice</con:entry>
              <con:entry>service</con:entry>
              <con:entry>vendor</con:entry>
            </con:parameterOrder>
          </con:restRequest>
        </con:config>
      </con:testStep>
      <con:testStep type="groovy" name="VerifyPlansByService" id="2f54e00a-32ac-45fb-8281-269fba15459a">
        <con:settings/>
        <con:config>
          <script>import groovy.json.JsonSlurper 

def groovyUtils = new com.eviware.soapui.support.GroovyUtils(context ); 
def testCase = context.testCase; 
def testStep = testCase.getTestStepByName("GetPlansByService") 

//  need for external call.
testRunner = new com.eviware.soapui.impl.wsdl.testcase.WsdlTestCaseRunner(testCase, null); 
testStepContext = new com.eviware.soapui.impl.wsdl.testcase.WsdlTestRunContext(testStep); 

// get response of last test step run.
def response = testStep.testRequest.messageExchange.response.responseContent
def slurper = new JsonSlurper()
def json = slurper.parseText response


def serviceId = testRunner.testCase.getPropertyValue("ServiceId")
def metaHref = json.plans._meta.href

assert (metaHref.contains(serviceId))

log.info "Service Ok"</script>
        </con:config>
      </con:testStep>
      <con:testStep type="datasource" name="DataSource" id="a96b2059-6fc7-4012-a350-e27fdeece4ac">
        <con:settings/>
        <con:config xsi:type="con:DataSourceStep" xmlns:xsi="http://www.w3.org/2001/XMLSchema-instance">
          <con:dataSource type="Grid">
            <con:configuration>
              <check><![CDATA[<xml-fragment><con:entry xmlns:con="http://eviware.com/soapui/config">true</con:entry><con:entry xmlns:con="http://eviware.com/soapui/config">true</con:entry><con:entry xmlns:con="http://eviware.com/soapui/config">true</con:entry><con:entry xmlns:con="http://eviware.com/soapui/config">true</con:entry><con:entry xmlns:con="http://eviware.com/soapui/config">true</con:entry></xml-fragment>]]></check>
              <row>&lt;xml-fragment>&lt;con:entry xmlns:con="http://eviware.com/soapui/config">UPGRADE&lt;/con:entry>&lt;con:entry xmlns:con="http://eviware.com/soapui/config"/>&lt;/xml-fragment></row>
              <row>&lt;xml-fragment>&lt;con:entry xmlns:con="http://eviware.com/soapui/config">PORT_NUMBER&lt;/con:entry>&lt;con:entry xmlns:con="http://eviware.com/soapui/config"/>&lt;/xml-fragment></row>
              <row>&lt;xml-fragment>&lt;con:entry xmlns:con="http://eviware.com/soapui/config">NEW_ACTIVATION&lt;/con:entry>&lt;con:entry xmlns:con="http://eviware.com/soapui/config"/>&lt;/xml-fragment></row>
              <row>&lt;xml-fragment>&lt;con:entry xmlns:con="http://eviware.com/soapui/config">XFER_SERVICE_IN&lt;/con:entry>&lt;con:entry xmlns:con="http://eviware.com/soapui/config"/>&lt;/xml-fragment></row>
              <row>&lt;xml-fragment>&lt;con:entry xmlns:con="http://eviware.com/soapui/config">XFER_SERVICE_IN_AND_PORT&lt;/con:entry>&lt;con:entry xmlns:con="http://eviware.com/soapui/config"/>&lt;/xml-fragment></row>
              <recognizeAsPlainText>true</recognizeAsPlainText>
            </con:configuration>
          </con:dataSource>
          <con:property>transactionType</con:property>
          <con:restartOnRun>true</con:restartOnRun>
        </con:config>
      </con:testStep>
      <con:testStep type="restrequest" name="GetPlansByTransactionType" id="f46227b5-de45-4b47-9b55-2bb146bedd06">
        <con:settings/>
        <con:config service="https://tg-mobility.cloudhub.io" resourcePath="/catalog/plans" methodName="Method 1" xsi:type="con:RestRequestStep" xmlns:xsi="http://www.w3.org/2001/XMLSchema-instance">
          <con:restRequest name="GetPlansByTransactionType" id="eff9ed00-3612-45af-83ac-3e6291855126" mediaType="application/json">
            <con:settings>
              <con:setting id="com.eviware.soapui.impl.wsdl.WsdlRequest@request-headers">&lt;xml-fragment/></con:setting>
            </con:settings>
            <con:endpoint>${#TestCase#URL}</con:endpoint>
            <con:request/>
            <con:originalUri>https://tg-mobility.cloudhub.io/mobility/v1/catalog/plans</con:originalUri>
            <con:assertion type="Valid HTTP Status Codes" id="2d58f649-1120-47e8-be2a-680643684a4c" name="Valid HTTP Status Codes">
              <con:settings/>
              <con:configuration>
                <codes>200</codes>
              </con:configuration>
            </con:assertion>
            <con:credentials>
              <con:selectedAuthProfile>No Authorization</con:selectedAuthProfile>
              <con:authType>No Authorization</con:authType>
            </con:credentials>
            <con:jmsConfig JMSDeliveryMode="PERSISTENT"/>
            <con:parameters>
              <con:entry key="Authorization" value="Bearer ${#TestCase#AccessToken}"/>
              <con:entry key="transactionType" value="${DataSource#transactionType}"/>
              <con:entry key="offset" value="${#TestCase#offset}"/>
              <con:entry key="service" value=""/>
              <con:entry key="vendor" value=""/>
              <con:entry key="X-TNGO-TENANT" value="${#TestCase#Tenant}"/>
              <con:entry key="postalCode" value=""/>
              <con:entry key="limit" value="${#TestCase#limit}"/>
              <con:entry key="compatibleWithDevice" value=""/>
              <con:entry key="client_secret" value="${#TestCase#clientSecret}"/>
              <con:entry key="region" value="${#TestCase#regionId}"/>
              <con:entry key="client_id" value="${#TestCase#clientId}"/>
            </con:parameters>
            <con:parameterOrder>
              <con:entry>X-TNGO-TENANT</con:entry>
              <con:entry>Authorization</con:entry>
              <con:entry>client_id</con:entry>
              <con:entry>client_secret</con:entry>
              <con:entry>limit</con:entry>
              <con:entry>offset</con:entry>
              <con:entry>transactionType</con:entry>
              <con:entry>region</con:entry>
              <con:entry>postalCode</con:entry>
              <con:entry>compatibleWithDevice</con:entry>
              <con:entry>service</con:entry>
              <con:entry>vendor</con:entry>
            </con:parameterOrder>
          </con:restRequest>
        </con:config>
      </con:testStep>
      <con:testStep type="groovy" name="VerifyPlansByTransactionType" id="2ec034b7-38d7-4839-9020-1b73e1b4133c">
        <con:settings/>
        <con:config>
          <script>import groovy.json.JsonSlurper 

def groovyUtils = new com.eviware.soapui.support.GroovyUtils(context); 
def testCase = context.testCase; 
def testStep = testCase.getTestStepByName("GetPlansByTransactionType")
def dataSource = testCase.getTestStepByName("DataSource")

//  need for external call.
testRunner = new com.eviware.soapui.impl.wsdl.testcase.WsdlTestCaseRunner(testCase, null); 
testStepContext = new com.eviware.soapui.impl.wsdl.testcase.WsdlTestRunContext(testStep); 

// get response of last test step run.
def response = testStep.testRequest.messageExchange.response.responseContent
def slurper = new JsonSlurper()
def json = slurper.parseText response


def transactionType = dataSource.getPropertyValue("transactionType")
def metaHref = json.plans._meta.href

assert (metaHref.contains(transactionType))

log.info transactionType
log.info "Transaction Type Ok"</script>
        </con:config>
      </con:testStep>
      <con:testStep type="datasourceloop" name="DataSource Loop" id="7850f790-5caa-4a2d-a4f2-2b67e063a61f">
        <con:settings/>
        <con:config>
          <dataSourceStep>DataSource</dataSourceStep>
          <targetStep>GetPlansByTransactionType</targetStep>
        </con:config>
      </con:testStep>
      <con:testStep type="restrequest" name="GetPlansByVendorAndRegion" id="f7ee7a13-a4da-46e0-929a-ec82c558863a">
        <con:settings/>
        <con:config service="https://tg-mobility.cloudhub.io" resourcePath="/catalog/plans" methodName="Method 1" xsi:type="con:RestRequestStep" xmlns:xsi="http://www.w3.org/2001/XMLSchema-instance">
          <con:restRequest name="GetPlansByVendorAndRegion" id="eff9ed00-3612-45af-83ac-3e6291855126" mediaType="application/json">
            <con:settings>
              <con:setting id="com.eviware.soapui.impl.wsdl.WsdlRequest@request-headers">&lt;xml-fragment/></con:setting>
            </con:settings>
            <con:endpoint>${#TestCase#URL}</con:endpoint>
            <con:request/>
            <con:originalUri>https://tg-mobility.cloudhub.io/mobility/v1/catalog/plans</con:originalUri>
            <con:assertion type="Valid HTTP Status Codes" id="2d58f649-1120-47e8-be2a-680643684a4c" name="Valid HTTP Status Codes">
              <con:settings/>
              <con:configuration>
                <codes>200</codes>
              </con:configuration>
            </con:assertion>
            <con:credentials>
              <con:selectedAuthProfile>No Authorization</con:selectedAuthProfile>
              <con:authType>No Authorization</con:authType>
            </con:credentials>
            <con:jmsConfig JMSDeliveryMode="PERSISTENT"/>
            <con:parameters>
              <con:entry key="Authorization" value="Bearer ${#TestCase#AccessToken}"/>
              <con:entry key="transactionType" value="${#TestCase#transactionType}"/>
              <con:entry key="offset" value="${#TestCase#offset}"/>
              <con:entry key="service" value=""/>
              <con:entry key="vendor" value="${#TestCase#vendorId}"/>
              <con:entry key="X-TNGO-TENANT" value="${#TestCase#Tenant}"/>
              <con:entry key="postalCode" value=""/>
              <con:entry key="limit" value="${#TestCase#limit}"/>
              <con:entry key="compatibleWithDevice" value=""/>
              <con:entry key="client_secret" value="${#TestCase#clientSecret}"/>
              <con:entry key="region" value="${#TestCase#regionId}"/>
              <con:entry key="client_id" value="${#TestCase#clientId}"/>
            </con:parameters>
            <con:parameterOrder>
              <con:entry>X-TNGO-TENANT</con:entry>
              <con:entry>Authorization</con:entry>
              <con:entry>client_id</con:entry>
              <con:entry>client_secret</con:entry>
              <con:entry>limit</con:entry>
              <con:entry>offset</con:entry>
              <con:entry>transactionType</con:entry>
              <con:entry>region</con:entry>
              <con:entry>postalCode</con:entry>
              <con:entry>compatibleWithDevice</con:entry>
              <con:entry>service</con:entry>
              <con:entry>vendor</con:entry>
            </con:parameterOrder>
          </con:restRequest>
        </con:config>
      </con:testStep>
      <con:testStep type="groovy" name="VerifyPlansByVendorAndRegion" id="611c19b2-ac84-4e47-8075-82b1dfef9116">
        <con:settings/>
        <con:config>
          <script>import groovy.json.JsonSlurper 

def groovyUtils = new com.eviware.soapui.support.GroovyUtils( context ); 
def testCase = context.testCase; 
def testStep = testCase.getTestStepByName("GetPlansByVendorAndRegion") 

//  need for external call.
testRunner = new com.eviware.soapui.impl.wsdl.testcase.WsdlTestCaseRunner(testCase, null); 
testStepContext = new com.eviware.soapui.impl.wsdl.testcase.WsdlTestRunContext(testStep); 

// get response of last test step run.
def response = testStep.testRequest.messageExchange.response.responseContent
def slurper = new JsonSlurper()
def json = slurper.parseText response


def vendorId = testRunner.testCase.getPropertyValue("vendorId")
def listVendors = json.plans.items.vendor.id


for (v in listVendors){
	//log.info v
	assert (vendorId.equals(v))
}

log.info "Vendor Id Ok"</script>
        </con:config>
      </con:testStep>
      <con:testStep type="restrequest" name="GetPlansByPostalCode" id="1e609502-17aa-4b93-a1ca-d92c00f2668b">
        <con:settings/>
        <con:config service="https://tg-mobility.cloudhub.io" resourcePath="/catalog/plans" methodName="Method 1" xsi:type="con:RestRequestStep" xmlns:xsi="http://www.w3.org/2001/XMLSchema-instance">
          <con:restRequest name="GetPlansByPostalCode" id="eff9ed00-3612-45af-83ac-3e6291855126" mediaType="application/json">
            <con:settings>
              <con:setting id="com.eviware.soapui.impl.wsdl.WsdlRequest@request-headers">&lt;xml-fragment/></con:setting>
            </con:settings>
            <con:endpoint>${#TestCase#URL}</con:endpoint>
            <con:request/>
            <con:originalUri>https://tg-mobility.cloudhub.io/mobility/v1/catalog/plans</con:originalUri>
            <con:assertion type="Valid HTTP Status Codes" id="2d58f649-1120-47e8-be2a-680643684a4c" name="Valid HTTP Status Codes">
              <con:settings/>
              <con:configuration>
                <codes>200</codes>
              </con:configuration>
            </con:assertion>
            <con:credentials>
              <con:selectedAuthProfile>No Authorization</con:selectedAuthProfile>
              <con:authType>No Authorization</con:authType>
            </con:credentials>
            <con:jmsConfig JMSDeliveryMode="PERSISTENT"/>
            <con:parameters>
              <con:entry key="Authorization" value="Bearer ${#TestCase#AccessToken}"/>
              <con:entry key="transactionType" value="${#TestCase#transactionType}"/>
              <con:entry key="offset" value="${#TestCase#offset}"/>
              <con:entry key="vendor" value=""/>
              <con:entry key="X-TNGO-TENANT" value="${#TestCase#Tenant}"/>
              <con:entry key="postalCode" value="${#TestCase#postalCode}"/>
              <con:entry key="limit" value="${#TestCase#limit}"/>
              <con:entry key="compatibleWithDevice" value=""/>
              <con:entry key="client_secret" value="${#TestCase#clientSecret}"/>
              <con:entry key="region" value="${#TestCase#regionId}"/>
              <con:entry key="client_id" value="${#TestCase#clientId}"/>
            </con:parameters>
            <con:parameterOrder>
              <con:entry>X-TNGO-TENANT</con:entry>
              <con:entry>Authorization</con:entry>
              <con:entry>client_id</con:entry>
              <con:entry>client_secret</con:entry>
              <con:entry>limit</con:entry>
              <con:entry>offset</con:entry>
              <con:entry>transactionType</con:entry>
              <con:entry>region</con:entry>
              <con:entry>postalCode</con:entry>
              <con:entry>compatibleWithDevice</con:entry>
              <con:entry>service</con:entry>
              <con:entry>vendor</con:entry>
            </con:parameterOrder>
          </con:restRequest>
        </con:config>
      </con:testStep>
      <con:testStep type="groovy" name="VerifyPlansByPostalCode" id="4add6123-4508-4b22-9525-66e96347a941">
        <con:settings/>
        <con:config>
          <script>import groovy.json.JsonSlurper 

def groovyUtils = new com.eviware.soapui.support.GroovyUtils( context ); 
def testCase = context.testCase; 
def testStep = testCase.getTestStepByName("GetPlansByPostalCode") 

//  need for external call.
testRunner = new com.eviware.soapui.impl.wsdl.testcase.WsdlTestCaseRunner(testCase, null); 
testStepContext = new com.eviware.soapui.impl.wsdl.testcase.WsdlTestRunContext(testStep); 

// get response of last test step run.
def response = testStep.testRequest.messageExchange.response.responseContent
def slurper = new JsonSlurper()
def json = slurper.parseText response


def postalCode = testRunner.testCase.getPropertyValue("postalCode")
def metaHref = json.plans._meta.href

assert (metaHref.contains(postalCode))

log.info "Postal Code Ok"</script>
        </con:config>
      </con:testStep>
      <con:properties>
        <con:property>
          <con:name>Tenant</con:name>
          <con:value>XX1</con:value>
        </con:property>
        <con:property>
          <con:name>limit</con:name>
          <con:value>20</con:value>
        </con:property>
        <con:property>
          <con:name>offset</con:name>
          <con:value>0</con:value>
        </con:property>
        <con:property>
          <con:name>companyEmployeeId</con:name>
          <con:value>ana.pace.xx1</con:value>
        </con:property>
        <con:property>
          <con:name>AccessToken</con:name>
          <con:value>8qXppTezXUFm1siOkmwnN3cW6NsT</con:value>
        </con:property>
        <con:property>
          <con:name>RefreshToken</con:name>
          <con:value>vPJGo2OXbS6HO7niZO6sbe75HIlZUlblLQu6KED9yN</con:value>
        </con:property>
        <con:property>
          <con:name>DeviceId</con:name>
          <con:value>37948380</con:value>
        </con:property>
        <con:property>
          <con:name>ServiceId</con:name>
          <con:value>41741083</con:value>
        </con:property>
        <con:property>
          <con:name>EmployeeId</con:name>
          <con:value>28691388</con:value>
        </con:property>
        <con:property>
          <con:name>DepartmentId</con:name>
          <con:value>11569020385</con:value>
        </con:property>
        <con:property>
          <con:name>LogoUrl</con:name>
          <con:value>https://qa1cmd.tangoe.com/</con:value>
        </con:property>
        <con:property>
          <con:name>client_id</con:name>
          <con:value>3c276cecdc674aabb5456f54b605bbbf</con:value>
        </con:property>
        <con:property>
          <con:name>client_secret</con:name>
          <con:value>c513c4a67492405d95CE4DB4B40B73FF</con:value>
        </con:property>
        <con:property>
          <con:name>URL</con:name>
          <con:value>https://tngo-qa-mobproc.cloudhub.io/mobproc/v1.qa</con:value>
        </con:property>
        <con:property>
          <con:name>FirstName</con:name>
          <con:value>AnaLaura</con:value>
        </con:property>
        <con:property>
          <con:name>LastName</con:name>
          <con:value>Pace</con:value>
        </con:property>
        <con:property>
          <con:name>DepartmentName</con:name>
          <con:value>Development</con:value>
        </con:property>
        <con:property>
          <con:name>OfficePhone</con:name>
          <con:value>5169999876</con:value>
        </con:property>
        <con:property>
          <con:name>Email</con:name>
          <con:value>ana@test.com</con:value>
        </con:property>
        <con:property>
          <con:name>ServiceNumber</con:name>
          <con:value>3213693699</con:value>
        </con:property>
        <con:property>
          <con:name>DeviceId2</con:name>
          <con:value>37948382</con:value>
        </con:property>
        <con:property>
          <con:name>ServiceId2</con:name>
          <con:value>41741085</con:value>
        </con:property>
        <con:property>
          <con:name>ServiceNumber2</con:name>
          <con:value>1472582588</con:value>
        </con:property>
        <con:property>
          <con:name>DeviceId3</con:name>
          <con:value>37948381</con:value>
        </con:property>
        <con:property>
          <con:name>ServiceId3</con:name>
          <con:value>41741084</con:value>
        </con:property>
        <con:property>
          <con:name>ServiceNumber3</con:name>
          <con:value>2581471477</con:value>
        </con:property>
        <con:property>
          <con:name>DeviceId4</con:name>
          <con:value>null</con:value>
        </con:property>
        <con:property>
          <con:name>ServiceId4</con:name>
          <con:value>null</con:value>
        </con:property>
        <con:property>
          <con:name>ServiceNumber4</con:name>
          <con:value>null</con:value>
        </con:property>
        <con:property>
          <con:name>regionId</con:name>
          <con:value>70144640</con:value>
        </con:property>
        <con:property>
          <con:name>vendorId</con:name>
          <con:value>98</con:value>
        </con:property>
        <con:property>
          <con:name>transactionType</con:name>
          <con:value>NEW_ACTIVATION</con:value>
        </con:property>
        <con:property>
          <con:name>postalCode</con:name>
          <con:value>02452</con:value>
        </con:property>
        <con:property>
          <con:name>compatibleDeviceId</con:name>
          <con:value>20115644449</con:value>
        </con:property>
        <con:property>
          <con:name>clientID</con:name>
          <con:value>392d0283466b4e00be8e8b8062db5f9f</con:value>
        </con:property>
        <con:property>
          <con:name>clientSecret</con:name>
          <con:value>3c684c3220e740ef92E7177A32AE978D</con:value>
        </con:property>
        <con:property>
          <con:name>Vendor1</con:name>
          <con:value>Verizon Wireless</con:value>
        </con:property>
        <con:property>
          <con:name>Vendor2</con:name>
          <con:value>Sprint</con:value>
        </con:property>
        <con:property>
          <con:name>Vendor3</con:name>
          <con:value>AT&amp;T Mobility</con:value>
        </con:property>
        <con:property>
          <con:name>Vendor4</con:name>
          <con:value>null</con:value>
        </con:property>
      </con:properties>
      <con:reportParameters/>
      <con:breakPoints>
        <con:testStepId>78d80a74-9686-4aac-bc0d-57adaef908ff</con:testStepId>
        <con:status>NONE</con:status>
        <con:properties/>
      </con:breakPoints>
      <con:breakPoints>
        <con:testStepId>ca71bdea-b3b4-4cb7-8387-bd1cbe32d3aa</con:testStepId>
        <con:status>NONE</con:status>
        <con:properties/>
      </con:breakPoints>
      <con:breakPoints>
        <con:testStepId>1fe2885b-5f4c-4cc3-a1d5-c30a264b7d7d</con:testStepId>
        <con:status>NONE</con:status>
        <con:properties/>
      </con:breakPoints>
      <con:breakPoints>
        <con:testStepId>1466993e-9d76-4c1b-a1b9-5f3c20d43c70</con:testStepId>
        <con:status>NONE</con:status>
        <con:properties/>
      </con:breakPoints>
      <con:breakPoints>
        <con:testStepId>743faa63-bcbb-4c58-8fc3-60daed0737b7</con:testStepId>
        <con:status>NONE</con:status>
        <con:properties/>
      </con:breakPoints>
      <con:breakPoints>
        <con:testStepId>45c7aa85-3051-4aaf-9778-07ee8d2f4be3</con:testStepId>
        <con:status>NONE</con:status>
        <con:properties/>
      </con:breakPoints>
      <con:breakPoints>
        <con:testStepId>cba35485-c66b-42a8-8d6f-40cadbafc353</con:testStepId>
        <con:status>NONE</con:status>
        <con:properties/>
      </con:breakPoints>
      <con:breakPoints>
        <con:testStepId>ce19b21f-f368-4d38-b303-1d7870172fa9</con:testStepId>
        <con:status>NONE</con:status>
        <con:properties/>
      </con:breakPoints>
      <con:breakPoints>
        <con:testStepId>2272c797-8401-454b-9284-2225196d09d8</con:testStepId>
        <con:status>NONE</con:status>
        <con:properties/>
      </con:breakPoints>
    </con:testCase>
    <con:properties/>
    <con:reportParameters/>
  </con:testSuite>
  <con:requirements/>
  <con:properties/>
  <con:wssContainer/>
  <con:databaseConnectionContainer/>
  <con:jmsConnectionContainer/>
  <con:oAuth2ProfileContainer/>
  <con:oAuth1ProfileContainer/>
  <con:reporting>
    <con:reportTemplates/>
    <con:xmlTemplates/>
    <con:xmlTemplates/>
    <con:parameters/>
    <con:parameters/>
  </con:reporting>
  <con:reporting/>
  <con:authRepository/>
  <con:tags/>
</con:soapui-project>
