<?xml version="1.0" encoding="UTF-8"?>
<con:soapui-project id="84e36797-6dee-4621-bb92-bbd5ea44e819" created="2.1.0" activeEnvironment="Default environment" name="API_Applications" resourceRoot="" updated="2.1.0 20170726-1100" abortOnError="false" runType="SEQUENTIAL" soapui-version="5.2.1" xmlns:con="http://eviware.com/soapui/config"><con:settings/><con:interface xsi:type="con:RestService" id="33c80ce5-8f8f-4770-8d80-deb0eb8ab96b" wadlVersion="http://wadl.dev.java.net/2009/02" name="GetApplications" type="rest" xmlns:xsi="http://www.w3.org/2001/XMLSchema-instance"><con:settings/><con:definitionCache type="TEXT" rootPart=""/><con:endpoints><con:endpoint>http://a.com</con:endpoint></con:endpoints><con:resource name="GetApplications" path="/platformservice/api/v1/applications" id="377c9134-d5cc-4700-9423-3f89f1365cf7"><con:settings/><con:parameters><con:parameter><con:name>pageSize</con:name><con:value/><con:style>QUERY</con:style><con:default/><con:description xsi:nil="true"/></con:parameter><con:parameter><con:name>Authorization</con:name><con:value/><con:style>HEADER</con:style><con:default/><con:description xsi:nil="true"/></con:parameter><con:parameter><con:name>tenantKey</con:name><con:value/><con:style>QUERY</con:style><con:default/><con:description xsi:nil="true"/></con:parameter><con:parameter><con:name>deploymentKey</con:name><con:value/><con:style>QUERY</con:style><con:default/><con:description xsi:nil="true"/></con:parameter><con:parameter><con:name>enabled</con:name><con:value/><con:style>QUERY</con:style><con:default/><con:description xsi:nil="true"/></con:parameter><con:parameter><con:name>sortBy</con:name><con:style>QUERY</con:style></con:parameter><con:parameter><con:name>sortDirection</con:name><con:style>QUERY</con:style></con:parameter><con:parameter><con:name>page</con:name><con:style>QUERY</con:style></con:parameter><con:parameter><con:name>defaultHost</con:name><con:value/><con:style>QUERY</con:style><con:default/><con:description xsi:nil="true"/></con:parameter><con:parameter><con:name>defaultPath</con:name><con:value/><con:style>QUERY</con:style><con:default/><con:description xsi:nil="true"/></con:parameter></con:parameters><con:method name="GetApplications" id="f6dc2beb-a7fe-459d-840d-41ebc7f2e691" method="GET"><con:settings/><con:parameters/><con:representation type="RESPONSE"><con:mediaType>application/json;charset=UTF-8</con:mediaType><con:status>200</con:status><con:params/><con:element xmlns:app="http://dc2devrmapp44.prod.tangoe.com/v1/applications">app:Response</con:element></con:representation><con:representation type="RESPONSE"><con:mediaType xsi:nil="true"/><con:status>0</con:status><con:params/><con:element>data</con:element></con:representation><con:representation type="RESPONSE"><con:mediaType xsi:nil="true"/><con:status>0</con:status><con:params/><con:element>data</con:element></con:representation><con:representation type="RESPONSE"><con:mediaType xsi:nil="true"/><con:status>0</con:status><con:params/><con:element>data</con:element></con:representation><con:representation type="FAULT"><con:mediaType>application/json;charset=UTF-8</con:mediaType><con:status>500 400 401</con:status><con:params/><con:element xmlns:dev="http://tg-mobility.cloudhub.io/mobility/v1/assets/devices">dev:Fault</con:element></con:representation><con:representation type="RESPONSE"><con:mediaType xsi:nil="true"/><con:status>0</con:status><con:params/><con:element>data</con:element></con:representation><con:request name="GetApplications" id="8e39c231-76ec-4461-8912-39658efd12b3" mediaType="application/json"><con:settings/><con:endpoint>http://a.com</con:endpoint><con:request/><con:credentials><con:selectedAuthProfile>No Authorization</con:selectedAuthProfile><con:authType>No Authorization</con:authType></con:credentials><con:jmsConfig JMSDeliveryMode="PERSISTENT"/><con:parameters>
  <con:entry key="tenantKey" value="55"/>
  <con:entry key="deploymentKey" value="44"/>
  <con:entry key="enabled" value="66"/>
</con:parameters><con:parameterOrder><con:entry>tenantKey</con:entry><con:entry>deploymentKey</con:entry><con:entry>enabled</con:entry><con:entry>Authorization</con:entry><con:entry>sortBy</con:entry><con:entry>sortDirection</con:entry><con:entry>page</con:entry><con:entry>pageSize</con:entry><con:entry>defaultHost</con:entry><con:entry>defaultPath</con:entry></con:parameterOrder></con:request></con:method></con:resource></con:interface><con:interface xsi:type="con:RestService" id="3024c6b1-0a9a-40ea-a934-cd4d880fcda2" wadlVersion="http://wadl.dev.java.net/2009/02" name="GetAppByKey" type="rest" xmlns:xsi="http://www.w3.org/2001/XMLSchema-instance"><con:settings/><con:definitionCache type="TEXT" rootPart=""/><con:endpoints><con:endpoint>http://a.com</con:endpoint></con:endpoints><con:resource name="GetAppByKey" path="/platformservice/api/v1/applications/{key}" id="7b155497-9e97-4f6a-a2a0-f69ef016c30c"><con:settings/><con:parameters><con:parameter><con:name>key</con:name><con:value/><con:style>TEMPLATE</con:style><con:default/><con:description xsi:nil="true"/></con:parameter><con:parameter><con:name>Authorization</con:name><con:value/><con:style>HEADER</con:style><con:default/><con:description xsi:nil="true"/></con:parameter></con:parameters><con:method name="GetAppByKey" id="6e5ff6f2-e1ab-4fb2-a016-7074c40e3abc" method="GET"><con:settings/><con:parameters/><con:representation type="RESPONSE"><con:mediaType>application/json;charset=UTF-8</con:mediaType><con:status>200</con:status><con:params/><con:element xmlns:rvm="http://dc2devrmapp44.prod.tangoe.com/v1/applications/RVM">rvm:Response</con:element></con:representation><con:representation type="FAULT"><con:mediaType>application/json;charset=UTF-8</con:mediaType><con:status>404</con:status><con:params/><con:element xmlns:rvm="http://dc2devrmapp44.prod.tangoe.com/v1/applications/RVM">rvm:Fault</con:element></con:representation><con:request name="GetAppByKey" id="7a6833a7-ded8-4d86-95d2-19dcd158b0a8" mediaType="application/json"><con:settings><con:setting id="com.eviware.soapui.impl.wsdl.WsdlRequest@request-headers">&lt;xml-fragment/></con:setting></con:settings><con:endpoint>http://a.com</con:endpoint><con:request/><con:credentials><con:selectedAuthProfile>No Authorization</con:selectedAuthProfile><con:authType>No Authorization</con:authType></con:credentials><con:jmsConfig JMSDeliveryMode="PERSISTENT"/><con:parameters><entry key="key" value="55" xmlns="http://eviware.com/soapui/config"/></con:parameters><con:parameterOrder><con:entry>key</con:entry><con:entry>Authorization</con:entry></con:parameterOrder></con:request></con:method></con:resource></con:interface><con:interface xsi:type="con:RestService" id="3815cdb0-1546-4441-84af-611d3661ed37" wadlVersion="http://wadl.dev.java.net/2009/02" name="PutAppByKey" type="rest" xmlns:xsi="http://www.w3.org/2001/XMLSchema-instance"><con:settings/><con:definitionCache type="TEXT" rootPart=""/><con:endpoints><con:endpoint>http://a.com</con:endpoint></con:endpoints><con:resource name="PutAppByKey" path="/platformservice/api/v1/applications/{key}" id="4cd31353-fbda-4bdb-bc48-c54359f4ec36"><con:settings/><con:parameters><con:parameter><con:name>key</con:name><con:value/><con:style>TEMPLATE</con:style><con:default/><con:description xsi:nil="true"/></con:parameter><con:parameter><con:name>Authorization</con:name><con:value/><con:style>HEADER</con:style><con:default/><con:description xsi:nil="true"/></con:parameter></con:parameters><con:method name="PutAppByKey" id="6d639987-c6a8-492e-875f-944fa15e1890" method="PUT"><con:settings/><con:parameters/><con:representation type="RESPONSE"><con:mediaType xsi:nil="true"/><con:status>204</con:status><con:params/><con:element>data</con:element></con:representation><con:representation type="REQUEST"><con:mediaType>application/json</con:mediaType><con:params/></con:representation><con:representation type="RESPONSE"><con:mediaType xsi:nil="true"/><con:status>204</con:status><con:params/><con:element>data</con:element></con:representation><con:representation type="RESPONSE"><con:mediaType xsi:nil="true"/><con:status>204</con:status><con:params/><con:element>data</con:element></con:representation><con:representation type="FAULT"><con:mediaType>application/json;charset=UTF-8</con:mediaType><con:status>400 404</con:status><con:params/><con:element xmlns:ana="http://dc2devrmapp44.prod.tangoe.com/v1/applications/ANA_APP1">ana:Fault</con:element></con:representation><con:representation type="RESPONSE"><con:mediaType xsi:nil="true"/><con:status>204</con:status><con:params/><con:element>data</con:element></con:representation><con:representation type="RESPONSE"><con:mediaType xsi:nil="true"/><con:status>204</con:status><con:params/><con:element>data</con:element></con:representation><con:representation type="RESPONSE"><con:mediaType xsi:nil="true"/><con:status>204</con:status><con:params/><con:element>data</con:element></con:representation><con:representation type="RESPONSE"><con:mediaType xsi:nil="true"/><con:status>204</con:status><con:params/><con:element>data</con:element></con:representation><con:representation type="RESPONSE"><con:mediaType xsi:nil="true"/><con:status>204</con:status><con:params/><con:element>data</con:element></con:representation><con:representation type="RESPONSE"><con:mediaType>application/json;charset=UTF-8</con:mediaType><con:status>200</con:status><con:params/><con:element xmlns:ana="http://dc2devrmapp44.prod.tangoe.com/v1/applications/ANA_APP1">ana:Response</con:element></con:representation><con:request name="PutAppByKey" id="a5016864-7f37-4a1d-835a-ebd9be53680a" mediaType="application/json" postQueryString="false"><con:settings><con:setting id="com.eviware.soapui.impl.wsdl.WsdlRequest@request-headers">&lt;xml-fragment/></con:setting></con:settings><con:endpoint>http://a.com</con:endpoint><con:request/><con:credentials><con:selectedAuthProfile>No Authorization</con:selectedAuthProfile><con:authType>No Authorization</con:authType></con:credentials><con:jmsConfig JMSDeliveryMode="PERSISTENT"/><con:parameters><entry key="key" value="33" xmlns="http://eviware.com/soapui/config"/></con:parameters><con:parameterOrder><con:entry>key</con:entry><con:entry>Authorization</con:entry></con:parameterOrder></con:request></con:method></con:resource></con:interface><con:interface xsi:type="con:RestService" id="7ca26c7e-f425-4c82-917b-71ec75b0574b" wadlVersion="http://wadl.dev.java.net/2009/02" name="PostApp" type="rest" xmlns:xsi="http://www.w3.org/2001/XMLSchema-instance"><con:settings/><con:definitionCache type="TEXT" rootPart=""/><con:endpoints><con:endpoint>http://a.com</con:endpoint></con:endpoints><con:resource name="PostApp" path="/platformservice/api/v1/applications" id="12fb074a-2887-4f89-83d7-7cab2fdd0df6"><con:settings/><con:parameters><con:parameter><con:name>Authorization</con:name><con:value/><con:style>HEADER</con:style><con:default/><con:description xsi:nil="true"/></con:parameter></con:parameters><con:method name="PostApp" id="32e31f02-ee1e-4f9d-88d5-c59e9b0f07d3" method="POST"><con:settings/><con:parameters/><con:representation type="REQUEST"><con:mediaType>application/json</con:mediaType><con:params/></con:representation><con:representation type="RESPONSE"><con:mediaType xsi:nil="true"/><con:status>201</con:status><con:params/><con:element>data</con:element></con:representation><con:representation type="RESPONSE"><con:mediaType xsi:nil="true"/><con:status>201</con:status><con:params/><con:element>data</con:element></con:representation><con:representation type="FAULT"><con:mediaType>application/json;charset=UTF-8</con:mediaType><con:status>400</con:status><con:params/><con:element xmlns:app="http://dc2devrmapp44.prod.tangoe.com/v1/applications">app:Fault</con:element></con:representation><con:representation type="RESPONSE"><con:mediaType xsi:nil="true"/><con:status>201</con:status><con:params/><con:element>data</con:element></con:representation><con:representation type="RESPONSE"><con:mediaType xsi:nil="true"/><con:status>201</con:status><con:params/><con:element>data</con:element></con:representation><con:representation type="RESPONSE"><con:mediaType xsi:nil="true"/><con:status>201</con:status><con:params/><con:element>data</con:element></con:representation><con:representation type="RESPONSE"><con:mediaType xsi:nil="true"/><con:status>0</con:status><con:params/><con:element>data</con:element></con:representation><con:representation type="RESPONSE"><con:mediaType xsi:nil="true"/><con:status>201</con:status><con:params/><con:element>data</con:element></con:representation><con:representation type="RESPONSE"><con:mediaType xsi:nil="true"/><con:status>201</con:status><con:params/><con:element>data</con:element></con:representation><con:representation type="RESPONSE"><con:mediaType xsi:nil="true"/><con:status>201</con:status><con:params/><con:element>data</con:element></con:representation><con:representation type="RESPONSE"><con:mediaType xsi:nil="true"/><con:status>201</con:status><con:params/><con:element>data</con:element></con:representation><con:representation type="RESPONSE"><con:mediaType xsi:nil="true"/><con:status>201</con:status><con:params/><con:element>data</con:element></con:representation><con:representation type="RESPONSE"><con:mediaType xsi:nil="true"/><con:status>201</con:status><con:params/><con:element>data</con:element></con:representation><con:representation type="RESPONSE"><con:mediaType xsi:nil="true"/><con:status>201</con:status><con:params/><con:element>data</con:element></con:representation><con:representation type="RESPONSE"><con:mediaType xsi:nil="true"/><con:status>201</con:status><con:params/><con:element>data</con:element></con:representation><con:representation type="RESPONSE"><con:mediaType xsi:nil="true"/><con:status>201</con:status><con:params/><con:element>data</con:element></con:representation><con:representation type="RESPONSE"><con:mediaType xsi:nil="true"/><con:status>201</con:status><con:params/><con:element>data</con:element></con:representation><con:representation type="RESPONSE"><con:mediaType xsi:nil="true"/><con:status>201</con:status><con:params/><con:element>data</con:element></con:representation><con:representation type="RESPONSE"><con:mediaType xsi:nil="true"/><con:status>201</con:status><con:params/><con:element>data</con:element></con:representation><con:representation type="RESPONSE"><con:mediaType xsi:nil="true"/><con:status>201</con:status><con:params/><con:element>data</con:element></con:representation><con:representation type="RESPONSE"><con:mediaType xsi:nil="true"/><con:status>201</con:status><con:params/><con:element>data</con:element></con:representation><con:representation type="RESPONSE"><con:mediaType xsi:nil="true"/><con:status>201</con:status><con:params/><con:element>data</con:element></con:representation><con:representation type="RESPONSE"><con:mediaType xsi:nil="true"/><con:status>201</con:status><con:params/><con:element>data</con:element></con:representation><con:representation type="RESPONSE"><con:mediaType xsi:nil="true"/><con:status>201</con:status><con:params/><con:element>data</con:element></con:representation><con:representation type="RESPONSE"><con:mediaType xsi:nil="true"/><con:status>201</con:status><con:params/><con:element>data</con:element></con:representation><con:representation type="RESPONSE"><con:mediaType xsi:nil="true"/><con:status>201</con:status><con:params/><con:element>data</con:element></con:representation><con:representation type="RESPONSE"><con:mediaType xsi:nil="true"/><con:status>201</con:status><con:params/><con:element>data</con:element></con:representation><con:representation type="RESPONSE"><con:mediaType xsi:nil="true"/><con:status>201</con:status><con:params/><con:element>data</con:element></con:representation><con:representation type="RESPONSE"><con:mediaType xsi:nil="true"/><con:status>201</con:status><con:params/><con:element>data</con:element></con:representation><con:representation type="RESPONSE"><con:mediaType xsi:nil="true"/><con:status>201</con:status><con:params/><con:element>data</con:element></con:representation><con:representation type="RESPONSE"><con:mediaType xsi:nil="true"/><con:status>201</con:status><con:params/><con:element>data</con:element></con:representation><con:representation type="RESPONSE"><con:mediaType>application/json;charset=UTF-8</con:mediaType><con:status>201</con:status><con:params/><con:element xmlns:app="http://dc2devrmapp44.prod.tangoe.com/v1/applications">app:Response</con:element></con:representation><con:request name="PostApp" id="8d7180bc-c81f-4fef-b9bc-22a6ac51b6f8" mediaType="application/json" postQueryString="false"><con:settings><con:setting id="com.eviware.soapui.impl.wsdl.WsdlRequest@request-headers">&lt;xml-fragment/></con:setting></con:settings><con:endpoint>http://a.com</con:endpoint><con:request>{
  "key": "string",
  "name": "string",  
  "description": "string",
  "enabled": true 
}</con:request><con:credentials><con:selectedAuthProfile>No Authorization</con:selectedAuthProfile><con:authType>No Authorization</con:authType></con:credentials><con:jmsConfig JMSDeliveryMode="PERSISTENT"/><con:parameters/><con:parameterOrder><con:entry>Authorization</con:entry></con:parameterOrder></con:request></con:method></con:resource></con:interface><con:interface xsi:type="con:RestService" id="3807df62-8450-4c60-9c3c-15b73741255a" wadlVersion="http://wadl.dev.java.net/2009/02" name="DeleteAppByKey" type="rest" xmlns:xsi="http://www.w3.org/2001/XMLSchema-instance"><con:settings/><con:definitionCache type="TEXT" rootPart=""/><con:endpoints><con:endpoint>http://a.com</con:endpoint></con:endpoints><con:resource name="DeleteAppByKey" path="/platformservice/api/v1/applications/{key}" id="d82d6432-adbe-4c3c-a805-dd1b0dc19963"><con:settings/><con:parameters><con:parameter><con:name>key</con:name><con:value/><con:style>TEMPLATE</con:style><con:default/><con:description xsi:nil="true"/></con:parameter><con:parameter><con:name>Authorization</con:name><con:value/><con:style>HEADER</con:style><con:default/><con:description xsi:nil="true"/></con:parameter></con:parameters><con:method name="DeleteAppByKey" id="f037c162-e0a5-49d5-8ee5-e76662e17bba" method="DELETE"><con:settings/><con:parameters/><con:representation type="RESPONSE"><con:mediaType xsi:nil="true"/><con:status>0</con:status><con:params/><con:element>data</con:element></con:representation><con:representation type="REQUEST"><con:mediaType>application/json</con:mediaType><con:params/></con:representation><con:representation type="FAULT"><con:mediaType>application/json;charset=UTF-8</con:mediaType><con:status>400 405 404 401 500</con:status><con:params/><con:element xmlns:bad="http://a.com/v1/applications/BadApp">bad:Fault</con:element></con:representation><con:representation type="RESPONSE"><con:mediaType xsi:nil="true"/><con:status>204</con:status><con:params/><con:element>data</con:element></con:representation><con:representation type="RESPONSE"><con:mediaType xsi:nil="true"/><con:status>204</con:status><con:params/><con:element>data</con:element></con:representation><con:representation type="RESPONSE"><con:mediaType xsi:nil="true"/><con:status>204</con:status><con:params/><con:element>data</con:element></con:representation><con:representation type="RESPONSE"><con:mediaType xsi:nil="true"/><con:status>204</con:status><con:params/><con:element>data</con:element></con:representation><con:representation type="RESPONSE"><con:mediaType xsi:nil="true"/><con:status>204</con:status><con:params/><con:element>data</con:element></con:representation><con:representation type="RESPONSE"><con:mediaType xsi:nil="true"/><con:status>204</con:status><con:params/><con:element>data</con:element></con:representation><con:representation type="RESPONSE"><con:mediaType xsi:nil="true"/><con:status>204</con:status><con:params/><con:element>data</con:element></con:representation><con:representation type="RESPONSE"><con:mediaType xsi:nil="true"/><con:status>204</con:status><con:params/><con:element>data</con:element></con:representation><con:representation type="RESPONSE"><con:mediaType xsi:nil="true"/><con:status>204</con:status><con:params/><con:element>data</con:element></con:representation><con:representation type="RESPONSE"><con:mediaType xsi:nil="true"/><con:status>204</con:status><con:params/><con:element>data</con:element></con:representation><con:representation type="RESPONSE"><con:mediaType xsi:nil="true"/><con:status>204</con:status><con:params/><con:element>data</con:element></con:representation><con:representation type="RESPONSE"><con:mediaType xsi:nil="true"/><con:status>204</con:status><con:params/><con:element>data</con:element></con:representation><con:representation type="RESPONSE"><con:mediaType xsi:nil="true"/><con:status>204</con:status><con:params/><con:element>data</con:element></con:representation><con:representation type="RESPONSE"><con:mediaType xsi:nil="true"/><con:status>204</con:status><con:params/><con:element>data</con:element></con:representation><con:representation type="RESPONSE"><con:mediaType xsi:nil="true"/><con:status>204</con:status><con:params/><con:element>data</con:element></con:representation><con:representation type="RESPONSE"><con:mediaType xsi:nil="true"/><con:status>204</con:status><con:params/><con:element>data</con:element></con:representation><con:representation type="RESPONSE"><con:mediaType xsi:nil="true"/><con:status>204</con:status><con:params/><con:element>data</con:element></con:representation><con:representation type="RESPONSE"><con:mediaType xsi:nil="true"/><con:status>204</con:status><con:params/><con:element>data</con:element></con:representation><con:representation type="RESPONSE"><con:mediaType xsi:nil="true"/><con:status>204</con:status><con:params/><con:element>data</con:element></con:representation><con:representation type="RESPONSE"><con:mediaType xsi:nil="true"/><con:status>204</con:status><con:params/><con:element>data</con:element></con:representation><con:representation type="RESPONSE"><con:mediaType xsi:nil="true"/><con:status>204</con:status><con:params/><con:element>data</con:element></con:representation><con:representation type="RESPONSE"><con:mediaType xsi:nil="true"/><con:status>204</con:status><con:params/><con:element>data</con:element></con:representation><con:representation type="RESPONSE"><con:mediaType xsi:nil="true"/><con:status>204</con:status><con:params/><con:element>data</con:element></con:representation><con:representation type="RESPONSE"><con:mediaType xsi:nil="true"/><con:status>204</con:status><con:params/><con:element>data</con:element></con:representation><con:representation type="RESPONSE"><con:mediaType xsi:nil="true"/><con:status>204</con:status><con:params/><con:element>data</con:element></con:representation><con:representation type="RESPONSE"><con:mediaType xsi:nil="true"/><con:status>204</con:status><con:params/><con:element>data</con:element></con:representation><con:representation type="RESPONSE"><con:mediaType xsi:nil="true"/><con:status>204</con:status><con:params/><con:element>data</con:element></con:representation><con:representation type="RESPONSE"><con:mediaType xsi:nil="true"/><con:status>204</con:status><con:params/><con:element>data</con:element></con:representation><con:representation type="RESPONSE"><con:mediaType xsi:nil="true"/><con:status>204</con:status><con:params/><con:element>data</con:element></con:representation><con:representation type="RESPONSE"><con:mediaType xsi:nil="true"/><con:status>204</con:status><con:params/><con:element>data</con:element></con:representation><con:representation type="RESPONSE"><con:mediaType xsi:nil="true"/><con:status>204</con:status><con:params/><con:element>data</con:element></con:representation><con:representation type="RESPONSE"><con:mediaType xsi:nil="true"/><con:status>204</con:status><con:params/><con:element>data</con:element></con:representation><con:representation type="RESPONSE"><con:mediaType xsi:nil="true"/><con:status>204</con:status><con:params/><con:element>data</con:element></con:representation><con:representation type="RESPONSE"><con:mediaType xsi:nil="true"/><con:status>204</con:status><con:params/><con:element>data</con:element></con:representation><con:representation type="RESPONSE"><con:mediaType xsi:nil="true"/><con:status>204</con:status><con:params/><con:element>data</con:element></con:representation><con:representation type="RESPONSE"><con:mediaType xsi:nil="true"/><con:status>204</con:status><con:params/><con:element>data</con:element></con:representation><con:representation type="RESPONSE"><con:mediaType xsi:nil="true"/><con:status>204</con:status><con:params/><con:element>data</con:element></con:representation><con:representation type="RESPONSE"><con:mediaType xsi:nil="true"/><con:status>204</con:status><con:params/><con:element>data</con:element></con:representation><con:representation type="RESPONSE"><con:mediaType xsi:nil="true"/><con:status>204</con:status><con:params/><con:element>data</con:element></con:representation><con:representation type="RESPONSE"><con:mediaType xsi:nil="true"/><con:status>204</con:status><con:params/><con:element>data</con:element></con:representation><con:representation type="RESPONSE"><con:mediaType xsi:nil="true"/><con:status>204</con:status><con:params/><con:element>data</con:element></con:representation><con:representation type="RESPONSE"><con:mediaType xsi:nil="true"/><con:status>204</con:status><con:params/><con:element>data</con:element></con:representation><con:representation type="RESPONSE"><con:mediaType xsi:nil="true"/><con:status>204</con:status><con:params/><con:element>data</con:element></con:representation><con:representation type="RESPONSE"><con:mediaType xsi:nil="true"/><con:status>204</con:status><con:params/><con:element>data</con:element></con:representation><con:representation type="RESPONSE"><con:mediaType xsi:nil="true"/><con:status>204</con:status><con:params/><con:element>data</con:element></con:representation><con:representation type="RESPONSE"><con:mediaType xsi:nil="true"/><con:status>204</con:status><con:params/><con:element>data</con:element></con:representation><con:representation type="RESPONSE"><con:mediaType xsi:nil="true"/><con:status>204</con:status><con:params/><con:element>data</con:element></con:representation><con:representation type="RESPONSE"><con:mediaType xsi:nil="true"/><con:status>204</con:status><con:params/><con:element>data</con:element></con:representation><con:representation type="RESPONSE"><con:mediaType xsi:nil="true"/><con:status>204</con:status><con:params/><con:element>data</con:element></con:representation><con:representation type="RESPONSE"><con:mediaType xsi:nil="true"/><con:status>204</con:status><con:params/><con:element>data</con:element></con:representation><con:representation type="RESPONSE"><con:mediaType xsi:nil="true"/><con:status>204</con:status><con:params/><con:element>data</con:element></con:representation><con:representation type="RESPONSE"><con:mediaType xsi:nil="true"/><con:status>204</con:status><con:params/><con:element>data</con:element></con:representation><con:representation type="RESPONSE"><con:mediaType xsi:nil="true"/><con:status>204</con:status><con:params/><con:element>data</con:element></con:representation><con:representation type="RESPONSE"><con:mediaType xsi:nil="true"/><con:status>204</con:status><con:params/><con:element>data</con:element></con:representation><con:representation type="RESPONSE"><con:mediaType xsi:nil="true"/><con:status>204</con:status><con:params/><con:element>data</con:element></con:representation><con:representation type="RESPONSE"><con:mediaType xsi:nil="true"/><con:status>204</con:status><con:params/><con:element>data</con:element></con:representation><con:representation type="RESPONSE"><con:mediaType xsi:nil="true"/><con:status>204</con:status><con:params/><con:element>data</con:element></con:representation><con:representation type="RESPONSE"><con:mediaType xsi:nil="true"/><con:status>204</con:status><con:params/><con:element>data</con:element></con:representation><con:representation type="RESPONSE"><con:mediaType xsi:nil="true"/><con:status>204</con:status><con:params/><con:element>data</con:element></con:representation><con:request name="DeleteAppByKey" id="a5432683-6e51-419c-8ef8-2f97617f1fbd" mediaType="application/json" postQueryString="false"><con:settings><con:setting id="com.eviware.soapui.impl.wsdl.WsdlRequest@request-headers">&lt;xml-fragment/></con:setting></con:settings><con:endpoint>http://a.com</con:endpoint><con:request/><con:credentials><con:selectedAuthProfile>No Authorization</con:selectedAuthProfile><con:authType>No Authorization</con:authType></con:credentials><con:jmsConfig JMSDeliveryMode="PERSISTENT"/><con:parameters><entry key="key" value="33" xmlns="http://eviware.com/soapui/config"/></con:parameters><con:parameterOrder><con:entry>key</con:entry><con:entry>Authorization</con:entry></con:parameterOrder></con:request></con:method></con:resource></con:interface><con:interface xsi:type="con:RestService" id="46ee9f92-ca38-4194-835e-a8596f8aeebf" wadlVersion="http://wadl.dev.java.net/2009/02" name="GetTenants" type="rest" xmlns:xsi="http://www.w3.org/2001/XMLSchema-instance"><con:settings/><con:definitionCache type="TEXT" rootPart=""/><con:endpoints><con:endpoint>http://a.com</con:endpoint></con:endpoints><con:resource name="GetTenants" path="/platformservice/api/v1/tenants" id="d403b3de-eee3-4f6f-9d9d-bbb76b0feafb"><con:settings/><con:parameters><con:parameter><con:name>pageSize</con:name><con:value/><con:style>QUERY</con:style><con:default/><con:description xsi:nil="true"/></con:parameter><con:parameter><con:name>Authorization</con:name><con:value/><con:style>HEADER</con:style><con:default/><con:description xsi:nil="true"/></con:parameter><con:parameter><con:name>applicationKey</con:name><con:value/><con:style>QUERY</con:style><con:default/><con:description xsi:nil="true"/></con:parameter><con:parameter><con:name>deploymentKey</con:name><con:value/><con:style>QUERY</con:style><con:default/><con:description xsi:nil="true"/></con:parameter></con:parameters><con:method name="GetTenants" id="dad2b393-38c7-4e7e-9728-93f57b7a5af9" method="GET"><con:settings/><con:parameters/><con:representation type="RESPONSE"><con:mediaType>application/json;charset=UTF-8</con:mediaType><con:status>200</con:status><con:params/><con:element xmlns:ten="http://dc1testrmapp03.prod.tangoe.com/api/v1/tenants">ten:Response</con:element></con:representation><con:representation type="FAULT"><con:mediaType>application/json;charset=UTF-8</con:mediaType><con:status>401</con:status><con:params/><con:element xmlns:ten="http://dc1testrmapp03.prod.tangoe.com/platformservice/api/v1/tenants">ten:Fault</con:element></con:representation><con:request name="GetTenants" id="202815d4-e4e3-47d3-8232-6c0b89a3bb68" mediaType="application/json"><con:settings/><con:endpoint>http://a.com</con:endpoint><con:request/><con:credentials><con:selectedAuthProfile>No Authorization</con:selectedAuthProfile><con:authType>No Authorization</con:authType></con:credentials><con:jmsConfig JMSDeliveryMode="PERSISTENT"/><con:parameters/><con:parameterOrder><con:entry>pageSize</con:entry><con:entry>Authorization</con:entry><con:entry>applicationKey</con:entry><con:entry>deploymentKey</con:entry></con:parameterOrder></con:request></con:method></con:resource></con:interface><con:interface xsi:type="con:RestService" id="b6b8c365-876e-4873-a351-93831faa14d0" wadlVersion="http://wadl.dev.java.net/2009/02" name="GetDeployments" type="rest" xmlns:xsi="http://www.w3.org/2001/XMLSchema-instance"><con:settings/><con:definitionCache type="TEXT" rootPart=""/><con:endpoints><con:endpoint>http://a.com</con:endpoint></con:endpoints><con:resource name="GetDeployments" path="/platformservice/api/v1/deployments" id="237f3d72-b369-43aa-b90d-a74d1d8a716e"><con:settings/><con:parameters><con:parameter><con:name>applicationKey</con:name><con:value/><con:style>QUERY</con:style><con:default/><con:description xsi:nil="true"/></con:parameter><con:parameter><con:name>tenantKey</con:name><con:value/><con:style>QUERY</con:style><con:default/><con:description xsi:nil="true"/></con:parameter><con:parameter><con:name>Authorization</con:name><con:value/><con:style>HEADER</con:style><con:default/><con:description xsi:nil="true"/></con:parameter></con:parameters><con:method name="GetDeployments" id="2eb7b11f-919f-4fb9-90cb-b2a7e92a1e7c" method="GET"><con:settings/><con:parameters/><con:representation type="RESPONSE"><con:mediaType>application/json;charset=UTF-8</con:mediaType><con:status>200</con:status><con:params/><con:element xmlns:dep="http://dc1testrmapp03.prod.tangoe.com/api/v1/deployments">dep:Response</con:element></con:representation><con:representation type="RESPONSE"><con:mediaType xsi:nil="true"/><con:status>0</con:status><con:params/><con:element>data</con:element></con:representation><con:request name="GetDeployments" id="1c6fa47a-6f24-427e-abb6-cec7d5fb4913" mediaType="application/json"><con:settings><con:setting id="com.eviware.soapui.impl.wsdl.WsdlRequest@request-headers">&lt;xml-fragment/></con:setting></con:settings><con:endpoint>http://a.com</con:endpoint><con:request/><con:credentials><con:selectedAuthProfile>No Authorization</con:selectedAuthProfile><con:authType>No Authorization</con:authType></con:credentials><con:jmsConfig JMSDeliveryMode="PERSISTENT"/><con:parameters/><con:parameterOrder><con:entry>applicationKey</con:entry><con:entry>tenantKey</con:entry><con:entry>Authorization</con:entry></con:parameterOrder></con:request></con:method></con:resource></con:interface><con:interface xsi:type="con:RestService" id="68499b01-2eca-4d7d-94e1-63e48fdb257b" wadlVersion="http://wadl.dev.java.net/2009/02" name="GetRoutes" type="rest" xmlns:xsi="http://www.w3.org/2001/XMLSchema-instance"><con:settings/><con:definitionCache type="TEXT" rootPart=""/><con:endpoints><con:endpoint>http://a.com</con:endpoint><con:endpoint>http://dc1testrmapp03.prod.tangoe.com:8055</con:endpoint></con:endpoints><con:resource name="GetRoutes" path="/platformservice/api/v1/routes" id="675ebf60-04ee-4cbd-8f1c-5b7252b46989"><con:settings/><con:parameters><con:parameter><con:name>applicationKey</con:name><con:value/><con:style>QUERY</con:style><con:default/><con:description xsi:nil="true"/></con:parameter><con:parameter><con:name>tenantKey</con:name><con:value/><con:style>QUERY</con:style><con:default/><con:description xsi:nil="true"/></con:parameter><con:parameter><con:name>deploymentKey</con:name><con:value/><con:style>QUERY</con:style><con:default/><con:description xsi:nil="true"/></con:parameter><con:parameter><con:name>version</con:name><con:value/><con:style>QUERY</con:style><con:default/><con:description xsi:nil="true"/></con:parameter><con:parameter><con:name>enabled</con:name><con:value/><con:style>QUERY</con:style><con:default/><con:description xsi:nil="true"/></con:parameter><con:parameter><con:name>sortBy</con:name><con:value/><con:style>QUERY</con:style><con:default/><con:description xsi:nil="true"/></con:parameter><con:parameter><con:name>sortDirection</con:name><con:value/><con:style>QUERY</con:style><con:default/><con:description xsi:nil="true"/></con:parameter><con:parameter><con:name>page</con:name><con:value/><con:style>QUERY</con:style><con:default/><con:description xsi:nil="true"/></con:parameter><con:parameter><con:name>pageSize</con:name><con:value/><con:style>QUERY</con:style><con:default/><con:description xsi:nil="true"/></con:parameter><con:parameter><con:name>includeTenant</con:name><con:value/><con:style>QUERY</con:style><con:default/><con:description xsi:nil="true"/></con:parameter><con:parameter><con:name>includeApplication</con:name><con:value/><con:style>QUERY</con:style><con:default/><con:description xsi:nil="true"/></con:parameter><con:parameter><con:name>includeDeployment</con:name><con:value/><con:style>QUERY</con:style><con:default/><con:description xsi:nil="true"/></con:parameter><con:parameter><con:name>Authorization</con:name><con:value/><con:style>HEADER</con:style><con:default/><con:description xsi:nil="true"/></con:parameter><con:parameter><con:name>host</con:name><con:value/><con:style>QUERY</con:style><con:default/><con:description xsi:nil="true"/></con:parameter><con:parameter><con:name>path</con:name><con:value/><con:style>QUERY</con:style><con:default/><con:description xsi:nil="true"/></con:parameter><con:parameter><con:name>tenantID</con:name><con:value/><con:style>QUERY</con:style><con:default/><con:description xsi:nil="true"/></con:parameter></con:parameters><con:method name="GetRoutes" id="376196f4-86a4-4480-bc7d-07753aca2b2e" method="GET"><con:settings/><con:parameters/><con:representation type="RESPONSE"><con:mediaType>application/json;charset=UTF-8</con:mediaType><con:status>200</con:status><con:params/><con:element xmlns:rout="http://dc2devrmapp44.prod.tangoe.com/v1/routes">rout:Response</con:element></con:representation><con:representation type="FAULT"><con:mediaType>application/json;charset=UTF-8</con:mediaType><con:status>400 500 404 401</con:status><con:params/><con:element xmlns:rout="http://dc2devrmapp44.prod.tangoe.com/v1/routes">rout:Fault</con:element></con:representation><con:representation type="RESPONSE"><con:mediaType xsi:nil="true"/><con:status>0</con:status><con:params/><con:element>data</con:element></con:representation><con:representation type="RESPONSE"><con:mediaType xsi:nil="true"/><con:status>0</con:status><con:params/><con:element>data</con:element></con:representation><con:representation type="RESPONSE"><con:mediaType xsi:nil="true"/><con:status>0</con:status><con:params/><con:element>data</con:element></con:representation><con:representation type="RESPONSE"><con:mediaType xsi:nil="true"/><con:status>0</con:status><con:params/><con:element>data</con:element></con:representation><con:representation type="RESPONSE"><con:mediaType xsi:nil="true"/><con:status>0</con:status><con:params/><con:element>data</con:element></con:representation><con:representation type="RESPONSE"><con:mediaType xsi:nil="true"/><con:status>0</con:status><con:params/><con:element>data</con:element></con:representation><con:representation type="RESPONSE"><con:mediaType xsi:nil="true"/><con:status>0</con:status><con:params/><con:element>data</con:element></con:representation><con:representation type="RESPONSE"><con:mediaType xsi:nil="true"/><con:status>0</con:status><con:params/><con:element>data</con:element></con:representation><con:representation type="RESPONSE"><con:mediaType xsi:nil="true"/><con:status>0</con:status><con:params/><con:element>data</con:element></con:representation><con:representation type="RESPONSE"><con:mediaType xsi:nil="true"/><con:status>0</con:status><con:params/><con:element>data</con:element></con:representation><con:representation type="RESPONSE"><con:mediaType xsi:nil="true"/><con:status>0</con:status><con:params/><con:element>data</con:element></con:representation><con:representation type="RESPONSE"><con:mediaType xsi:nil="true"/><con:status>0</con:status><con:params/><con:element>data</con:element></con:representation><con:representation type="RESPONSE"><con:mediaType xsi:nil="true"/><con:status>0</con:status><con:params/><con:element>data</con:element></con:representation><con:representation type="RESPONSE"><con:mediaType xsi:nil="true"/><con:status>0</con:status><con:params/><con:element>data</con:element></con:representation><con:representation type="RESPONSE"><con:mediaType xsi:nil="true"/><con:status>0</con:status><con:params/><con:element>data</con:element></con:representation><con:representation type="RESPONSE"><con:mediaType xsi:nil="true"/><con:status>0</con:status><con:params/><con:element>data</con:element></con:representation><con:representation type="RESPONSE"><con:mediaType xsi:nil="true"/><con:status>0</con:status><con:params/><con:element>data</con:element></con:representation><con:representation type="RESPONSE"><con:mediaType xsi:nil="true"/><con:status>0</con:status><con:params/><con:element>data</con:element></con:representation><con:representation type="RESPONSE"><con:mediaType xsi:nil="true"/><con:status>0</con:status><con:params/><con:element>data</con:element></con:representation><con:representation type="RESPONSE"><con:mediaType xsi:nil="true"/><con:status>0</con:status><con:params/><con:element>data</con:element></con:representation><con:representation type="RESPONSE"><con:mediaType xsi:nil="true"/><con:status>0</con:status><con:params/><con:element>data</con:element></con:representation><con:representation type="RESPONSE"><con:mediaType xsi:nil="true"/><con:status>0</con:status><con:params/><con:element>data</con:element></con:representation><con:representation type="RESPONSE"><con:mediaType xsi:nil="true"/><con:status>0</con:status><con:params/><con:element>data</con:element></con:representation><con:representation type="RESPONSE"><con:mediaType xsi:nil="true"/><con:status>0</con:status><con:params/><con:element>data</con:element></con:representation><con:representation type="RESPONSE"><con:mediaType xsi:nil="true"/><con:status>0</con:status><con:params/><con:element>data</con:element></con:representation><con:representation type="RESPONSE"><con:mediaType xsi:nil="true"/><con:status>0</con:status><con:params/><con:element>data</con:element></con:representation><con:representation type="RESPONSE"><con:mediaType xsi:nil="true"/><con:status>0</con:status><con:params/><con:element>data</con:element></con:representation><con:representation type="RESPONSE"><con:mediaType xsi:nil="true"/><con:status>0</con:status><con:params/><con:element>data</con:element></con:representation><con:representation type="RESPONSE"><con:mediaType xsi:nil="true"/><con:status>0</con:status><con:params/><con:element>data</con:element></con:representation><con:representation type="RESPONSE"><con:mediaType xsi:nil="true"/><con:status>0</con:status><con:params/><con:element>data</con:element></con:representation><con:representation type="RESPONSE"><con:mediaType xsi:nil="true"/><con:status>0</con:status><con:params/><con:element>data</con:element></con:representation><con:representation type="RESPONSE"><con:mediaType xsi:nil="true"/><con:status>0</con:status><con:params/><con:element>data</con:element></con:representation><con:representation type="RESPONSE"><con:mediaType xsi:nil="true"/><con:status>0</con:status><con:params/><con:element>data</con:element></con:representation><con:representation type="RESPONSE"><con:mediaType xsi:nil="true"/><con:status>0</con:status><con:params/><con:element>data</con:element></con:representation><con:representation type="RESPONSE"><con:mediaType xsi:nil="true"/><con:status>0</con:status><con:params/><con:element>data</con:element></con:representation><con:representation type="RESPONSE"><con:mediaType xsi:nil="true"/><con:status>0</con:status><con:params/><con:element>data</con:element></con:representation><con:representation type="RESPONSE"><con:mediaType xsi:nil="true"/><con:status>0</con:status><con:params/><con:element>data</con:element></con:representation><con:representation type="RESPONSE"><con:mediaType xsi:nil="true"/><con:status>0</con:status><con:params/><con:element>data</con:element></con:representation><con:representation type="RESPONSE"><con:mediaType xsi:nil="true"/><con:status>0</con:status><con:params/><con:element>data</con:element></con:representation><con:representation type="RESPONSE"><con:mediaType xsi:nil="true"/><con:status>0</con:status><con:params/><con:element>data</con:element></con:representation><con:representation type="RESPONSE"><con:mediaType xsi:nil="true"/><con:status>0</con:status><con:params/><con:element>data</con:element></con:representation><con:representation type="RESPONSE"><con:mediaType xsi:nil="true"/><con:status>0</con:status><con:params/><con:element>data</con:element></con:representation><con:representation type="RESPONSE"><con:mediaType xsi:nil="true"/><con:status>0</con:status><con:params/><con:element>data</con:element></con:representation><con:representation type="RESPONSE"><con:mediaType xsi:nil="true"/><con:status>0</con:status><con:params/><con:element>data</con:element></con:representation><con:representation type="RESPONSE"><con:mediaType xsi:nil="true"/><con:status>0</con:status><con:params/><con:element>data</con:element></con:representation><con:representation type="RESPONSE"><con:mediaType xsi:nil="true"/><con:status>0</con:status><con:params/><con:element>data</con:element></con:representation><con:representation type="FAULT"><con:mediaType xsi:nil="true"/><con:status>500</con:status><con:params/><con:element>data</con:element></con:representation><con:representation type="FAULT"><con:mediaType xsi:nil="true"/><con:status>500</con:status><con:params/><con:element>data</con:element></con:representation><con:representation type="FAULT"><con:mediaType xsi:nil="true"/><con:status>500</con:status><con:params/><con:element>data</con:element></con:representation><con:representation type="FAULT"><con:mediaType xsi:nil="true"/><con:status>500</con:status><con:params/><con:element>data</con:element></con:representation><con:representation type="FAULT"><con:mediaType xsi:nil="true"/><con:status>500</con:status><con:params/><con:element>data</con:element></con:representation><con:representation type="FAULT"><con:mediaType xsi:nil="true"/><con:status>500</con:status><con:params/><con:element>data</con:element></con:representation><con:representation type="FAULT"><con:mediaType xsi:nil="true"/><con:status>500</con:status><con:params/><con:element>data</con:element></con:representation><con:representation type="FAULT"><con:mediaType xsi:nil="true"/><con:status>500</con:status><con:params/><con:element>data</con:element></con:representation><con:representation type="FAULT"><con:mediaType xsi:nil="true"/><con:status>500</con:status><con:params/><con:element>data</con:element></con:representation><con:representation type="FAULT"><con:mediaType xsi:nil="true"/><con:status>500</con:status><con:params/><con:element>data</con:element></con:representation><con:representation type="FAULT"><con:mediaType xsi:nil="true"/><con:status>500</con:status><con:params/><con:element>data</con:element></con:representation><con:representation type="FAULT"><con:mediaType xsi:nil="true"/><con:status>500</con:status><con:params/><con:element>data</con:element></con:representation><con:representation type="FAULT"><con:mediaType xsi:nil="true"/><con:status>500</con:status><con:params/><con:element>data</con:element></con:representation><con:representation type="FAULT"><con:mediaType xsi:nil="true"/><con:status>500</con:status><con:params/><con:element>data</con:element></con:representation><con:representation type="FAULT"><con:mediaType xsi:nil="true"/><con:status>500</con:status><con:params/><con:element>data</con:element></con:representation><con:representation type="RESPONSE"><con:mediaType xsi:nil="true"/><con:status>0</con:status><con:params/><con:element>data</con:element></con:representation><con:representation type="RESPONSE"><con:mediaType xsi:nil="true"/><con:status>0</con:status><con:params/><con:element>data</con:element></con:representation><con:representation type="RESPONSE"><con:mediaType xsi:nil="true"/><con:status>0</con:status><con:params/><con:element>data</con:element></con:representation><con:representation type="RESPONSE"><con:mediaType xsi:nil="true"/><con:status>0</con:status><con:params/><con:element>data</con:element></con:representation><con:representation type="RESPONSE"><con:mediaType xsi:nil="true"/><con:status>0</con:status><con:params/><con:element>data</con:element></con:representation><con:representation type="RESPONSE"><con:mediaType xsi:nil="true"/><con:status>0</con:status><con:params/><con:element>data</con:element></con:representation><con:request name="GetRoutes" id="cb5df208-997a-4a11-80af-1322f5ce0ec4" mediaType="application/json"><con:settings><con:setting id="com.eviware.soapui.impl.wsdl.WsdlRequest@request-headers">&lt;xml-fragment/></con:setting></con:settings><con:endpoint>http://a.com</con:endpoint><con:request/><con:credentials><con:selectedAuthProfile>No Authorization</con:selectedAuthProfile><con:authType>No Authorization</con:authType></con:credentials><con:jmsConfig JMSDeliveryMode="PERSISTENT"/><con:parameters>
  <con:entry key="sortDirection" value="55"/>
  <con:entry key="includeApplication" value="77"/>
  <con:entry key="tenantKey" value="44"/>
  <con:entry key="deploymentKey" value="66"/>
  <con:entry key="applicationKey" value="55"/>
  <con:entry key="pageSize" value="77"/>
  <con:entry key="includeTenant" value="55"/>
  <con:entry key="sortBy" value="66"/>
  <con:entry key="page" value="55"/>
  <con:entry key="version" value="55"/>
  <con:entry key="enabled" value="33"/>
</con:parameters><con:parameterOrder><con:entry>applicationKey</con:entry><con:entry>tenantKey</con:entry><con:entry>deploymentKey</con:entry><con:entry>version</con:entry><con:entry>host</con:entry><con:entry>path</con:entry><con:entry>enabled</con:entry><con:entry>sortBy</con:entry><con:entry>sortDirection</con:entry><con:entry>page</con:entry><con:entry>pageSize</con:entry><con:entry>includeTenant</con:entry><con:entry>includeApplication</con:entry><con:entry>includeDeployment</con:entry><con:entry>Authorization</con:entry><con:entry>tenantID</con:entry></con:parameterOrder></con:request></con:method></con:resource></con:interface><con:testSuite id="0be91b7e-3d4e-46f6-88f6-edf17d304282" name="TestSuite 1" disabled="true"><con:settings/><con:savedRecentRuns>1</con:savedRecentRuns><con:runType>SEQUENTIAL</con:runType><con:testCase id="f3038777-7a32-4ce7-badb-95acb620131f" discardOkResults="true" failOnError="true" failTestCaseOnErrors="true" keepSession="false" name="TestCase 1" searchProperties="true" timeout="0" maxResults="0"><con:settings/><con:savedRecentRuns>1</con:savedRecentRuns><con:testStep type="groovy" name="SetupToken" id="bf7285b4-5627-4996-8266-b0703b655bd6"><con:settings/><con:config><script>// *** ADDED DECEMBER 26 -- TRYING SECURITY TOKEN ***  
// *** JANUARY 3 -- ADDING READING URL (HOSTNAME) FROM FILE ***

def groovyUtils = new com.eviware.soapui.support.GroovyUtils( context ); 

String projectPath = groovyUtils.projectPath //gets the path of the project root
String fileNameToken = projectPath + "\\tokenGenerated.txt"
String fileNameURL = projectPath + "\\platformServiceHostName.txt"

readDataFromFile(fileNameToken, log, testRunner)
readDataFromFile(fileNameURL, log, testRunner)

// read in each line of token pair file and send to SetupTestSuiteVariables method for creating token pair file.
static boolean readDataFromFile(fileName, log, testRunner)
{
	try
	{
		new File(fileName).eachLine 
		{ 
			line ->	
			//log.info line
			setupTestSuiteVariables(line ,log, testRunner)
		}
	}
	catch (all)
	{
		log.info "    File read failed in readDataFromFile method."
		return false
	}
	return true
}

// put token into test suite property if line contains one of the tokens.
static void setupTestSuiteVariables(inputLine, log, testRunner)
{
	def strArray = []
	strArray = inputLine.split("=")
	
	// log.info strArray[1]
	
	if (inputLine.contains("Token"))
	{  
		testRunner.testCase.setPropertyValue("Token",strArray[1])
		log.info "  Token: " + testRunner.testCase.getPropertyValue("Token")		
	
	} else if (inputLine.contains("URL"))
	{
		testRunner.testCase.setPropertyValue("URL",strArray[1])
		log.info "  Hostname URL: " + testRunner.testCase.getPropertyValue("URL")	
	}
	
}
</script></con:config></con:testStep><con:testStep type="restrequest" name="GetApps" id="75429c82-160b-40f4-9deb-1ff159de4120"><con:settings/><con:config service="GetApplications" resourcePath="/platformservice/api/v1/applications" methodName="GetApplications" xsi:type="con:RestRequestStep" xmlns:xsi="http://www.w3.org/2001/XMLSchema-instance"><con:restRequest name="GetApps" id="8e39c231-76ec-4461-8912-39658efd12b3" mediaType="application/json"><con:settings><con:setting id="com.eviware.soapui.impl.wsdl.WsdlRequest@request-headers">&lt;xml-fragment/></con:setting></con:settings><con:endpoint>${#TestCase#URL}</con:endpoint><con:request/><con:originalUri>http://dc2devrmapp44.prod.tangoe.com/v1/applications</con:originalUri><con:credentials><con:selectedAuthProfile>Inherit From Parent</con:selectedAuthProfile><con:authType>No Authorization</con:authType></con:credentials><con:jmsConfig JMSDeliveryMode="PERSISTENT"/><con:jmsPropertyConfig/><con:parameters>
  <con:entry key="Authorization" value="Bearer ${#TestCase#Token}"/>
  <con:entry key="pageSize" value="300"/>
  <con:entry key="enabled" value="true"/>
</con:parameters><con:parameterOrder><con:entry>pageSize</con:entry><con:entry>Authorization</con:entry><con:entry>tenantKey</con:entry><con:entry>deploymentKey</con:entry><con:entry>enabled</con:entry><con:entry>sortBy</con:entry><con:entry>sortDirection</con:entry><con:entry>page</con:entry><con:entry>defaultHost</con:entry><con:entry>defaultPath</con:entry></con:parameterOrder></con:restRequest></con:config></con:testStep><con:testStep type="restrequest" name="GetAppByKey" id="cb4cd0e5-69ba-440e-ae70-ef9c7c56e12e"><con:settings/><con:config service="GetAppByKey" resourcePath="/platformservice/api/v1/applications/{key}" methodName="GetAppByKey" xsi:type="con:RestRequestStep" xmlns:xsi="http://www.w3.org/2001/XMLSchema-instance"><con:restRequest name="GetAppByKey" id="7a6833a7-ded8-4d86-95d2-19dcd158b0a8" mediaType="application/json"><con:settings><con:setting id="com.eviware.soapui.impl.wsdl.WsdlRequest@request-headers">&lt;xml-fragment/></con:setting></con:settings><con:endpoint>${#TestCase#URL}</con:endpoint><con:request/><con:originalUri>http://dc2devrmapp44.prod.tangoe.com/v1/applications/RVM</con:originalUri><con:credentials><con:selectedAuthProfile>Inherit From Parent</con:selectedAuthProfile><con:authType>No Authorization</con:authType></con:credentials><con:jmsConfig JMSDeliveryMode="PERSISTENT"/><con:jmsPropertyConfig/><con:parameters>
  <con:entry key="Authorization" value="Bearer ${#TestCase#Token}"/>
  <con:entry key="key" value="RVM"/>
</con:parameters><con:parameterOrder><con:entry>key</con:entry><con:entry>Authorization</con:entry></con:parameterOrder></con:restRequest></con:config></con:testStep><con:testStep type="restrequest" name="PutAppByKey" id="f7a2f238-769d-4eca-96c5-70ef642bd462"><con:settings/><con:config service="PutAppByKey" resourcePath="/platformservice/api/v1/applications/{key}" methodName="PutAppByKey" xsi:type="con:RestRequestStep" xmlns:xsi="http://www.w3.org/2001/XMLSchema-instance"><con:restRequest name="PutAppByKey" id="a5016864-7f37-4a1d-835a-ebd9be53680a" mediaType="application/json" postQueryString="false"><con:settings><con:setting id="com.eviware.soapui.impl.wsdl.WsdlRequest@request-headers">&lt;xml-fragment/></con:setting></con:settings><con:endpoint>${#TestCase#URL}</con:endpoint><con:request>{
    "key": "aaa",
    "name": "w",
    "description": "w",
    "defaultHost": "w",
    "defaultPath": "/w",         
    "enabled": false
}</con:request><con:originalUri>http://dc2devrmapp44.prod.tangoe.com/v1/applications/ANA_APP1</con:originalUri><con:credentials><con:selectedAuthProfile>Inherit From Parent</con:selectedAuthProfile><con:authType>No Authorization</con:authType></con:credentials><con:jmsConfig JMSDeliveryMode="PERSISTENT"/><con:parameters>
  <con:entry key="Authorization" value="Bearer ${#TestCase#Token}"/>
  <con:entry key="key" value="aaa"/>
</con:parameters><con:parameterOrder><con:entry>key</con:entry><con:entry>Authorization</con:entry></con:parameterOrder></con:restRequest></con:config></con:testStep><con:testStep type="restrequest" name="PostApp" id="21205db7-3ef8-488a-879f-1d20c95091d0"><con:settings/><con:config service="PostApp" resourcePath="/platformservice/api/v1/applications" methodName="PostApp" xsi:type="con:RestRequestStep" xmlns:xsi="http://www.w3.org/2001/XMLSchema-instance"><con:restRequest name="PostApp" id="8d7180bc-c81f-4fef-b9bc-22a6ac51b6f8" mediaType="application/json" postQueryString="false"><con:settings><con:setting id="com.eviware.soapui.impl.wsdl.WsdlRequest@request-headers">&lt;xml-fragment/></con:setting></con:settings><con:endpoint>${#TestCase#URL}</con:endpoint><con:request>{
    "key": "AAZZVV",
    "name": "ui",
   "defaultHost": "ui-com",   
   "defaultPath": "/ui-comv",
    "enabled": "true"
}</con:request><con:originalUri>http://dc2devrmapp44.prod.tangoe.com/v1/applications</con:originalUri><con:assertion type="Valid HTTP Status Codes" id="f59da908-609e-4937-84d2-8d2d5bdfe514" name="Valid HTTP Status Codes"><con:settings/><con:configuration><codes>201</codes></con:configuration></con:assertion><con:credentials><con:selectedAuthProfile>Inherit From Parent</con:selectedAuthProfile><con:authType>No Authorization</con:authType></con:credentials><con:jmsConfig JMSDeliveryMode="PERSISTENT"/><con:parameters><entry key="Authorization" value="Bearer ${#TestCase#Token}" xmlns="http://eviware.com/soapui/config"/></con:parameters><con:parameterOrder><con:entry>Authorization</con:entry></con:parameterOrder></con:restRequest></con:config></con:testStep><con:testStep type="restrequest" name="DeleteAppByKey" id="d9829e95-371b-4c7d-be59-3eb698fae81d"><con:settings/><con:config service="DeleteAppByKey" resourcePath="/platformservice/api/v1/applications/{key}" methodName="DeleteAppByKey" xsi:type="con:RestRequestStep" xmlns:xsi="http://www.w3.org/2001/XMLSchema-instance"><con:restRequest name="DeleteAppByKey" id="a5432683-6e51-419c-8ef8-2f97617f1fbd" mediaType="application/json" postQueryString="false"><con:settings><con:setting id="com.eviware.soapui.impl.wsdl.WsdlRequest@request-headers">&lt;xml-fragment/></con:setting></con:settings><con:endpoint>${#TestCase#URL}</con:endpoint><con:request/><con:originalUri>http://a.com/v1/applications/BadApp</con:originalUri><con:assertion type="Valid HTTP Status Codes" id="f9d0ad8f-356a-455c-a38a-32b80eb41704" name="Valid HTTP Status Codes"><con:settings/><con:configuration><codes>204</codes></con:configuration></con:assertion><con:credentials><con:selectedAuthProfile>Inherit From Parent</con:selectedAuthProfile><con:authType>No Authorization</con:authType></con:credentials><con:jmsConfig JMSDeliveryMode="PERSISTENT"/><con:parameters>
  <con:entry key="Authorization" value="Bearer ${#TestCase#Token}"/>
  <con:entry key="key" value="aaaaa"/>
</con:parameters><con:parameterOrder><con:entry>key</con:entry><con:entry>Authorization</con:entry></con:parameterOrder></con:restRequest></con:config></con:testStep><con:testStep type="restrequest" name="GetAppsAllItems" id="6e04fec0-22ed-4051-aa83-8df57312f16d"><con:settings/><con:config service="GetApplications" resourcePath="/platformservice/api/v1/applications" methodName="GetApplications" xsi:type="con:RestRequestStep" xmlns:xsi="http://www.w3.org/2001/XMLSchema-instance"><con:restRequest name="GetAppsAllItems" id="8e39c231-76ec-4461-8912-39658efd12b3" mediaType="application/json"><con:settings><con:setting id="com.eviware.soapui.impl.wsdl.WsdlRequest@request-headers">&lt;xml-fragment/></con:setting></con:settings><con:endpoint>${#TestCase#URL}</con:endpoint><con:request/><con:originalUri>http://a.com/api/v1/applications</con:originalUri><con:credentials><con:selectedAuthProfile>Inherit From Parent</con:selectedAuthProfile><con:authType>No Authorization</con:authType></con:credentials><con:jmsConfig JMSDeliveryMode="PERSISTENT"/><con:parameters>
  <con:entry key="Authorization" value="Bearer ${#TestCase#Token}"/>
  <con:entry key="defaultPath" value=""/>
  <con:entry key="defaultHost" value=""/>
  <con:entry key="pageSize" value="2"/>
</con:parameters><con:parameterOrder><con:entry>tenantKey</con:entry><con:entry>deploymentKey</con:entry><con:entry>enabled</con:entry><con:entry>Authorization</con:entry><con:entry>sortBy</con:entry><con:entry>sortDirection</con:entry><con:entry>page</con:entry><con:entry>pageSize</con:entry><con:entry>defaultHost</con:entry><con:entry>defaultPath</con:entry></con:parameterOrder></con:restRequest></con:config></con:testStep><con:properties><con:property><con:name>Token</con:name><con:value>eyJhbGciOiJIUzUxMiJ9.eyJzdWIiOiJhZG1pbiIsImF1dGgiOiJST0xFX0FETUlOLFJPTEVfVVNFUiIsImV4cCI6MTUyNzI4NzE0Nn0.qL_k3R9Tec5AlB3dLVcd2EfTItr5USR9n9CEj_LYoludqMJpb3FBaBvvWh3lEeud8YJ0hLOtjC-Z5Hspy2CeYA</con:value></con:property><con:property><con:name>URL</con:name><con:value>http://dc1testrmapp03.prod.tangoe.com:4070</con:value></con:property></con:properties><con:reportParameters/></con:testCase><con:properties/><con:reportParameters/></con:testSuite><con:testSuite id="c406ffd8-c24f-4c36-82fc-d9c913c70e52" name="TestSuiteAppsAssociations"><con:description>Bob Lichtenfels - owner.</con:description><con:settings/><con:savedRecentRuns>1</con:savedRecentRuns><con:runType>SEQUENTIAL</con:runType><con:testCase id="9d30bc2f-b866-4aba-870b-3038a7e98ec5" failOnError="true" failTestCaseOnErrors="true" keepSession="false" maxResults="0" name="GetApplications" searchProperties="true" timeout="0" wsrmEnabled="false" wsrmVersion="1.0" wsrmAckTo="" amfAuthorisation="false" amfEndpoint="" amfLogin="" amfPassword=""><con:description>Verify adding (PostApp) and removing (DeleteByKey) applications
Verify doing a (DeleteByKey) on an key that doesn't exist gives the correct error response.
Verify doing a (PostApp) on a key that exists gives the correct error response.</con:description><con:settings/><con:savedRecentRuns>1</con:savedRecentRuns><con:testStep type="groovy" name="SetupToken" id="ff147dac-5e6c-4cd5-a8ed-c1b0ae8f6c70"><con:settings/><con:config><script>// *** ADDED DECEMBER 26 -- TRYING SECURITY TOKEN ***  
// *** JANUARY 3 -- ADDING READING URL (HOSTNAME) FROM FILE ***

def groovyUtils = new com.eviware.soapui.support.GroovyUtils( context ); 

String projectPath = groovyUtils.projectPath //gets the path of the project root
String fileNameToken = projectPath + "\\tokenGenerated.txt"
String fileNameURL = projectPath + "\\platformServiceHostName.txt"

readDataFromFile(fileNameToken, log, testRunner)
readDataFromFile(fileNameURL, log, testRunner)

// read in each line of token pair file and send to SetupTestSuiteVariables method for creating token pair file.
static boolean readDataFromFile(fileName, log, testRunner)
{
	try
	{
		new File(fileName).eachLine 
		{ 
			line ->	
			//log.info line
			setupTestSuiteVariables(line ,log, testRunner)
		}
	}
	catch (all)
	{
		log.info "    File read failed in readDataFromFile method."
		return false
	}
	return true
}

// put token into test suite property if line contains one of the tokens.
static void setupTestSuiteVariables(inputLine, log, testRunner)
{
	def strArray = []
	strArray = inputLine.split("=")
	
	// log.info strArray[1]
	
	if (inputLine.contains("Token"))
	{  
		testRunner.testCase.setPropertyValue("Token",strArray[1])
		log.info "  Token: " + testRunner.testCase.getPropertyValue("Token")		
	
	} else if (inputLine.contains("URL"))
	{
		testRunner.testCase.setPropertyValue("URL",strArray[1])
		log.info "  Hostname URL: " + testRunner.testCase.getPropertyValue("URL")	
	}
	
}
</script></con:config></con:testStep><con:testStep type="restrequest" name="GetApplications" id="4d0a3b72-0a97-45be-922e-b1e74d9f267b"><con:settings/><con:config service="GetApplications" resourcePath="/platformservice/api/v1/applications" methodName="GetApplications" xsi:type="con:RestRequestStep" xmlns:xsi="http://www.w3.org/2001/XMLSchema-instance"><con:restRequest name="GetApplications" id="78225f30-ac27-4fc1-b283-2688b59cb02f" mediaType="application/json"><con:settings><con:setting id="com.eviware.soapui.impl.wsdl.WsdlRequest@request-headers">&lt;xml-fragment/></con:setting></con:settings><con:endpoint>${#TestCase#URL}</con:endpoint><con:request/><con:originalUri>http://tg-mobility.cloudhub.io/mobility/v1/assets/devices</con:originalUri><con:assertion type="Valid HTTP Status Codes" id="e847023d-e7d0-44a2-a0ed-3d7d9c4d20b9" name="Valid HTTP Status Codes"><con:settings/><con:configuration><codes>200</codes></con:configuration></con:assertion><con:credentials><con:selectedAuthProfile>No Authorization</con:selectedAuthProfile><con:authType>No Authorization</con:authType></con:credentials><con:jmsConfig JMSDeliveryMode="PERSISTENT"/><con:jmsPropertyConfig/><con:parameters>
  <con:entry key="Authorization" value="Bearer ${#TestCase#Token}"/>
  <con:entry key="defaultPath" value=""/>
  <con:entry key="defaultHost" value=""/>
  <con:entry key="deploymentKey" value=""/>
  <con:entry key="pageSize" value="300"/>
  <con:entry key="enabled" value=""/>
</con:parameters><con:parameterOrder><con:entry>pageSize</con:entry><con:entry>Authorization</con:entry><con:entry>tenantKey</con:entry><con:entry>deploymentKey</con:entry><con:entry>enabled</con:entry><con:entry>sortBy</con:entry><con:entry>sortDirection</con:entry><con:entry>page</con:entry><con:entry>defaultHost</con:entry><con:entry>defaultPath</con:entry></con:parameterOrder></con:restRequest></con:config></con:testStep><con:testStep type="groovy" name="Groovy Script" id="3773a536-a534-49c6-a771-2867c2ec8609"><con:settings/><con:config><script>import groovy.json.JsonSlurper
import com.eviware.soapui.support.UISupport
import java.io.*

// get response from the previous request.
RunGet("GetApplications")
GetResponse("GetApplications")


for(String str : json.applications.key)
{
	log.info "Application:" + str
	testRunner.testCase.setPropertyValue("AppKey", str)
	
	RunGet("GetTenants")
	GetResponse("GetTenants")
	if(json.metadata.totalCount > 0)
	{
		log.info "Tenants --- " + json.tenants.key
	}
	
	RunGet("GetDeployments")
	GetResponse("GetDeployments")
	if(json.metadata.totalCount > 0)
	{
		log.info "Deployments --- " + json.deployments.key
	}	

	RunGet("GetRoutes")
	GetResponse("GetRoutes")
	if(json.metadata.totalCount > 0)
	{
		log.info "Routes --- " + json.routes.key
	}	




}



























/*
def alert = com.eviware.soapui.support.UISupport;

def groovyUtils = new com.eviware.soapui.support.GroovyUtils( context ); 

// setup for output file.
def projectPath = groovyUtils.projectPath //gets the path of the project root 
def fileName = projectPath + "\\" + "ApplicationsList.txt"
def outFile = new File(fileName)


// delete existing file if it exists and then re-create a reference to the same filename.
DeleteFileIfExists(outFile) 
outFile = new File(fileName)


// get response from the previous request.
GetResponse("GetApplications")

listOfKeys = json.applications.key
listOfNames = json.applications.name
listOfDescriptions = json.applications.description
listOfEnabled = json.applications.enabled

// output to console
for(int x = 0; x &lt; listOfKeys.size(); x++)
{
	log.info  "    KEY-- " + listOfKeys.get(x) + "    NAME-- " + listOfNames.get(x) + "    DESCRIPTION-- "  + listOfDescriptions.get(x) + "    ENABLED-- " + listOfEnabled.get(x)
	// popup
	//String strTemp = "KEY-- " + listOfKeys.get(x) + "    NAME-- " + listOfNames.get(x) + "    DESCRIPTION-- "  + listOfDescriptions.get(x) + "    ENABLED-- " + listOfEnabled.get(x)
	//alert.showInfoMessage(strTemp);
}

// output to file
for(int x = 0; x &lt; listOfKeys.size(); x++)
{
	outFile &lt;&lt; listOfKeys.get(x) + ":" + listOfNames.get(x) + ":" + listOfDescriptions.get(x) +  ":" +  listOfEnabled.get(x) +    "\r\n"
}

// outFile.close()
*/

return


// ////////////////////////////////////////////////////////////////////
// 						helpers
// ////////////////////////////////////////////////////////////////////

void DeleteFileIfExists(outFile)
{
	if(outFile.exists())
	{
		log.info "Delete file --- " + outFile
		outFile.delete()
	}	
}

void GetResponse(String request)
{
	groovyUtils = new com.eviware.soapui.support.GroovyUtils( context ); 
	testCase = context.testCase; 
	testStep = testCase.getTestStepByName(request);  
	response = testStep.testRequest.messageExchange.response.responseContent;
	slurper = new JsonSlurper();
	json = slurper.parseText response;
}

// setup so 'GetRoutes' request can be run
void RunGet(String runThis)
{
	// setup to call post new app.
	testCase = context.testCase; 
	testStep = testCase.getTestStepByName(runThis);  
	testRunner = new com.eviware.soapui.impl.wsdl.testcase.WsdlTestCaseRunner(testCase, null); 
	testStepContext = new com.eviware.soapui.impl.wsdl.testcase.WsdlTestRunContext(testStep); 
	testStep.run(testRunner, testStepContext); // run get apps response
}

</script></con:config></con:testStep><con:testStep type="restrequest" name="GetTenants" id="73bd6445-038e-41d0-8fca-c39ad10dcffe"><con:settings/><con:config service="GetTenants" resourcePath="/platformservice/api/v1/tenants" methodName="GetTenants" xsi:type="con:RestRequestStep" xmlns:xsi="http://www.w3.org/2001/XMLSchema-instance"><con:restRequest name="GetTenants" id="202815d4-e4e3-47d3-8232-6c0b89a3bb68" mediaType="application/json"><con:settings><con:setting id="com.eviware.soapui.impl.wsdl.WsdlRequest@request-headers">&lt;xml-fragment/></con:setting></con:settings><con:endpoint>${#TestCase#URL}</con:endpoint><con:request/><con:originalUri>http://dc1testrmapp03.prod.tangoe.com/platformservice/api/v1/tenants</con:originalUri><con:assertion type="Valid HTTP Status Codes" id="5659d4ec-b13a-417a-9279-db488fe2d41d" name="Valid HTTP Status Codes"><con:settings/><con:configuration><codes>200</codes></con:configuration></con:assertion><con:credentials><con:selectedAuthProfile>Inherit From Parent</con:selectedAuthProfile><con:authType>No Authorization</con:authType></con:credentials><con:jmsConfig JMSDeliveryMode="PERSISTENT"/><con:parameters>
  <con:entry key="Authorization" value="Bearer ${#TestCase#Token}"/>
  <con:entry key="applicationKey" value="${#TestCase#AppKey}"/>
  <con:entry key="pageSize" value="300"/>
</con:parameters><con:parameterOrder><con:entry>pageSize</con:entry><con:entry>Authorization</con:entry><con:entry>applicationKey</con:entry><con:entry>deploymentKey</con:entry></con:parameterOrder></con:restRequest></con:config></con:testStep><con:testStep type="restrequest" name="GetDeployments" id="5e9ff266-8646-4130-a8ae-7c50c1736774"><con:settings/><con:config service="GetDeployments" resourcePath="/platformservice/api/v1/deployments" methodName="GetDeployments" xsi:type="con:RestRequestStep" xmlns:xsi="http://www.w3.org/2001/XMLSchema-instance"><con:restRequest name="GetDeployments" id="1c6fa47a-6f24-427e-abb6-cec7d5fb4913" mediaType="application/json"><con:settings><con:setting id="com.eviware.soapui.impl.wsdl.WsdlRequest@request-headers">&lt;xml-fragment/></con:setting></con:settings><con:endpoint>${#TestCase#URL}</con:endpoint><con:request/><con:originalUri>http://a.com/platformservice/api/v1/deployments</con:originalUri><con:assertion type="Valid HTTP Status Codes" id="539088cc-13dd-4b74-bce2-4da3bfb517b1" name="Valid HTTP Status Codes"><con:settings/><con:configuration><codes>200</codes></con:configuration></con:assertion><con:credentials><con:selectedAuthProfile>Inherit From Parent</con:selectedAuthProfile><con:authType>No Authorization</con:authType></con:credentials><con:jmsConfig JMSDeliveryMode="PERSISTENT"/><con:parameters>
  <con:entry key="Authorization" value="Bearer ${#TestCase#Token}"/>
  <con:entry key="applicationKey" value="${#TestCase#AppKey}"/>
</con:parameters><con:parameterOrder><con:entry>applicationKey</con:entry><con:entry>tenantKey</con:entry><con:entry>Authorization</con:entry></con:parameterOrder></con:restRequest></con:config></con:testStep><con:testStep type="restrequest" name="GetRoutes" id="500b9149-6188-4d9b-a107-fcf534e20d19"><con:settings/><con:config service="GetRoutes" resourcePath="/platformservice/api/v1/routes" methodName="GetRoutes" xsi:type="con:RestRequestStep" xmlns:xsi="http://www.w3.org/2001/XMLSchema-instance"><con:restRequest name="GetRoutes" id="cb5df208-997a-4a11-80af-1322f5ce0ec4" mediaType="application/json"><con:settings><con:setting id="com.eviware.soapui.impl.wsdl.WsdlRequest@request-headers">&lt;xml-fragment/></con:setting></con:settings><con:endpoint>${#TestCase#URL}</con:endpoint><con:request/><con:originalUri>http://a.com/platformservice/api/v1/routes</con:originalUri><con:assertion type="Valid HTTP Status Codes" id="7f1dad8e-b1f7-4fcc-84f0-5d40ac7a5608" name="Valid HTTP Status Codes"><con:settings/><con:configuration><codes>200</codes></con:configuration></con:assertion><con:credentials><con:selectedAuthProfile>Inherit From Parent</con:selectedAuthProfile><con:authType>No Authorization</con:authType></con:credentials><con:jmsConfig JMSDeliveryMode="PERSISTENT"/><con:parameters>
  <con:entry key="Authorization" value="Bearer ${#TestCase#Token}"/>
  <con:entry key="applicationKey" value="${#TestCase#AppKey}"/>
</con:parameters><con:parameterOrder><con:entry>applicationKey</con:entry><con:entry>tenantKey</con:entry><con:entry>deploymentKey</con:entry><con:entry>version</con:entry><con:entry>host</con:entry><con:entry>path</con:entry><con:entry>enabled</con:entry><con:entry>sortBy</con:entry><con:entry>sortDirection</con:entry><con:entry>page</con:entry><con:entry>pageSize</con:entry><con:entry>includeTenant</con:entry><con:entry>includeApplication</con:entry><con:entry>includeDeployment</con:entry><con:entry>Authorization</con:entry><con:entry>tenantID</con:entry></con:parameterOrder></con:restRequest></con:config></con:testStep><con:properties><con:property><con:name>AppKey</con:name><con:value>XYZ</con:value></con:property><con:property><con:name>AppName</con:name><con:value>AppOneName</con:value></con:property><con:property><con:name>AppDescription</con:name><con:value>DescriptNameTwo</con:value></con:property><con:property><con:name>AppEnabled</con:name><con:value>false</con:value></con:property><con:property><con:name>KeyToDelete</con:name><con:value>BOB_APP1</con:value></con:property><con:property><con:name>Token</con:name><con:value>eyJhbGciOiJIUzUxMiJ9.eyJzdWIiOiJhZG1pbiIsImF1dGgiOiJST0xFX0FETUlOLFJPTEVfVVNFUiIsImV4cCI6MTUyMzY1MjUwOH0.zptwBdrk3cDixUCMuhFShkFdGDSBC_LYyKrvBIevnpwMFNVX6DFRO-40EZhbzhGrni41rS4eP8VWzPcQjNWdPA</con:value></con:property><con:property><con:name>URL</con:name><con:value>http://dc1testrmapp03.prod.tangoe.com:4070</con:value></con:property><con:property><con:name>TenantKey</con:name><con:value>XYZ</con:value></con:property></con:properties><con:reportParameters/><con:breakPoints><con:testStepId>919ff7e0-bceb-4d7f-8007-7a9a2c46d6e8</con:testStepId><con:status>NONE</con:status><con:properties/></con:breakPoints><con:breakPoints><con:testStepId>d12275d7-b418-43c4-9a1e-823e369b7cd9</con:testStepId><con:status>NONE</con:status><con:properties/></con:breakPoints><con:breakPoints><con:testStepId>0502edf0-0895-49fc-a051-4af9b6adcec5</con:testStepId><con:status>NONE</con:status><con:properties/></con:breakPoints><con:breakPoints><con:testStepId>3773a536-a534-49c6-a771-2867c2ec8609</con:testStepId><con:status>NONE</con:status><con:properties/></con:breakPoints></con:testCase><con:properties><con:property><con:name>AccessToken</con:name><con:value>gJ43N_715kpQCfd5nNlI6m9o6m3j3SHHNhCBpaQE1ubAMx_kOgo3nn7sfLpT9EVxKs5N9vxb7jQ2iRGXVsaAAA</con:value></con:property><con:property><con:name>RefreshToken</con:name><con:value>V9GAwUJhyRhVE59pKRsvRo_ee7HAhCgPUS6Fn04xAJqqS5OncpMrjnbN638Es_XHQej_TLnfpA_p7IcadLn71A</con:value></con:property></con:properties><con:reportParameters/></con:testSuite><con:savedRecentRuns>1</con:savedRecentRuns><con:requirements/><con:properties/><con:wssContainer/><con:databaseConnectionContainer/><con:oAuth2ProfileContainer/><con:oAuth1ProfileContainer/><con:reporting><con:xmlTemplates/><con:parameters/></con:reporting><con:authRepository/><con:tags/></con:soapui-project>