<?xml version="1.0" encoding="UTF-8"?>
<con:soapui-workspace name="SetupToken" cid="c4747ed8-78f1-4dbd-be3b-15daf78ff0ce" soapui-version="6.0.0" xmlns:con="http://eviware.com/soapui/config">
  <con:settings/>
  <con:project name="API_GetApplicationsCollectionAUTOMATE!" lastOpened="2018-01-12T11:52:57.515-05:00">C:/SoapUi_Projects/_API_2017_SFE_15041/Normandy/API_GetApplicationsCollectionAutomate.xml</con:project>
  <con:project name="API_PutKeyAUTOMATE!" lastOpened="2018-01-12T11:54:43.935-05:00">C:/SoapUi_Projects/_API_2017_SFE_15041/Normandy/API_PutKeyAutomate.xml</con:project>
  <con:project name="API_GetApplicationsAllFiltersAUTOMATE!" lastOpened="2018-01-12T11:53:31.269-05:00">C:/SoapUi_Projects/_API_2017_SFE_15041/Normandy/API_GetApplicationsSomeFiltersAutomate.xml</con:project>
  <con:project name="API_GetKeyAUTOMATE!" lastOpened="2018-01-12T11:54:04.751-05:00">C:/SoapUi_Projects/_API_2017_SFE_15041/Normandy/API-GetKeyAutomate-readyapi-project.xml</con:project>
  <con:project name="API_ApplicationsSortingAUTOMATE!" lastOpened="2018-01-12T11:54:08.022-05:00">C:/SoapUi_Projects/_API_2017_SFE_15041/Normandy/API_ApplicationsSortingAutomated.xml</con:project>
  <con:project name="API_PostApplication" lastOpened="2018-01-12T11:51:38.576-05:00">C:/SoapUi_Projects/_API_2017_SFE_15041/Normandy/API_PostApplication.xml</con:project>
  <con:project name="API_GetPutDeleteByApplicationKey" lastOpened="2018-01-12T11:54:27.871-05:00">C:/SoapUi_Projects/_API_2017_SFE_15041/Normandy/API_GetPutDeleteByApplicationKey.xml</con:project>
  <con:project name="API_Ping" lastOpened="2018-01-12T11:54:31.733-05:00">C:/SoapUi_Projects/_API_2017_SFE_15041/Normandy/API_Ping.xml</con:project>
  <con:project name="API_SortingAssetsDevicesDetail" lastOpened="2018-01-12T11:50:42.851-05:00">C:/SoapUi_Projects/_API_2017_SFE_15041/Normandy/API_SortingAssetsDevicesDetail.xml</con:project>
  <con:project name="TokenGenerator" lastOpened="2018-01-12T12:02:28.706-05:00">C:/SoapUi_Projects/_API_2017_SFE_15041/Normandy/Token_Generator.xml</con:project>
  <con:recentItemCollection>
    <con:moduleId>SoapUiNGModule</con:moduleId>
    <con:itemId>b3805ac0-7fd7-430d-9463-53921b8ee778</con:itemId>
    <con:itemId>1ada66b8-e3e2-457a-8fe8-20c1f09ab3ea</con:itemId>
  </con:recentItemCollection>
  <con:recentItemCollection>
    <con:moduleId>ProjectsModule</con:moduleId>
    <con:itemId>afb5fbc4-b523-40fb-b343-ba85c3c5c2e7</con:itemId>
    <con:itemId>14ef7e7f-386f-4812-8ef1-5636d6602010</con:itemId>
    <con:itemId>37dfc892-e20b-4e85-a429-12187d2bc377</con:itemId>
    <con:itemId>4ffaef0e-6c40-4482-9f10-0e24d475bf49</con:itemId>
    <con:itemId>527d7213-047b-458f-9fdf-5e555b66c196</con:itemId>
  </con:recentItemCollection>
  <con:navigatorNodeCollection>
    <con:rootNodeLabel>SoapUI</con:rootNodeLabel>
    <con:expandNodeState>
      <con:id>ab51828a-fde9-4755-a1cc-b725c0642086</con:id>
      <con:expandState>false</con:expandState>
    </con:expandNodeState>
    <con:expandNodeState>
      <con:id>3e44b956-bb81-4e49-9f49-4d666cfbdb3e</con:id>
      <con:expandState>true</con:expandState>
    </con:expandNodeState>
    <con:expandNodeState>
      <con:id>e35dcfe4-0c7e-4fab-9dc7-7f2d5b06058f</con:id>
      <con:expandState>true</con:expandState>
    </con:expandNodeState>
    <con:expandNodeState>
      <con:id>7c19c94d-1df9-48ac-b488-576e0b3a202f</con:id>
      <con:expandState>false</con:expandState>
    </con:expandNodeState>
    <con:expandNodeState>
      <con:id>3631b34e-8ee4-4201-8884-a02d29d32115</con:id>
      <con:expandState>true</con:expandState>
    </con:expandNodeState>
    <con:expandNodeState>
      <con:id>126c257f-c7c0-46e3-a380-c99628348999</con:id>
      <con:expandState>true</con:expandState>
    </con:expandNodeState>
    <con:expandNodeState>
      <con:id>fd244f06-50e8-45ad-bb99-d3716c8b90aa</con:id>
      <con:expandState>true</con:expandState>
    </con:expandNodeState>
    <con:expandNodeState>
      <con:id>e535db75-3ed1-4e79-b8ca-5cb728e7044b</con:id>
      <con:expandState>true</con:expandState>
    </con:expandNodeState>
    <con:expandNodeState>
      <con:id>e4baebaa-d596-4145-90b1-2d0e87bb5fbd</con:id>
      <con:expandState>true</con:expandState>
    </con:expandNodeState>
    <con:expandNodeState>
      <con:id>fea65cc5-5243-488c-8cca-ea5463cfa341</con:id>
      <con:expandState>true</con:expandState>
    </con:expandNodeState>
    <con:expandNodeState>
      <con:id>423eb64e-718c-4d5a-a6d8-67948f7dbfc8</con:id>
      <con:expandState>false</con:expandState>
    </con:expandNodeState>
    <con:expandNodeState>
      <con:id>09b03483-873e-4623-8791-3b3635f09cf8</con:id>
      <con:expandState>true</con:expandState>
    </con:expandNodeState>
    <con:expandNodeState>
      <con:id>7855c8df-7c73-40e3-8805-125ec79a076e</con:id>
      <con:expandState>true</con:expandState>
    </con:expandNodeState>
    <con:expandNodeState>
      <con:id>77dc654d-ec8e-419f-9447-b53254575f63</con:id>
      <con:expandState>true</con:expandState>
    </con:expandNodeState>
    <con:expandNodeState>
      <con:id>55bd84d6-55bb-49ef-b672-f58aff4c672c</con:id>
      <con:expandState>true</con:expandState>
    </con:expandNodeState>
    <con:expandNodeState>
      <con:id>7ded9271-5af1-4b47-883c-b24e0d133188</con:id>
      <con:expandState>true</con:expandState>
    </con:expandNodeState>
    <con:expandNodeState>
      <con:id>fa2ea36c-dc6c-4410-95fa-a52965120af7</con:id>
      <con:expandState>true</con:expandState>
    </con:expandNodeState>
    <con:expandNodeState>
      <con:id>a618f9a2-3780-48fd-bdb9-58ebb323359d</con:id>
      <con:expandState>true</con:expandState>
    </con:expandNodeState>
    <con:expandNodeState>
      <con:id>7923b758-2878-4883-b887-0a5551f2fd8a</con:id>
      <con:expandState>true</con:expandState>
    </con:expandNodeState>
    <con:expandNodeState>
      <con:id>7525ca10-0d7e-486c-abff-5a1355286f99</con:id>
      <con:expandState>true</con:expandState>
    </con:expandNodeState>
    <con:expandNodeState>
      <con:id>ac8e1a06-c34c-476d-a2cb-e0695e296856</con:id>
      <con:expandState>true</con:expandState>
    </con:expandNodeState>
    <con:expandNodeState>
      <con:id>7df6b5db-e0ca-4052-bd1c-fa91bb8c4f28</con:id>
      <con:expandState>true</con:expandState>
    </con:expandNodeState>
    <con:expandNodeState>
      <con:id>d8804a76-bbd2-49cc-9732-d6f99a5896fc</con:id>
      <con:expandState>true</con:expandState>
    </con:expandNodeState>
    <con:expandNodeState>
      <con:id>89a5a720-5970-419f-9145-cb16a498c099</con:id>
      <con:expandState>true</con:expandState>
    </con:expandNodeState>
    <con:expandNodeState>
      <con:id>43fd2c18-b7c1-4e92-aa3e-433908b059b2</con:id>
      <con:expandState>false</con:expandState>
    </con:expandNodeState>
    <con:expandNodeState>
      <con:id>f3a56f59-8c8f-486b-b120-244fb0e090c4</con:id>
      <con:expandState>true</con:expandState>
    </con:expandNodeState>
    <con:expandNodeState>
      <con:id>deee38d4-d631-431f-8ab4-18cfe4853c2b</con:id>
      <con:expandState>true</con:expandState>
    </con:expandNodeState>
    <con:expandNodeState>
      <con:id>6bf03b37-348a-4b6b-98d6-ec32f537b077</con:id>
      <con:expandState>true</con:expandState>
    </con:expandNodeState>
    <con:expandNodeState>
      <con:id>52812632-4ec8-4116-8c1b-3c2bf21f32f8</con:id>
      <con:expandState>true</con:expandState>
    </con:expandNodeState>
    <con:expandNodeState>
      <con:id>bf1cfdb1-b3c8-48a5-bc19-58a24497a172</con:id>
      <con:expandState>false</con:expandState>
    </con:expandNodeState>
    <con:expandNodeState>
      <con:id>d962b782-6c23-4635-83da-feaf92443b99</con:id>
      <con:expandState>false</con:expandState>
    </con:expandNodeState>
    <con:expandNodeState>
      <con:id>d4618dfa-ded7-4964-814c-9b92c0fe3bae</con:id>
      <con:expandState>false</con:expandState>
    </con:expandNodeState>
    <con:expandNodeState>
      <con:id>63a0346f-1a8d-4733-863f-7c6da4515f0c</con:id>
      <con:expandState>false</con:expandState>
    </con:expandNodeState>
    <con:expandNodeState>
      <con:id>18501478-1ec1-4e46-b87f-1251c90938ec</con:id>
      <con:expandState>false</con:expandState>
    </con:expandNodeState>
    <con:expandNodeState>
      <con:id>98104a6b-e103-4223-ab31-c10e5cc4aa20</con:id>
      <con:expandState>false</con:expandState>
    </con:expandNodeState>
    <con:expandNodeState>
      <con:id>8a9b94ed-4d62-437c-b31d-aea5752009a6</con:id>
      <con:expandState>false</con:expandState>
    </con:expandNodeState>
    <con:expandNodeState>
      <con:id>bc9ff684-90ab-4daf-874a-07add5e66814</con:id>
      <con:expandState>true</con:expandState>
    </con:expandNodeState>
    <con:expandNodeState>
      <con:id>0e34a5bb-fdba-4686-a925-8dc506059ac9</con:id>
      <con:expandState>true</con:expandState>
    </con:expandNodeState>
    <con:expandNodeState>
      <con:id>e3ede794-f15a-4ccc-96cb-fd513be14362</con:id>
      <con:expandState>false</con:expandState>
    </con:expandNodeState>
    <con:expandNodeState>
      <con:id>990168bb-3606-4606-b33a-6be289a6b8c7</con:id>
      <con:expandState>false</con:expandState>
    </con:expandNodeState>
    <con:expandNodeState>
      <con:id>cb2ccc0b-9c3f-41b1-8451-30c466267346</con:id>
      <con:expandState>false</con:expandState>
    </con:expandNodeState>
    <con:expandNodeState>
      <con:id>f0aeb8ea-6df2-40d8-af18-f42de427a525</con:id>
      <con:expandState>true</con:expandState>
    </con:expandNodeState>
    <con:expandNodeState>
      <con:id>eb95a81d-e0b3-410a-a0fe-494284f09697</con:id>
      <con:expandState>true</con:expandState>
    </con:expandNodeState>
    <con:expandNodeState>
      <con:id>ab2802bb-76fe-458a-a70c-e64867f84b92</con:id>
      <con:expandState>false</con:expandState>
    </con:expandNodeState>
    <con:expandNodeState>
      <con:id>e5f6bab0-5ee3-495d-9518-e0c1cc05c726</con:id>
      <con:expandState>false</con:expandState>
    </con:expandNodeState>
    <con:expandNodeState>
      <con:id>63a9f899-6308-4d6e-90eb-6129d2bf5ec0</con:id>
      <con:expandState>false</con:expandState>
    </con:expandNodeState>
    <con:expandNodeState>
      <con:id>7988da36-235c-46eb-ba8c-2ecac4b56785</con:id>
      <con:expandState>false</con:expandState>
    </con:expandNodeState>
    <con:expandNodeState>
      <con:id>5ed04a33-e6b7-481c-8861-2ac78769bb55</con:id>
      <con:expandState>false</con:expandState>
    </con:expandNodeState>
    <con:expandNodeState>
      <con:id>4ee56b36-7e11-4857-bb71-d0ea1ef54d68</con:id>
      <con:expandState>false</con:expandState>
    </con:expandNodeState>
    <con:expandNodeState>
      <con:id>37c04593-297b-4f30-8bbd-f8e2360133cc</con:id>
      <con:expandState>true</con:expandState>
    </con:expandNodeState>
    <con:expandNodeState>
      <con:id>35b4b4d3-fdf7-4e3f-87b4-ee7e76e6c235</con:id>
      <con:expandState>true</con:expandState>
    </con:expandNodeState>
    <con:expandNodeState>
      <con:id>1ba69bbf-68cd-4462-a01d-cecb0f04213e</con:id>
      <con:expandState>false</con:expandState>
    </con:expandNodeState>
    <con:expandNodeState>
      <con:id>6af3a823-4dfb-46e5-b7f3-712e2aea1652</con:id>
      <con:expandState>false</con:expandState>
    </con:expandNodeState>
    <con:expandNodeState>
      <con:id>14317ca0-f784-4537-a539-bc3d9b96e0c7</con:id>
      <con:expandState>false</con:expandState>
    </con:expandNodeState>
    <con:expandNodeState>
      <con:id>f140ae72-6bab-4ff3-846a-06a94f3fb0d3</con:id>
      <con:expandState>true</con:expandState>
    </con:expandNodeState>
    <con:expandNodeState>
      <con:id>79c23fbc-31e3-4c91-a588-aa118f03bfc5</con:id>
      <con:expandState>true</con:expandState>
    </con:expandNodeState>
    <con:expandNodeState>
      <con:id>32c7f064-9245-4b5a-a126-b46a190dbf9c</con:id>
      <con:expandState>false</con:expandState>
    </con:expandNodeState>
    <con:expandNodeState>
      <con:id>f9c3166e-14d0-4098-9791-841d15e87fcc</con:id>
      <con:expandState>true</con:expandState>
    </con:expandNodeState>
    <con:expandNodeState>
      <con:id>080d3796-52de-42c9-9bd2-c2f42708c6dd</con:id>
      <con:expandState>true</con:expandState>
    </con:expandNodeState>
    <con:expandNodeState>
      <con:id>3593f4d0-729f-4d35-8dbc-62bc1f97dbf5</con:id>
      <con:expandState>false</con:expandState>
    </con:expandNodeState>
    <con:expandNodeState>
      <con:id>ce706e00-5835-4a04-86c5-8e139917319e</con:id>
      <con:expandState>false</con:expandState>
    </con:expandNodeState>
    <con:expandNodeState>
      <con:id>a01e23c3-3219-41de-b0cb-17706bb9b33a</con:id>
      <con:expandState>false</con:expandState>
    </con:expandNodeState>
    <con:expandNodeState>
      <con:id>bae40536-5873-463a-82b6-9695616d4fe4</con:id>
      <con:expandState>false</con:expandState>
    </con:expandNodeState>
    <con:expandNodeState>
      <con:id>3b26452e-7d1e-440e-810b-29a916f2a5d0</con:id>
      <con:expandState>true</con:expandState>
    </con:expandNodeState>
    <con:expandNodeState>
      <con:id>14ef7e7f-386f-4812-8ef1-5636d6602010</con:id>
      <con:expandState>false</con:expandState>
    </con:expandNodeState>
    <con:expandNodeState>
      <con:id>054258a0-8072-4565-887a-6c3cc8153b1d</con:id>
      <con:expandState>false</con:expandState>
    </con:expandNodeState>
    <con:expandNodeState>
      <con:id>a9f13784-e7b5-477a-85f6-2221d6b41d0b</con:id>
      <con:expandState>true</con:expandState>
    </con:expandNodeState>
    <con:expandNodeState>
      <con:id>5d177f1f-b3b8-4ab3-844d-820e7afd3a46</con:id>
      <con:expandState>true</con:expandState>
    </con:expandNodeState>
    <con:expandNodeState>
      <con:id>41bdd0ee-81ea-4b7a-a738-e2b47621ade5</con:id>
      <con:expandState>false</con:expandState>
    </con:expandNodeState>
    <con:expandNodeState>
      <con:id>a2443825-af3b-4021-9faf-79ec90f695c6</con:id>
      <con:expandState>false</con:expandState>
    </con:expandNodeState>
    <con:expandNodeState>
      <con:id>cde3bb19-5888-4d79-9647-b01fc13dd406</con:id>
      <con:expandState>false</con:expandState>
    </con:expandNodeState>
    <con:expandNodeState>
      <con:id>4c8ac5f4-323a-40d2-8467-3644b814f6a3</con:id>
      <con:expandState>false</con:expandState>
    </con:expandNodeState>
    <con:expandNodeState>
      <con:id>e1b975aa-04c1-4826-ad8e-07ef0637263b</con:id>
      <con:expandState>true</con:expandState>
    </con:expandNodeState>
    <con:expandNodeState>
      <con:id>608eb949-2fa1-4a67-8d64-bd93d27bc8fd</con:id>
      <con:expandState>true</con:expandState>
    </con:expandNodeState>
    <con:expandNodeState>
      <con:id>b3805ac0-7fd7-430d-9463-53921b8ee778</con:id>
      <con:expandState>true</con:expandState>
    </con:expandNodeState>
    <con:expandNodeState>
      <con:id>2c1f78f4-be6e-41f5-be83-51bc57c0165a</con:id>
      <con:expandState>true</con:expandState>
    </con:expandNodeState>
    <con:expandNodeState>
      <con:id>f666dc0e-ec54-47b0-b7af-f9425afaefe5</con:id>
      <con:expandState>true</con:expandState>
    </con:expandNodeState>
    <con:expandNodeState>
      <con:id>abe687b5-740a-4fee-b49a-245b1eb1eea0</con:id>
      <con:expandState>true</con:expandState>
    </con:expandNodeState>
    <con:expandNodeState>
      <con:id>609381e6-734a-4182-a5ed-64b759abaff2</con:id>
      <con:expandState>true</con:expandState>
    </con:expandNodeState>
    <con:expandNodeState>
      <con:id>d225238b-c392-4247-85d6-bf455abe311d</con:id>
      <con:expandState>false</con:expandState>
    </con:expandNodeState>
    <con:expandNodeState>
      <con:id>8372ac13-80f2-4594-bfb8-e6a9997d74ec</con:id>
      <con:expandState>false</con:expandState>
    </con:expandNodeState>
    <con:expandNodeState>
      <con:id>29261ea0-a3e4-4a06-a44c-97fde64243ba</con:id>
      <con:expandState>false</con:expandState>
    </con:expandNodeState>
    <con:expandNodeState>
      <con:id>a324a896-e731-4cdf-83c0-deab4dc6f394</con:id>
      <con:expandState>false</con:expandState>
    </con:expandNodeState>
    <con:expandNodeState>
      <con:id>4398c21a-2462-4751-93d4-b876dc2bd1c8</con:id>
      <con:expandState>true</con:expandState>
    </con:expandNodeState>
  </con:navigatorNodeCollection>
  <con:navigatorNodeCollection>
    <con:rootNodeLabel>Projects</con:rootNodeLabel>
    <con:expandNodeState>
      <con:id>ab51828a-fde9-4755-a1cc-b725c0642086</con:id>
      <con:expandState>false</con:expandState>
    </con:expandNodeState>
    <con:expandNodeState>
      <con:id>e3ede794-f15a-4ccc-96cb-fd513be14362</con:id>
      <con:expandState>true</con:expandState>
    </con:expandNodeState>
    <con:expandNodeState>
      <con:id>bb419ed6-3d8c-4410-8cf7-973118f5b172</con:id>
      <con:expandState>false</con:expandState>
    </con:expandNodeState>
    <con:expandNodeState>
      <con:id>372c0913-ed97-4b4e-97d8-0f91e5c9fdf7</con:id>
      <con:expandState>true</con:expandState>
    </con:expandNodeState>
    <con:expandNodeState>
      <con:id>938b8faa-026a-4e5b-b339-19ad33989336</con:id>
      <con:expandState>true</con:expandState>
    </con:expandNodeState>
    <con:expandNodeState>
      <con:id>1b791526-3b40-4421-a560-fd8573621420</con:id>
      <con:expandState>true</con:expandState>
    </con:expandNodeState>
    <con:expandNodeState>
      <con:id>9fbb15a3-defd-44d6-b452-06d00eed3b3d</con:id>
      <con:expandState>true</con:expandState>
    </con:expandNodeState>
    <con:expandNodeState>
      <con:id>e535db75-3ed1-4e79-b8ca-5cb728e7044b</con:id>
      <con:expandState>true</con:expandState>
    </con:expandNodeState>
    <con:expandNodeState>
      <con:id>bf1cfdb1-b3c8-48a5-bc19-58a24497a172</con:id>
      <con:expandState>true</con:expandState>
    </con:expandNodeState>
    <con:expandNodeState>
      <con:id>38493f02-a825-4c58-bf9f-8beb60474765</con:id>
      <con:expandState>true</con:expandState>
    </con:expandNodeState>
    <con:expandNodeState>
      <con:id>741b9804-c96a-4c93-a069-d98e5fca7912</con:id>
      <con:expandState>true</con:expandState>
    </con:expandNodeState>
    <con:expandNodeState>
      <con:id>423eb64e-718c-4d5a-a6d8-67948f7dbfc8</con:id>
      <con:expandState>false</con:expandState>
    </con:expandNodeState>
    <con:expandNodeState>
      <con:id>f1a49104-aa28-4e33-bd82-622505250cda</con:id>
      <con:expandState>false</con:expandState>
    </con:expandNodeState>
    <con:expandNodeState>
      <con:id>0959943d-4ac7-4628-9781-47546b503efa</con:id>
      <con:expandState>true</con:expandState>
    </con:expandNodeState>
    <con:expandNodeState>
      <con:id>a6028b28-87d2-4c27-8d0d-83fec739b543</con:id>
      <con:expandState>true</con:expandState>
    </con:expandNodeState>
    <con:expandNodeState>
      <con:id>3a644630-9321-49b2-b7b8-d448f96ff2c2</con:id>
      <con:expandState>false</con:expandState>
    </con:expandNodeState>
    <con:expandNodeState>
      <con:id>8309f974-8459-442b-83b5-3e4ee4e93ef6</con:id>
      <con:expandState>true</con:expandState>
    </con:expandNodeState>
    <con:expandNodeState>
      <con:id>f1eb535e-2875-4827-89f1-8d8b3a922b89</con:id>
      <con:expandState>true</con:expandState>
    </con:expandNodeState>
    <con:expandNodeState>
      <con:id>5d7fd112-f95c-43ee-9544-024e63f5e778</con:id>
      <con:expandState>false</con:expandState>
    </con:expandNodeState>
    <con:expandNodeState>
      <con:id>a11b6558-db27-4eff-bd5c-8168b51c1801</con:id>
      <con:expandState>true</con:expandState>
    </con:expandNodeState>
    <con:expandNodeState>
      <con:id>e8933bd8-7473-4358-9523-74a7f63b7e5b</con:id>
      <con:expandState>true</con:expandState>
    </con:expandNodeState>
    <con:expandNodeState>
      <con:id>f33cd71a-d3a7-4c23-99e4-a3143d28840d</con:id>
      <con:expandState>true</con:expandState>
    </con:expandNodeState>
    <con:expandNodeState>
      <con:id>a792526f-d8b5-4cbe-ab6d-8f92c9848431</con:id>
      <con:expandState>true</con:expandState>
    </con:expandNodeState>
    <con:expandNodeState>
      <con:id>7c1aa90f-3f77-4b43-828b-577825aad7ea</con:id>
      <con:expandState>true</con:expandState>
    </con:expandNodeState>
    <con:expandNodeState>
      <con:id>2433ad8c-ba23-46d4-82bc-1ac97746b9d8</con:id>
      <con:expandState>true</con:expandState>
    </con:expandNodeState>
    <con:expandNodeState>
      <con:id>ccf53bb6-b426-42e1-ba57-ef1a8fc1d426</con:id>
      <con:expandState>true</con:expandState>
    </con:expandNodeState>
    <con:expandNodeState>
      <con:id>81d56728-cc12-4f45-8051-dd37192da47b</con:id>
      <con:expandState>true</con:expandState>
    </con:expandNodeState>
    <con:expandNodeState>
      <con:id>e3ef7c17-60ce-4c1d-a702-6739a2f751d4</con:id>
      <con:expandState>true</con:expandState>
    </con:expandNodeState>
    <con:expandNodeState>
      <con:id>24b61c97-eee5-4d5d-9d9b-5b53a6b442b8</con:id>
      <con:expandState>true</con:expandState>
    </con:expandNodeState>
    <con:expandNodeState>
      <con:id>0673992e-242b-49f7-9c2c-f0f681184129</con:id>
      <con:expandState>true</con:expandState>
    </con:expandNodeState>
    <con:expandNodeState>
      <con:id>0e00f21f-5892-41aa-91a1-4fcb389d79c8</con:id>
      <con:expandState>true</con:expandState>
    </con:expandNodeState>
    <con:expandNodeState>
      <con:id>77dc654d-ec8e-419f-9447-b53254575f63</con:id>
      <con:expandState>true</con:expandState>
    </con:expandNodeState>
    <con:expandNodeState>
      <con:id>0748a1f8-226f-4a01-84fa-3fb59f794b3c</con:id>
      <con:expandState>true</con:expandState>
    </con:expandNodeState>
    <con:expandNodeState>
      <con:id>4293ec66-fbca-4505-8ea8-36ad719e96f0</con:id>
      <con:expandState>true</con:expandState>
    </con:expandNodeState>
    <con:expandNodeState>
      <con:id>29584e1b-3dbe-4a20-84d6-bef1ddc894d1</con:id>
      <con:expandState>true</con:expandState>
    </con:expandNodeState>
    <con:expandNodeState>
      <con:id>d4618dfa-ded7-4964-814c-9b92c0fe3bae</con:id>
      <con:expandState>true</con:expandState>
    </con:expandNodeState>
    <con:expandNodeState>
      <con:id>75882267-bb76-4bac-bf9b-b77291d62e52</con:id>
      <con:expandState>true</con:expandState>
    </con:expandNodeState>
    <con:expandNodeState>
      <con:id>e6f588eb-b78c-49c3-88ea-713476ef900e</con:id>
      <con:expandState>true</con:expandState>
    </con:expandNodeState>
    <con:expandNodeState>
      <con:id>fa2ea36c-dc6c-4410-95fa-a52965120af7</con:id>
      <con:expandState>true</con:expandState>
    </con:expandNodeState>
    <con:expandNodeState>
      <con:id>d962b782-6c23-4635-83da-feaf92443b99</con:id>
      <con:expandState>true</con:expandState>
    </con:expandNodeState>
    <con:expandNodeState>
      <con:id>4f75cc47-297a-4095-99bd-19933fef5ae1</con:id>
      <con:expandState>true</con:expandState>
    </con:expandNodeState>
    <con:expandNodeState>
      <con:id>a4748de4-f33c-4d67-9051-7389f7bbb176</con:id>
      <con:expandState>true</con:expandState>
    </con:expandNodeState>
    <con:expandNodeState>
      <con:id>7525ca10-0d7e-486c-abff-5a1355286f99</con:id>
      <con:expandState>true</con:expandState>
    </con:expandNodeState>
    <con:expandNodeState>
      <con:id>63a0346f-1a8d-4733-863f-7c6da4515f0c</con:id>
      <con:expandState>true</con:expandState>
    </con:expandNodeState>
    <con:expandNodeState>
      <con:id>d3fdcda3-00c0-4bae-ba4f-39a128271969</con:id>
      <con:expandState>true</con:expandState>
    </con:expandNodeState>
    <con:expandNodeState>
      <con:id>2b53b4c0-51da-4788-8662-85572abc2045</con:id>
      <con:expandState>true</con:expandState>
    </con:expandNodeState>
    <con:expandNodeState>
      <con:id>d8804a76-bbd2-49cc-9732-d6f99a5896fc</con:id>
      <con:expandState>true</con:expandState>
    </con:expandNodeState>
    <con:expandNodeState>
      <con:id>18501478-1ec1-4e46-b87f-1251c90938ec</con:id>
      <con:expandState>true</con:expandState>
    </con:expandNodeState>
    <con:expandNodeState>
      <con:id>6dc5d692-0075-4519-8a26-2ec45b5ece8a</con:id>
      <con:expandState>true</con:expandState>
    </con:expandNodeState>
    <con:expandNodeState>
      <con:id>70b85567-af2a-4317-a8e7-0c159f2a4b96</con:id>
      <con:expandState>true</con:expandState>
    </con:expandNodeState>
    <con:expandNodeState>
      <con:id>f3a56f59-8c8f-486b-b120-244fb0e090c4</con:id>
      <con:expandState>true</con:expandState>
    </con:expandNodeState>
    <con:expandNodeState>
      <con:id>98104a6b-e103-4223-ab31-c10e5cc4aa20</con:id>
      <con:expandState>true</con:expandState>
    </con:expandNodeState>
    <con:expandNodeState>
      <con:id>c2c2997f-4447-4755-a3e9-63ab3fbab649</con:id>
      <con:expandState>true</con:expandState>
    </con:expandNodeState>
    <con:expandNodeState>
      <con:id>eb097b0c-abf1-4e47-94c6-fd6824301ff4</con:id>
      <con:expandState>true</con:expandState>
    </con:expandNodeState>
    <con:expandNodeState>
      <con:id>78225f30-ac27-4fc1-b283-2688b59cb02f</con:id>
      <con:expandState>false</con:expandState>
    </con:expandNodeState>
    <con:expandNodeState>
      <con:id>90463b83-686d-45d6-a43a-d3dff35e15e2</con:id>
      <con:expandState>false</con:expandState>
    </con:expandNodeState>
    <con:expandNodeState>
      <con:id>ac88cc22-bdb4-4207-bdd6-46c3e5221880</con:id>
      <con:expandState>false</con:expandState>
    </con:expandNodeState>
    <con:expandNodeState>
      <con:id>527d7213-047b-458f-9fdf-5e555b66c196</con:id>
      <con:expandState>false</con:expandState>
    </con:expandNodeState>
    <con:expandNodeState>
      <con:id>46d81593-8596-48cc-88dd-26415d894d8d</con:id>
      <con:expandState>false</con:expandState>
    </con:expandNodeState>
    <con:expandNodeState>
      <con:id>8a9b94ed-4d62-437c-b31d-aea5752009a6</con:id>
      <con:expandState>true</con:expandState>
    </con:expandNodeState>
    <con:expandNodeState>
      <con:id>990168bb-3606-4606-b33a-6be289a6b8c7</con:id>
      <con:expandState>true</con:expandState>
    </con:expandNodeState>
    <con:expandNodeState>
      <con:id>d509af5c-eb36-41ad-a5b3-361f43fccf0c</con:id>
      <con:expandState>true</con:expandState>
    </con:expandNodeState>
    <con:expandNodeState>
      <con:id>118d05fa-136f-4704-81b3-359f84e5098b</con:id>
      <con:expandState>true</con:expandState>
    </con:expandNodeState>
    <con:expandNodeState>
      <con:id>e23c4639-c67c-443f-8498-20bfc30ba58d</con:id>
      <con:expandState>false</con:expandState>
    </con:expandNodeState>
    <con:expandNodeState>
      <con:id>19412993-e029-4091-af44-13da164c5663</con:id>
      <con:expandState>false</con:expandState>
    </con:expandNodeState>
    <con:expandNodeState>
      <con:id>288fcf9b-9659-43bb-9537-ac761c0b2d3b</con:id>
      <con:expandState>false</con:expandState>
    </con:expandNodeState>
    <con:expandNodeState>
      <con:id>e5f6bab0-5ee3-495d-9518-e0c1cc05c726</con:id>
      <con:expandState>true</con:expandState>
    </con:expandNodeState>
    <con:expandNodeState>
      <con:id>7e1ec5e1-a6a2-47ae-a31a-772f731104ff</con:id>
      <con:expandState>true</con:expandState>
    </con:expandNodeState>
    <con:expandNodeState>
      <con:id>f88b46af-5e57-4094-809b-95d8d027b69e</con:id>
      <con:expandState>true</con:expandState>
    </con:expandNodeState>
    <con:expandNodeState>
      <con:id>63a9f899-6308-4d6e-90eb-6129d2bf5ec0</con:id>
      <con:expandState>true</con:expandState>
    </con:expandNodeState>
    <con:expandNodeState>
      <con:id>314088f3-d665-44f3-a0e5-f57962057c5d</con:id>
      <con:expandState>true</con:expandState>
    </con:expandNodeState>
    <con:expandNodeState>
      <con:id>85664db0-7879-4297-b51f-3d91428b299d</con:id>
      <con:expandState>true</con:expandState>
    </con:expandNodeState>
    <con:expandNodeState>
      <con:id>cb2ccc0b-9c3f-41b1-8451-30c466267346</con:id>
      <con:expandState>false</con:expandState>
    </con:expandNodeState>
    <con:expandNodeState>
      <con:id>ab2802bb-76fe-458a-a70c-e64867f84b92</con:id>
      <con:expandState>true</con:expandState>
    </con:expandNodeState>
    <con:expandNodeState>
      <con:id>7598ff23-57bc-45ed-8302-58981ea4c27e</con:id>
      <con:expandState>true</con:expandState>
    </con:expandNodeState>
    <con:expandNodeState>
      <con:id>596313f5-b303-427d-a2b5-a21905aa0005</con:id>
      <con:expandState>true</con:expandState>
    </con:expandNodeState>
    <con:expandNodeState>
      <con:id>b3b23627-d0c2-4372-92a9-b0b4e558e140</con:id>
      <con:expandState>false</con:expandState>
    </con:expandNodeState>
    <con:expandNodeState>
      <con:id>f82e25ec-16b0-47bd-90d2-aba93851b8b2</con:id>
      <con:expandState>false</con:expandState>
    </con:expandNodeState>
    <con:expandNodeState>
      <con:id>5ed04a33-e6b7-481c-8861-2ac78769bb55</con:id>
      <con:expandState>false</con:expandState>
    </con:expandNodeState>
    <con:expandNodeState>
      <con:id>4ee56b36-7e11-4857-bb71-d0ea1ef54d68</con:id>
      <con:expandState>false</con:expandState>
    </con:expandNodeState>
    <con:expandNodeState>
      <con:id>7988da36-235c-46eb-ba8c-2ecac4b56785</con:id>
      <con:expandState>true</con:expandState>
    </con:expandNodeState>
    <con:expandNodeState>
      <con:id>cd9e8461-506b-4d40-a7c5-7d6b1231af30</con:id>
      <con:expandState>true</con:expandState>
    </con:expandNodeState>
    <con:expandNodeState>
      <con:id>ddb06fba-168e-4f30-88d7-b9066f358477</con:id>
      <con:expandState>true</con:expandState>
    </con:expandNodeState>
    <con:expandNodeState>
      <con:id>e0fdf2f0-04ad-4037-9cf3-f6b385ee56d0</con:id>
      <con:expandState>false</con:expandState>
    </con:expandNodeState>
    <con:expandNodeState>
      <con:id>4ffaef0e-6c40-4482-9f10-0e24d475bf49</con:id>
      <con:expandState>false</con:expandState>
    </con:expandNodeState>
    <con:expandNodeState>
      <con:id>37c04593-297b-4f30-8bbd-f8e2360133cc</con:id>
      <con:expandState>false</con:expandState>
    </con:expandNodeState>
    <con:expandNodeState>
      <con:id>6af3a823-4dfb-46e5-b7f3-712e2aea1652</con:id>
      <con:expandState>true</con:expandState>
    </con:expandNodeState>
    <con:expandNodeState>
      <con:id>58420b8c-8377-41ff-95e1-2de67e5a92e9</con:id>
      <con:expandState>true</con:expandState>
    </con:expandNodeState>
    <con:expandNodeState>
      <con:id>9dc671bd-1ad8-4ac7-9057-64f1450f2a79</con:id>
      <con:expandState>true</con:expandState>
    </con:expandNodeState>
    <con:expandNodeState>
      <con:id>14317ca0-f784-4537-a539-bc3d9b96e0c7</con:id>
      <con:expandState>true</con:expandState>
    </con:expandNodeState>
    <con:expandNodeState>
      <con:id>63a35af1-331d-4b89-979c-4891b439013e</con:id>
      <con:expandState>true</con:expandState>
    </con:expandNodeState>
    <con:expandNodeState>
      <con:id>108b7dbc-f384-4aa3-a91f-535c1512952c</con:id>
      <con:expandState>true</con:expandState>
    </con:expandNodeState>
    <con:expandNodeState>
      <con:id>fffb191e-2cd3-4e8d-8da6-6fb29208ec87</con:id>
      <con:expandState>false</con:expandState>
    </con:expandNodeState>
    <con:expandNodeState>
      <con:id>2400b2b3-2d44-4da4-bd02-f7ff60f11a6a</con:id>
      <con:expandState>false</con:expandState>
    </con:expandNodeState>
    <con:expandNodeState>
      <con:id>57c1cebb-335c-441d-b722-98956a4e4e38</con:id>
      <con:expandState>false</con:expandState>
    </con:expandNodeState>
    <con:expandNodeState>
      <con:id>f140ae72-6bab-4ff3-846a-06a94f3fb0d3</con:id>
      <con:expandState>true</con:expandState>
    </con:expandNodeState>
    <con:expandNodeState>
      <con:id>149d4d03-3eda-41ac-b3cc-a07c76160ab5</con:id>
      <con:expandState>true</con:expandState>
    </con:expandNodeState>
    <con:expandNodeState>
      <con:id>e797655c-ad00-475c-9c29-65305f150231</con:id>
      <con:expandState>true</con:expandState>
    </con:expandNodeState>
    <con:expandNodeState>
      <con:id>68183bf7-f394-4d75-87cb-60ebf300fbfd</con:id>
      <con:expandState>true</con:expandState>
    </con:expandNodeState>
    <con:expandNodeState>
      <con:id>e1e25a32-b432-4dea-a6a7-f6f99b8b9dfa</con:id>
      <con:expandState>true</con:expandState>
    </con:expandNodeState>
    <con:expandNodeState>
      <con:id>8109c3f5-d0de-4374-810e-9640685bccec</con:id>
      <con:expandState>true</con:expandState>
    </con:expandNodeState>
    <con:expandNodeState>
      <con:id>0c973f9f-a5c9-412b-8c1f-abcf7b1df058</con:id>
      <con:expandState>true</con:expandState>
    </con:expandNodeState>
    <con:expandNodeState>
      <con:id>f9c3166e-14d0-4098-9791-841d15e87fcc</con:id>
      <con:expandState>false</con:expandState>
    </con:expandNodeState>
    <con:expandNodeState>
      <con:id>ce706e00-5835-4a04-86c5-8e139917319e</con:id>
      <con:expandState>true</con:expandState>
    </con:expandNodeState>
    <con:expandNodeState>
      <con:id>d937abf1-bdb0-4c26-9420-611f9ecb1f09</con:id>
      <con:expandState>true</con:expandState>
    </con:expandNodeState>
    <con:expandNodeState>
      <con:id>97ded2b0-c2b9-4b62-9003-526d590f04a4</con:id>
      <con:expandState>true</con:expandState>
    </con:expandNodeState>
    <con:expandNodeState>
      <con:id>4bcd0cb1-1d2d-45c7-8bb3-84d74e57e652</con:id>
      <con:expandState>false</con:expandState>
    </con:expandNodeState>
    <con:expandNodeState>
      <con:id>c992d0d9-0fd6-40ad-a18d-4451546a5329</con:id>
      <con:expandState>true</con:expandState>
    </con:expandNodeState>
    <con:expandNodeState>
      <con:id>132e947f-922e-41e6-9d0d-8bb53aaefc04</con:id>
      <con:expandState>true</con:expandState>
    </con:expandNodeState>
    <con:expandNodeState>
      <con:id>1ec54ec1-7767-49e0-87c5-9ac4927b3b0b</con:id>
      <con:expandState>true</con:expandState>
    </con:expandNodeState>
    <con:expandNodeState>
      <con:id>a01e23c3-3219-41de-b0cb-17706bb9b33a</con:id>
      <con:expandState>true</con:expandState>
    </con:expandNodeState>
    <con:expandNodeState>
      <con:id>14ef7e7f-386f-4812-8ef1-5636d6602010</con:id>
      <con:expandState>true</con:expandState>
    </con:expandNodeState>
    <con:expandNodeState>
      <con:id>afb5fbc4-b523-40fb-b343-ba85c3c5c2e7</con:id>
      <con:expandState>true</con:expandState>
    </con:expandNodeState>
    <con:expandNodeState>
      <con:id>b9f29342-ba70-485a-be0f-c6aeb9f281a3</con:id>
      <con:expandState>true</con:expandState>
    </con:expandNodeState>
    <con:expandNodeState>
      <con:id>0cc52aca-af0d-4668-b6c7-951a31b69606</con:id>
      <con:expandState>false</con:expandState>
    </con:expandNodeState>
    <con:expandNodeState>
      <con:id>37dfc892-e20b-4e85-a429-12187d2bc377</con:id>
      <con:expandState>false</con:expandState>
    </con:expandNodeState>
    <con:expandNodeState>
      <con:id>77b72721-8023-4015-aec3-1eb0fecebb8a</con:id>
      <con:expandState>false</con:expandState>
    </con:expandNodeState>
    <con:expandNodeState>
      <con:id>8015f6bf-435a-4d8e-96bf-5f58ffaf1cab</con:id>
      <con:expandState>false</con:expandState>
    </con:expandNodeState>
    <con:expandNodeState>
      <con:id>6d9be8b2-e7a7-4e6b-b2e8-cb8647f8692f</con:id>
      <con:expandState>true</con:expandState>
    </con:expandNodeState>
    <con:expandNodeState>
      <con:id>eed90d58-815d-4040-842b-5bfc3b0fb9c1</con:id>
      <con:expandState>true</con:expandState>
    </con:expandNodeState>
    <con:expandNodeState>
      <con:id>aead6213-3d4f-4620-befe-1d81c0cb9ffc</con:id>
      <con:expandState>true</con:expandState>
    </con:expandNodeState>
    <con:expandNodeState>
      <con:id>af72dfe4-4648-4d5f-bed0-76f971a28d89</con:id>
      <con:expandState>true</con:expandState>
    </con:expandNodeState>
    <con:expandNodeState>
      <con:id>42741c3a-be4e-4f79-bb52-bb39e8408610</con:id>
      <con:expandState>true</con:expandState>
    </con:expandNodeState>
    <con:expandNodeState>
      <con:id>a3eadcaf-4043-4280-b816-60abced64468</con:id>
      <con:expandState>true</con:expandState>
    </con:expandNodeState>
    <con:expandNodeState>
      <con:id>41bdd0ee-81ea-4b7a-a738-e2b47621ade5</con:id>
      <con:expandState>true</con:expandState>
    </con:expandNodeState>
    <con:expandNodeState>
      <con:id>d71f2d68-0898-469a-81cc-9e98eea404c6</con:id>
      <con:expandState>true</con:expandState>
    </con:expandNodeState>
    <con:expandNodeState>
      <con:id>86652e0c-3435-421a-b2a5-72d5a348d4a1</con:id>
      <con:expandState>true</con:expandState>
    </con:expandNodeState>
    <con:expandNodeState>
      <con:id>a2443825-af3b-4021-9faf-79ec90f695c6</con:id>
      <con:expandState>true</con:expandState>
    </con:expandNodeState>
    <con:expandNodeState>
      <con:id>41ca1f13-efc6-431a-b430-dea005dcabce</con:id>
      <con:expandState>true</con:expandState>
    </con:expandNodeState>
    <con:expandNodeState>
      <con:id>26510477-ecd3-4fe2-a8b0-7f7dc9ee8e85</con:id>
      <con:expandState>true</con:expandState>
    </con:expandNodeState>
    <con:expandNodeState>
      <con:id>f97bbe5e-7a6c-4385-b339-c1f2c697ecd6</con:id>
      <con:expandState>true</con:expandState>
    </con:expandNodeState>
    <con:expandNodeState>
      <con:id>f6d56d3f-b27b-4c69-9253-b6d871029292</con:id>
      <con:expandState>true</con:expandState>
    </con:expandNodeState>
    <con:expandNodeState>
      <con:id>6dab149e-8216-47ad-ac7f-39279b848395</con:id>
      <con:expandState>true</con:expandState>
    </con:expandNodeState>
    <con:expandNodeState>
      <con:id>cde3bb19-5888-4d79-9647-b01fc13dd406</con:id>
      <con:expandState>true</con:expandState>
    </con:expandNodeState>
    <con:expandNodeState>
      <con:id>f52a2c33-991b-41ca-9df6-dcc85cf8f245</con:id>
      <con:expandState>true</con:expandState>
    </con:expandNodeState>
    <con:expandNodeState>
      <con:id>b4f557f5-365d-4b12-b107-4186e83f6176</con:id>
      <con:expandState>true</con:expandState>
    </con:expandNodeState>
    <con:expandNodeState>
      <con:id>4c8ac5f4-323a-40d2-8467-3644b814f6a3</con:id>
      <con:expandState>true</con:expandState>
    </con:expandNodeState>
    <con:expandNodeState>
      <con:id>56f782f3-4c0f-449c-8529-5ac45c87b73c</con:id>
      <con:expandState>true</con:expandState>
    </con:expandNodeState>
    <con:expandNodeState>
      <con:id>d2fed159-5aeb-4a07-b7d5-ad4747cc0a88</con:id>
      <con:expandState>true</con:expandState>
    </con:expandNodeState>
    <con:expandNodeState>
      <con:id>1312f373-72b6-43ca-8ebd-b59ac04e4771</con:id>
      <con:expandState>false</con:expandState>
    </con:expandNodeState>
    <con:expandNodeState>
      <con:id>e6452310-2f29-4284-9ece-cb32429480ba</con:id>
      <con:expandState>false</con:expandState>
    </con:expandNodeState>
    <con:expandNodeState>
      <con:id>32e070cd-087a-4a82-9a84-5672e9f481e2</con:id>
      <con:expandState>false</con:expandState>
    </con:expandNodeState>
    <con:expandNodeState>
      <con:id>8b668a3c-8d9f-457d-a5a0-e38deecf4c00</con:id>
      <con:expandState>false</con:expandState>
    </con:expandNodeState>
    <con:expandNodeState>
      <con:id>e1b975aa-04c1-4826-ad8e-07ef0637263b</con:id>
      <con:expandState>true</con:expandState>
    </con:expandNodeState>
    <con:expandNodeState>
      <con:id>709a10a6-e0ec-454b-9113-6feaf2662292</con:id>
      <con:expandState>false</con:expandState>
    </con:expandNodeState>
    <con:expandNodeState>
      <con:id>79af14ae-8458-4193-9e64-bfedcbdf4c8d</con:id>
      <con:expandState>false</con:expandState>
    </con:expandNodeState>
    <con:expandNodeState>
      <con:id>89a37c73-0ca4-42d9-81ee-537ae764a542</con:id>
      <con:expandState>true</con:expandState>
    </con:expandNodeState>
    <con:expandNodeState>
      <con:id>9add601c-1434-4672-afac-099495236192</con:id>
      <con:expandState>true</con:expandState>
    </con:expandNodeState>
    <con:expandNodeState>
      <con:id>a485f458-69f3-4395-96f2-c5a4e477e9f8</con:id>
      <con:expandState>true</con:expandState>
    </con:expandNodeState>
  </con:navigatorNodeCollection>
  <con:navigatorNodeCollection>
    <con:rootNodeLabel/>
    <con:expandNodeState>
      <con:id>ab51828a-fde9-4755-a1cc-b725c0642086</con:id>
      <con:expandState>false</con:expandState>
    </con:expandNodeState>
  </con:navigatorNodeCollection>
  <con:navigatorNodeCollection>
    <con:rootNodeLabel>Secure</con:rootNodeLabel>
    <con:expandNodeState>
      <con:id>d8804a76-bbd2-49cc-9732-d6f99a5896fc</con:id>
      <con:expandState>false</con:expandState>
    </con:expandNodeState>
    <con:expandNodeState>
      <con:id>ab51828a-fde9-4755-a1cc-b725c0642086</con:id>
      <con:expandState>false</con:expandState>
    </con:expandNodeState>
    <con:expandNodeState>
      <con:id>e535db75-3ed1-4e79-b8ca-5cb728e7044b</con:id>
      <con:expandState>false</con:expandState>
    </con:expandNodeState>
    <con:expandNodeState>
      <con:id>fa2ea36c-dc6c-4410-95fa-a52965120af7</con:id>
      <con:expandState>false</con:expandState>
    </con:expandNodeState>
    <con:expandNodeState>
      <con:id>77dc654d-ec8e-419f-9447-b53254575f63</con:id>
      <con:expandState>false</con:expandState>
    </con:expandNodeState>
    <con:expandNodeState>
      <con:id>7525ca10-0d7e-486c-abff-5a1355286f99</con:id>
      <con:expandState>false</con:expandState>
    </con:expandNodeState>
    <con:expandNodeState>
      <con:id>f3a56f59-8c8f-486b-b120-244fb0e090c4</con:id>
      <con:expandState>false</con:expandState>
    </con:expandNodeState>
    <con:expandNodeState>
      <con:id>8a9b94ed-4d62-437c-b31d-aea5752009a6</con:id>
      <con:expandState>false</con:expandState>
    </con:expandNodeState>
    <con:expandNodeState>
      <con:id>37c04593-297b-4f30-8bbd-f8e2360133cc</con:id>
      <con:expandState>false</con:expandState>
    </con:expandNodeState>
    <con:expandNodeState>
      <con:id>f140ae72-6bab-4ff3-846a-06a94f3fb0d3</con:id>
      <con:expandState>false</con:expandState>
    </con:expandNodeState>
    <con:expandNodeState>
      <con:id>f9c3166e-14d0-4098-9791-841d15e87fcc</con:id>
      <con:expandState>false</con:expandState>
    </con:expandNodeState>
    <con:expandNodeState>
      <con:id>a01e23c3-3219-41de-b0cb-17706bb9b33a</con:id>
      <con:expandState>false</con:expandState>
    </con:expandNodeState>
    <con:expandNodeState>
      <con:id>e1b975aa-04c1-4826-ad8e-07ef0637263b</con:id>
      <con:expandState>false</con:expandState>
    </con:expandNodeState>
    <con:expandNodeState>
      <con:id>2c1f78f4-be6e-41f5-be83-51bc57c0165a</con:id>
      <con:expandState>false</con:expandState>
    </con:expandNodeState>
  </con:navigatorNodeCollection>
  <con:dashboardTileCollection>
    <con:dashboardTiles>
      <con:dashboardTile tileId="0305adbd-b2e3-4e1d-be2c-17d0792c4630" tileType="NEW_TEST"/>
      <con:dashboardTile tileId="926f58e5-e60f-4150-bb81-51a2aa17b3fd" tileType="TEST_SUITE_STATUS">
        <con:settings xsi:type="con:TestStatusTileSettings" xmlns:xsi="http://www.w3.org/2001/XMLSchema-instance">
          <con:mode>
            <con:today>true</con:today>
          </con:mode>
          <con:filter>
            <con:failed>true</con:failed>
            <con:passed>true</con:passed>
            <con:unknown>true</con:unknown>
          </con:filter>
        </con:settings>
      </con:dashboardTile>
      <con:dashboardTile tileId="afe82ec6-f268-4eed-850a-4a1ac8889b5d" tileType="TEST_CASE_STATUS_TILE">
        <con:settings xsi:type="con:TestCaseStatusTileSettings" xmlns:xsi="http://www.w3.org/2001/XMLSchema-instance">
          <con:mode>
            <con:today>true</con:today>
          </con:mode>
          <con:filter>
            <con:failed>true</con:failed>
            <con:passed>true</con:passed>
            <con:unknown>true</con:unknown>
          </con:filter>
        </con:settings>
      </con:dashboardTile>
      <con:dashboardTile tileId="e1a30d94-f195-4700-890a-10c820e6aae4" tileType="SECURE_TILE">
        <con:settings xsi:type="con:SecureTileSettings" xmlns:xsi="http://www.w3.org/2001/XMLSchema-instance">
          <con:mode>
            <con:today>true</con:today>
          </con:mode>
          <con:scan>All Scans</con:scan>
          <con:project>All Projects</con:project>
        </con:settings>
      </con:dashboardTile>
      <con:dashboardTile tileId="d5d2abd2-e4ad-4858-9f6c-215c3743c50e" tileType="LOADUI_HISTORY_TILE">
        <con:settings xsi:type="con:LoadHistoryTileSettings" xmlns:xsi="http://www.w3.org/2001/XMLSchema-instance">
          <con:mode>
            <con:today>true</con:today>
          </con:mode>
          <con:project>All Projects</con:project>
          <con:filter>
            <con:avg>true</con:avg>
            <con:duration>true</con:duration>
            <con:failures>true</con:failures>
          </con:filter>
        </con:settings>
      </con:dashboardTile>
      <con:dashboardTile tileId="0a612ae1-c85d-4329-b198-f49cdae65800" tileType="SERVICEV">
        <con:settings xsi:type="con:ServiceVTileSettings" xmlns:xsi="http://www.w3.org/2001/XMLSchema-instance">
          <con:tableSettings>
            <con:column>Name</con:column>
            <con:column>Status</con:column>
            <con:column>Location</con:column>
            <con:column>Port</con:column>
          </con:tableSettings>
          <con:searchSettings>
            <con:searchType>All</con:searchType>
          </con:searchSettings>
        </con:settings>
      </con:dashboardTile>
    </con:dashboardTiles>
    <con:recentDashboardTiles/>
  </con:dashboardTileCollection>
</con:soapui-workspace>