<?xml version="1.0" encoding="UTF-8"?>
<con:soapui-project id="ab51828a-fde9-4755-a1cc-b725c0642086" activeEnvironment="Default environment" name="API_AssetsDevicesID" resourceRoot="" soapui-version="6.0.0" abortOnError="false" runType="SEQUENTIAL" lastOpened="2016-07-06T10:59:19.916-04:00" xmlns:con="http://eviware.com/soapui/config"><con:settings/><con:interface xsi:type="con:RestService" id="e3ede794-f15a-4ccc-96cb-fd513be14362" wadlVersion="http://wadl.dev.java.net/2009/02" name="http://tg-mobility.cloudhub.io" type="rest" xmlns:xsi="http://www.w3.org/2001/XMLSchema-instance"><con:settings/><con:definitionCache type="TEXT" rootPart=""/><con:endpoints><con:endpoint>http://tg-mobility.cloudhub.io</con:endpoint></con:endpoints><con:resource name="V1" path="/assets/devices/{id}" id="1b791526-3b40-4421-a560-fd8573621420"><con:settings/><con:parameters><con:parameter><con:name>X-TNGO-TENANT</con:name><con:value/><con:style>HEADER</con:style><con:default/><con:description xsi:nil="true"/></con:parameter><con:parameter><con:name>offset</con:name><con:value/><con:style>QUERY</con:style><con:default/><con:description xsi:nil="true"/></con:parameter><con:parameter><con:name>id</con:name><con:value>35094069</con:value><con:style>TEMPLATE</con:style><con:default>35094069</con:default></con:parameter><con:parameter><con:name>Authorization</con:name><con:value/><con:style>HEADER</con:style><con:default/><con:description xsi:nil="true"/></con:parameter><con:parameter><con:name>client_id</con:name><con:value/><con:style>HEADER</con:style><con:default/><con:description xsi:nil="true"/></con:parameter><con:parameter><con:name>client_secret</con:name><con:value/><con:style>HEADER</con:style><con:default/><con:description xsi:nil="true"/></con:parameter></con:parameters><con:method name="GetAllDevices" id="9fbb15a3-defd-44d6-b452-06d00eed3b3d" method="GET"><con:settings/><con:parameters/><con:representation type="FAULT"><con:mediaType>application/json</con:mediaType><con:status>403 400 500</con:status><con:params/><con:element xmlns:dev="http://tg-mobility.cloudhub.io/mobility/v1/assets/devices">dev:Fault</con:element></con:representation><con:representation type="RESPONSE"><con:mediaType>application/json;charset=UTF-8</con:mediaType><con:status>200</con:status><con:params/><con:element xmlns:dev="http://tg-mobility.cloudhub.io/mobility/v1/assets/devices">dev:Response</con:element></con:representation><con:representation type="FAULT"><con:mediaType xsi:nil="true"/><con:status>404</con:status><con:params/><con:element>data</con:element></con:representation><con:representation type="FAULT"><con:mediaType xsi:nil="true"/><con:status>404</con:status><con:params/><con:element>data</con:element></con:representation><con:representation type="FAULT"><con:mediaType xsi:nil="true"/><con:status>404</con:status><con:params/><con:element>data</con:element></con:representation><con:representation type="FAULT"><con:mediaType xsi:nil="true"/><con:status>404</con:status><con:params/><con:element>data</con:element></con:representation><con:representation type="FAULT"><con:mediaType xsi:nil="true"/><con:status>404</con:status><con:params/><con:element>data</con:element></con:representation><con:representation type="FAULT"><con:mediaType xsi:nil="true"/><con:status>404</con:status><con:params/><con:element>data</con:element></con:representation><con:representation type="FAULT"><con:mediaType xsi:nil="true"/><con:status>404</con:status><con:params/><con:element>data</con:element></con:representation><con:representation type="FAULT"><con:mediaType xsi:nil="true"/><con:status>404</con:status><con:params/><con:element>data</con:element></con:representation><con:representation type="FAULT"><con:mediaType xsi:nil="true"/><con:status>404</con:status><con:params/><con:element>data</con:element></con:representation><con:representation type="FAULT"><con:mediaType xsi:nil="true"/><con:status>404</con:status><con:params/><con:element>data</con:element></con:representation><con:representation type="FAULT"><con:mediaType xsi:nil="true"/><con:status>404</con:status><con:params/><con:element>data</con:element></con:representation><con:representation type="FAULT"><con:mediaType xsi:nil="true"/><con:status>404</con:status><con:params/><con:element>data</con:element></con:representation><con:representation type="FAULT"><con:mediaType xsi:nil="true"/><con:status>404</con:status><con:params/><con:element>data</con:element></con:representation><con:representation type="FAULT"><con:mediaType xsi:nil="true"/><con:status>404</con:status><con:params/><con:element>data</con:element></con:representation><con:representation type="FAULT"><con:mediaType xsi:nil="true"/><con:status>404</con:status><con:params/><con:element>data</con:element></con:representation><con:representation type="FAULT"><con:mediaType xsi:nil="true"/><con:status>404</con:status><con:params/><con:element>data</con:element></con:representation><con:representation type="FAULT"><con:mediaType xsi:nil="true"/><con:status>404</con:status><con:params/><con:element>data</con:element></con:representation><con:representation type="FAULT"><con:mediaType xsi:nil="true"/><con:status>404</con:status><con:params/><con:element>data</con:element></con:representation><con:representation type="FAULT"><con:mediaType xsi:nil="true"/><con:status>404</con:status><con:params/><con:element>data</con:element></con:representation><con:representation type="FAULT"><con:mediaType xsi:nil="true"/><con:status>404</con:status><con:params/><con:element>data</con:element></con:representation><con:representation type="FAULT"><con:mediaType xsi:nil="true"/><con:status>404</con:status><con:params/><con:element>data</con:element></con:representation><con:representation type="FAULT"><con:mediaType xsi:nil="true"/><con:status>404</con:status><con:params/><con:element>data</con:element></con:representation><con:representation type="FAULT"><con:mediaType xsi:nil="true"/><con:status>404</con:status><con:params/><con:element>data</con:element></con:representation><con:representation type="FAULT"><con:mediaType>text/html</con:mediaType><con:status>502</con:status><con:params/><con:element>html</con:element></con:representation><con:request name="GetAllDevicesID" id="78225f30-ac27-4fc1-b283-2688b59cb02f" mediaType="application/json"><con:settings><con:setting id="com.eviware.soapui.impl.wsdl.WsdlRequest@request-headers">&lt;xml-fragment/></con:setting></con:settings><con:endpoint>None</con:endpoint><con:request/><con:originalUri>http://tg-mobility.cloudhub.io/mobility/v1/assets/devices</con:originalUri><con:credentials><con:selectedAuthProfile>No Authorization</con:selectedAuthProfile><con:authType>No Authorization</con:authType></con:credentials><con:jmsConfig JMSDeliveryMode="PERSISTENT"/><con:jmsPropertyConfig/><con:parameters>
  <con:entry key="Authorization" value="Bearer 123"/>
  <con:entry key="offset" value="0"/>
  <con:entry key="X-TNGO-TENANT" value="XX1"/>
  <con:entry key="id" value="35094069"/>
  <con:entry key="client_id" value="hh"/>
</con:parameters><con:parameterOrder><con:entry>X-TNGO-TENANT</con:entry><con:entry>Authorization</con:entry><con:entry>id</con:entry><con:entry>offset</con:entry><con:entry>client_id</con:entry><con:entry>client_secret</con:entry></con:parameterOrder></con:request></con:method></con:resource></con:interface><con:testSuite id="ee88d1bc-b782-4d18-8aef-e20fabb17a48" name="GetAllDevicesIdtestSuite"><con:settings/><con:runType>SEQUENTIAL</con:runType><con:testCase id="7b92872c-bf35-4a0f-98bb-f79a17489540" failOnError="true" failTestCaseOnErrors="true" keepSession="false" maxResults="0" name="TestCaseGetAllDevicesID" searchProperties="true"><con:description>Bob Lichtenfels 12/18/15 - "ScriptForCreateStatusFail " - added logo URL.

Bob Lichtenfels  02/29/16 - update order actions expected response.

Bob Lichtenfels  07/06/16 - update order actions expected response.</con:description><con:settings/><con:testStep type="groovy" name="ScriptCreatesPassStatus" id="8c35b4f1-26cf-4648-8f3d-bb23f30688ce"><con:settings/><con:config><script>// //////////////////////////////////////////////////////
// Bob Lichtenfels 11/24/15 - setup external calls.
// //////////////////////////////////////////////////////

// /////////////////////////////////////////////
// This sets up all of the test case properties
// /////////////////////////////////////////////
def groovyUtils = new com.eviware.soapui.support.GroovyUtils( context ); 
def projectPath = groovyUtils.projectPath //gets the path of the project root

// this is sanity check with a simple call. all this does is verify a simple connection 
// to the external clases by logging a message in log window.
soapUIScripts.CommonMethods.StaticMethod(log) 

// setup test case properties stored in 'DudleyDorightDataActions' class.
soapUIScripts.DudleyDorightDataActions.SetupTestCaseProperties(log, testRunner) 

// read in token pair and put in test case properties.
// NOTE: token pair must be in same folder as project
//       token pair must be up to date (not expired)
assert(soapUIScripts.CommonMethods.ReadTokenPair(projectPath + "\\" + "TokenPair.txt", log, testRunner) == true)

// read user Ids and assign to test case properties.
def userIdsFileName = projectPath + "\\" + "DudleyDoright.txt"
//assert soapUIScripts.CommonMethods.ReadUserIds(userIdsFileName, log, testRunner) == true
assert soapUIScripts.CommonMethods.ReadUserIdsURL(userIdsFileName, log, testRunner) == true

</script></con:config></con:testStep><con:testStep type="restrequest" name="GetAllDevicesByOneUserId" id="76628e1c-3024-4298-9edf-0d35386650ef"><con:settings/><con:config service="http://tg-mobility.cloudhub.io" resourcePath="/assets/devices/{id}" methodName="GetAllDevices" xsi:type="con:RestRequestStep" xmlns:xsi="http://www.w3.org/2001/XMLSchema-instance"><con:restRequest name="GetAllDevicesByOneUserId" id="78225f30-ac27-4fc1-b283-2688b59cb02f" mediaType="application/json"><con:settings><con:setting id="com.eviware.soapui.impl.wsdl.WsdlRequest@request-headers">&lt;xml-fragment/></con:setting></con:settings><con:endpoint>${#TestCase#URL}</con:endpoint><con:request/><con:originalUri>http://tg-mobility.cloudhub.io/mobility/v1/assets/devices</con:originalUri><con:assertion type="Valid HTTP Status Codes" id="4a3ed857-c4da-4ae6-9ada-f3750c889646" name="Valid HTTP Status Codes"><con:settings/><con:configuration><codes>200
</codes></con:configuration></con:assertion><con:assertion type="JsonPath Match" id="acdaadd3-ab8d-4cdd-95b1-7d0384affc7e" name="Match content of [start]"><con:configuration><path>$.service.contractDates.start</path><content>2016-09-28T05:00:00Z</content><allowWildcards>false</allowWildcards><ignoreNamspaceDifferences>false</ignoreNamspaceDifferences><ignoreComments>false</ignoreComments></con:configuration></con:assertion><con:assertion type="JsonPath Match" id="0b291a06-9f91-4950-ad59-1e84de711812" name="Match content of [end]"><con:configuration><path>$.service.contractDates.end</path><content>2018-09-29T05:00:00Z</content><allowWildcards>false</allowWildcards><ignoreNamspaceDifferences>false</ignoreNamspaceDifferences><ignoreComments>false</ignoreComments></con:configuration></con:assertion><con:credentials><con:selectedAuthProfile>No Authorization</con:selectedAuthProfile><con:authType>No Authorization</con:authType></con:credentials><con:jmsConfig JMSDeliveryMode="PERSISTENT"/><con:jmsPropertyConfig/><con:parameters>
  <con:entry key="Authorization" value="Bearer ${#TestCase#AccessToken}"/>
  <con:entry key="offset" value="${#TestCase#offset}"/>
  <con:entry key="X-TNGO-TENANT" value="XX1"/>
  <con:entry key="id" value="${#TestCase#deviceId}"/>
  <con:entry key="client_secret" value="${#TestCase#client_secret}"/>
  <con:entry key="client_id" value="${#TestCase#client_Id}"/>
</con:parameters><con:parameterOrder><con:entry>X-TNGO-TENANT</con:entry><con:entry>id</con:entry><con:entry>offset</con:entry><con:entry>Authorization</con:entry><con:entry>client_id</con:entry><con:entry>client_secret</con:entry></con:parameterOrder></con:restRequest></con:config></con:testStep><con:testStep type="groovy" name="ScriptForVerifyingJsonResponse" id="35f58283-9bc8-4084-9c47-7a3f577e10a3"><con:settings/><con:config><script>// ////////////////////////////////////////////////////////////////////////////////////
// Bob Lichtenfels 11/09/15 - Setup with spreadsheet values 
// Bob Lichtenfels 11/24/15 - Fix error(s) after an API checkin. Open issue with
//                            Michael - line 70 commented. - 
// Bob Lichtenfels 11/24/15 - Line 70 fixed.
// Bob Lichtenfels 12/18/15 - See test case description for furthe details.
// ////////////////////////////////////////////////////////////////////////////////////

// this verifies the json response per the response spread sheet.
import groovy.json.JsonSlurper 
def groovyUtils = new com.eviware.soapui.support.GroovyUtils( context ); 
def testCase = context.testCase; 
def testStep = testCase.getTestStepByName("GetAllDevicesByOneUserId");  

// log.info "******* Running ScriptForVerifying Json Responses By User ID *******"

log.info ""
log.info "--------------------------------------------- RUN SCRIPT FOR VERIFY JSON GET USER BY ID --------------------------------------------------------------------------"
log.info ""

String deviceId = testRunner.testCase.getPropertyValue("deviceId")
String employeeId = testRunner.testCase.getPropertyValue("employeeId")
String logoUrl = testRunner.testCase.getPropertyValue("LogoUrl")
def mainUrl = testRunner.testCase.getPropertyValue("URL")


// get constants that have already been setup.
String _metahref = mainUrl + "/assets/devices/" + deviceId
String id = deviceId
String manufacturer_metahref =  mainUrl + "/manufacturers/Apple"
String manufacturerId = "Apple" 
String manufacturerName = "Apple" 
String manufacturerLogoUrl = logoUrl + "manage/images/manufacturers/Apple.gif"
String model = "3G iPad 16GB"
String simId = "2345" 
String accessMethod = "UNKNOWN"
String macAddress = "665544"
String companyAssetId = "999888"
String serialNumbertype = "CAP_CODE"
String serialNumbervalue = "1234567891"
// String service_metahref  = "???"
String serviceid = "SeeSheetWhereToFind"
String serviceServiceNumber = "7818834749"
String serviceStatus = "ACTIVE"
String servicePlanname = "AT&amp;T Mobility Default"
//String serviceContractDatesstart // in auto assert
//String serviceContractDatesend // in auto assert
String serviceContractDatesactivated = "2016-09-29T05:00:00Z"
String serviceContractDatesdeactivated =  "2017-09-29T05:00:00Z" // "2016-03-17T05:00:00Z"    //"2017-09-29T05:00:00Z"
String serviceContractDateslastDeviceUpgrade = "2016-09-27T05:00:00Z"
// String orderActions = "[ORDER_ACCESSORIES, UPDATE_FEATURES, SWAP_DEVICES, NEW_ACTIVATION, DEACTIVATE, UNSUSPEND, UPGRADE, PORT_NUMBER]"
String orderActions = "[ORDER_ACCESSORIES, UPDATE_FEATURES, SWAP_DEVICES, NEW_ACTIVATION, SUSPEND, DEACTIVATE, UNSUSPEND, UPGRADE, PORT_NUMBER]"
String employee_metahref =  mainUrl + "/employees/" + employeeId
String employeeid = employeeId 
String employeeCompanyemployeeId = "Dudley.Doright2.XX1" 
String employeeFirstName = "Dudley"
String employeeLastName = "Doright"
String employeeStatus = "ACTIVE"
String employeeEmail = "Dudley.Doright@tangoe.com"
String employeeDepartmentid = "SeeSheet"
String employeeDepartmentname = "Marketing"
String category_metahref // see sheet
String categoryid // see sheet
String categoryName // see sheet

// get response of last test step run.
def response = testStep.testRequest.messageExchange.response.responseContent
def slurper = new JsonSlurper()
def json = slurper.parseText response

// ////////////////////////////////////////////////////////////
// go through all the required response values and verify.
// ////////////////////////////////////////////////////////////

//log.info json.manufacturer._meta.href

CompareItemsTwo(json._meta.href,_metahref ) // missing href? Have sent mail to Michael. - fixed 11/24/15
CompareItemsTwo(json.id,deviceId )
CompareItemsTwo(json.manufacturer._meta.href,manufacturer_metahref)
CompareItemsTwo(json.manufacturer.id,manufacturerId)
CompareItemsTwo(json.manufacturer.name,manufacturerName)
CompareItemsTwo(json.manufacturer.logoUrl,manufacturerLogoUrl)
CompareItemsTwo(json.model.id,model)
CompareItemsTwo(json.simId,simId)
CompareItemsTwo(json.accessMethod,accessMethod)
CompareItemsTwo(json.macAddress,macAddress)
CompareItemsTwo(json.companyAssetId,companyAssetId)
CompareItemsTwo(json.serialNumber.value,serialNumbervalue)
CompareItemsTwo(json.service.status,serviceStatus)
CompareItemsTwo(json.service.plan.name,servicePlanname)
//String serviceContractDatesstart // bad per sheet.
//String serviceContractDatesend // bad per sheet.
CompareItemsTwo(json.service.contractDates.activated,serviceContractDatesactivated)
CompareItemsTwo(json.service.contractDates.deactivated,serviceContractDatesdeactivated)
CompareItemsTwo(json.service.contractDates.lastDeviceUpgrade,serviceContractDateslastDeviceUpgrade)
CompareItemsTwo(json.orderActions,orderActions)
CompareItemsTwo(json.employee._meta.href,employee_metahref)
CompareItemsTwo(json.employee.id,employeeid)
CompareItemsTwo(json.employee.companyEmployeeId,employeeCompanyemployeeId)
CompareItemsTwo(json.employee.firstName,employeeFirstName)
CompareItemsTwo(json.employee.lastName,employeeLastName)
CompareItemsTwo(json.employee.status,employeeStatus)
CompareItemsTwo(json.employee.email,employeeEmail)
// String employeeDepartmentid = "SeeSheet"
CompareItemsTwo(json.employee.department.name,employeeDepartmentname)
//String category_metahref // see sheet
//String categoryid // see sheet
//String categoryName // see sheet


// ///////////////////////////////////////////////////////////////////
// ////////////////////////// METHODS ////////////////////////////////
// ///////////////////////////////////////////////////////////////////

void CompareItemsTwo(json, expectedValueString)
{
	String jsonString = json
	
	// this will show each compare being made - DEBUG ONLY ${#TestCase#companyEmployeeId}
	//log.info jsonString + " " + expectedValueString 
	assert(jsonString == expectedValueString)
}

// this trims the rightmoast item from the href string pssed in and retuns it. the rightmost item is a number 
// example: "http://tg-mobility.cloudhub.io/mobility/v1/employees/28672245" - "28672245" is removed
// it also does a sanity check on the part that is trimmed off
def TrimRightFromHref(String tempStringHref)
{
	// create array to hold all parts that are separated by a "/".
	def allParts = []
	allParts = tempStringHref.split("/")
	// for (str in allParts) {log.info str} // show all string list - DEBUG
	
	// remove last element from string passed in and return
	def listSize = allParts.length
	String whatToRemove = allParts[listSize - 1]

	// make sure part to remove is there and an interger
	assert whatToRemove.size() >= 1
	assert whatToRemove.isInteger()
	
	// String FinalString = tempStringHref.replaceAll(whatToRemove,"") - DEBUG to see final string
	return tempStringHref.replaceAll(whatToRemove,"")
}

</script></con:config></con:testStep><con:testStep type="groovy" name="ScriptForCreateStatusFailTenant" id="962e8fd3-2e41-4d9e-863a-79d792963163"><con:settings/><con:config><script>// store away properties for further use.
context.DeviceId = testRunner.testCase.getPropertyValue( "deviceId")
context.Tenant = testRunner.testCase.getPropertyValue( "Tenant")


testRunner.testCase.setPropertyValue( "Tenant", "" )
</script></con:config></con:testStep><con:testStep type="restrequest" name="BadTenant" id="e8d95f8a-4f36-46b1-abc3-96231caded1e"><con:settings/><con:config service="http://tg-mobility.cloudhub.io" resourcePath="/assets/devices/{id}" methodName="GetAllDevices" xsi:type="con:RestRequestStep" xmlns:xsi="http://www.w3.org/2001/XMLSchema-instance"><con:restRequest name="BadTenant" id="78225f30-ac27-4fc1-b283-2688b59cb02f" mediaType="application/json"><con:settings><con:setting id="com.eviware.soapui.impl.wsdl.WsdlRequest@request-headers">&lt;xml-fragment/></con:setting></con:settings><con:endpoint>${#TestCase#URL}</con:endpoint><con:request/><con:originalUri>http://tg-mobility.cloudhub.io/mobility/v1/assets/devices</con:originalUri><con:assertion type="Valid HTTP Status Codes" id="4a3ed857-c4da-4ae6-9ada-f3750c889646" name="Valid HTTP Status Codes"><con:settings/><con:configuration><codes>400

</codes></con:configuration></con:assertion><con:assertion type="JsonPath Match" id="2b429a69-33bd-40f6-9d19-75a2bea84c25" name="Match content of [errorCode]"><con:configuration><path>$.errorCode</path><content>INVALID_HEADER</content><allowWildcards>false</allowWildcards><ignoreNamspaceDifferences>false</ignoreNamspaceDifferences><ignoreComments>false</ignoreComments></con:configuration></con:assertion><con:credentials><con:selectedAuthProfile>No Authorization</con:selectedAuthProfile><con:authType>No Authorization</con:authType></con:credentials><con:jmsConfig JMSDeliveryMode="PERSISTENT"/><con:jmsPropertyConfig/><con:parameters>
  <con:entry key="Authorization" value="Bearer ${#TestCase#AccessToken}"/>
  <con:entry key="offset" value="0"/>
  <con:entry key="X-TNGO-TENANT" value="${#TestCase#Tenant}"/>
  <con:entry key="client_secret" value="${#TestCase#client_secret}"/>
  <con:entry key="id" value="${#TestCase#deviceId}"/>
  <con:entry key="client_id" value="${#TestCase#client_Id}"/>
</con:parameters><con:parameterOrder><con:entry>X-TNGO-TENANT</con:entry><con:entry>id</con:entry><con:entry>offset</con:entry><con:entry>Authorization</con:entry><con:entry>client_id</con:entry><con:entry>client_secret</con:entry></con:parameterOrder></con:restRequest></con:config></con:testStep><con:testStep type="groovy" name="ScriptForCreateStatusFailId" id="f12d9455-feeb-4fc6-9b00-74e4f0960ff8"><con:settings/><con:config><script>
// restore tenant
testRunner.testCase.setPropertyValue( "Tenant", context.Tenant )

// mess up deviceId.
testRunner.testCase.setPropertyValue( "deviceId", "BlaBlaBlaAAAAAAAABBBBBBBBBBHHHHHHH" )</script></con:config></con:testStep><con:testStep type="restrequest" name="BadDeviceId" id="d7ac7e1c-1a10-41de-bb2f-ce52c9d510a4"><con:settings/><con:config service="http://tg-mobility.cloudhub.io" resourcePath="/assets/devices/{id}" methodName="GetAllDevices" xsi:type="con:RestRequestStep" xmlns:xsi="http://www.w3.org/2001/XMLSchema-instance"><con:restRequest name="BadDeviceId" id="78225f30-ac27-4fc1-b283-2688b59cb02f" mediaType="application/json"><con:settings><con:setting id="com.eviware.soapui.impl.wsdl.WsdlRequest@request-headers">&lt;xml-fragment/></con:setting></con:settings><con:endpoint>${#TestCase#URL}</con:endpoint><con:request/><con:originalUri>http://tg-mobility.cloudhub.io/mobility/v1/assets/devices</con:originalUri><con:assertion type="Valid HTTP Status Codes" id="30bdaf6c-0859-4c3b-8975-a896af5bf0ab" name="Valid HTTP Status Codes"><con:settings/><con:configuration><codes>400</codes></con:configuration></con:assertion><con:assertion type="JsonPath Match" id="aafd7fa3-6498-43a6-9a48-5dd5198e1e63" name="Match content of [message]"><con:configuration><path>$.message</path><content>Bad request: Not a valid ID number</content><allowWildcards>false</allowWildcards><ignoreNamspaceDifferences>false</ignoreNamspaceDifferences><ignoreComments>false</ignoreComments></con:configuration></con:assertion><con:credentials><con:selectedAuthProfile>No Authorization</con:selectedAuthProfile><con:authType>No Authorization</con:authType></con:credentials><con:jmsConfig JMSDeliveryMode="PERSISTENT"/><con:jmsPropertyConfig/><con:parameters>
  <con:entry key="Authorization" value="Bearer ${#TestCase#AccessToken}"/>
  <con:entry key="offset" value="0"/>
  <con:entry key="X-TNGO-TENANT" value="${#TestCase#Tenant}"/>
  <con:entry key="id" value="${#TestCase#deviceId}"/>
  <con:entry key="client_secret" value="${#TestCase#client_secret}"/>
  <con:entry key="client_id" value="${#TestCase#client_Id}"/>
</con:parameters><con:parameterOrder><con:entry>X-TNGO-TENANT</con:entry><con:entry>Authorization</con:entry><con:entry>id</con:entry><con:entry>offset</con:entry><con:entry>client_id</con:entry><con:entry>client_secret</con:entry></con:parameterOrder></con:restRequest></con:config></con:testStep><con:properties><con:property><con:name>Tenant</con:name><con:value>XX1</con:value></con:property><con:property><con:name>companyEmployeeId</con:name><con:value>Dudley.Doright2.XX1</con:value></con:property><con:property><con:name>deviceId</con:name><con:value>BlaBlaBlaAAAAAAAABBBBBBBBBBHHHHHHH</con:value></con:property><con:property><con:name>AccessToken</con:name><con:value>jSUCzgzwO3spQsK1NeedMn2sgehW-OeCxnChhY7QQwvISc8NZ1mEFdkN46EXkMMBTJNY-RYK4n9bBTllBD9NPw</con:value></con:property><con:property><con:name>RefreshToken</con:name><con:value>BdKEAzLXe-p7Ir2rAMwLaKgumt4sVKwfUsrSBhi-AzjTTv13AIuJUNYB3x5QgeHqPQTM3Vg6RNsBX_17eI7qew</con:value></con:property><con:property><con:name>employeeId</con:name><con:value>28680044</con:value></con:property><con:property><con:name>ServiceId</con:name><con:value>38457007</con:value></con:property><con:property><con:name>DepartmentId</con:name><con:value>11569020350</con:value></con:property><con:property><con:name>limit</con:name><con:value>10</con:value></con:property><con:property><con:name>offset</con:name><con:value>0</con:value></con:property><con:property><con:name>LogoUrl</con:name><con:value>https://qa1cmd.tangoe.com/</con:value></con:property><con:property><con:name>client_id</con:name><con:value>3c276cecdc674aabb5456f54b605bbbf</con:value></con:property><con:property><con:name>client_secret</con:name><con:value>c513c4a67492405d95CE4DB4B40B73FF</con:value></con:property><con:property><con:name>URL</con:name><con:value>https://tngo-qa-mobproc-cmd.cloudhub.io/mobproc/v1.qa</con:value></con:property></con:properties><con:reportParameters/><con:breakPoints><con:testStepId>f12d9455-feeb-4fc6-9b00-74e4f0960ff8</con:testStepId><con:status>NONE</con:status><con:properties/></con:breakPoints></con:testCase><con:properties/><con:reportParameters/></con:testSuite><con:requirements/><con:properties/><con:wssContainer/><con:databaseConnectionContainer/><con:oAuth2ProfileContainer/><con:reporting><con:xmlTemplates/><con:parameters/></con:reporting><con:sensitiveInformation/><con:authRepository/><con:tags/></con:soapui-project>