<?xml version="1.0" encoding="UTF-8"?>
<con:soapui-project id="01716285-ae5c-40e4-97fb-055984c187b3" activeEnvironment="Default environment" name="API_OrdersPostApprovalSuspend" lastOpened="2016-07-27T16:04:24.912-03:00" soapui-version="6.0.0" xmlns:con="http://eviware.com/soapui/config"><con:settings/><con:interface xsi:type="con:RestService" id="4a75318e-5720-4f4e-82d0-21b5a7975077" wadlVersion="http://wadl.dev.java.net/2009/02" name="https://tngo-qa-mobproc-cmd.cloudhub.io" type="rest" xmlns:xsi="http://www.w3.org/2001/XMLSchema-instance"><con:settings/><con:definitionCache type="TEXT" rootPart=""/><con:endpoints><con:endpoint>https://tngo-qa-mobproc-cmd.cloudhub.io</con:endpoint></con:endpoints><con:resource name="Orders POST" path="/orders" id="2368927c-0d37-4531-aff8-fb88ad5ae3e6"><con:settings/><con:parameters><con:parameter><con:name>confirm</con:name><con:value>true</con:value><con:style>QUERY</con:style><con:default>true</con:default><con:path xsi:nil="true"/><con:description xsi:nil="true"/></con:parameter><con:parameter><con:name>X-TNGO-TENANT</con:name><con:value/><con:style>HEADER</con:style><con:default/><con:description xsi:nil="true"/></con:parameter><con:parameter><con:name>Authorization</con:name><con:value/><con:style>HEADER</con:style><con:default/><con:description xsi:nil="true"/></con:parameter><con:parameter><con:name>client_id</con:name><con:value/><con:style>HEADER</con:style><con:default/><con:description xsi:nil="true"/></con:parameter><con:parameter><con:name>client_secret</con:name><con:value/><con:style>HEADER</con:style><con:default/><con:description xsi:nil="true"/></con:parameter><con:parameter><con:name>X-TNGO-CONTEXT-COMPANYEMPLOYEEID</con:name><con:value/><con:style>HEADER</con:style><con:default/><con:description xsi:nil="true"/></con:parameter></con:parameters><con:method name="Orders POST" id="5214ce38-710f-4b09-ae5f-d98cb1670251" method="POST"><con:settings/><con:parameters/><con:representation type="RESPONSE"><con:mediaType>application/json;charset=UTF-8</con:mediaType><con:status>200</con:status><con:params/><con:element xmlns:ord="https://tngo-qa-mobproc-cmd.cloudhub.io/mobproc/v1.qa/orders">ord:Response</con:element></con:representation><con:representation type="REQUEST"><con:mediaType>application/json</con:mediaType><con:params/></con:representation><con:representation type="RESPONSE"><con:mediaType xsi:nil="true"/><con:status>0</con:status><con:params/><con:element>data</con:element></con:representation><con:representation type="FAULT"><con:mediaType>application/json</con:mediaType><con:status>400 403</con:status><con:params/><con:element xmlns:ord="https://tngo-qa-mobproc-cmd.cloudhub.io/mobproc/v1.qa/orders">ord:Fault</con:element></con:representation><con:representation type="RESPONSE"><con:mediaType xsi:nil="true"/><con:status>0</con:status><con:params/><con:element>data</con:element></con:representation><con:representation type="RESPONSE"><con:mediaType xsi:nil="true"/><con:status>0</con:status><con:params/><con:element>data</con:element></con:representation><con:representation type="RESPONSE"><con:mediaType xsi:nil="true"/><con:status>0</con:status><con:params/><con:element>data</con:element></con:representation><con:request name="Request 1" id="7dbde610-eac5-4b86-a950-1ce870143cb9" mediaType="application/json" postQueryString="false"><con:settings><con:setting id="com.eviware.soapui.impl.wsdl.WsdlRequest@request-headers">&lt;xml-fragment/></con:setting></con:settings><con:endpoint>None</con:endpoint><con:request/><con:credentials><con:selectedAuthProfile>No Authorization</con:selectedAuthProfile><con:authType>No Authorization</con:authType></con:credentials><con:jmsConfig JMSDeliveryMode="PERSISTENT"/><con:parameters><entry key="confirm" value="" xmlns="http://eviware.com/soapui/config"/></con:parameters><con:parameterOrder><con:entry>X-TNGO-TENANT</con:entry><con:entry>X-TNGO-CONTEXT-COMPANYEMPLOYEEID</con:entry><con:entry>Authorization</con:entry><con:entry>client_id</con:entry><con:entry>client_secret</con:entry><con:entry>confirm</con:entry></con:parameterOrder></con:request></con:method></con:resource></con:interface><con:interface xsi:type="con:RestService" id="ba1e1875-015a-420d-9ae8-808b8217c003" wadlVersion="http://wadl.dev.java.net/2009/02" name="https://tngo-qa-mobproc-cmd.cloudhub.io" type="rest" xmlns:xsi="http://www.w3.org/2001/XMLSchema-instance"><con:settings/><con:definitionCache type="TEXT" rootPart=""/><con:endpoints><con:endpoint>https://tngo-qa-mobproc-cmd.cloudhub.io</con:endpoint></con:endpoints><con:resource name="Orders GET" path="/orders" id="53e6f776-3346-4076-a550-009e22ad0177"><con:settings/><con:parameters><con:parameter><con:name>sortAscending</con:name><con:value>true</con:value><con:style>QUERY</con:style><con:default>true</con:default><con:path xsi:nil="true"/><con:description xsi:nil="true"/></con:parameter><con:parameter><con:name>offset</con:name><con:value>0</con:value><con:style>QUERY</con:style><con:default>0</con:default><con:path xsi:nil="true"/><con:description xsi:nil="true"/></con:parameter><con:parameter><con:name>limit</con:name><con:value>10</con:value><con:style>QUERY</con:style><con:default>10</con:default><con:path xsi:nil="true"/><con:description xsi:nil="true"/></con:parameter><con:parameter><con:name>X-TNGO-TENANT</con:name><con:value/><con:style>HEADER</con:style><con:default/><con:description xsi:nil="true"/></con:parameter><con:parameter><con:name>Authorization</con:name><con:value/><con:style>HEADER</con:style><con:default/><con:description xsi:nil="true"/></con:parameter><con:parameter><con:name>client_id</con:name><con:value/><con:style>HEADER</con:style><con:default/><con:description xsi:nil="true"/></con:parameter><con:parameter><con:name>client_secret</con:name><con:value/><con:style>HEADER</con:style><con:default/><con:description xsi:nil="true"/></con:parameter><con:parameter><con:name>accountHolderCompanyEmployeeId</con:name><con:value/><con:style>QUERY</con:style><con:default/><con:description xsi:nil="true"/></con:parameter><con:parameter><con:name>sortBy</con:name><con:value/><con:style>QUERY</con:style><con:default/><con:description xsi:nil="true"/></con:parameter></con:parameters><con:method name="Orders GET" id="a0a47a10-bdc1-4ee1-9227-d8df9199d23e" method="GET"><con:settings/><con:parameters/><con:representation type="RESPONSE"><con:mediaType>application/json;charset=UTF-8</con:mediaType><con:status>200</con:status><con:params/><con:element xmlns:ord="https://tngo-qa-mobproc-cmd.cloudhub.io/mobproc/v1.qa/orders">ord:Response</con:element></con:representation><con:representation type="FAULT"><con:mediaType>application/json</con:mediaType><con:status>400 403</con:status><con:params/><con:element xmlns:ord="https://tngo-qa-mobproc-cmd.cloudhub.io/mobproc/v1.qa/orders">ord:Fault</con:element></con:representation><con:representation type="RESPONSE"><con:mediaType xsi:nil="true"/><con:status>0</con:status><con:params/><con:element>data</con:element></con:representation><con:representation type="RESPONSE"><con:mediaType xsi:nil="true"/><con:status>0</con:status><con:params/><con:element>data</con:element></con:representation><con:representation type="RESPONSE"><con:mediaType xsi:nil="true"/><con:status>0</con:status><con:params/><con:element>data</con:element></con:representation><con:request name="Request 1" id="ef891936-280a-4bce-babb-4c9cc65a92b3" mediaType="application/json"><con:settings><con:setting id="com.eviware.soapui.impl.wsdl.WsdlRequest@request-headers">&lt;xml-fragment/></con:setting></con:settings><con:endpoint>None</con:endpoint><con:request/><con:credentials><con:selectedAuthProfile>No Authorization</con:selectedAuthProfile><con:authType>No Authorization</con:authType></con:credentials><con:jmsConfig JMSDeliveryMode="PERSISTENT"/><con:parameters>
  <con:entry key="sortAscending" value=""/>
  <con:entry key="offset" value=""/>
  <con:entry key="limit" value=""/>
</con:parameters><con:parameterOrder><con:entry>X-TNGO-TENANT</con:entry><con:entry>Authorization</con:entry><con:entry>client_id</con:entry><con:entry>client_secret</con:entry><con:entry>sortAscending</con:entry><con:entry>offset</con:entry><con:entry>limit</con:entry><con:entry>accountHolderCompanyEmployeeId</con:entry><con:entry>sortBy</con:entry></con:parameterOrder></con:request></con:method></con:resource></con:interface><con:interface xsi:type="con:RestService" id="56cd6b2f-879e-4818-8891-78493e65f298" wadlVersion="http://wadl.dev.java.net/2009/02" name="https://tngo-qa-mobproc-cmd.cloudhub.io" type="rest" xmlns:xsi="http://www.w3.org/2001/XMLSchema-instance"><con:settings/><con:definitionCache type="TEXT" rootPart=""/><con:endpoints><con:endpoint>https://tngo-qa-mobproc-cmd.cloudhub.io</con:endpoint></con:endpoints><con:resource name="Approval" path="/orders/{id}/approval" id="c730c917-bc8d-42f6-9fb5-719cfa0a2685"><con:settings/><con:parameters><con:parameter><con:name>id</con:name><con:value/><con:style>TEMPLATE</con:style><con:default/></con:parameter><con:parameter required="false"><con:name>X-TNGO-TENANT</con:name><con:value/><con:style>HEADER</con:style><con:default/><con:description xsi:nil="true"/></con:parameter><con:parameter><con:name>Authorization</con:name><con:value/><con:style>HEADER</con:style><con:default/><con:description xsi:nil="true"/></con:parameter><con:parameter><con:name>client_id</con:name><con:value/><con:style>HEADER</con:style><con:default/><con:description xsi:nil="true"/></con:parameter><con:parameter><con:name>client_secret</con:name><con:value/><con:style>HEADER</con:style><con:default/><con:description xsi:nil="true"/></con:parameter><con:parameter><con:name>X-TNGO-CONTEXT-COMPANYEMPLOYEEID</con:name><con:value/><con:style>HEADER</con:style><con:default/><con:description xsi:nil="true"/></con:parameter><con:parameter><con:name>X-TNGO-CONTEXT-EMPLOYEEID</con:name><con:style>HEADER</con:style></con:parameter></con:parameters><con:method name="Approval" id="0b61d389-6cbc-4eea-bff1-bd3e8729fbf0" method="POST"><con:settings/><con:parameters/><con:representation type="FAULT"><con:mediaType>application/json</con:mediaType><con:status>403 400</con:status><con:params/></con:representation><con:representation type="REQUEST"><con:mediaType>application/json</con:mediaType><con:params/></con:representation><con:representation type="RESPONSE"><con:mediaType>application/json;charset=UTF-8</con:mediaType><con:status>200</con:status><con:params/><con:element xmlns:app="https://tngo-qa-mobproc-cmd.cloudhub.io/mobproc/v1.qa/orders/8713420/approval">app:Response</con:element></con:representation><con:representation type="RESPONSE"><con:mediaType xsi:nil="true"/><con:status>0</con:status><con:params/><con:element>data</con:element></con:representation><con:representation type="RESPONSE"><con:mediaType xsi:nil="true"/><con:status>0</con:status><con:params/><con:element>data</con:element></con:representation><con:representation type="RESPONSE"><con:mediaType xsi:nil="true"/><con:status>0</con:status><con:params/><con:element>data</con:element></con:representation><con:representation type="RESPONSE"><con:mediaType xsi:nil="true"/><con:status>0</con:status><con:params/><con:element>data</con:element></con:representation><con:representation type="RESPONSE"><con:mediaType xsi:nil="true"/><con:status>0</con:status><con:params/><con:element>data</con:element></con:representation><con:representation type="RESPONSE"><con:mediaType xsi:nil="true"/><con:status>0</con:status><con:params/><con:element>data</con:element></con:representation><con:request name="Request 1" id="28b1278e-d458-49b5-86ca-a3ee6a02209b" mediaType="application/json" postQueryString="false"><con:settings><con:setting id="com.eviware.soapui.impl.wsdl.WsdlRequest@request-headers">&lt;xml-fragment/></con:setting></con:settings><con:endpoint>None</con:endpoint><con:request/><con:credentials><con:selectedAuthProfile>No Authorization</con:selectedAuthProfile><con:authType>No Authorization</con:authType></con:credentials><con:jmsConfig JMSDeliveryMode="PERSISTENT"/><con:parameters><entry key="id" value="" xmlns="http://eviware.com/soapui/config"/></con:parameters><con:parameterOrder><con:entry>X-TNGO-CONTEXT-COMPANYEMPLOYEEID</con:entry><con:entry>X-TNGO-CONTEXT-EMPLOYEEID</con:entry><con:entry>X-TNGO-TENANT</con:entry><con:entry>Authorization</con:entry><con:entry>client_id</con:entry><con:entry>client_secret</con:entry><con:entry>id</con:entry></con:parameterOrder></con:request></con:method></con:resource></con:interface><con:interface xsi:type="con:RestService" id="6dcc6b32-b128-4a5b-b701-86cd049edf12" wadlVersion="http://wadl.dev.java.net/2009/02" name="https://tngo-qa-mobproc-cmd.cloudhub.io" type="rest" xmlns:xsi="http://www.w3.org/2001/XMLSchema-instance"><con:settings/><con:definitionCache type="TEXT" rootPart=""/><con:endpoints><con:endpoint>https://tngo-qa-mobproc-cmd.cloudhub.io</con:endpoint></con:endpoints><con:resource name="OrdersId" path="/orders/{id}" id="f37c9031-6461-40b4-8d13-570f3e9e8900"><con:settings/><con:parameters><con:parameter><con:name>id</con:name><con:value>id</con:value><con:style>TEMPLATE</con:style><con:default>id</con:default><con:path xsi:nil="true"/><con:description xsi:nil="true"/></con:parameter><con:parameter><con:name>X-TNGO-TENANT</con:name><con:value/><con:style>HEADER</con:style><con:default/><con:description xsi:nil="true"/></con:parameter><con:parameter><con:name>Authorization</con:name><con:value/><con:style>HEADER</con:style><con:default/><con:description xsi:nil="true"/></con:parameter><con:parameter><con:name>client_id</con:name><con:value/><con:style>HEADER</con:style><con:default/><con:description xsi:nil="true"/></con:parameter><con:parameter><con:name>client_secret</con:name><con:value/><con:style>HEADER</con:style><con:default/><con:description xsi:nil="true"/></con:parameter><con:parameter><con:name>includeApprovers</con:name><con:value/><con:style>QUERY</con:style><con:default/><con:description xsi:nil="true"/></con:parameter></con:parameters><con:method name="OrdersId" id="583501dc-15eb-4ba0-9100-d7e4a92cdf73" method="GET"><con:settings/><con:parameters/><con:representation type="RESPONSE"><con:mediaType>application/json;charset=UTF-8</con:mediaType><con:status>200</con:status><con:params/><con:element xmlns:ns="https://tngo-qa-mobproc-cmd.cloudhub.io/mobproc/v1.qa/orders/8713420">ns:Response</con:element></con:representation><con:representation type="FAULT"><con:mediaType>application/json</con:mediaType><con:status>400</con:status><con:params/><con:element xmlns:ns="https://tngo-qa-mobproc-cmd.cloudhub.io/mobproc/v1.qa/orders/8713420">ns:Fault</con:element></con:representation><con:request name="Request 1" id="cb314e30-9dc3-4a61-841f-511130ac4ea0" mediaType="application/json"><con:settings><con:setting id="com.eviware.soapui.impl.wsdl.WsdlRequest@request-headers">&lt;xml-fragment/></con:setting></con:settings><con:endpoint>None</con:endpoint><con:request/><con:credentials><con:selectedAuthProfile>No Authorization</con:selectedAuthProfile><con:authType>No Authorization</con:authType></con:credentials><con:jmsConfig JMSDeliveryMode="PERSISTENT"/><con:parameters><entry key="id" value="" xmlns="http://eviware.com/soapui/config"/></con:parameters><con:parameterOrder><con:entry>X-TNGO-TENANT</con:entry><con:entry>Authorization</con:entry><con:entry>client_id</con:entry><con:entry>client_secret</con:entry><con:entry>includeApprovers</con:entry><con:entry>id</con:entry></con:parameterOrder></con:request></con:method></con:resource></con:interface><con:testSuite id="60be7fa3-62fc-4f3e-bfbb-08fd0b1e32e5" name="TS_OrdersApprovalForSuspend"><con:description/><con:settings/><con:runType>SEQUENTIAL</con:runType><con:testCase id="dd4be92b-b891-438b-9f17-449dd8e40fd9" discardOkResults="true" failOnError="true" failTestCaseOnErrors="true" keepSession="false" name="TC_CreateSuspendOrders_RunFirst" searchProperties="true" timeout="0" wsrmEnabled="false" wsrmVersion="1.0" wsrmAckTo="" amfAuthorisation="false" amfEndpoint="" amfLogin="" amfPassword=""><con:description>This test case needs to be run before running "TC_OrdersApproval" to make sure that there are 3 orders in "Awaiting Approval" state. 

It creates 3 "Suspend" orders for a Sprint device that will be in "Awaiting Approval" state, and will be used on the next test case.</con:description><con:settings/><con:testStep type="groovy" name="SetupPropertiesOrderPostSuspend" id="36efa8a4-87e0-41be-913b-1fe5d8227b24"><con:settings/><con:config><script>// /////////////////////////////////////////////
// This sets up all of the test case properties
// /////////////////////////////////////////////

def groovyUtils = new com.eviware.soapui.support.GroovyUtils( context ); 
def projectPath = groovyUtils.projectPath //gets the path of the project root

// this is sanity check with a simple call. all this does is verify a simple connection 
// to the external clases by logging a message in log window.
soapUIScripts.CommonMethods.StaticMethod(log) 

// setup test case properties stored in 'DudleyDorightDataActions' class.
soapUIScripts.DudleyDorightDataActions.SetupTestCaseProperties(log, testRunner) 

// read in token pair and put in test case properties.
// NOTE: token pair must be in same folder as project
//       token pair must be up to date (not expired)
assert(soapUIScripts.CommonMethods.ReadTokenPair(projectPath + "\\" + "TokenPair.txt", log, testRunner) == true)

/* Reads user Ids and assigns to test case properties. */

def UrlIdsFileName = projectPath + "\\" + "DudleyDoright.txt"
assert soapUIScripts.CommonMethods.ReadUserIdsURL(UrlIdsFileName, log, testRunner) == true

def userIdsFileName = projectPath + "\\" + "AnaUserData.txt"
assert soapUIScripts.CommonMethods.ReadUserIds(userIdsFileName, log, testRunner) == true

def serviceIdRequest = testRunner.testCase.getPropertyValue("ServiceId4")
def serviceNumberRequest = testRunner.testCase.getPropertyValue("ServiceNumber4")
def companyEmployeeIdRequest = testRunner.testCase.getPropertyValue("CompanyEmployeeId")


testRunner.testCase.setPropertyValue("ServiceIdRequest", "\"" + serviceIdRequest + "\"")
testRunner.testCase.setPropertyValue("ServiceNumberRequest", "\"" + serviceNumberRequest + "\"")
testRunner.testCase.setPropertyValue("CompanyEmployeeIdRequest", "\"" + companyEmployeeIdRequest + "\"")

// Generate a new External Order Number
String externalOrderNumber = soapUIScripts.CommonMethods.GenerateExternalOrderNumber()
testRunner.testCase.setPropertyValue( "ExternalOrderNumber", "\"" + externalOrderNumber + "\"")









</script></con:config></con:testStep><con:testStep type="restrequest" name="OrderPostSuspendFirstOrder" id="48e7ee9a-70d5-45f5-9e25-995932497fe4"><con:settings/><con:config service="https://tngo-qa-mobproc-cmd.cloudhub.io" resourcePath="/orders" methodName="Orders POST" xsi:type="con:RestRequestStep" xmlns:xsi="http://www.w3.org/2001/XMLSchema-instance"><con:restRequest name="OrderPostSuspendFirstOrder" id="8be3e6a2-ac32-472e-9d69-5355ccb2f82f" mediaType="application/json" postQueryString="false"><con:settings><con:setting id="com.eviware.soapui.impl.wsdl.WsdlRequest@request-headers">&lt;xml-fragment/></con:setting></con:settings><con:endpoint>${#TestCase#URL}</con:endpoint><con:request>{
  "orderRequest": {
    "externalOrderNumber": ${#TestCase#ExternalOrderNumber},
    "transactionType": "SUSPEND",
    "serviceId": ${#TestCase#ServiceIdRequest},
    "accountHolderCompanyEmployeeId": ${#TestCase#CompanyEmployeeIdRequest},
    "properties": [
      {
        "groupId": "MISCELLANEOUS",
        "fields": [
          {
            "id": "CONTACT_NUMBER",
            "type": "TEXT",
            "text": "2038599360"
          },
          {
            "id": "ADDITIONAL_INSTRUCTIONS",
            "type": "TEXT",
            "text": "Test"
          },
          {
            "id": "PREFERRED_SUSPENSION_DATE",
            "type": "DATE",
            "date": "2099-10-28T00:00:00+00:00"
          },
          {
            "id": "SERVICE_NUMBER",
            "type": "TEXT",
            "text": ${#TestCase#ServiceNumberRequest}
          },
          {
            "id": "HOLD_SERVICE",
             "type": "CHOICE",
             "choice": {
                 "id": ${#TestCase#CompanyEmployeeIdRequest}
              }
          }
        ]
      }
    ]
  }
}
</con:request><con:originalUri>https://tngo-qa-mobproc-cmd.cloudhub.io/mobproc/v1.qa/orders</con:originalUri><con:assertion type="Valid HTTP Status Codes" id="bd93eb54-9e6c-46d9-8aaa-8f8059d5b338" name="Valid HTTP Status Codes"><con:settings/><con:configuration><codes>200</codes></con:configuration></con:assertion><con:assertion type="Simple Contains" id="d76a683d-30d0-4828-8ad4-dcdb5a6c36e5" name="Contains External Order Number"><con:configuration><token>${#TestCase#ExternalOrderNumber}</token><ignoreCase>false</ignoreCase><useRegEx>false</useRegEx></con:configuration></con:assertion><con:credentials><con:selectedAuthProfile>No Authorization</con:selectedAuthProfile><con:authType>No Authorization</con:authType></con:credentials><con:jmsConfig JMSDeliveryMode="PERSISTENT"/><con:parameters>
  <con:entry key="confirm" value="false"/>
  <con:entry key="Authorization" value="Bearer ${#TestCase#AccessToken}"/>
  <con:entry key="X-TNGO-CONTEXT-COMPANYEMPLOYEEID" value="${#TestCase#CompanyEmployeeId}"/>
  <con:entry key="X-TNGO-TENANT" value="${#TestCase#Tenant}"/>
  <con:entry key="client_secret" value="${#TestCase#client_secret}"/>
  <con:entry key="client_id" value="${#TestCase#client_Id}"/>
</con:parameters><con:parameterOrder><con:entry>X-TNGO-TENANT</con:entry><con:entry>X-TNGO-CONTEXT-COMPANYEMPLOYEEID</con:entry><con:entry>Authorization</con:entry><con:entry>client_id</con:entry><con:entry>client_secret</con:entry><con:entry>confirm</con:entry></con:parameterOrder></con:restRequest></con:config></con:testStep><con:testStep type="groovy" name="GenerateSecondExternalOrderNumber" id="e8eec4d4-4b03-464e-a87d-c0f54916bffb"><con:settings/><con:config><script>// Generates a new External Order Number, in order to submit a New Activation order

String externalOrderNumber = soapUIScripts.CommonMethods.GenerateExternalOrderNumber()
testRunner.testCase.setPropertyValue( "ExternalOrderNumber", "\"" + externalOrderNumber + "\"")

</script></con:config></con:testStep><con:testStep type="restrequest" name="OrderPostSuspendSecondOrder" id="0ec9fb76-654f-4e7a-9f78-882a9e833d20"><con:settings/><con:config service="https://tngo-qa-mobproc-cmd.cloudhub.io" resourcePath="/orders" methodName="Orders POST" xsi:type="con:RestRequestStep" xmlns:xsi="http://www.w3.org/2001/XMLSchema-instance"><con:restRequest name="OrderPostSuspendSecondOrder" id="8be3e6a2-ac32-472e-9d69-5355ccb2f82f" mediaType="application/json" postQueryString="false"><con:settings><con:setting id="com.eviware.soapui.impl.wsdl.WsdlRequest@request-headers">&lt;xml-fragment/></con:setting></con:settings><con:endpoint>${#TestCase#URL}</con:endpoint><con:request>{
  "orderRequest": {
    "externalOrderNumber": ${#TestCase#ExternalOrderNumber},
    "transactionType": "SUSPEND",
    "serviceId": ${#TestCase#ServiceIdRequest},
    "accountHolderCompanyEmployeeId": ${#TestCase#CompanyEmployeeIdRequest},
    "properties": [
      {
        "groupId": "MISCELLANEOUS",
        "fields": [
          {
            "id": "CONTACT_NUMBER",
            "type": "TEXT",
            "text": "2038599360"
          },
          {
            "id": "ADDITIONAL_INSTRUCTIONS",
            "type": "TEXT",
            "text": "Test"
          },
          {
            "id": "PREFERRED_SUSPENSION_DATE",
            "type": "DATE",
            "date": "2099-10-28T00:00:00+00:00"
          },
          {
            "id": "SERVICE_NUMBER",
            "type": "TEXT",
            "text": ${#TestCase#ServiceNumberRequest}
          },
          {
            "id": "HOLD_SERVICE",
             "type": "CHOICE",
             "choice": {
                 "id": ${#TestCase#CompanyEmployeeIdRequest}
              }
          }
        ]
      }
    ]
  }
}
</con:request><con:originalUri>https://tngo-qa-mobproc-cmd.cloudhub.io/mobproc/v1.qa/orders</con:originalUri><con:assertion type="Valid HTTP Status Codes" id="bd93eb54-9e6c-46d9-8aaa-8f8059d5b338" name="Valid HTTP Status Codes"><con:settings/><con:configuration><codes>200</codes></con:configuration></con:assertion><con:assertion type="Simple Contains" id="d76a683d-30d0-4828-8ad4-dcdb5a6c36e5" name="Contains External Order Number"><con:configuration><token>${#TestCase#ExternalOrderNumber}</token><ignoreCase>false</ignoreCase><useRegEx>false</useRegEx></con:configuration></con:assertion><con:credentials><con:selectedAuthProfile>No Authorization</con:selectedAuthProfile><con:authType>No Authorization</con:authType></con:credentials><con:jmsConfig JMSDeliveryMode="PERSISTENT"/><con:parameters>
  <con:entry key="confirm" value="false"/>
  <con:entry key="Authorization" value="Bearer ${#TestCase#AccessToken}"/>
  <con:entry key="X-TNGO-CONTEXT-COMPANYEMPLOYEEID" value="${#TestCase#CompanyEmployeeId}"/>
  <con:entry key="X-TNGO-TENANT" value="${#TestCase#Tenant}"/>
  <con:entry key="client_secret" value="${#TestCase#client_secret}"/>
  <con:entry key="client_id" value="${#TestCase#client_Id}"/>
</con:parameters><con:parameterOrder><con:entry>X-TNGO-TENANT</con:entry><con:entry>X-TNGO-CONTEXT-COMPANYEMPLOYEEID</con:entry><con:entry>Authorization</con:entry><con:entry>client_id</con:entry><con:entry>client_secret</con:entry><con:entry>confirm</con:entry></con:parameterOrder></con:restRequest></con:config></con:testStep><con:properties><con:property><con:name>Tenant</con:name><con:value>XX1</con:value></con:property><con:property><con:name>limit</con:name><con:value>10</con:value></con:property><con:property><con:name>offset</con:name><con:value>0</con:value></con:property><con:property><con:name>AccessToken</con:name><con:value>zf2D9j8C9RxyTGzw55EE9wlo7h4qZi7iBSk2AWeeupNSytIkibz5j86VElz9G6ctQAf7TdtrFTDBwCVSLyyecw</con:value></con:property><con:property><con:name>RefreshToken</con:name><con:value>_lHb5mmvEH24MkSqogJ__AzWCgUUZWFFUJ4JRpbCF9FN9TVIXk5c9SnzOIOmHe3gthhNXb5Z7rt3HYN08Qhv6g</con:value></con:property><con:property><con:name>DepartmentId</con:name><con:value>11569020385</con:value></con:property><con:property><con:name>LogoUrl</con:name><con:value>https://qa1cmd.tangoe.com/</con:value></con:property><con:property><con:name>companyEmployeeId</con:name><con:value>ana.pace.xx1</con:value></con:property><con:property><con:name>ExternalOrderNumber</con:name><con:value>"QAOrderNumber1467829015831"</con:value></con:property><con:property><con:name>ServiceId</con:name><con:value>38457027</con:value></con:property><con:property><con:name>EmployeeId</con:name><con:value>28680025</con:value></con:property><con:property><con:name>RegionIdRequest</con:name><con:value>70144640</con:value></con:property><con:property><con:name>DeviceId</con:name><con:value>35433799</con:value></con:property><con:property><con:name>RegionId</con:name><con:value>"70144640"</con:value></con:property><con:property><con:name>PlanId</con:name><con:value>"8673790035"</con:value></con:property><con:property><con:name>Instructions</con:name><con:value>"Additional Instructions"</con:value></con:property><con:property><con:name>extOrderNumber</con:name><con:value>QAOrderNumber1461331079539</con:value></con:property><con:property><con:name>cmpEmployeeId</con:name><con:value>ana.pace.xx1</con:value></con:property><con:property><con:name>DeviceIdRequest</con:name><con:value>9194831760</con:value></con:property><con:property><con:name>accessoryId</con:name><con:value>"3628935899"</con:value></con:property><con:property><con:name>VendorIdRequest</con:name><con:value>98</con:value></con:property><con:property><con:name>PlanIdRequest</con:name><con:value>8673790035</con:value></con:property><con:property><con:name>featureId</con:name><con:value>"101284"</con:value></con:property><con:property><con:name>ConfirmState</con:name><con:value/></con:property><con:property><con:name>FirstName</con:name><con:value>AnaLaura</con:value></con:property><con:property><con:name>LastName</con:name><con:value>Pace</con:value></con:property><con:property><con:name>Id</con:name><con:value>28680004</con:value></con:property><con:property><con:name>DepartmentName</con:name><con:value>Development</con:value></con:property><con:property><con:name>AdminFirstName</con:name><con:value>SN 2</con:value></con:property><con:property><con:name>AdminLastName</con:name><con:value>Admin</con:value></con:property><con:property><con:name>AdminId</con:name><con:value>28680024</con:value></con:property><con:property><con:name>AdminCompanyEmployeeId</con:name><con:value>sn2.admin.xx1</con:value></con:property><con:property><con:name>AdminDepartmentName</con:name><con:value>Unknown</con:value></con:property><con:property><con:name>AdminDepartmentId</con:name><con:value>48068836</con:value></con:property><con:property><con:name>client_id</con:name><con:value>3c276cecdc674aabb5456f54b605bbbf</con:value></con:property><con:property><con:name>client_secret</con:name><con:value>c513c4a67492405d95CE4DB4B40B73FF</con:value></con:property><con:property><con:name>URL</con:name><con:value>https://tngo-qa-mobproc-cmd.cloudhub.io/mobproc/v1.qa</con:value></con:property><con:property><con:name>OfficePhone</con:name><con:value>123-555-4567</con:value></con:property><con:property><con:name>Email</con:name><con:value>analaura@example.com</con:value></con:property><con:property><con:name>ServiceNumber</con:name><con:value>7775551234</con:value></con:property><con:property><con:name>DeviceId2</con:name><con:value>35433839</con:value></con:property><con:property><con:name>ServiceId2</con:name><con:value>38457047</con:value></con:property><con:property><con:name>ServiceNumber2</con:name><con:value>7774567890</con:value></con:property><con:property><con:name>DeviceId3</con:name><con:value>35434039</con:value></con:property><con:property><con:name>ServiceId3</con:name><con:value>38457207</con:value></con:property><con:property><con:name>ServiceNumber3</con:name><con:value>7774561122</con:value></con:property><con:property><con:name>DeviceId4</con:name><con:value>35434179</con:value></con:property><con:property><con:name>ServiceId4</con:name><con:value>38457327</con:value></con:property><con:property><con:name>ServiceNumber4</con:name><con:value>7894561230</con:value></con:property><con:property><con:name>transactionType</con:name><con:value>UPGRADE</con:value></con:property><con:property><con:name>NewDeviceId</con:name><con:value>"11879893646"</con:value></con:property><con:property><con:name>ServiceIdRequest</con:name><con:value>"38457327"</con:value></con:property><con:property><con:name>ServiceNumberRequest</con:name><con:value>"7894561230"</con:value></con:property><con:property><con:name>CompanyEmployeeIdRequest</con:name><con:value>"ana.pace.xx1"</con:value></con:property></con:properties><con:reportParameters/><con:breakPoints><con:testStepId>0ef8d02e-2347-49c3-8906-c5d59149812e</con:testStepId><con:status>NONE</con:status><con:properties/></con:breakPoints><con:breakPoints><con:testStepId>9552bc28-737c-4bd4-911a-6d55147b3932</con:testStepId><con:status>NONE</con:status><con:properties/></con:breakPoints><con:breakPoints><con:testStepId>8e614401-7fab-49b6-ada8-0c2005f95ea6</con:testStepId><con:status>NONE</con:status><con:properties/></con:breakPoints><con:breakPoints><con:testStepId>fc259e2e-303b-4875-985b-f15056d01785</con:testStepId><con:status>NONE</con:status><con:properties/></con:breakPoints><con:breakPoints><con:testStepId>1308aa71-d26a-44c5-ad8f-4ae90c34bbdc</con:testStepId><con:status>NONE</con:status><con:properties/></con:breakPoints><con:breakPoints><con:testStepId>e602ca88-c294-4921-a35e-fb278129b8bb</con:testStepId><con:status>NONE</con:status><con:properties/></con:breakPoints><con:breakPoints><con:testStepId>7c08c5ea-9d71-483a-8674-2666c284a9df</con:testStepId><con:status>NONE</con:status><con:properties/></con:breakPoints><con:breakPoints><con:testStepId>bf0d245a-892a-4adb-9895-65837f0dbc54</con:testStepId><con:status>NONE</con:status><con:properties/></con:breakPoints><con:breakPoints><con:testStepId>89c7453d-a006-4675-bc1d-bf6925bff8ac</con:testStepId><con:status>NONE</con:status><con:properties/></con:breakPoints><con:breakPoints><con:testStepId>d64a51cb-ab3c-4551-ae09-c46229fecfe2</con:testStepId><con:status>NONE</con:status><con:properties/></con:breakPoints><con:breakPoints><con:testStepId>f40030e0-393d-42a8-9b4a-5070b2beea07</con:testStepId><con:status>NONE</con:status><con:properties/></con:breakPoints><con:breakPoints><con:testStepId>f615c786-5b48-4bbd-a341-7b9fc245348b</con:testStepId><con:status>NONE</con:status><con:properties/></con:breakPoints><con:breakPoints><con:testStepId>f52ffe8d-b7f9-46fc-b2f8-e5627c80af1f</con:testStepId><con:status>NONE</con:status><con:properties/></con:breakPoints><con:breakPoints><con:testStepId>08076900-e4d9-4570-8185-66c8c4822c67</con:testStepId><con:status>NONE</con:status><con:properties/></con:breakPoints><con:breakPoints><con:testStepId>55818b87-5277-4a32-9ac4-7c167a156ea4</con:testStepId><con:status>NONE</con:status><con:properties/></con:breakPoints><con:breakPoints><con:testStepId>5e6df28b-c61e-4b5f-b6ee-201e11613cc6</con:testStepId><con:status>NONE</con:status><con:properties/></con:breakPoints><con:breakPoints><con:testStepId>6603f1a2-c49a-4943-841e-d73f947a4816</con:testStepId><con:status>NONE</con:status><con:properties/></con:breakPoints><con:breakPoints><con:testStepId>6456cfa5-47aa-4495-bbea-5dc6896268f6</con:testStepId><con:status>NONE</con:status><con:properties/></con:breakPoints><con:breakPoints><con:testStepId>b82c39ba-fcc3-4f89-8cac-210a36be0124</con:testStepId><con:status>NONE</con:status><con:properties/></con:breakPoints><con:breakPoints><con:testStepId>6eac0417-d5ae-4ed4-a773-75ccc649b878</con:testStepId><con:status>NONE</con:status><con:properties/></con:breakPoints><con:breakPoints><con:testStepId>d220780c-4c10-44d4-8dcf-a37eb2387644</con:testStepId><con:status>NONE</con:status><con:properties/></con:breakPoints><con:breakPoints><con:testStepId>764bea0e-ec76-4204-b494-69f0fe06bb2d</con:testStepId><con:status>NONE</con:status><con:properties/></con:breakPoints><con:breakPoints><con:testStepId>eff2fd8c-0f9e-4fa9-ad21-914859c44aa4</con:testStepId><con:status>NONE</con:status><con:properties/></con:breakPoints><con:breakPoints><con:testStepId>4f1f8da9-9807-4d9b-92e1-cb23034718d9</con:testStepId><con:status>NONE</con:status><con:properties/></con:breakPoints><con:breakPoints><con:testStepId>8aef780c-e18d-4d50-a965-fb01e276012c</con:testStepId><con:status>NONE</con:status><con:properties/></con:breakPoints><con:breakPoints><con:testStepId>8064ada1-b341-4d0a-a1e3-3d983e9314a0</con:testStepId><con:status>NONE</con:status><con:properties/></con:breakPoints><con:breakPoints><con:testStepId>c9002a6a-320b-4853-9ab2-0a4940355713</con:testStepId><con:status>NONE</con:status><con:properties/></con:breakPoints><con:breakPoints><con:testStepId>ec168d0c-737b-45a7-9f55-a7c8885b8675</con:testStepId><con:status>NONE</con:status><con:properties/></con:breakPoints></con:testCase><con:testCase id="51102349-c597-44d0-a5de-246c9ff405e6" discardOkResults="true" failOnError="true" failTestCaseOnErrors="true" keepSession="false" name="TC_ApproveSuspendOrders" searchProperties="true"><con:description>
In this test case we search for "Suspend" orders that have status = "AWAITING_APPROVAL".

One of those orders will be APPROVED, and another one will be REJECTED.</con:description><con:settings/><con:testStep type="groovy" name="SetupPropertiesOrderApproval" id="3c8afdca-b52d-4147-a2d4-ad5cb3fb094d"><con:settings/><con:config><script>// /////////////////////////////////////////////
// This sets up all of the test case properties
// /////////////////////////////////////////////

def groovyUtils = new com.eviware.soapui.support.GroovyUtils( context ); 
def projectPath = groovyUtils.projectPath //gets the path of the project root

// this is sanity check with a simple call. all this does is verify a simple connection 
// to the external clases by logging a message in log window.
soapUIScripts.CommonMethods.StaticMethod(log) 

// setup test case properties stored in 'DudleyDorightDataActions' class.
soapUIScripts.DudleyDorightDataActions.SetupTestCaseProperties(log, testRunner) 

// read in token pair and put in test case properties.
// NOTE: token pair must be in same folder as project
//       token pair must be up to date (not expired)
assert(soapUIScripts.CommonMethods.ReadTokenPair(projectPath + "\\" + "TokenPair.txt", log, testRunner) == true)

/* Reads user Ids and assigns to test case properties. */

def UrlIdsFileName = projectPath + "\\" + "DudleyDoright.txt"
assert soapUIScripts.CommonMethods.ReadUserIdsURL(UrlIdsFileName, log, testRunner) == true

def userIdsFileName = projectPath + "\\" + "AnaUserData.txt"
assert soapUIScripts.CommonMethods.ReadUserIds(userIdsFileName, log, testRunner) == true


// Set up offset and limit for requests
testRunner.testCase.setPropertyValue("offset", "0")
testRunner.testCase.setPropertyValue("limit", "10")


// Set up variables 

def action = "APPROVE"
def reason = "Testing order approval"


// Add quotes to variables that will be used on the order/{id}/approval request's body.
testRunner.testCase.setPropertyValue("action", "\"" + action + "\"")
testRunner.testCase.setPropertyValue("reason", "\"" + reason + "\"")


context.NumberLoops = 0


</script></con:config></con:testStep><con:testStep type="delay" name="Delay 3s" id="d3bbd651-9606-42f1-a2c4-85f607a15da3" disabled="true"><con:settings/><con:config><delay>3000</delay></con:config></con:testStep><con:testStep type="restrequest" name="GetOrders" id="222f031a-1251-4ef3-8b93-56a751c6ef80"><con:settings/><con:config service="https://tngo-qa-mobproc-cmd.cloudhub.io" resourcePath="/orders" methodName="Orders GET" xsi:type="con:RestRequestStep" xmlns:xsi="http://www.w3.org/2001/XMLSchema-instance"><con:restRequest name="GetOrders" id="7d285e61-3e64-41b6-8625-e837e760c5c8" mediaType="application/json"><con:settings><con:setting id="com.eviware.soapui.impl.wsdl.WsdlRequest@request-headers">&lt;xml-fragment/></con:setting></con:settings><con:endpoint>${#TestCase#URL}</con:endpoint><con:request/><con:originalUri>https://tngo-qa-mobproc-cmd.cloudhub.io/mobproc/v1.qa/orders</con:originalUri><con:assertion type="Valid HTTP Status Codes" id="cc7e3202-75ce-4e25-8ff2-e139a723d2fa" name="Valid HTTP Status Codes"><con:settings/><con:configuration><codes>200</codes></con:configuration></con:assertion><con:credentials><con:selectedAuthProfile>No Authorization</con:selectedAuthProfile><con:authType>No Authorization</con:authType></con:credentials><con:jmsConfig JMSDeliveryMode="PERSISTENT"/><con:parameters>
  <con:entry key="Authorization" value="Bearer ${#TestCase#AccessToken}"/>
  <con:entry key="sortAscending" value="false"/>
  <con:entry key="offset" value="${#TestCase#offset}"/>
  <con:entry key="X-TNGO-TENANT" value="${#TestCase#Tenant}"/>
  <con:entry key="limit" value="${#TestCase#limit}"/>
  <con:entry key="sortBy" value="ORDER_ID"/>
  <con:entry key="client_secret" value="${#TestCase#client_secret}"/>
  <con:entry key="accountHolderCompanyEmployeeId" value="${#TestCase#CompanyEmployeeId}"/>
  <con:entry key="client_id" value="${#TestCase#client_Id}"/>
</con:parameters><con:parameterOrder><con:entry>X-TNGO-TENANT</con:entry><con:entry>Authorization</con:entry><con:entry>client_id</con:entry><con:entry>client_secret</con:entry><con:entry>offset</con:entry><con:entry>limit</con:entry><con:entry>accountHolderCompanyEmployeeId</con:entry><con:entry>sortAscending</con:entry><con:entry>sortBy</con:entry></con:parameterOrder></con:restRequest></con:config></con:testStep><con:testStep type="groovy" name="FindSuspendAwaitingApprovalOrders" id="c062908d-f101-4003-8193-5b256ed18677"><con:settings/><con:config><script>//////////////////////////////////////////////////////////////////////////////////////////////////////////////////////////////
// In this step the orders that have status = AWAITING_APPROVAL are added to a list, so they are used on the approval request. 
// This step is necessary since the filtering using "status" on /orders GET is not working.
//////////////////////////////////////////////////////////////////////////////////////////////////////////////////////////////

import groovy.json.JsonSlurper 

def groovyUtils = new com.eviware.soapui.support.GroovyUtils(context); 
def projectPath = groovyUtils.projectPath //gets the path of the project root

def testCase = context.testCase; 
def testStep = testCase.getTestStepByName("GetOrders") 

// get response of last test step run.
def response = testStep.testRequest.messageExchange.response.responseContent
def slurper = new JsonSlurper()
def json = slurper.parseText response



context.OrdersList = [] 


int ordersAmount = json.orders.items.size()

def orderStatus = []
orderStatus = json.orders.items.status

def orderTransactionType = []
orderTransactionType = json.orders.items.transactionType

def orderIds = []
orderIds = json.orders.items.orderId


// Put into a list the order ids for orders that have status = AWAITING_APPROVAL and transaction type = SUSPEND
for(int i = 0; i &lt; ordersAmount; i++){
	
	if (orderStatus[i].equals("AWAITING_APPROVAL") &amp;&amp; orderTransactionType[i].equals("SUSPEND")){

		// add new order id to order object list
		context.OrdersList.add(orderIds[i])
		log.info "Awaiting Approval Order id: " + orderIds[i]
		
	}
	
}


context.NumberLoops++
log.info "context.NumberLoops: " + context.NumberLoops

if(context.OrdersList.size() >= 2)
{
	// Set up order ids and statuses into test case properties
	testRunner.testCase.setPropertyValue("OrderId1", context.OrdersList[0])
	testRunner.testCase.setPropertyValue("OrderId2", context.OrdersList[1])
	log.info "OrderId1: " + testRunner.testCase.getPropertyValue("OrderId1")
	log.info "OrderId2: " + testRunner.testCase.getPropertyValue("OrderId2")

}
else
{
	// This condition is to make sure that there's no infinit loop searching for Awaiting Approval orders.
	if(context.NumberLoops &lt;= 5){
		log.info "Not enough Suspend orders in Awaiting Approval state. - go back to GetOrders" 
		testRunner.gotoStepByName("Delay 3s")
	
	}
	
}






</script></con:config></con:testStep><con:testStep type="restrequest" name="OrderPostApprove" id="fb2bb370-7993-4aa3-b8c6-143da1066c73"><con:settings/><con:config service="https://tngo-qa-mobproc-cmd.cloudhub.io" methodName="Approval" resourcePath="/orders/{id}/approval" xsi:type="con:RestRequestStep" xmlns:xsi="http://www.w3.org/2001/XMLSchema-instance"><con:restRequest name="OrderPostApprove" id="9ba1681b-9198-49b8-8784-90d13a82c4b6" mediaType="application/json" postQueryString="false"><con:settings><con:setting id="com.eviware.soapui.impl.wsdl.WsdlRequest@request-headers">&lt;xml-fragment/></con:setting></con:settings><con:encoding>UTF-8</con:encoding><con:endpoint>${#TestCase#URL}</con:endpoint><con:request>{
  "action": ${#TestCase#action},
  "reason": ${#TestCase#reason}
}
</con:request><con:originalUri>https://tngo-qa-mobproc-cmd.cloudhub.io/mobproc/v1.qa/orders/8713420/approval</con:originalUri><con:assertion type="Valid HTTP Status Codes" id="ed9db112-9ddd-4af7-a4e6-de80802f97ff" name="Valid HTTP Status Codes"><con:settings/><con:configuration><codes>200</codes></con:configuration></con:assertion><con:assertion type="Simple Contains" id="94a9f895-0b6f-4d39-98aa-bd21cac6634c" name="Contains &quot;APPROVAL_QUEUED&quot;"><con:configuration><token>APPROVAL_QUEUED</token><ignoreCase>false</ignoreCase><useRegEx>false</useRegEx></con:configuration></con:assertion><con:credentials><con:selectedAuthProfile>No Authorization</con:selectedAuthProfile><con:authType>No Authorization</con:authType></con:credentials><con:jmsConfig JMSDeliveryMode="PERSISTENT"/><con:parameters>
  <con:entry key="Authorization" value="Bearer ${#TestCase#AccessToken}"/>
  <con:entry key="X-TNGO-CONTEXT-COMPANYEMPLOYEEID" value="sn2.admin.xx1"/>
  <con:entry key="X-TNGO-TENANT" value="${#TestCase#Tenant}"/>
  <con:entry key="client_secret" value="${#TestCase#client_secret}"/>
  <con:entry key="id" value="${#TestCase#OrderId1}"/>
  <con:entry key="client_id" value="${#TestCase#client_Id}"/>
</con:parameters><con:parameterOrder><con:entry>X-TNGO-CONTEXT-COMPANYEMPLOYEEID</con:entry><con:entry>X-TNGO-CONTEXT-EMPLOYEEID</con:entry><con:entry>X-TNGO-TENANT</con:entry><con:entry>Authorization</con:entry><con:entry>client_id</con:entry><con:entry>client_secret</con:entry><con:entry>id</con:entry></con:parameterOrder></con:restRequest></con:config></con:testStep><con:testStep type="groovy" name="SetReasonReject" id="6ce6f3d7-eff2-4eaa-ab3c-ae4aa4ce368f"><con:settings/><con:config><script>
def action = "REJECT"
def reason = "Testing order rejection"

testRunner.testCase.setPropertyValue("action", "\"" + action + "\"")
testRunner.testCase.setPropertyValue("reason", "\"" + reason + "\"")

log.info testRunner.testCase.getPropertyValue("reason")
log.info testRunner.testCase.getPropertyValue("action")


</script></con:config></con:testStep><con:testStep type="restrequest" name="OrderPostReject" id="2cdae7d0-ab96-4736-b104-06bbff1fc42b"><con:settings/><con:config service="https://tngo-qa-mobproc-cmd.cloudhub.io" methodName="Approval" resourcePath="/orders/{id}/approval" xsi:type="con:RestRequestStep" xmlns:xsi="http://www.w3.org/2001/XMLSchema-instance"><con:restRequest name="OrderPostReject" id="9ba1681b-9198-49b8-8784-90d13a82c4b6" mediaType="application/json" postQueryString="false"><con:settings><con:setting id="com.eviware.soapui.impl.wsdl.WsdlRequest@request-headers">&lt;xml-fragment/></con:setting></con:settings><con:encoding>UTF-8</con:encoding><con:endpoint>${#TestCase#URL}</con:endpoint><con:request>{
  "action": ${#TestCase#action},
  "reason": ${#TestCase#reason}
}
</con:request><con:originalUri>https://tngo-qa-mobproc-cmd.cloudhub.io/mobproc/v1.qa/orders/8713420/approval</con:originalUri><con:assertion type="Valid HTTP Status Codes" id="ed9db112-9ddd-4af7-a4e6-de80802f97ff" name="Valid HTTP Status Codes"><con:settings/><con:configuration><codes>200</codes></con:configuration></con:assertion><con:assertion type="Simple Contains" id="94a9f895-0b6f-4d39-98aa-bd21cac6634c" name="Contains &quot;REJECTION_QUEUED&quot;"><con:configuration><token>REJECTION_QUEUED</token><ignoreCase>false</ignoreCase><useRegEx>false</useRegEx></con:configuration></con:assertion><con:credentials><con:selectedAuthProfile>No Authorization</con:selectedAuthProfile><con:authType>No Authorization</con:authType></con:credentials><con:jmsConfig JMSDeliveryMode="PERSISTENT"/><con:parameters>
  <con:entry key="Authorization" value="Bearer ${#TestCase#AccessToken}"/>
  <con:entry key="X-TNGO-TENANT" value="${#TestCase#Tenant}"/>
  <con:entry key="client_secret" value="${#TestCase#client_secret}"/>
  <con:entry key="id" value="${#TestCase#OrderId2}"/>
  <con:entry key="client_id" value="${#TestCase#client_Id}"/>
</con:parameters><con:parameterOrder><con:entry>X-TNGO-CONTEXT-COMPANYEMPLOYEEID</con:entry><con:entry>X-TNGO-CONTEXT-EMPLOYEEID</con:entry><con:entry>X-TNGO-TENANT</con:entry><con:entry>Authorization</con:entry><con:entry>client_id</con:entry><con:entry>client_secret</con:entry><con:entry>id</con:entry></con:parameterOrder></con:restRequest></con:config></con:testStep><con:testStep type="delay" name="Delay1- 5sec" id="ee2d6983-2bc3-48cd-ba8d-06b3fc63bd2d" disabled="true"><con:settings/><con:config><delay>5000</delay></con:config></con:testStep><con:testStep type="restrequest" name="VerifyOrder1InFulfillmentState" id="bb56ab73-06c4-47c8-b4e5-0f8c42bd3dd3"><con:settings/><con:config service="https://tngo-qa-mobproc-cmd.cloudhub.io" resourcePath="/orders/{id}" methodName="OrdersId" xsi:type="con:RestRequestStep" xmlns:xsi="http://www.w3.org/2001/XMLSchema-instance"><con:restRequest name="VerifyOrder1InFulfillmentState" id="427a75e7-9a89-465f-8b1a-ae9c90d90053" mediaType="application/json"><con:settings><con:setting id="com.eviware.soapui.impl.wsdl.WsdlRequest@request-headers">&lt;xml-fragment/></con:setting></con:settings><con:endpoint>${#TestCase#URL}</con:endpoint><con:request/><con:originalUri>https://tngo-qa-mobproc-cmd.cloudhub.io/mobproc/v1.qa/orders/8713760</con:originalUri><con:assertion type="Valid HTTP Status Codes" id="66932469-b9e4-459d-8b21-56eaccfd47d2" name="Valid HTTP Status Codes"><con:settings/><con:configuration><codes>200</codes></con:configuration></con:assertion><con:credentials><con:selectedAuthProfile>No Authorization</con:selectedAuthProfile><con:authType>No Authorization</con:authType></con:credentials><con:jmsConfig JMSDeliveryMode="PERSISTENT"/><con:parameters>
  <con:entry key="Authorization" value="Bearer ${#TestCase#AccessToken}"/>
  <con:entry key="includeApprovers" value="false"/>
  <con:entry key="X-TNGO-TENANT" value="${#TestCase#Tenant}"/>
  <con:entry key="id" value="${#TestCase#OrderId1}"/>
  <con:entry key="client_secret" value="${#TestCase#client_secret}"/>
  <con:entry key="client_id" value="${#TestCase#client_Id}"/>
</con:parameters><con:parameterOrder><con:entry>X-TNGO-TENANT</con:entry><con:entry>Authorization</con:entry><con:entry>client_id</con:entry><con:entry>client_secret</con:entry><con:entry>includeApprovers</con:entry><con:entry>id</con:entry></con:parameterOrder></con:restRequest></con:config></con:testStep><con:testStep type="goto" name="Conditional Order1" id="ed00b9e0-b2cf-42f2-83e1-4b524178c03f"><con:settings/><con:config xsi:type="con:GotoStep" xmlns:xsi="http://www.w3.org/2001/XMLSchema-instance"><con:condition><con:name>Condition 1</con:name><con:type>XPATH</con:type><con:expression>declare namespace ns1='https://tngo-qa-mobproc-cmd.cloudhub.io/mobproc/v1.qa/orders/8713760';
//ns1:Response[1]/ns1:orderSegments[1]/ns1:items[1]/ns1:e[1]/ns1:status[1]!="IN_FULFILLMENT"</con:expression><con:targetStep>Delay1- 5sec</con:targetStep></con:condition></con:config></con:testStep><con:testStep type="delay" name="Delay2- 5sec" id="5460eec5-252c-4b4e-b045-d496a1d3d538" disabled="true"><con:settings/><con:config><delay>5000</delay></con:config></con:testStep><con:testStep type="restrequest" name="VerifyOrder2InApprovalRejectedState" id="cd7e21e0-2a93-476b-b554-8b4de2b2015c"><con:settings/><con:config service="https://tngo-qa-mobproc-cmd.cloudhub.io" resourcePath="/orders/{id}" methodName="OrdersId" xsi:type="con:RestRequestStep" xmlns:xsi="http://www.w3.org/2001/XMLSchema-instance"><con:restRequest name="VerifyOrder2InApprovalRejectedState" id="427a75e7-9a89-465f-8b1a-ae9c90d90053" mediaType="application/json"><con:settings><con:setting id="com.eviware.soapui.impl.wsdl.WsdlRequest@request-headers">&lt;xml-fragment/></con:setting></con:settings><con:endpoint>${#TestCase#URL}</con:endpoint><con:request/><con:originalUri>https://tngo-qa-mobproc-cmd.cloudhub.io/mobproc/v1.qa/orders/8713808</con:originalUri><con:assertion type="Valid HTTP Status Codes" id="3fe8cc9d-4075-40b7-bb99-51c77ba2b1c8" name="Valid HTTP Status Codes"><con:settings/><con:configuration><codes>200</codes></con:configuration></con:assertion><con:credentials><con:selectedAuthProfile>No Authorization</con:selectedAuthProfile><con:authType>No Authorization</con:authType></con:credentials><con:jmsConfig JMSDeliveryMode="PERSISTENT"/><con:parameters>
  <con:entry key="Authorization" value="Bearer ${#TestCase#AccessToken}"/>
  <con:entry key="includeApprovers" value="false"/>
  <con:entry key="X-TNGO-TENANT" value="${#TestCase#Tenant}"/>
  <con:entry key="id" value="${#TestCase#OrderId2}"/>
  <con:entry key="client_secret" value="${#TestCase#client_secret}"/>
  <con:entry key="client_id" value="${#TestCase#client_Id}"/>
</con:parameters><con:parameterOrder><con:entry>X-TNGO-TENANT</con:entry><con:entry>Authorization</con:entry><con:entry>client_id</con:entry><con:entry>client_secret</con:entry><con:entry>includeApprovers</con:entry><con:entry>id</con:entry></con:parameterOrder></con:restRequest></con:config></con:testStep><con:testStep type="goto" name="Conditional Order2" id="f158d4e3-51d9-46fe-8f7d-362738f187ed"><con:settings/><con:config xsi:type="con:GotoStep" xmlns:xsi="http://www.w3.org/2001/XMLSchema-instance"><con:condition><con:name>Condition 1</con:name><con:type>XPATH</con:type><con:expression>declare namespace ns1='https://tngo-qa-mobproc-cmd.cloudhub.io/mobproc/v1.qa/orders/8713808';
//ns1:Response[1]/ns1:orderSegments[1]/ns1:items[1]/ns1:e[1]/ns1:status[1]!="APPROVAL_REJECTED"</con:expression><con:targetStep>Delay2- 5sec</con:targetStep></con:condition></con:config></con:testStep><con:properties><con:property><con:name>Tenant</con:name><con:value>XX1</con:value></con:property><con:property><con:name>limit</con:name><con:value>50</con:value></con:property><con:property><con:name>offset</con:name><con:value>0</con:value></con:property><con:property><con:name>companyEmployeeId</con:name><con:value>ana.pace.xx1</con:value></con:property><con:property><con:name>AccessToken</con:name><con:value>zf2D9j8C9RxyTGzw55EE9wlo7h4qZi7iBSk2AWeeupNSytIkibz5j86VElz9G6ctQAf7TdtrFTDBwCVSLyyecw</con:value></con:property><con:property><con:name>RefreshToken</con:name><con:value>_lHb5mmvEH24MkSqogJ__AzWCgUUZWFFUJ4JRpbCF9FN9TVIXk5c9SnzOIOmHe3gthhNXb5Z7rt3HYN08Qhv6g</con:value></con:property><con:property><con:name>DeviceId</con:name><con:value>35433799</con:value></con:property><con:property><con:name>ServiceId</con:name><con:value>38457027</con:value></con:property><con:property><con:name>EmployeeId</con:name><con:value>28680025</con:value></con:property><con:property><con:name>DepartmentId</con:name><con:value>11569020385</con:value></con:property><con:property><con:name>LogoUrl</con:name><con:value>https://qa1cmd.tangoe.com/</con:value></con:property><con:property><con:name>client_id</con:name><con:value>3c276cecdc674aabb5456f54b605bbbf</con:value></con:property><con:property><con:name>client_secret</con:name><con:value>c513c4a67492405d95CE4DB4B40B73FF</con:value></con:property><con:property><con:name>URL</con:name><con:value>https://tngo-qa-mobproc-cmd.cloudhub.io/mobproc/v1.qa</con:value></con:property><con:property><con:name>FirstName</con:name><con:value>AnaLaura</con:value></con:property><con:property><con:name>LastName</con:name><con:value>Pace</con:value></con:property><con:property><con:name>DepartmentName</con:name><con:value>Development</con:value></con:property><con:property><con:name>OfficePhone</con:name><con:value>123-555-4567</con:value></con:property><con:property><con:name>Email</con:name><con:value>analaura@example.com</con:value></con:property><con:property><con:name>ServiceNumber</con:name><con:value>7775551234</con:value></con:property><con:property><con:name>DeviceId2</con:name><con:value>35433839</con:value></con:property><con:property><con:name>ServiceId2</con:name><con:value>38457047</con:value></con:property><con:property><con:name>ServiceNumber2</con:name><con:value>7774567890</con:value></con:property><con:property><con:name>DeviceId3</con:name><con:value>35434039</con:value></con:property><con:property><con:name>ServiceId3</con:name><con:value>38457207</con:value></con:property><con:property><con:name>ServiceNumber3</con:name><con:value>7774561122</con:value></con:property><con:property><con:name>sortAscending</con:name><con:value>true</con:value></con:property><con:property><con:name>action</con:name><con:value>"REJECT"</con:value></con:property><con:property><con:name>reason</con:name><con:value>"Testing order rejection"</con:value></con:property><con:property><con:name>approverCompanyEmployeeId</con:name><con:value>"sn2.admin.xx1"</con:value></con:property><con:property><con:name>ConditionalOrderId</con:name><con:value>8713782</con:value></con:property><con:property><con:name>OrderId</con:name><con:value>8713664</con:value></con:property><con:property><con:name>approverId</con:name><con:value>28680024</con:value></con:property><con:property><con:name>OrderId2</con:name><con:value>8718684</con:value></con:property><con:property><con:name>OrderId1</con:name><con:value>8718844</con:value></con:property><con:property><con:name>OrderId3</con:name><con:value>8715608</con:value></con:property><con:property><con:name>DeviceId4</con:name><con:value>35434179</con:value></con:property><con:property><con:name>ServiceId4</con:name><con:value>38457327</con:value></con:property><con:property><con:name>ServiceNumber4</con:name><con:value>7894561230</con:value></con:property></con:properties><con:reportParameters/><con:breakPoints><con:testStepId>6b3c43e8-031e-4ac4-94e7-9ffa00c51dc3</con:testStepId><con:status>NONE</con:status><con:properties/></con:breakPoints><con:breakPoints><con:testStepId>edced637-01bd-4d22-a7be-9c3bae4ec01d</con:testStepId><con:status>NONE</con:status><con:properties/></con:breakPoints><con:breakPoints><con:testStepId>67756c2e-4ccf-4474-86ab-1c523770c500</con:testStepId><con:status>ENABLED</con:status><con:properties/></con:breakPoints><con:breakPoints><con:testStepId>584bc5fb-69a0-4cfc-8781-8c3abe12964c</con:testStepId><con:status>NONE</con:status><con:properties/></con:breakPoints><con:breakPoints><con:testStepId>949f1e61-b4a8-4f34-b9a2-c1f6dd2d3bfc</con:testStepId><con:status>NONE</con:status><con:properties/></con:breakPoints><con:breakPoints><con:testStepId>5fcd28c3-e8e3-499d-a5d1-a572c7d4a1a8</con:testStepId><con:status>NONE</con:status><con:properties/></con:breakPoints><con:breakPoints><con:testStepId>966b9adc-e2cf-40f4-8f61-5a43c5bd35e4</con:testStepId><con:status>NONE</con:status><con:properties/></con:breakPoints><con:breakPoints><con:testStepId>435614f8-0766-4756-9490-6fe85fed6396</con:testStepId><con:status>NONE</con:status><con:properties/></con:breakPoints><con:breakPoints><con:testStepId>f8e2e16c-d130-4373-8661-a70a9da07cc6</con:testStepId><con:status>NONE</con:status><con:properties/></con:breakPoints><con:breakPoints><con:testStepId>b8db0743-d36c-4a1b-99bc-60a039e861eb</con:testStepId><con:status>NONE</con:status><con:properties/></con:breakPoints><con:breakPoints><con:testStepId>4bd37d7a-d6ca-43c6-883a-f7be79523b7a</con:testStepId><con:status>NONE</con:status><con:properties/></con:breakPoints><con:breakPoints><con:testStepId>c873c8da-9497-48f9-bb73-43773703d18f</con:testStepId><con:status>NONE</con:status><con:properties/></con:breakPoints><con:breakPoints><con:testStepId>612a143d-62a6-4eef-a2d0-9cbf7c577d6b</con:testStepId><con:status>NONE</con:status><con:properties/></con:breakPoints><con:breakPoints><con:testStepId>a734e621-f902-44c4-9f66-fcbaa6f172b2</con:testStepId><con:status>NONE</con:status><con:properties/></con:breakPoints><con:breakPoints><con:testStepId>c3a68399-3ab9-4834-b1b7-8c2f5372ac69</con:testStepId><con:status>NONE</con:status><con:properties/></con:breakPoints><con:breakPoints><con:testStepId>d3bbd651-9606-42f1-a2c4-85f607a15da3</con:testStepId><con:status>NONE</con:status><con:properties/></con:breakPoints><con:breakPoints><con:testStepId>ee2d6983-2bc3-48cd-ba8d-06b3fc63bd2d</con:testStepId><con:status>NONE</con:status><con:properties/></con:breakPoints><con:breakPoints><con:testStepId>ed00b9e0-b2cf-42f2-83e1-4b524178c03f</con:testStepId><con:status>NONE</con:status><con:properties/></con:breakPoints><con:breakPoints><con:testStepId>5460eec5-252c-4b4e-b045-d496a1d3d538</con:testStepId><con:status>NONE</con:status><con:properties/></con:breakPoints></con:testCase><con:properties/><con:reportParameters/></con:testSuite><con:properties/><con:wssContainer/><con:databaseConnectionContainer/><con:oAuth2ProfileContainer/><con:reporting><con:xmlTemplates/><con:parameters/></con:reporting><con:authRepository/><con:tags/></con:soapui-project>