<?xml version="1.0" encoding="UTF-8"?>
<con:soapui-project id="d6eb69f6-1a9a-4ae8-b490-03b5636160fd" activeEnvironment="Default environment" name="API_CatalogAccessoriesId" lastOpened="2016-07-01T09:52:03.535-03:00" resourceRoot="" soapui-version="6.0.0" xmlns:con="http://eviware.com/soapui/config"><con:settings/><con:interface xsi:type="con:RestService" id="169708e0-637e-43af-bfac-6b4dc1effc26" wadlVersion="http://wadl.dev.java.net/2009/02" name="/catalog/accessories" type="rest" xmlns:xsi="http://www.w3.org/2001/XMLSchema-instance"><con:settings/><con:definitionCache type="TEXT" rootPart=""/><con:endpoints><con:endpoint>https://tg-mobility.cloudhub.io</con:endpoint></con:endpoints><con:resource name="Accessories" path="/catalog/accessories" id="f1670d16-8fc0-40af-90dc-d254c9bbb3d1"><con:settings/><con:parameters><con:parameter required="false" disableUrlEncoding="false"><con:name>X-TNGO-TENANT</con:name><con:value/><con:style>HEADER</con:style><con:type xmlns:xs="http://www.w3.org/2001/XMLSchema">xs:string</con:type><con:default/><con:description xsi:nil="true"/></con:parameter><con:parameter required="false" disableUrlEncoding="false"><con:name>Authorization</con:name><con:value/><con:style>HEADER</con:style><con:type xmlns:xs="http://www.w3.org/2001/XMLSchema">xs:string</con:type><con:default/><con:description xsi:nil="true"/></con:parameter><con:parameter required="false" disableUrlEncoding="false"><con:name>client_id</con:name><con:value/><con:style>HEADER</con:style><con:type xmlns:xs="http://www.w3.org/2001/XMLSchema">xs:string</con:type><con:default/><con:description xsi:nil="true"/></con:parameter><con:parameter required="false" disableUrlEncoding="false"><con:name>client_secret</con:name><con:value/><con:style>HEADER</con:style><con:type xmlns:xs="http://www.w3.org/2001/XMLSchema">xs:string</con:type><con:default/><con:description xsi:nil="true"/></con:parameter><con:parameter><con:name>transactionType</con:name><con:value/><con:style>QUERY</con:style><con:default/><con:path xsi:nil="true"/><con:description xsi:nil="true"/></con:parameter><con:parameter><con:name>region</con:name><con:value/><con:style>QUERY</con:style><con:default/><con:path xsi:nil="true"/><con:description xsi:nil="true"/></con:parameter><con:parameter><con:name>sortAscending</con:name><con:value/><con:style>QUERY</con:style><con:default/><con:path xsi:nil="true"/><con:description xsi:nil="true"/></con:parameter><con:parameter><con:name>offset</con:name><con:value/><con:style>QUERY</con:style><con:default/><con:path xsi:nil="true"/><con:description xsi:nil="true"/></con:parameter><con:parameter><con:name>limit</con:name><con:value/><con:style>QUERY</con:style><con:default/><con:path xsi:nil="true"/><con:description xsi:nil="true"/></con:parameter><con:parameter><con:name>compatibleWithDevice</con:name><con:value/><con:style>QUERY</con:style><con:default/></con:parameter><con:parameter><con:name>manufacturer</con:name><con:value/><con:style>QUERY</con:style><con:default/></con:parameter><con:parameter><con:name>postalCode</con:name><con:value/><con:style>QUERY</con:style><con:default/></con:parameter><con:parameter><con:name>service</con:name><con:value/><con:style>QUERY</con:style><con:default/></con:parameter><con:parameter><con:name>vendor</con:name><con:value/><con:style>QUERY</con:style><con:default/></con:parameter><con:parameter><con:name>sortBy</con:name><con:value/><con:style>QUERY</con:style><con:default/><con:description xsi:nil="true"/></con:parameter></con:parameters><con:method name="Accessories" id="ac3d13bb-e152-437e-8748-35cf0c83371b" method="GET"><con:settings/><con:parameters/><con:representation type="RESPONSE"><con:mediaType>application/json;charset=UTF-8</con:mediaType><con:status>200</con:status><con:params/><con:element xmlns:acc="https://tg-mobility.cloudhub.io/mobility/v1/catalog/accessories">acc:Response</con:element></con:representation><con:representation type="FAULT"><con:mediaType>application/json</con:mediaType><con:status>500</con:status><con:params/><con:element xmlns:acc="https://tg-mobility.cloudhub.io/mobility/v1/catalog/accessories">acc:Fault</con:element></con:representation><con:representation type="FAULT"><con:mediaType xsi:nil="true"/><con:status>404</con:status><con:params/><con:element>data</con:element></con:representation><con:representation type="FAULT"><con:mediaType xsi:nil="true"/><con:status>404</con:status><con:params/><con:element>data</con:element></con:representation><con:representation type="FAULT"><con:mediaType xsi:nil="true"/><con:status>404</con:status><con:params/><con:element>data</con:element></con:representation><con:request name="Request 1" id="36a35b3f-56a9-4a29-9cc9-bb21f91bcf7a" mediaType="application/json"><con:settings><con:setting id="com.eviware.soapui.impl.wsdl.WsdlRequest@request-headers">&lt;xml-fragment/></con:setting></con:settings><con:endpoint>None</con:endpoint><con:request/><con:credentials><con:selectedAuthProfile>No Authorization</con:selectedAuthProfile><con:authType>No Authorization</con:authType></con:credentials><con:jmsConfig JMSDeliveryMode="PERSISTENT"/><con:parameters>
  <con:entry key="transactionType" value=""/>
  <con:entry key="sortAscending" value=""/>
  <con:entry key="offset" value=""/>
  <con:entry key="service" value=""/>
  <con:entry key="vendor" value=""/>
  <con:entry key="postalCode" value=""/>
  <con:entry key="limit" value=""/>
  <con:entry key="compatibleWithDevice" value=""/>
  <con:entry key="region" value=""/>
  <con:entry key="manufacturer" value=""/>
</con:parameters><con:parameterOrder><con:entry>X-TNGO-TENANT</con:entry><con:entry>Authorization</con:entry><con:entry>client_id</con:entry><con:entry>client_secret</con:entry><con:entry>transactionType</con:entry><con:entry>region</con:entry><con:entry>offset</con:entry><con:entry>limit</con:entry><con:entry>compatibleWithDevice</con:entry><con:entry>manufacturer</con:entry><con:entry>postalCode</con:entry><con:entry>service</con:entry><con:entry>vendor</con:entry><con:entry>sortAscending</con:entry><con:entry>sortBy</con:entry></con:parameterOrder></con:request></con:method></con:resource></con:interface><con:interface xsi:type="con:RestService" id="ebeb4078-e924-4139-a9db-33846666f3e2" wadlVersion="http://wadl.dev.java.net/2009/02" name="/regions" type="rest" xmlns:xsi="http://www.w3.org/2001/XMLSchema-instance"><con:settings/><con:definitionCache type="TEXT" rootPart=""/><con:endpoints><con:endpoint>https://tg-mobility.cloudhub.io</con:endpoint></con:endpoints><con:resource name="Regions" path="/regions" id="6a69c833-78f4-4b33-8e06-4630e9b05e5c"><con:settings/><con:parameters><con:parameter><con:name>type</con:name><con:value>ALL</con:value><con:style>QUERY</con:style><con:default>ALL</con:default><con:path xsi:nil="true"/><con:description xsi:nil="true"/></con:parameter><con:parameter><con:name>Authorization</con:name><con:value/><con:style>HEADER</con:style><con:default/><con:description xsi:nil="true"/></con:parameter><con:parameter><con:name>X-TNGO-TENANT</con:name><con:value/><con:style>HEADER</con:style><con:default/><con:description xsi:nil="true"/></con:parameter><con:parameter><con:name>client_id</con:name><con:value/><con:style>HEADER</con:style><con:default/><con:description xsi:nil="true"/></con:parameter><con:parameter><con:name>client_secret</con:name><con:value/><con:style>HEADER</con:style><con:default/><con:description xsi:nil="true"/></con:parameter></con:parameters><con:method name="Regions" id="0b7cd8d8-2b03-43f7-9e37-d506a8e3e5f9" method="GET"><con:settings/><con:parameters/><con:representation type="FAULT"><con:mediaType>application/json</con:mediaType><con:status>403 500</con:status><con:params/><con:element xmlns:reg="https://tg-mobility.cloudhub.io/mobility/v1/regions">reg:Fault</con:element></con:representation><con:representation type="RESPONSE"><con:mediaType>application/json;charset=UTF-8</con:mediaType><con:status>200</con:status><con:params/><con:element xmlns:reg="https://tg-mobility.cloudhub.io/mobility/v1/regions">reg:Response</con:element></con:representation><con:representation type="RESPONSE"><con:mediaType xsi:nil="true"/><con:status>0</con:status><con:params/><con:element>data</con:element></con:representation><con:representation type="RESPONSE"><con:mediaType xsi:nil="true"/><con:status>0</con:status><con:params/><con:element>data</con:element></con:representation><con:request name="Request 1" id="fb49ea2d-67a5-41d8-8747-9fed5249f16d" mediaType="application/json"><con:settings><con:setting id="com.eviware.soapui.impl.wsdl.WsdlRequest@request-headers">&lt;xml-fragment/></con:setting></con:settings><con:endpoint>None</con:endpoint><con:request/><con:credentials><con:selectedAuthProfile>No Authorization</con:selectedAuthProfile><con:authType>No Authorization</con:authType></con:credentials><con:jmsConfig JMSDeliveryMode="PERSISTENT"/><con:parameters/><con:parameterOrder><con:entry>X-TNGO-TENANT</con:entry><con:entry>Authorization</con:entry><con:entry>type</con:entry><con:entry>client_id</con:entry><con:entry>client_secret</con:entry></con:parameterOrder></con:request></con:method></con:resource></con:interface><con:interface xsi:type="con:RestService" id="c97941cd-4d5f-4153-8539-ed30eea891a5" wadlVersion="http://wadl.dev.java.net/2009/02" name="/catalog/accessories/{id}" type="rest" xmlns:xsi="http://www.w3.org/2001/XMLSchema-instance"><con:settings/><con:definitionCache type="TEXT" rootPart=""/><con:endpoints><con:endpoint>https://tg-mobility.cloudhub.io</con:endpoint></con:endpoints><con:resource name="GetAccessoriesId" path="/catalog/accessories/{id}" id="f89e8153-6b11-4737-83e7-c85fa94ece89"><con:settings/><con:parameters><con:parameter><con:name>id</con:name><con:value>id</con:value><con:style>TEMPLATE</con:style><con:default>id</con:default><con:path xsi:nil="true"/><con:description xsi:nil="true"/></con:parameter><con:parameter><con:name>X-TNGO-TENANT</con:name><con:value/><con:style>HEADER</con:style><con:default/><con:description xsi:nil="true"/></con:parameter><con:parameter><con:name>Authorization</con:name><con:value/><con:style>HEADER</con:style><con:default/><con:description xsi:nil="true"/></con:parameter><con:parameter><con:name>client_id</con:name><con:value/><con:style>HEADER</con:style><con:default/><con:description xsi:nil="true"/></con:parameter><con:parameter><con:name>client_secret</con:name><con:value/><con:style>HEADER</con:style><con:default/><con:description xsi:nil="true"/></con:parameter></con:parameters><con:method name="GetAccessoriesId" id="2354d91e-7e6e-464e-b3c0-6500338e4ea8" method="GET"><con:settings/><con:parameters/><con:representation type="RESPONSE"><con:mediaType>application/json;charset=UTF-8</con:mediaType><con:status>200</con:status><con:params/><con:element xmlns:ns="https://tg-mobility.cloudhub.io/mobility/v1/catalog/accessories/3628935899">ns:Response</con:element></con:representation><con:request name="Request 1" id="6c0f8694-4620-4818-b087-116abef51061" mediaType="application/json"><con:settings><con:setting id="com.eviware.soapui.impl.wsdl.WsdlRequest@request-headers">&lt;xml-fragment/></con:setting></con:settings><con:endpoint>None</con:endpoint><con:request/><con:credentials><con:selectedAuthProfile>No Authorization</con:selectedAuthProfile><con:authType>No Authorization</con:authType></con:credentials><con:jmsConfig JMSDeliveryMode="PERSISTENT"/><con:parameters><entry key="id" value="id" xmlns="http://eviware.com/soapui/config"/></con:parameters><con:parameterOrder><con:entry>X-TNGO-TENANT</con:entry><con:entry>Authorization</con:entry><con:entry>id</con:entry><con:entry>client_id</con:entry><con:entry>client_secret</con:entry></con:parameterOrder></con:request></con:method></con:resource></con:interface><con:interface xsi:type="con:RestService" id="6257ded3-e310-4e84-a66f-a0d5f3f4ffc0" wadlVersion="http://wadl.dev.java.net/2009/02" name="/catalog/devices" type="rest" xmlns:xsi="http://www.w3.org/2001/XMLSchema-instance"><con:settings/><con:definitionCache type="TEXT" rootPart=""/><con:endpoints><con:endpoint>https://tngo-dev-mobproc-cmd.cloudhub.io</con:endpoint></con:endpoints><con:resource name="Devices" path="/catalog/devices" id="98a46dc6-94a2-4873-bb84-c9a990f1447b"><con:settings/><con:parameters><con:parameter><con:name>transactionType</con:name><con:value>NEW_ACTIVATION</con:value><con:style>QUERY</con:style><con:default>NEW_ACTIVATION</con:default><con:path xsi:nil="true"/><con:description xsi:nil="true"/></con:parameter><con:parameter><con:name>region</con:name><con:value>70144640</con:value><con:style>QUERY</con:style><con:default>70144640</con:default><con:path xsi:nil="true"/><con:description xsi:nil="true"/></con:parameter><con:parameter><con:name>sortAscending</con:name><con:value>true</con:value><con:style>QUERY</con:style><con:default>true</con:default><con:path xsi:nil="true"/><con:description xsi:nil="true"/></con:parameter><con:parameter><con:name>offset</con:name><con:value>0</con:value><con:style>QUERY</con:style><con:default>0</con:default><con:path xsi:nil="true"/><con:description xsi:nil="true"/></con:parameter><con:parameter><con:name>limit</con:name><con:value>10</con:value><con:style>QUERY</con:style><con:default>10</con:default><con:path xsi:nil="true"/><con:description xsi:nil="true"/></con:parameter><con:parameter><con:name>Authorization</con:name><con:value/><con:style>HEADER</con:style><con:default/><con:description xsi:nil="true"/></con:parameter><con:parameter><con:name>X-TNGO-TENANT</con:name><con:value/><con:style>HEADER</con:style><con:default/><con:description xsi:nil="true"/></con:parameter><con:parameter><con:name>client_id</con:name><con:value/><con:style>HEADER</con:style><con:default/><con:description xsi:nil="true"/></con:parameter><con:parameter><con:name>client_secret</con:name><con:value/><con:style>HEADER</con:style><con:default/><con:description xsi:nil="true"/></con:parameter></con:parameters><con:method name="Devices" id="84699b9d-804f-4e2e-870a-85f98f703c94" method="GET"><con:settings/><con:parameters/><con:representation type="RESPONSE"><con:mediaType>application/json;charset=UTF-8</con:mediaType><con:status>200</con:status><con:params/><con:element xmlns:dev="https://tngo-qa-mobproc-cmd.cloudhub.io/mobproc/v1.qa/catalog/devices">dev:Response</con:element></con:representation><con:request name="Request 1" id="0caae985-5665-4eae-9df6-7dd68dee70a8" mediaType="application/json"><con:settings><con:setting id="com.eviware.soapui.impl.wsdl.WsdlRequest@request-headers">&lt;xml-fragment/></con:setting></con:settings><con:endpoint>None</con:endpoint><con:request/><con:credentials><con:selectedAuthProfile>No Authorization</con:selectedAuthProfile><con:authType>No Authorization</con:authType></con:credentials><con:jmsConfig JMSDeliveryMode="PERSISTENT"/><con:parameters>
  <con:entry key="transactionType" value=""/>
  <con:entry key="sortAscending" value=""/>
  <con:entry key="offset" value=""/>
  <con:entry key="limit" value=""/>
  <con:entry key="region" value=""/>
</con:parameters><con:parameterOrder><con:entry>X-TNGO-TENANT</con:entry><con:entry>Authorization</con:entry><con:entry>client_id</con:entry><con:entry>client_secret</con:entry><con:entry>transactionType</con:entry><con:entry>region</con:entry><con:entry>sortAscending</con:entry><con:entry>offset</con:entry><con:entry>limit</con:entry></con:parameterOrder></con:request></con:method></con:resource></con:interface><con:interface xsi:type="con:RestService" id="c989c040-a603-450a-9908-483394d11377" wadlVersion="http://wadl.dev.java.net/2009/02" name="/manufacturers" type="rest" xmlns:xsi="http://www.w3.org/2001/XMLSchema-instance"><con:settings/><con:definitionCache type="TEXT" rootPart=""/><con:endpoints><con:endpoint>https://tngo-dev-mobproc-cmd.cloudhub.io</con:endpoint></con:endpoints><con:resource name="Manufacturers" path="/manufacturers" id="5582ed3a-83c6-4e97-995c-cd948eb94e35"><con:settings/><con:parameters><con:parameter><con:name>type</con:name><con:value>ACCESSORY</con:value><con:style>QUERY</con:style><con:default>ACCESSORY</con:default><con:path xsi:nil="true"/><con:description xsi:nil="true"/></con:parameter><con:parameter><con:name>Authorization</con:name><con:value/><con:style>HEADER</con:style><con:default/><con:description xsi:nil="true"/></con:parameter><con:parameter><con:name>X-TNGO-TENANT</con:name><con:value/><con:style>HEADER</con:style><con:default/><con:description xsi:nil="true"/></con:parameter><con:parameter><con:name>client_id</con:name><con:value/><con:style>HEADER</con:style><con:default/><con:description xsi:nil="true"/></con:parameter><con:parameter><con:name>client_secret</con:name><con:value/><con:style>HEADER</con:style><con:default/><con:description xsi:nil="true"/></con:parameter></con:parameters><con:method name="Manufacturers" id="5ae29280-ace7-4f73-88e6-dadce44a22dc" method="GET"><con:settings/><con:parameters/><con:representation type="FAULT"><con:mediaType>application/json</con:mediaType><con:status>403</con:status><con:params/></con:representation><con:representation type="RESPONSE"><con:mediaType>application/json;charset=UTF-8</con:mediaType><con:status>200</con:status><con:params/><con:element xmlns:man="https://tngo-qa-mobproc-cmd.cloudhub.io/mobproc/v1.qa/manufacturers">man:Response</con:element></con:representation><con:request name="Request 1" id="831f2109-6104-4f60-af69-c8439e5fe462" mediaType="application/json"><con:settings><con:setting id="com.eviware.soapui.impl.wsdl.WsdlRequest@request-headers">&lt;xml-fragment/></con:setting></con:settings><con:endpoint>None</con:endpoint><con:request/><con:credentials><con:selectedAuthProfile>No Authorization</con:selectedAuthProfile><con:authType>No Authorization</con:authType></con:credentials><con:jmsConfig JMSDeliveryMode="PERSISTENT"/><con:parameters><entry key="type" value="" xmlns="http://eviware.com/soapui/config"/></con:parameters><con:parameterOrder><con:entry>Authorization</con:entry><con:entry>X-TNGO-TENANT</con:entry><con:entry>client_id</con:entry><con:entry>client_secret</con:entry><con:entry>type</con:entry></con:parameterOrder></con:request></con:method></con:resource></con:interface><con:interface xsi:type="con:RestService" id="6f02bb76-8fc7-41ca-a6f0-c278c068fc2a" wadlVersion="http://wadl.dev.java.net/2009/02" name="/assets/services" type="rest" xmlns:xsi="http://www.w3.org/2001/XMLSchema-instance"><con:settings/><con:definitionCache type="TEXT" rootPart=""/><con:endpoints/><con:resource name="Services" path="/assets/services" id="873d67d7-8892-4e23-9463-9112c59be0a6"><con:settings/><con:parameters><con:parameter><con:name>X-TNGO-TENANT</con:name><con:value/><con:style>HEADER</con:style><con:default/><con:description xsi:nil="true"/></con:parameter><con:parameter><con:name>Authorization</con:name><con:value/><con:style>HEADER</con:style><con:default/><con:description xsi:nil="true"/></con:parameter><con:parameter><con:name>client_id</con:name><con:value/><con:style>HEADER</con:style><con:default/><con:description xsi:nil="true"/></con:parameter><con:parameter><con:name>client_secret</con:name><con:value/><con:style>HEADER</con:style><con:default/><con:description xsi:nil="true"/></con:parameter><con:parameter><con:name>offset</con:name><con:value/><con:style>QUERY</con:style><con:default/><con:description xsi:nil="true"/></con:parameter><con:parameter><con:name>limit</con:name><con:value/><con:style>QUERY</con:style><con:default/><con:description xsi:nil="true"/></con:parameter><con:parameter><con:name>transactionType</con:name><con:value/><con:style>QUERY</con:style><con:default/><con:description xsi:nil="true"/></con:parameter></con:parameters><con:method name="Services" id="e2a8b520-6f6e-4ce0-a571-5e9c5ba137b1" method="GET"><con:settings/><con:parameters/><con:representation type="FAULT"><con:mediaType>application/json</con:mediaType><con:status>403</con:status><con:params/></con:representation><con:representation type="RESPONSE"><con:mediaType>application/json;charset=UTF-8</con:mediaType><con:status>200</con:status><con:params/><con:element xmlns:ser="https://tngo-qa-mobproc-cmd.cloudhub.io/mobproc/v1.qa/assets/services">ser:Response</con:element></con:representation><con:request name="Request 1" id="00c266e4-b333-435e-a893-ba0db6c88e94" mediaType="application/json"><con:settings><con:setting id="com.eviware.soapui.impl.wsdl.WsdlRequest@request-headers">&lt;xml-fragment/></con:setting></con:settings><con:endpoint>None</con:endpoint><con:request/><con:credentials><con:selectedAuthProfile>No Authorization</con:selectedAuthProfile><con:authType>No Authorization</con:authType></con:credentials><con:jmsConfig JMSDeliveryMode="PERSISTENT"/><con:parameters/><con:parameterOrder><con:entry>X-TNGO-TENANT</con:entry><con:entry>Authorization</con:entry><con:entry>client_id</con:entry><con:entry>client_secret</con:entry><con:entry>offset</con:entry><con:entry>limit</con:entry><con:entry>transactionType</con:entry></con:parameterOrder></con:request></con:method></con:resource></con:interface><con:interface xsi:type="con:RestService" id="87cc1646-679e-4990-aeb5-b27d3bd9c8e6" wadlVersion="http://wadl.dev.java.net/2009/02" name="/vendors" type="rest" xmlns:xsi="http://www.w3.org/2001/XMLSchema-instance"><con:settings/><con:definitionCache type="TEXT" rootPart=""/><con:endpoints><con:endpoint>https://tngo-dev-mobproc-cmd.cloudhub.io</con:endpoint></con:endpoints><con:resource name="Vendors" path="/vendors" id="eeba85e1-4cfb-47e6-91ed-e9c90d996e92"><con:settings/><con:parameters><con:parameter><con:name>sortAscending</con:name><con:value>true</con:value><con:style>QUERY</con:style><con:default>true</con:default><con:path xsi:nil="true"/><con:description xsi:nil="true"/></con:parameter><con:parameter><con:name>region</con:name><con:value>70144640</con:value><con:style>QUERY</con:style><con:default>70144640</con:default><con:path xsi:nil="true"/><con:description xsi:nil="true"/></con:parameter><con:parameter><con:name>Authorization</con:name><con:value/><con:style>HEADER</con:style><con:default/><con:description xsi:nil="true"/></con:parameter><con:parameter><con:name>X-TNGO-TENANT</con:name><con:value/><con:style>HEADER</con:style><con:default/><con:description xsi:nil="true"/></con:parameter><con:parameter><con:name>client_id</con:name><con:value/><con:style>HEADER</con:style><con:default/><con:description xsi:nil="true"/></con:parameter><con:parameter><con:name>client_secret</con:name><con:value/><con:style>HEADER</con:style><con:default/><con:description xsi:nil="true"/></con:parameter></con:parameters><con:method name="Vendors" id="9de52dca-d900-45f2-884a-a556a7b8ddc1" method="GET"><con:settings/><con:parameters/><con:representation type="FAULT"><con:mediaType>application/json</con:mediaType><con:status>400</con:status><con:params/><con:element xmlns:ven="https://tngo-qa-mobproc-cmd.cloudhub.io/mobproc/v1.qa/vendors">ven:Fault</con:element></con:representation><con:representation type="RESPONSE"><con:mediaType>application/json;charset=UTF-8</con:mediaType><con:status>200</con:status><con:params/><con:element xmlns:ven="https://tngo-qa-mobproc-cmd.cloudhub.io/mobproc/v1.qa/vendors">ven:Response</con:element></con:representation><con:request name="Request 1" id="645a436c-4300-4023-b761-b09cbc1b4249" mediaType="application/json"><con:settings><con:setting id="com.eviware.soapui.impl.wsdl.WsdlRequest@request-headers">&lt;xml-fragment/></con:setting></con:settings><con:endpoint>None</con:endpoint><con:request/><con:credentials><con:selectedAuthProfile>No Authorization</con:selectedAuthProfile><con:authType>No Authorization</con:authType></con:credentials><con:jmsConfig JMSDeliveryMode="PERSISTENT"/><con:parameters>
  <con:entry key="sortAscending" value=""/>
  <con:entry key="region" value=""/>
</con:parameters><con:parameterOrder><con:entry>X-TNGO-TENANT</con:entry><con:entry>Authorization</con:entry><con:entry>client_id</con:entry><con:entry>client_secret</con:entry><con:entry>region</con:entry><con:entry>sortAscending</con:entry></con:parameterOrder></con:request></con:method></con:resource></con:interface><con:testSuite id="fb598311-ab07-4e9d-9b5c-e711fc9cdc62" name="TestSuiteCatalogAccessories"><con:settings/><con:runType>SEQUENTIAL</con:runType><con:testCase id="c7e66328-536b-47fb-86f8-488cc2736d57" discardOkResults="true" failOnError="true" failTestCaseOnErrors="true" keepSession="false" name="TestCaseCatalogAccessories" searchProperties="true"><con:description>4/12/2016 - Ana
-----------------
....

On the following steps different query parameters are used when running /catalog/accessories endpoint.

11) GetCatalogDevices:  gets all catalog devices.
12) SetupQueryParameterCompatibleDevice:  randomly selects one device from previous response and puts it into test case property "compatibleDeviceId".
13) GetAccessoriesParameterCompatibleDevice:  runs /catalog/accessories with query parameter "compatibleDeviceId".
 
14) GetManufacturers:  gets all manufacturers.
15) SetupQueryParameterManufacturer:  randomly selects one manufacturer from previous response and puts it into test case property "manufacturerId".
16) GetAccessoriesParameterManufacturer:  runs /catalog/accessories with query parameter "manufacturer".

17) GetServices:  gets all the services.
18) SetupQueryParameterService:  randomly selects one service from previous response and puts it into test case property "serviceId".
19) GetAccessoriesParameterService:  runs /catalog/accessories with query parameter "service".

20) GetVendors:  gets all the vendors.
21) SetupQueryParameterVendor:  randomly selects one vendor from previous response and puts it into test case property "vendorId".
22) GetAccessoriesParameterVendor:  runs /catalog/accessories with query parameter "vendor".</con:description><con:settings/><con:testStep type="groovy" name="ScriptSetupCatalogAccessories" id="37769c2b-e5e3-4703-aa5c-54d4919d0cd5"><con:settings/><con:config><script>// /////////////////////////////////////////////
// This sets up all of the test case properties
// /////////////////////////////////////////////

def groovyUtils = new com.eviware.soapui.support.GroovyUtils( context ); 
def projectPath = groovyUtils.projectPath //gets the path of the project root

// this is sanity check with a simple call. all this does is verify a simple connection 
// to the external clases by logging a message in log window.
soapUIScripts.CommonMethods.StaticMethod(log) 

// setup test case properties stored in 'DudleyDorightDataActions' class.
soapUIScripts.DudleyDorightDataActions.SetupTestCaseProperties(log, testRunner) 

// read in token pair and put in test case properties.
// NOTE: token pair must be in same folder as project
//       token pair must be up to date (not expired)
assert(soapUIScripts.CommonMethods.ReadTokenPair(projectPath + "\\" + "TokenPair.txt", log, testRunner) == true)

// read user Ids and assign to test case properties - In this case is only needed for logoUrl
def userIdsFileName = projectPath + "\\" + "DudleyDoright.txt"
//assert soapUIScripts.CommonMethods.ReadUserIds(userIdsFileName, log, testRunner) == true
assert soapUIScripts.CommonMethods.ReadUserIdsURL(userIdsFileName, log, testRunner) == true

context.offset = 0
context.limit = 100

testRunner.testCase.setPropertyValue("offset", context.offset.toString())
testRunner.testCase.setPropertyValue("limit", context.limit.toString())
testRunner.testCase.setPropertyValue("transactionType", "NEW_ACTIVATION")
testRunner.testCase.setPropertyValue("sortAscending", "true")


</script></con:config></con:testStep><con:testStep type="restrequest" name="GetRegions" id="a0e4186d-915a-4117-bf08-26b26b662287"><con:settings/><con:config service="/regions" resourcePath="/regions" methodName="Regions" xsi:type="con:RestRequestStep" xmlns:xsi="http://www.w3.org/2001/XMLSchema-instance"><con:restRequest name="GetRegions" id="fb49ea2d-67a5-41d8-8747-9fed5249f16d" mediaType="application/json"><con:settings><con:setting id="com.eviware.soapui.impl.wsdl.WsdlRequest@request-headers">&lt;xml-fragment/></con:setting></con:settings><con:endpoint>${#TestCase#URL}</con:endpoint><con:request/><con:originalUri>https://tg-mobility.cloudhub.io/mobility/v1/regions</con:originalUri><con:assertion type="Valid HTTP Status Codes" id="224de662-3d0b-4027-8552-d2d86b09d6be" name="Valid HTTP Status Codes"><con:settings/><con:configuration><codes>200</codes></con:configuration></con:assertion><con:credentials><con:selectedAuthProfile>No Authorization</con:selectedAuthProfile><con:authType>No Authorization</con:authType></con:credentials><con:jmsConfig JMSDeliveryMode="PERSISTENT"/><con:parameters>
  <con:entry key="Authorization" value="Bearer ${#TestCase#AccessToken}"/>
  <con:entry key="X-TNGO-TENANT" value="${#TestCase#Tenant}"/>
  <con:entry key="client_secret" value="${#TestCase#client_secret}"/>
  <con:entry key="client_id" value="${#TestCase#client_Id}"/>
</con:parameters><con:parameterOrder><con:entry>X-TNGO-TENANT</con:entry><con:entry>Authorization</con:entry><con:entry>type</con:entry><con:entry>client_id</con:entry><con:entry>client_secret</con:entry></con:parameterOrder></con:restRequest></con:config></con:testStep><con:testStep type="groovy" name="ScriptFindRegion" id="411ebe5e-c2b3-4c35-a5c6-ad27c95d40d2"><con:settings/><con:config><script>// /////////////////////////////////////////////////////////////////////////////////////////////////////////////
// This gets the id for united states from the RequestRegions response and puts it into a test case property.
// /////////////////////////////////////////////////////////////////////////////////////////////////////////////

import groovy.json.JsonSlurper 
def groovyUtils = new com.eviware.soapui.support.GroovyUtils( context ); 
def testCase = context.testCase; 
def testStep = testCase.getTestStepByName("GetRegions") 

// get response of last test step run.
def response = testStep.testRequest.messageExchange.response.responseContent
def slurper = new JsonSlurper()
def json = slurper.parseText response

def idList = []
def nameList = []
def typeList = []
boolean foundUS = false
def regionId =  ""


idList = json.regions.id // get list of region Ids
nameList = json.regions.name // get list of country name
typeList = json.regions.type // get list of type


try
{
	assert(idList.size() == nameList.size &amp;&amp; (nameList.size ==  typeList.size()))
}
catch (AssertionError e)
{
	log.info "ERROR: All lists in 'ScriptFindRegion' test step are not the same size."
	throw new RuntimeException("All lists in 'ScriptFindRegion' test step are not the same size.")
}

// we expect to find an ID for united states.
for(x = 0; x &lt; idList.size(); x++)
{
	if(nameList[x] == "United States" &amp;&amp; typeList[x] == "COUNTRY")
	{
		log.info idList[x]	
		foundUS = true
		regionId = idList[x] 		
	}
}	

if(!foundUS) // if US region ID is not found, raise error.
{
	log.info "ERROR: region Id for 'United States' was not found in 'ScriptFindRegion' test step."
	throw new RuntimeException("region Id for 'United States' was not found in 'ScriptFindRegion' test step.")
}


// set test case property to hold the region id of united states. this variable will be used below.
regionIdInsert = regionId as int

// this regionId is for verifying response data.
testRunner.testCase.setPropertyValue("regionId", regionId)

</script></con:config></con:testStep><con:testStep type="restrequest" name="GetAccessoriesAll" id="2a6351fd-12ca-4685-bc00-3d1fc3b45cc0"><con:settings/><con:config service="/catalog/accessories" resourcePath="/catalog/accessories" methodName="Accessories" xsi:type="con:RestRequestStep" xmlns:xsi="http://www.w3.org/2001/XMLSchema-instance"><con:restRequest name="GetAccessoriesAll" id="36a35b3f-56a9-4a29-9cc9-bb21f91bcf7a" mediaType="application/json"><con:settings><con:setting id="com.eviware.soapui.impl.wsdl.WsdlRequest@request-headers">&lt;xml-fragment/></con:setting></con:settings><con:endpoint>${#TestCase#URL}</con:endpoint><con:request/><con:originalUri>https://tg-mobility.cloudhub.io/mobility/v1/catalog/accessories</con:originalUri><con:assertion type="Valid HTTP Status Codes" id="43944773-127e-4b23-a3a4-9bc03a4862d1" name="Valid HTTP Status Codes"><con:settings/><con:configuration><codes>200</codes></con:configuration></con:assertion><con:credentials><con:selectedAuthProfile>No Authorization</con:selectedAuthProfile><con:authType>No Authorization</con:authType></con:credentials><con:jmsConfig JMSDeliveryMode="PERSISTENT"/><con:parameters>
  <con:entry key="offset" value="${#TestCase#offset}"/>
  <con:entry key="X-TNGO-TENANT" value="${#TestCase#Tenant}"/>
  <con:entry key="postalCode" value=""/>
  <con:entry key="client_id" value="${#TestCase#client_Id}"/>
  <con:entry key="manufacturer" value=""/>
  <con:entry key="transactionType" value="${#TestCase#transactionType}"/>
  <con:entry key="Authorization" value="Bearer ${#TestCase#AccessToken}"/>
  <con:entry key="sortAscending" value="${#TestCase#sortAscending}"/>
  <con:entry key="service" value=""/>
  <con:entry key="vendor" value=""/>
  <con:entry key="limit" value="${#TestCase#limit}"/>
  <con:entry key="compatibleWithDevice" value=""/>
  <con:entry key="sortBy" value=""/>
  <con:entry key="client_secret" value="${#TestCase#client_secret}"/>
  <con:entry key="region" value="${#TestCase#regionId}"/>
</con:parameters><con:parameterOrder><con:entry>X-TNGO-TENANT</con:entry><con:entry>Authorization</con:entry><con:entry>client_id</con:entry><con:entry>client_secret</con:entry><con:entry>transactionType</con:entry><con:entry>region</con:entry><con:entry>sortAscending</con:entry><con:entry>offset</con:entry><con:entry>limit</con:entry><con:entry>compatibleWithDevice</con:entry><con:entry>manufacturer</con:entry><con:entry>postalCode</con:entry><con:entry>service</con:entry><con:entry>vendor</con:entry><con:entry>sortBy</con:entry></con:parameterOrder></con:restRequest></con:config></con:testStep><con:testStep type="groovy" name="VerifyJSONResponseAccessories" id="b4f3ef6a-96ae-4532-85d4-8f6720a153ba"><con:settings/><con:config><script>import groovy.json.JsonSlurper 

def groovyUtils = new com.eviware.soapui.support.GroovyUtils( context ); 
def testCase = context.testCase; 
def testStep = testCase.getTestStepByName("GetAccessoriesAll") 

//  need for external call.
testRunner = new com.eviware.soapui.impl.wsdl.testcase.WsdlTestCaseRunner(testCase, null); 
testStepContext = new com.eviware.soapui.impl.wsdl.testcase.WsdlTestRunContext(testStep); 

// get response of last test step run.
def response = testStep.testRequest.messageExchange.response.responseContent
def slurper = new JsonSlurper()
def json = slurper.parseText response

def offset = context.offset
def limit = context.limit

def logoUrl = testRunner.testCase.getPropertyValue("LogoUrl")
def mainUrl = testRunner.testCase.getPropertyValue("URL")

/* Expected Values */

String accessoriesMetaTotalCount = json.accessories.items.size()
String accessoriesMetaOffset = offset
String accessoriesMetaLimit = limit

/* Item 1 */
String accessoriesItems1Id = "11874615786"
String accessoriesItems1MetaHref =  mainUrl +  "/catalog/accessories/" + accessoriesItems1Id 
String accessoriesItems1Name = "3M Privacy Screen for Samsung Galaxy S5 (MPF831298)"
String accessoriesItems1ImageUrl = logoUrl + "manage/images/devices/INS/MPF831298_m.jpg"
String accessoriesItems1PriceAmount = "16"
String accessoriesItems1PriceCurrencyCode = "USD"
String accessoriesItems1PriceRecurrence = "ONETIME"
String accessoriesItems1VendorId = "3195"
String accessoriesItems1VendorMetaHref = mainUrl + "/vendors/" + accessoriesItems1VendorId
String accessoriesItems1VendorName = "Insight"
String accessoriesItems1VendorLogoUrl = logoUrl + "manage/images/carrier/logo_INS.gif"
String accessoriesItems1ManufacturerId = "3M"
String accessoriesItems1ManufacturerMetaHref = mainUrl + "/manufacturers/3M"
String accessoriesItems1ManufacturerName = "3M"
String accessoriesItems1ManufacturerLogoUrl = logoUrl + "manage/images/manufacturers/3M.gif"

/* Item 2 */
String accessoriesItems2Id = "4888788710"
String accessoriesItems2MetaHref =  mainUrl +  "/catalog/accessories/" + accessoriesItems2Id 
String accessoriesItems2Name = "AT&amp;T Cigarette Lighter Charger (AMPCDQFICC)"
String accessoriesItems2ImageUrl = logoUrl + "manage/images/devices/CFL/8443.jpg"
String accessoriesItems2PriceAmount = "14.24"
String accessoriesItems2PriceCurrencyCode = "USD"
String accessoriesItems2PriceRecurrence = "ONETIME"
String accessoriesItems2VendorId = "457"
String accessoriesItems2VendorMetaHref = mainUrl + "/vendors/" + accessoriesItems2VendorId
String accessoriesItems2VendorName = "Cellular for Less"
String accessoriesItems2VendorLogoUrl = logoUrl + "manage/images/carrier/logo_CFL.gif"
String accessoriesItems2ManufacturerId = "AT&amp;T"
String accessoriesItems2ManufacturerMetaHref = mainUrl +  "/manufacturers/AT&amp;T"
String accessoriesItems2ManufacturerName = "AT&amp;T"
String accessoriesItems2ManufacturerLogoUrl = logoUrl + "manage/images/manufacturers/AT&amp;T.gif"

/* Verify expected results */

CompareItemsTwoStrings(json.accessories._meta.totalCount, accessoriesMetaTotalCount)
CompareItemsTwoStrings(json.accessories._meta.offset, accessoriesMetaOffset)
CompareItemsTwoStrings(json.accessories._meta.limit, accessoriesMetaLimit)

/* Item 1 */
CompareItemsTwoStrings(json.accessories.items[0].id, accessoriesItems1Id)
CompareItemsTwoStrings(json.accessories.items[0]._meta.href, accessoriesItems1MetaHref)
CompareItemsTwoStrings(json.accessories.items[0].name, accessoriesItems1Name)
CompareItemsTwoStrings(json.accessories.items[0].imageUrl, accessoriesItems1ImageUrl)
CompareItemsTwoStrings(json.accessories.items[0].price.amount, accessoriesItems1PriceAmount)
CompareItemsTwoStrings(json.accessories.items[0].price.currencyCode, accessoriesItems1PriceCurrencyCode)
CompareItemsTwoStrings(json.accessories.items[0].price.recurrence, accessoriesItems1PriceRecurrence)
CompareItemsTwoStrings(json.accessories.items[0].vendor.id, accessoriesItems1VendorId)
CompareItemsTwoStrings(json.accessories.items[0].vendor._meta.href, accessoriesItems1VendorMetaHref)
CompareItemsTwoStrings(json.accessories.items[0].vendor.name, accessoriesItems1VendorName)
CompareItemsTwoStrings(json.accessories.items[0].vendor.logoUrl, accessoriesItems1VendorLogoUrl)
CompareItemsTwoStrings(json.accessories.items[0].manufacturer.id, accessoriesItems1ManufacturerId)
CompareItemsTwoStrings(json.accessories.items[0].manufacturer._meta.href, accessoriesItems1ManufacturerMetaHref)
CompareItemsTwoStrings(json.accessories.items[0].manufacturer.name, accessoriesItems1ManufacturerName)
CompareItemsTwoStrings(json.accessories.items[0].manufacturer.logoUrl, accessoriesItems1ManufacturerLogoUrl)

/* Item 2 */
CompareItemsTwoStrings(json.accessories.items[1].id, accessoriesItems2Id)
CompareItemsTwoStrings(json.accessories.items[1]._meta.href, accessoriesItems2MetaHref)
CompareItemsTwoStrings(json.accessories.items[1].name, accessoriesItems2Name)
CompareItemsTwoStrings(json.accessories.items[1].imageUrl, accessoriesItems2ImageUrl)
CompareItemsTwoStrings(json.accessories.items[1].price.amount, accessoriesItems2PriceAmount)
CompareItemsTwoStrings(json.accessories.items[1].price.currencyCode, accessoriesItems2PriceCurrencyCode)
CompareItemsTwoStrings(json.accessories.items[1].price.recurrence, accessoriesItems2PriceRecurrence)
CompareItemsTwoStrings(json.accessories.items[1].vendor.id, accessoriesItems2VendorId)
CompareItemsTwoStrings(json.accessories.items[1].vendor._meta.href, accessoriesItems2VendorMetaHref)
CompareItemsTwoStrings(json.accessories.items[1].vendor.name, accessoriesItems2VendorName)
CompareItemsTwoStrings(json.accessories.items[1].vendor.logoUrl, accessoriesItems2VendorLogoUrl)
CompareItemsTwoStrings(json.accessories.items[1].manufacturer.id, accessoriesItems2ManufacturerId)
CompareItemsTwoStrings(json.accessories.items[1].manufacturer._meta.href, accessoriesItems2ManufacturerMetaHref)
CompareItemsTwoStrings(json.accessories.items[1].manufacturer.name, accessoriesItems2ManufacturerName)
CompareItemsTwoStrings(json.accessories.items[1].manufacturer.logoUrl, accessoriesItems2ManufacturerLogoUrl)

 
/* Set up accessory to use on request /catalog/accessories/{id} - Use first accessory */
context.accessoryId = accessoriesItems1Id 
context.metaHref = accessoriesItems1MetaHref 
context.name = accessoriesItems1Name 
context.imageUrl = accessoriesItems1ImageUrl
context.amount = accessoriesItems1PriceAmount 
context.currencyCode = accessoriesItems1PriceCurrencyCode 
context.recurrence = accessoriesItems1PriceRecurrence 
context.vendorId = accessoriesItems1VendorId 
context.vendorMetaHref = accessoriesItems1VendorMetaHref 
context.vendorName = accessoriesItems1VendorName 
context.vendorLogoUrl = accessoriesItems1VendorLogoUrl 
context.manufacturerId = accessoriesItems1ManufacturerId
context.manufacturerMetaHref = accessoriesItems1ManufacturerMetaHref
context.manufacturerName = accessoriesItems1ManufacturerName
context.manufacturerLogoUrl = accessoriesItems1ManufacturerLogoUrl


// allItems will store all the accessory ids found in JSON 
context.allItems = []
context.allItems = json.accessories.items.id
//log.info "All the ids: " + context.allItems 

context.totalCount = json.accessories._meta.totalCount


/* Set up property for GET request /catalog/accessories/{id} */
testRunner.testCase.setPropertyValue("accessoryId", accessoriesItems1Id)
//log.info "accessoryId: " + testRunner.testCase.getPropertyValue("accessoryId")



// Set up offset to 1 for the verification of the various offsets and limits
context.newOffset = 1

// set limit to half of the total amount of accessories
int halfTotal = context.totalCount / 2
context.newLimit = halfTotal
testRunner.testCase.setPropertyValue("limitNew", context.newLimit.toString())


/* Methods */

void CompareItemsTwoStrings(json, expectedValueString)
{
	String jsonString = json
	
	// this will show each compare being made - DEBUG ONLY
	//log.info "Json: " + jsonString + " Expected: " + expectedValueString 
	assert(jsonString == expectedValueString) 
	// this seems to remove the "{" and "}" from the json string.
}

</script></con:config></con:testStep><con:testStep type="groovy" name="SetupNewOffsetLimit" id="d7f46de2-bc40-4070-af2b-215649ef8e50"><con:settings/><con:config><script>	
context.ids = GetItemsInOffsetPage(context.newOffset, context.newLimit, context.allItems)
//log.info "ids 1: " + context.ids 

testRunner.testCase.setPropertyValue("offsetNew", context.newOffset.toString())

//log.info "offset: " + context.newOffset.toString()
//log.info "limit: " + context.newLimit.toString()




// parameters are offset, limit, list with all the items in the API collection.
def GetItemsInOffsetPage(offsetIn, limitIn , itemsIn)
{
	int finalPage = 1
	int offset = offsetIn // NOTE: this is zero based. 
	int limit  = limitIn
	itemsList  = []
	itemsList = itemsIn
	itemsReturn = []

	
	boolean lastPageNotFullPage = false

	if(offset + 1 > itemsIn.size())
	{
		log.info "Offset passed in " + offset + " exceeds the last element in the collection list passed in."
		throw new RuntimeException("Offset passed in, " + offset + " ,exceeds the last element in the collection list passed in.")
		return 
	}
	
	// this will find a one-based integer page. the offset has one added to make it one based like the  page numbers.
	// this is the first step to finding the page number that contains the offest item.
	int page = ((offset + 1)/limit)
	
	// the integer page found above did not consider the possibilty of the offset being past the integer page found. 
	// The check below looks for a remainder. if there is a remainder, the actual page is one page past the value of the 
	// integer "page" variable found above.
	if((offset + 1).mod(limit) != 0) 
	{
		page++ 
	}

	// at this point the page containing the offset is the vaule of the integer "page" value. 
	// now we want to return all the items in the page that contains the offset item passed in from the caller. the page integer is one 
	// based and the list passed in is zero based. find the starting one-based location of the page section that contains the offset 
	// integer passed in. 
	int startIndex = (limit * page) - limit

	// now put items onto the list to be returned.
	for(x = startIndex; x &lt; startIndex + limit; x++)
	{
		if(itemsIn[x] != null)
		{
			itemsReturn.add(itemsIn[x])
		}
	}

	return itemsReturn
}
</script></con:config></con:testStep><con:testStep type="restrequest" name="GetAccessories" id="9864734c-cf54-4453-a83e-8a6e445251d6"><con:settings/><con:config service="/catalog/accessories" resourcePath="/catalog/accessories" methodName="Accessories" xsi:type="con:RestRequestStep" xmlns:xsi="http://www.w3.org/2001/XMLSchema-instance"><con:restRequest name="GetAccessories" id="36a35b3f-56a9-4a29-9cc9-bb21f91bcf7a" mediaType="application/json"><con:settings><con:setting id="com.eviware.soapui.impl.wsdl.WsdlRequest@request-headers">&lt;xml-fragment/></con:setting></con:settings><con:endpoint>${#TestCase#URL}</con:endpoint><con:request/><con:originalUri>https://tg-mobility.cloudhub.io/mobility/v1/catalog/accessories</con:originalUri><con:assertion type="Valid HTTP Status Codes" id="43944773-127e-4b23-a3a4-9bc03a4862d1" name="Valid HTTP Status Codes"><con:settings/><con:configuration><codes>200</codes></con:configuration></con:assertion><con:credentials><con:selectedAuthProfile>No Authorization</con:selectedAuthProfile><con:authType>No Authorization</con:authType></con:credentials><con:jmsConfig JMSDeliveryMode="PERSISTENT"/><con:parameters>
  <con:entry key="offset" value="${#TestCase#offsetNew}"/>
  <con:entry key="X-TNGO-TENANT" value="${#TestCase#Tenant}"/>
  <con:entry key="postalCode" value=""/>
  <con:entry key="client_id" value="${#TestCase#client_Id}"/>
  <con:entry key="manufacturer" value=""/>
  <con:entry key="transactionType" value="${#TestCase#transactionType}"/>
  <con:entry key="Authorization" value="Bearer ${#TestCase#AccessToken}"/>
  <con:entry key="sortAscending" value="${#TestCase#sortAscending}"/>
  <con:entry key="service" value=""/>
  <con:entry key="vendor" value=""/>
  <con:entry key="limit" value="${#TestCase#limitNew}"/>
  <con:entry key="compatibleWithDevice" value=""/>
  <con:entry key="sortBy" value=""/>
  <con:entry key="client_secret" value="${#TestCase#client_secret}"/>
  <con:entry key="region" value="${#TestCase#regionId}"/>
</con:parameters><con:parameterOrder><con:entry>X-TNGO-TENANT</con:entry><con:entry>Authorization</con:entry><con:entry>client_id</con:entry><con:entry>client_secret</con:entry><con:entry>transactionType</con:entry><con:entry>region</con:entry><con:entry>sortAscending</con:entry><con:entry>offset</con:entry><con:entry>limit</con:entry><con:entry>compatibleWithDevice</con:entry><con:entry>manufacturer</con:entry><con:entry>postalCode</con:entry><con:entry>service</con:entry><con:entry>vendor</con:entry><con:entry>sortBy</con:entry></con:parameterOrder></con:restRequest></con:config></con:testStep><con:testStep type="groovy" name="VerifyJSONDifferentOffsetAndLimit" id="50673563-239c-4cde-a4a2-a63350b5b64f"><con:settings/><con:config><script><![CDATA[import groovy.json.JsonSlurper 

def groovyUtils = new com.eviware.soapui.support.GroovyUtils( context ); 
def testCase = context.testCase; 
def testStep = testCase.getTestStepByName("GetAccessories") 

def mainUrl = testRunner.testCase.getPropertyValue("URL")

//  need for external call.
testRunner = new com.eviware.soapui.impl.wsdl.testcase.WsdlTestCaseRunner(testCase, null); 
testStepContext = new com.eviware.soapui.impl.wsdl.testcase.WsdlTestRunContext(testStep); 

// get response of last test step run.
def response = testStep.testRequest.messageExchange.response.responseContent
def slurper = new JsonSlurper()
def json = slurper.parseText response


def idsJson = json.accessories.items.id
//log.info "ids 2: " + idsJson 

// verifies that the ids retrieved on the JSON response are the correct ones 
assert (context.ids == idsJson)


// If JSON response has all 5 hrefs (_metaHref, _metaHrefNext, _metaHrefStart, _metaHrefPrevious, _metaHrefEnd) then verify that they have correct values
if((json.accessories._meta.hrefStart) != null && (json.accessories._meta.hrefPrevious) != null && (json.accessories._meta.hrefNext) != null && (json.accessories._meta.hrefEnd) != null){
	
	VerifyHrefResults(testRunner, json, mainUrl)	
	
}
	


context.newOffset = context.newOffset + 4 
log.info "offset: " + context.newOffset.toString()
testRunner.testCase.setPropertyValue("offsetNew", context.newOffset.toString())
	

// ////////////////////////////////////////////////////////////////////////////////////////////////////////////////////
// this verifies the href responses for _metaHref, _metaHrefNext, _metaHrefStart, _metaHrefPrevious, _metaHrefEnd.
// the hrefs being tested consist of limit, offset, the main endpoint for the href, sort type, query type, query 
// value, and expected number of ampersands. common method 'VerifyHrefPathAndParams' is used to verify each href type.
// ///////////////////////////////////////////////////////////////////////////////////////////////////////////////////
void VerifyHrefResults(testRunner, json, mainUrl)
{
	// this sets up variables for testing href links. 
	def offset = json.accessories._meta.offset
	def limit = json.accessories._meta.limit
	
	def totalCount = json.accessories._meta.totalCount
		
	def sortAscending = testRunner.testCase.getPropertyValue("sortAscending")
	def regionId = testRunner.testCase.getPropertyValue("regionId")
	def transactionType = testRunner.testCase.getPropertyValue("transactionType")
	
	def hrefLink = mainUrl + "/catalog/accessories?"
	def sortType = testRunner.testCase.getPropertyValue("sortAscending") 
	def queryType = []
	def queryValue = []

 	queryType[0] = "region"
	queryValue[0] = regionId
	queryType[1] = "transactionType"
	queryValue[1] = transactionType

	
	def expectedNumAmpersands = 4

	// _metaHref
	hrefJson = json.accessories._meta.href 
	VerifyHrefPathAndParams(hrefLink, limit, offset, sortType, queryType, queryValue, expectedNumAmpersands, hrefJson, log)

	// _metaHrefNext
	hrefJson = json.accessories._meta.hrefNext 
	def offsetHrefNext = (offset + limit)
	VerifyHrefPathAndParams(hrefLink, limit, offsetHrefNext, sortType, queryType, queryValue, expectedNumAmpersands, hrefJson, log)

	// _metaHrefStart
	hrefJson = json.accessories._meta.hrefStart 
	offsetVal = 0
	VerifyHrefPathAndParams(hrefLink, limit, offsetVal, sortType, queryType, queryValue, expectedNumAmpersands, hrefJson, log)

	// _metaHrefEnd
	hrefJson = json.accessories._meta.hrefEnd 
	def offsetHrefEnd = soapUIScripts.CommonMethods.GetOffsetValueForHrefEnd(limit, totalCount, log)
	VerifyHrefPathAndParams(hrefLink, limit, offsetHrefEnd, sortType, queryType, queryValue, expectedNumAmpersands, hrefJson, log)

	// _metaHrefPrevious
	hrefJson = json.accessories._meta.hrefPrevious 
	int intOffset = offset as int 
	int intLimit = limit as int

	// offset for metaHrefPrevious is offset - limit. if result is negative, offset = 0.
	if(intOffset - intLimit <= 0)
	{
		offsetVal = "0"
	}
	else
	{
		int tempInt = intOffset - intLimit	
		offsetVal = tempInt as String
	}

	VerifyHrefPathAndParams(hrefLink, limit, offsetVal, sortType, queryType, queryValue, expectedNumAmpersands, hrefJson, log)
	
}	



// this verifies the href json href link passed in has all the values passed in, after the values have adjustments made to
// them to make it possible to locate each expected part of the href. the number of "&" characters is verified and then
// the expected expected size of the json href link is checked.
static void VerifyHrefPathAndParams(hrefLink, limit, offset, sortType, queryType, queryValue, expectedNumAmpersands, json, log)
{
	//log.info json
	def limitStr = "limit=" + limit
	def offsetStr =  "offset=" + offset
	int totalNumCharsExpected = 0
	def sortStr = ""
	def queryStr = []
	
	if(sortType == "true")
	{
		sortStr = "sortAscending=true"
	}
	else
	{
		sortStr = "sortAscending=false"	
	}
	
	queryStr[0] = queryType[0] + "=" + queryValue[0] // for transactionType
	queryStr[1] = queryType[1] + "=" + queryValue[1] // for region

	// now add all query items and href link to a list 
	def itemList = []
	itemList.add(limitStr)
	itemList.add(offsetStr)
	itemList.add(sortStr)	
	itemList.add(queryStr[0])	
	itemList.add(queryStr[1])
	itemList.add(hrefLink)	

	// now go through each query item in the list and the href and make sure it is in the json response. also total up the number of characters.
	for(str in itemList)
	{
		if(!json.contains(str))
		{
		log.info "Item " + str + " is not found in the Href path. Throwing error in method 'VerifyHrefPathAndParams'"
		throw new RuntimeException("Item " + str + " is not found in the Href path. Throwing error in method 'VerifyHrefPathAndParams'")
		}
		totalNumCharsExpected += str.size()
	}

	if(!VerifyNumberOfAmpersands(expectedNumAmpersands, json)) // this verfies correct number of ampersands.
	{
		log.info "Number of ampersands in json response passed into 'VerifyHrefPathAndParams' method is incorrect"
		throw new RuntimeException("Number of ampersands in json response passed into 'VerifyHrefPathAndParams' method is incorrect")
	}

	// verify the total number of cbaracters that were verified in the json string equals the size of the actual json string.	
	if((totalNumCharsExpected + expectedNumAmpersands) != json.size())
	{
		log.info "String size " + json.size() + " of json response does not equal the number of cbaracters " +  (totalNumCharsExpected + expectedNumAmpersands) + " that were verified in method 'VerifyHrefPathAndParams'."
		throw new RuntimeException("String size of json response "  + json.size() + " does not equal the number of cbaracters " +  (totalNumCharsExpected + expectedNumAmpersands) + " that were verified in method 'VerifyHrefPathAndParams'.")
	}

	//log.info "href ok: " + json

}


// this finds the number of '&' characters and verifys if the json string passed in has the 
// expected amount. returns true if expected amount is correct else false.
static boolean VerifyNumberOfAmpersands(expectedNumberAmpersands, json)
{
	StringBuilder strTest =  new StringBuilder(json)
	
	int pos = -1; // search starts at pos+1, so set pos to -1 to start search at zero
	int x = 0 // this will keep count of number of ampersands ("&")
	
	while (true) { // break out of the loop when there are no further matches
		pos = strTest.indexOf("&", pos+1); // Look for the desired character starting one character past the pos
	
		if (pos < 0) break; // If the character is not found, end the loop
		x++
	}
	if(x == expectedNumberAmpersands)
	{
		return true
	}
	else
	{
		return false
	}
	
}



]]></script></con:config></con:testStep><con:testStep type="goto" name="Conditional" id="c83f7f83-0423-4361-b493-e84c1d40f5c2"><con:settings/><con:config xsi:type="con:GotoStep" xmlns:xsi="http://www.w3.org/2001/XMLSchema-instance"><con:condition><con:name>Condition 1</con:name><con:type>XPATH</con:type><con:expression>declare namespace ns1='https://tg-mobility.cloudhub.io/mobility/v1/catalog/accessories';
//ns1:Response[1]/ns1:accessories[1]/ns1:_meta[1]/ns1:totalCount[1] > ${#TestCase#offsetNew}</con:expression><con:targetStep>SetupNewOffsetLimit</con:targetStep></con:condition></con:config></con:testStep><con:testStep type="restrequest" name="GetAccessoriesId" id="cacf4ad1-0617-400e-b294-390da9fdd42d"><con:settings/><con:config service="/catalog/accessories/{id}" resourcePath="/catalog/accessories/{id}" methodName="GetAccessoriesId" xsi:type="con:RestRequestStep" xmlns:xsi="http://www.w3.org/2001/XMLSchema-instance"><con:restRequest name="GetAccessoriesId" id="6c0f8694-4620-4818-b087-116abef51061" mediaType="application/json"><con:settings><con:setting id="com.eviware.soapui.impl.wsdl.WsdlRequest@request-headers">&lt;xml-fragment/></con:setting></con:settings><con:endpoint>${#TestCase#URL}</con:endpoint><con:request/><con:originalUri>https://tg-mobility.cloudhub.io/mobility/v1/catalog/accessories/3628935899</con:originalUri><con:assertion type="Valid HTTP Status Codes" id="329afa34-42ad-48a0-b8fb-8d74ffa6fa29" name="Valid HTTP Status Codes"><con:settings/><con:configuration><codes>200</codes></con:configuration></con:assertion><con:credentials><con:selectedAuthProfile>No Authorization</con:selectedAuthProfile><con:authType>No Authorization</con:authType></con:credentials><con:jmsConfig JMSDeliveryMode="PERSISTENT"/><con:parameters>
  <con:entry key="Authorization" value="Bearer ${#TestCase#AccessToken}"/>
  <con:entry key="X-TNGO-TENANT" value="${#TestCase#Tenant}"/>
  <con:entry key="id" value="${#TestCase#accessoryId}"/>
  <con:entry key="client_secret" value="${#TestCase#client_secret}"/>
  <con:entry key="client_id" value="${#TestCase#client_Id}"/>
</con:parameters><con:parameterOrder><con:entry>X-TNGO-TENANT</con:entry><con:entry>Authorization</con:entry><con:entry>client_id</con:entry><con:entry>client_secret</con:entry><con:entry>id</con:entry></con:parameterOrder></con:restRequest></con:config></con:testStep><con:testStep type="groovy" name="VerifyJSONResponseAccessoryId" id="78468644-b4b9-435b-8c8c-36f562d2ec5c"><con:settings/><con:config><script>import groovy.json.JsonSlurper 

def groovyUtils = new com.eviware.soapui.support.GroovyUtils( context ); 
def testCase = context.testCase; 
def testStep = testCase.getTestStepByName("GetAccessoriesId") 

//  need for external call.
testRunner = new com.eviware.soapui.impl.wsdl.testcase.WsdlTestCaseRunner(testCase, null); 
testStepContext = new com.eviware.soapui.impl.wsdl.testcase.WsdlTestRunContext(testStep); 

// get response of last test step run.
def response = testStep.testRequest.messageExchange.response.responseContent
def slurper = new JsonSlurper()
def json = slurper.parseText response


/* Expected Values */

String id = context.accessoryId
String metaHref = context.metaHref 
String name = context.name
String imageUrl = context.imageUrl
String description // not listed on JSON response

String priceAmount = context.amount
String priceCurrencyCode = context.currencyCode
String priceRecurrence = context.recurrence

String vendorMetaHref = context.vendorMetaHref
String vendorId = context.vendorId
String vendorName = context.vendorName
String vendorLogoUrl = context.vendorLogoUrl

String manufacturerMetaHref = context.manufacturerMetaHref
String manufacturerId = context.manufacturerId
String manufacturerName = context.manufacturerName
String manufacturerLogoUrl = context.manufacturerLogoUrl


/* Verify expected results */

CompareItemsTwoStrings(json._meta.href, metaHref)
CompareItemsTwoStrings(json.id, id)
CompareItemsTwoStrings(json.name, name)
CompareItemsTwoStrings(json.imageUrl, imageUrl)

CompareItemsTwoStrings(json.price.amount, priceAmount)
CompareItemsTwoStrings(json.price.currencyCode, priceCurrencyCode)
CompareItemsTwoStrings(json.price.recurrence, priceRecurrence)

CompareItemsTwoStrings(json.vendor._meta.href, vendorMetaHref)
CompareItemsTwoStrings(json.vendor.id, vendorId)
CompareItemsTwoStrings(json.vendor.name, vendorName)
CompareItemsTwoStrings(json.vendor.logoUrl, vendorLogoUrl)

CompareItemsTwoStrings(json.manufacturer._meta.href , manufacturerMetaHref)
CompareItemsTwoStrings(json.manufacturer.id, manufacturerId)
CompareItemsTwoStrings(json.manufacturer.name, manufacturerName)
CompareItemsTwoStrings(json.manufacturer.logoUrl, manufacturerLogoUrl)


/* Methods */

void CompareItemsTwoStrings(json, expectedValueString)
{
	String jsonString = json
	
	// this will show each compare being made - DEBUG ONLY $
	// log.info "Json: " + jsonString + " Expected: " + expectedValueString 
	assert(jsonString == expectedValueString) 
	// this seems to remove the "{" and "}" from the json string.
}


</script></con:config></con:testStep><con:properties><con:property><con:name>Tenant</con:name><con:value>XX1</con:value></con:property><con:property><con:name>limit</con:name><con:value>100</con:value></con:property><con:property><con:name>offset</con:name><con:value>0</con:value></con:property><con:property><con:name>companyEmployeeId</con:name><con:value>Dudley.Doright2.XX1</con:value></con:property><con:property><con:name>AccessToken</con:name><con:value>qOMlDGOwwhuJKFR9NdiXtLncsoSb40agJe2dvAjANTaMrs1YZRd9gqcDs2Tvw_kQxl8twd1d6rxCJbEbo-KL_Q</con:value></con:property><con:property><con:name>RefreshToken</con:name><con:value>I0fFbXaZELyZlcbXPvQurc0OAhcPTI8a-8G8b70ZLwUyZzwbBGS5_TIRRYpmsSGDh4kNf4QHrSk05gQ3YXkm-w</con:value></con:property><con:property><con:name>DeviceId</con:name><con:value>35433759</con:value></con:property><con:property><con:name>ServiceId</con:name><con:value>38457007</con:value></con:property><con:property><con:name>EmployeeId</con:name><con:value>28680044</con:value></con:property><con:property><con:name>DepartmentId</con:name><con:value>11569020350</con:value></con:property><con:property><con:name>LogoUrl</con:name><con:value>https://qa1cmd.tangoe.com/</con:value></con:property><con:property><con:name>transactionType</con:name><con:value>NEW_ACTIVATION</con:value></con:property><con:property><con:name>sortAscending</con:name><con:value>true</con:value></con:property><con:property><con:name>regionId</con:name><con:value>70144640</con:value></con:property><con:property><con:name>accessoryId</con:name><con:value>11874615786</con:value></con:property><con:property><con:name>offsetNew</con:name><con:value>33</con:value></con:property><con:property><con:name>limitNew</con:name><con:value>16</con:value></con:property><con:property><con:name>client_id</con:name><con:value>3c276cecdc674aabb5456f54b605bbbf</con:value></con:property><con:property><con:name>client_secret</con:name><con:value>c513c4a67492405d95CE4DB4B40B73FF</con:value></con:property><con:property><con:name>URL</con:name><con:value>https://tngo-qa-mobproc-cmd.cloudhub.io/mobproc/v1.qa</con:value></con:property><con:property><con:name>compatibleDevice</con:name><con:value>9194831760</con:value></con:property><con:property><con:name>compatibleDeviceId</con:name><con:value>9194831760</con:value></con:property><con:property><con:name>manufacturerId</con:name><con:value>AFC Trident, Inc.</con:value></con:property><con:property><con:name>vendorId</con:name><con:value>98</con:value></con:property><con:property><con:name>manufacturerAssertion</con:name><con:value>AFC+Trident,+Inc.</con:value></con:property><con:property><con:name>vendorAssertion</con:name><con:value>98</con:value></con:property></con:properties><con:reportParameters/><con:breakPoints><con:testStepId>a0e4186d-915a-4117-bf08-26b26b662287</con:testStepId><con:status>NONE</con:status><con:properties/></con:breakPoints><con:breakPoints><con:testStepId>2a6351fd-12ca-4685-bc00-3d1fc3b45cc0</con:testStepId><con:status>NONE</con:status><con:properties/></con:breakPoints><con:breakPoints><con:testStepId>d7f46de2-bc40-4070-af2b-215649ef8e50</con:testStepId><con:status>NONE</con:status><con:properties/></con:breakPoints><con:breakPoints><con:testStepId>9864734c-cf54-4453-a83e-8a6e445251d6</con:testStepId><con:status>NONE</con:status><con:properties/></con:breakPoints><con:breakPoints><con:testStepId>50673563-239c-4cde-a4a2-a63350b5b64f</con:testStepId><con:status>NONE</con:status><con:properties/></con:breakPoints><con:breakPoints><con:testStepId>2a4754e2-1fac-4cb3-8672-d46c6694932d</con:testStepId><con:status>NONE</con:status><con:properties/></con:breakPoints></con:testCase><con:properties/><con:reportParameters/></con:testSuite><con:requirements/><con:properties/><con:wssContainer/><con:databaseConnectionContainer/><con:oAuth2ProfileContainer/><con:reporting><con:reportTemplates/><con:xmlTemplates/><con:xmlTemplates/><con:parameters/><con:parameters/></con:reporting><con:reporting/><con:authRepository/><con:tags/></con:soapui-project>