<?xml version="1.0" encoding="UTF-8"?>
<con:soapui-project id="e8a5e6c9-4ffa-4f1a-983f-b8f406e4f820" activeEnvironment="Default environment" name="API_VendorsId" lastOpened="2016-06-30T09:35:12.323-03:00" resourceRoot="" soapui-version="6.0.0" xmlns:con="http://eviware.com/soapui/config"><con:settings/><con:interface xsi:type="con:RestService" id="3a22d771-4a0d-4711-9e67-f59eb5320fd4" wadlVersion="http://wadl.dev.java.net/2009/02" name="/regions" type="rest" xmlns:xsi="http://www.w3.org/2001/XMLSchema-instance"><con:settings/><con:definitionCache type="TEXT" rootPart=""/><con:endpoints><con:endpoint>https://tg-mobility.cloudhub.io</con:endpoint></con:endpoints><con:resource name="Regions" path="/regions" id="919f64fe-733e-4447-be8b-b8a13580b14d"><con:settings/><con:parameters><con:parameter><con:name>type</con:name><con:value>ALL</con:value><con:style>QUERY</con:style><con:default>ALL</con:default><con:path xsi:nil="true"/><con:description xsi:nil="true"/></con:parameter><con:parameter><con:name>Authorization</con:name><con:value/><con:style>HEADER</con:style><con:default/><con:description xsi:nil="true"/></con:parameter><con:parameter><con:name>X-TNGO-TENANT</con:name><con:value/><con:style>HEADER</con:style><con:default/><con:description xsi:nil="true"/></con:parameter><con:parameter><con:name>client_id</con:name><con:value/><con:style>HEADER</con:style><con:default/><con:description xsi:nil="true"/></con:parameter><con:parameter><con:name>client_secret</con:name><con:value/><con:style>HEADER</con:style><con:default/><con:description xsi:nil="true"/></con:parameter></con:parameters><con:method name="Regions" id="2dc7faf8-d834-40a4-820e-5b4227d40e9a" method="GET"><con:settings/><con:parameters/><con:representation type="FAULT"><con:mediaType>application/json</con:mediaType><con:status>500 400</con:status><con:params/><con:element xmlns:reg="https://tg-mobility.cloudhub.io/mobility/v1/regions">reg:Fault</con:element></con:representation><con:representation type="RESPONSE"><con:mediaType>application/json;charset=UTF-8</con:mediaType><con:status>200</con:status><con:params/><con:element xmlns:reg="https://tg-mobility.cloudhub.io/mobility/v1/regions">reg:Response</con:element></con:representation><con:request name="Request 1" id="1b230e94-d192-4040-bd5e-97258de45df7" mediaType="application/json"><con:settings><con:setting id="com.eviware.soapui.impl.wsdl.WsdlRequest@request-headers">&lt;xml-fragment/></con:setting></con:settings><con:endpoint>None</con:endpoint><con:request/><con:credentials><con:selectedAuthProfile>No Authorization</con:selectedAuthProfile><con:authType>No Authorization</con:authType></con:credentials><con:jmsConfig JMSDeliveryMode="PERSISTENT"/><con:parameters><entry key="type" value="ALL" xmlns="http://eviware.com/soapui/config"/></con:parameters><con:parameterOrder><con:entry>X-TNGO-TENANT</con:entry><con:entry>Authorization</con:entry><con:entry>client_secret</con:entry><con:entry>client_id</con:entry><con:entry>type</con:entry></con:parameterOrder></con:request></con:method></con:resource></con:interface><con:interface xsi:type="con:RestService" id="e625336d-6633-4f28-bcb1-3973749c7fcf" wadlVersion="http://wadl.dev.java.net/2009/02" name="/vendors" type="rest" xmlns:xsi="http://www.w3.org/2001/XMLSchema-instance"><con:settings/><con:definitionCache type="TEXT" rootPart=""/><con:endpoints><con:endpoint>https://tg-mobility.cloudhub.io</con:endpoint></con:endpoints><con:resource name="Vendors" path="/vendors" id="647c4cec-2e8c-4dc3-b893-7be3244f7f4a"><con:settings/><con:parameters><con:parameter><con:name>sortAscending</con:name><con:value>true</con:value><con:style>QUERY</con:style><con:default>true</con:default><con:path xsi:nil="true"/><con:description xsi:nil="true"/></con:parameter><con:parameter><con:name>region</con:name><con:value>70144640</con:value><con:style>QUERY</con:style><con:default>70144640</con:default><con:path xsi:nil="true"/><con:description xsi:nil="true"/></con:parameter><con:parameter><con:name>Authorization</con:name><con:value/><con:style>HEADER</con:style><con:default/><con:description xsi:nil="true"/></con:parameter><con:parameter><con:name>X-TNGO-TENANT</con:name><con:value/><con:style>HEADER</con:style><con:default/><con:description xsi:nil="true"/></con:parameter><con:parameter><con:name>client_secret</con:name><con:value/><con:style>HEADER</con:style><con:default/><con:description xsi:nil="true"/></con:parameter><con:parameter><con:name>client_id</con:name><con:value/><con:style>HEADER</con:style><con:default/><con:description xsi:nil="true"/></con:parameter><con:parameter><con:name>sortBy</con:name><con:value/><con:style>QUERY</con:style><con:default/><con:description xsi:nil="true"/></con:parameter><con:parameter><con:name>type</con:name><con:value/><con:style>QUERY</con:style><con:default/><con:description xsi:nil="true"/></con:parameter></con:parameters><con:method name="Vendors" id="bb9ce88f-6556-4bd3-9520-5b0936b61f3a" method="GET"><con:settings/><con:parameters/><con:representation type="RESPONSE"><con:mediaType>application/json;charset=UTF-8</con:mediaType><con:status>200</con:status><con:params/><con:element xmlns:ven="https://tg-mobility.cloudhub.io/mobility/v1/vendors">ven:Response</con:element></con:representation><con:representation type="FAULT"><con:mediaType>application/json</con:mediaType><con:status>403</con:status><con:params/><con:element xmlns:ven="https://tg-mobility.cloudhub.io/mobility/v1/vendors">ven:Fault</con:element></con:representation><con:request name="Request 1" id="3b89668f-b311-43db-9228-c88760116d5d" mediaType="application/json"><con:settings><con:setting id="com.eviware.soapui.impl.wsdl.WsdlRequest@request-headers">&lt;xml-fragment/></con:setting></con:settings><con:endpoint>None</con:endpoint><con:request/><con:credentials><con:selectedAuthProfile>No Authorization</con:selectedAuthProfile><con:authType>No Authorization</con:authType></con:credentials><con:jmsConfig JMSDeliveryMode="PERSISTENT"/><con:parameters>
  <con:entry key="sortAscending" value=""/>
  <con:entry key="region" value=""/>
</con:parameters><con:parameterOrder><con:entry>X-TNGO-TENANT</con:entry><con:entry>Authorization</con:entry><con:entry>client_secret</con:entry><con:entry>client_id</con:entry><con:entry>region</con:entry><con:entry>sortAscending</con:entry><con:entry>sortBy</con:entry><con:entry>type</con:entry></con:parameterOrder></con:request></con:method></con:resource></con:interface><con:interface xsi:type="con:RestService" id="1ed2a272-d10b-4d15-b039-65132e00b267" wadlVersion="http://wadl.dev.java.net/2009/02" name="/vendors/{id}" type="rest" xmlns:xsi="http://www.w3.org/2001/XMLSchema-instance"><con:settings/><con:definitionCache type="TEXT" rootPart=""/><con:endpoints><con:endpoint>https://tg-mobility.cloudhub.io</con:endpoint></con:endpoints><con:resource name="VendorId" path="/vendors/{id}" id="0226c9d9-5700-49fc-912d-7e1ea12c3775"><con:settings/><con:parameters><con:parameter><con:name>id</con:name><con:style>TEMPLATE</con:style></con:parameter><con:parameter><con:name>Authorization</con:name><con:value/><con:style>HEADER</con:style><con:default/><con:description xsi:nil="true"/></con:parameter><con:parameter><con:name>X-TNGO-TENANT</con:name><con:value/><con:style>HEADER</con:style><con:default/><con:description xsi:nil="true"/></con:parameter><con:parameter><con:name>client_id</con:name><con:value/><con:style>HEADER</con:style><con:default/><con:description xsi:nil="true"/></con:parameter><con:parameter><con:name>client_secret</con:name><con:value/><con:style>HEADER</con:style><con:default/><con:description xsi:nil="true"/></con:parameter></con:parameters><con:method name="VendorId" id="6afa20a8-cb56-464b-b2a1-f72b413006db" method="GET"><con:settings/><con:parameters/><con:representation type="FAULT"><con:mediaType>application/json</con:mediaType><con:status>400</con:status><con:params/><con:element xmlns:ns="https://tg-mobility.cloudhub.io/mobility/v1/vendors/%20108">ns:Fault</con:element></con:representation><con:representation type="RESPONSE"><con:mediaType>application/json;charset=UTF-8</con:mediaType><con:status>200</con:status><con:params/><con:element xmlns:ns="https://tg-mobility.cloudhub.io/mobility/v1/vendors/%20108">ns:Response</con:element></con:representation><con:request name="Request 1" id="85907e3f-83ff-477f-b48e-6c401c9c3653" mediaType="application/json"><con:settings><con:setting id="com.eviware.soapui.impl.wsdl.WsdlRequest@request-headers">&lt;xml-fragment/></con:setting></con:settings><con:endpoint>None</con:endpoint><con:request/><con:credentials><con:selectedAuthProfile>No Authorization</con:selectedAuthProfile><con:authType>No Authorization</con:authType></con:credentials><con:jmsConfig JMSDeliveryMode="PERSISTENT"/><con:parameters/><con:parameterOrder><con:entry>X-TNGO-TENANT</con:entry><con:entry>Authorization</con:entry><con:entry>client_id</con:entry><con:entry>client_secret</con:entry><con:entry>id</con:entry></con:parameterOrder></con:request></con:method></con:resource></con:interface><con:testSuite id="114bed4e-4321-45f4-af6f-80cbf8a5d09a" name="TestSuiteVendors"><con:settings/><con:runType>SEQUENTIAL</con:runType><con:testCase id="44ad216c-6f77-4cb8-8658-d53932e810db" discardOkResults="true" failOnError="true" failTestCaseOnErrors="true" keepSession="false" name="TestCaseVendors" searchProperties="true"><con:description>The last three steps (DataSource, GetVendorsByType and DataSourceLoop) are used to test the 4 different "type" of vendors. This is related to enhancement 12894.</con:description><con:settings/><con:testStep type="groovy" name="ScriptSetupCatalogVendors" id="9a02d5b9-9a46-4370-bf69-f76e5de98627"><con:settings/><con:config><script>// /////////////////////////////////////////////
// This sets up all of the test case properties
// /////////////////////////////////////////////

def groovyUtils = new com.eviware.soapui.support.GroovyUtils( context ); 
def projectPath = groovyUtils.projectPath //gets the path of the project root

// this is sanity check with a simple call. all this does is verify a simple connection 
// to the external clases by logging a message in log window.
soapUIScripts.CommonMethods.StaticMethod(log) 

// setup test case properties stored in 'DudleyDorightDataActions' class.
soapUIScripts.DudleyDorightDataActions.SetupTestCaseProperties(log, testRunner) 

// read in token pair and put in test case properties.
// NOTE: token pair must be in same folder as project
//       token pair must be up to date (not expired)
assert(soapUIScripts.CommonMethods.ReadTokenPair(projectPath + "\\" + "TokenPair.txt", log, testRunner) == true)

// read user Ids and assign to test case properties - In this case is only needed for logoUrl
def userIdsFileName = projectPath + "\\" + "DudleyDoright.txt"
assert soapUIScripts.CommonMethods.ReadUserIdsURL(userIdsFileName, log, testRunner) == true


testRunner.testCase.setPropertyValue("sortAscending", "true")
testRunner.testCase.setPropertyValue("sortBy", "NAME")
testRunner.testCase.setPropertyValue("type", "ALL")


</script></con:config></con:testStep><con:testStep type="restrequest" name="GetRegions" id="97caee7d-3fcc-4aa1-a977-49ab90e28187"><con:settings/><con:config service="/regions" resourcePath="/regions" methodName="Regions" xsi:type="con:RestRequestStep" xmlns:xsi="http://www.w3.org/2001/XMLSchema-instance"><con:restRequest name="GetRegions" id="1b230e94-d192-4040-bd5e-97258de45df7" mediaType="application/json"><con:settings><con:setting id="com.eviware.soapui.impl.wsdl.WsdlRequest@request-headers">&lt;xml-fragment/></con:setting></con:settings><con:endpoint>${#TestCase#URL}</con:endpoint><con:request/><con:originalUri>https://tg-mobility.cloudhub.io/mobility/v1/regions</con:originalUri><con:assertion type="Valid HTTP Status Codes" id="fbdeb5c6-e814-4b65-b058-715c096f0e0f" name="Valid HTTP Status Codes"><con:settings/><con:configuration><codes>200</codes></con:configuration></con:assertion><con:credentials><con:selectedAuthProfile>No Authorization</con:selectedAuthProfile><con:authType>No Authorization</con:authType></con:credentials><con:jmsConfig JMSDeliveryMode="PERSISTENT"/><con:parameters>
  <con:entry key="Authorization" value="Bearer ${#TestCase#AccessToken}"/>
  <con:entry key="X-TNGO-TENANT" value="${#TestCase#Tenant}"/>
  <con:entry key="client_secret" value="${#TestCase#client_secret}"/>
  <con:entry key="type" value="ALL"/>
  <con:entry key="client_id" value="${#TestCase#client_Id}"/>
</con:parameters><con:parameterOrder><con:entry>X-TNGO-TENANT</con:entry><con:entry>Authorization</con:entry><con:entry>client_id</con:entry><con:entry>client_secret</con:entry><con:entry>type</con:entry></con:parameterOrder></con:restRequest></con:config></con:testStep><con:testStep type="groovy" name="ScriptFindRegion" id="3ee5e7e9-c72b-47a5-b753-5381b8f71c39"><con:settings/><con:config><script>// /////////////////////////////////////////////////////////////////////////////////////////////////////////////
// This gets the id for united states from the RequestRegions response and puts it into a test case property.
// /////////////////////////////////////////////////////////////////////////////////////////////////////////////

import groovy.json.JsonSlurper 
def groovyUtils = new com.eviware.soapui.support.GroovyUtils( context ); 
def testCase = context.testCase; 
def testStep = testCase.getTestStepByName("GetRegions") 

// get response of last test step run.
def response = testStep.testRequest.messageExchange.response.responseContent
def slurper = new JsonSlurper()
def json = slurper.parseText response

def idList = []
def nameList = []
def typeList = []
boolean foundUS = false
def regionId =  ""
def regionName = ""
def regionType = ""


idList = json.regions.id // get list of region Ids
nameList = json.regions.name // get list of country name
typeList = json.regions.type // get list of type


try
{
	assert(idList.size() == nameList.size &amp;&amp; (nameList.size ==  typeList.size()))
}
catch (AssertionError e)
{
	log.info "ERROR: All lists in 'ScriptFindRegion' test step are not the same size."
	throw new RuntimeException("All lists in 'ScriptFindRegion' test step are not the same size.")
}

// we expect to find an ID for united states.
for(x = 0; x &lt; idList.size(); x++)
{
	if(nameList[x] == "United States" &amp;&amp; typeList[x] == "COUNTRY")
	{
		//log.info idList[x]	
		foundUS = true
		regionId = idList[x]
		regionName = nameList[x]
		regionType = typeList[x]
	}
}	

if(!foundUS) // if US region ID is not found, raise error.
{
	log.info "ERROR: region Id for 'United States' was not found in 'ScriptFindRegion' test step."
	throw new RuntimeException("region Id for 'United States' was not found in 'ScriptFindRegion' test step.")
}



// this regionId is for verifying response data.
testRunner.testCase.setPropertyValue("regionId", regionId)

context.regionId = regionId
context.regionName = regionName
context.regionType = regionType

</script></con:config></con:testStep><con:testStep type="restrequest" name="GetVendors" id="c29b82d2-a0d6-45cd-a288-4325cb81358f"><con:settings/><con:config service="/vendors" resourcePath="/vendors" methodName="Vendors" xsi:type="con:RestRequestStep" xmlns:xsi="http://www.w3.org/2001/XMLSchema-instance"><con:restRequest name="GetVendors" id="3b89668f-b311-43db-9228-c88760116d5d" mediaType="application/json"><con:settings><con:setting id="com.eviware.soapui.impl.wsdl.WsdlRequest@request-headers">&lt;xml-fragment/></con:setting></con:settings><con:endpoint>${#TestCase#URL}</con:endpoint><con:request/><con:originalUri>https://tg-mobility.cloudhub.io/mobility/v1/vendors</con:originalUri><con:assertion type="Valid HTTP Status Codes" id="adcc6efd-2994-45a6-8bed-f08a2563d8d8" name="Valid HTTP Status Codes"><con:settings/><con:configuration><codes>200</codes></con:configuration></con:assertion><con:credentials><con:selectedAuthProfile>No Authorization</con:selectedAuthProfile><con:authType>No Authorization</con:authType></con:credentials><con:jmsConfig JMSDeliveryMode="PERSISTENT"/><con:parameters>
  <con:entry key="Authorization" value="Bearer ${#TestCase#AccessToken}"/>
  <con:entry key="sortAscending" value="${#TestCase#sortAscending}"/>
  <con:entry key="X-TNGO-TENANT" value="${#TestCase#Tenant}"/>
  <con:entry key="sortBy" value="${#TestCase#sortBy}"/>
  <con:entry key="client_secret" value="${#TestCase#client_secret}"/>
  <con:entry key="region" value="${#TestCase#regionId}"/>
  <con:entry key="type" value="${#TestCase#type}"/>
  <con:entry key="client_id" value="${#TestCase#client_Id}"/>
</con:parameters><con:parameterOrder><con:entry>X-TNGO-TENANT</con:entry><con:entry>Authorization</con:entry><con:entry>client_secret</con:entry><con:entry>client_id</con:entry><con:entry>region</con:entry><con:entry>sortAscending</con:entry><con:entry>sortBy</con:entry><con:entry>type</con:entry></con:parameterOrder></con:restRequest></con:config></con:testStep><con:testStep type="groovy" name="VerifyJSONResponseVendors" id="a7e10c18-a5a7-4ae0-95a2-8371af1ca097"><con:settings/><con:config><script>import groovy.json.JsonSlurper 

def groovyUtils = new com.eviware.soapui.support.GroovyUtils( context ); 
def testCase = context.testCase; 
def testStep = testCase.getTestStepByName("GetVendors") 

//  need for external call.
testRunner = new com.eviware.soapui.impl.wsdl.testcase.WsdlTestCaseRunner(testCase, null); 
testStepContext = new com.eviware.soapui.impl.wsdl.testcase.WsdlTestRunContext(testStep); 

// get response of last test step run.
def response = testStep.testRequest.messageExchange.response.responseContent
def slurper = new JsonSlurper()
def json = slurper.parseText response


def logoUrl = testRunner.testCase.getPropertyValue("LogoUrl")
def mainUrl = testRunner.testCase.getPropertyValue("URL")
def sortAscending = testRunner.testCase.getPropertyValue("sortAscending")
def sortBy = testRunner.testCase.getPropertyValue("sortBy")
def type = testRunner.testCase.getPropertyValue("type")


/* Expected Values */

String vendorsMetaHref = mainUrl + "/vendors?sortBy=" + sortBy + "&amp;region=" + context.regionId + "&amp;sortAscending=" + sortAscending + "&amp;type=" + type
String vendorsMetaTotalCount = json.vendors.items.size()

String vendorsRegionId = context.regionId
String vendorsRegionName = context.regionName 
String vendorsRegionType = context.regionType

String vendorsItems1Id = "108"
String vendorsItems1MetaHref = mainUrl + "/vendors/" + vendorsItems1Id
String vendorsItems1Name =  "AT&amp;T Mobility"
String vendorsItems1LogoUrl = logoUrl + "manage/images/carrier/logo_CIN.gif"

String vendorsItems2Id = "457"
String vendorsItems2MetaHref = mainUrl + "/vendors/" + vendorsItems2Id
String vendorsItems2Name =  "Cellular for Less"
String vendorsItems2LogoUrl = logoUrl + "manage/images/carrier/logo_CFL.gif"

String vendorsItems3Id = "3195"
String vendorsItems3MetaHref = mainUrl + "/vendors/" + vendorsItems3Id
String vendorsItems3Name =  "Insight"
String vendorsItems3LogoUrl = logoUrl + "manage/images/carrier/logo_INS.gif"

String vendorsItems4Id = "105"
String vendorsItems4MetaHref = mainUrl + "/vendors/" + vendorsItems4Id
String vendorsItems4Name =  "Sprint"
String vendorsItems4LogoUrl = logoUrl + "manage/images/carrier/logo_SPR.gif"

String vendorsItems5Id = "118"
String vendorsItems5MetaHref = mainUrl + "/vendors/" + vendorsItems5Id
String vendorsItems5Name =  "T-Mobile"
String vendorsItems5LogoUrl = logoUrl + "manage/images/carrier/logo_TMB.gif"

String vendorsItems6Id = "98"
String vendorsItems6MetaHref = mainUrl + "/vendors/" + vendorsItems6Id
String vendorsItems6Name =  "Verizon Wireless"
String vendorsItems6LogoUrl = logoUrl + "manage/images/carrier/logo_VER.gif"



/* Verify expected results */

CompareItemsTwoStrings(json.vendors._meta.href, vendorsMetaHref)
CompareItemsTwoStrings(json.vendors._meta.totalCount, vendorsMetaTotalCount)

CompareItemsTwoStrings(json.vendors.items[0]._meta.href, vendorsItems1MetaHref)
CompareItemsTwoStrings(json.vendors.items[0].id, vendorsItems1Id)
CompareItemsTwoStrings(json.vendors.items[0].name, vendorsItems1Name)
CompareItemsTwoStrings(json.vendors.items[0].logoUrl, vendorsItems1LogoUrl)
CompareItemsTwoStrings(json.vendors.items[0].region.id, vendorsRegionId)
CompareItemsTwoStrings(json.vendors.items[0].region.name, vendorsRegionName)
CompareItemsTwoStrings(json.vendors.items[0].region.type, vendorsRegionType)

CompareItemsTwoStrings(json.vendors.items[1]._meta.href, vendorsItems2MetaHref)
CompareItemsTwoStrings(json.vendors.items[1].id, vendorsItems2Id)
CompareItemsTwoStrings(json.vendors.items[1].name, vendorsItems2Name)
CompareItemsTwoStrings(json.vendors.items[1].logoUrl, vendorsItems2LogoUrl)
CompareItemsTwoStrings(json.vendors.items[1].region.id, vendorsRegionId)
CompareItemsTwoStrings(json.vendors.items[1].region.name, vendorsRegionName)
CompareItemsTwoStrings(json.vendors.items[1].region.type, vendorsRegionType)

CompareItemsTwoStrings(json.vendors.items[2]._meta.href, vendorsItems3MetaHref)
CompareItemsTwoStrings(json.vendors.items[2].id, vendorsItems3Id)
CompareItemsTwoStrings(json.vendors.items[2].name, vendorsItems3Name)
CompareItemsTwoStrings(json.vendors.items[2].logoUrl, vendorsItems3LogoUrl)
CompareItemsTwoStrings(json.vendors.items[2].region.id, vendorsRegionId)
CompareItemsTwoStrings(json.vendors.items[2].region.name, vendorsRegionName)
CompareItemsTwoStrings(json.vendors.items[2].region.type, vendorsRegionType)

CompareItemsTwoStrings(json.vendors.items[3]._meta.href, vendorsItems4MetaHref)
CompareItemsTwoStrings(json.vendors.items[3].id, vendorsItems4Id)
CompareItemsTwoStrings(json.vendors.items[3].name, vendorsItems4Name)
CompareItemsTwoStrings(json.vendors.items[3].logoUrl, vendorsItems4LogoUrl)
CompareItemsTwoStrings(json.vendors.items[3].region.id, vendorsRegionId)
CompareItemsTwoStrings(json.vendors.items[3].region.name, vendorsRegionName)
CompareItemsTwoStrings(json.vendors.items[3].region.type, vendorsRegionType)

CompareItemsTwoStrings(json.vendors.items[4]._meta.href, vendorsItems5MetaHref)
CompareItemsTwoStrings(json.vendors.items[4].id, vendorsItems5Id)
CompareItemsTwoStrings(json.vendors.items[4].name, vendorsItems5Name)
CompareItemsTwoStrings(json.vendors.items[4].logoUrl, vendorsItems5LogoUrl)
CompareItemsTwoStrings(json.vendors.items[4].region.id, vendorsRegionId)
CompareItemsTwoStrings(json.vendors.items[4].region.name, vendorsRegionName)
CompareItemsTwoStrings(json.vendors.items[4].region.type, vendorsRegionType)

CompareItemsTwoStrings(json.vendors.items[5]._meta.href, vendorsItems6MetaHref)
CompareItemsTwoStrings(json.vendors.items[5].id, vendorsItems6Id)
CompareItemsTwoStrings(json.vendors.items[5].name, vendorsItems6Name)
CompareItemsTwoStrings(json.vendors.items[5].logoUrl, vendorsItems6LogoUrl)
CompareItemsTwoStrings(json.vendors.items[5].region.id, vendorsRegionId)
CompareItemsTwoStrings(json.vendors.items[5].region.name, vendorsRegionName)
CompareItemsTwoStrings(json.vendors.items[5].region.type, vendorsRegionType)

 
/* Set up vendor to use on request /catalog/vendors/{id} - Use second vendor */
int index = 1

context.vendorId = json.vendors.items[index].id 
context.metaHref = json.vendors.items[index]._meta.href
context.name = json.vendors.items[index].name 
context.logoUrl = json.vendors.items[index].logoUrl


// allItems will store all the vendor ids found in JSON 
context.allItems = []
context.allItems = json.vendors.items.id
//log.info "All the ids: " + context.allItems 

context.totalCount = json.vendors._meta.totalCount


/* Set up property for GET request /catalog/vendors/{id} */
testRunner.testCase.setPropertyValue("vendorId", json.vendors.items[index].id)



/* Methods */

void CompareItemsTwoStrings(json, expectedValueString)
{
	String jsonString = json
	
	// this will show each compare being made - DEBUG ONLY
	//log.info "Json: " + jsonString + " Expected: " + expectedValueString 
	assert(jsonString == expectedValueString) 
	// this seems to remove the "{" and "}" from the json string.
}

</script></con:config></con:testStep><con:testStep type="restrequest" name="GetVendorId" id="6c092a29-8e96-4b9b-b537-8181ede358da"><con:settings/><con:config service="/vendors/{id}" resourcePath="/vendors/{id}" methodName="VendorId" xsi:type="con:RestRequestStep" xmlns:xsi="http://www.w3.org/2001/XMLSchema-instance"><con:restRequest name="GetVendorId" id="85907e3f-83ff-477f-b48e-6c401c9c3653" mediaType="application/json"><con:settings><con:setting id="com.eviware.soapui.impl.wsdl.WsdlRequest@request-headers">&lt;xml-fragment/></con:setting></con:settings><con:endpoint>${#TestCase#URL}</con:endpoint><con:request/><con:originalUri>https://tg-mobility.cloudhub.io/mobility/v1/vendors/%20108</con:originalUri><con:assertion type="Valid HTTP Status Codes" id="6065f292-6b52-42fc-abeb-ebc0cad8c03a" name="Valid HTTP Status Codes"><con:settings/><con:configuration><codes>200</codes></con:configuration></con:assertion><con:credentials><con:selectedAuthProfile>No Authorization</con:selectedAuthProfile><con:authType>No Authorization</con:authType></con:credentials><con:jmsConfig JMSDeliveryMode="PERSISTENT"/><con:parameters>
  <con:entry key="Authorization" value="Bearer ${#TestCase#AccessToken}"/>
  <con:entry key="X-TNGO-TENANT" value="${#TestCase#Tenant}"/>
  <con:entry key="id" value="${#TestCase#vendorId}"/>
  <con:entry key="client_secret" value="${#TestCase#client_secret}"/>
  <con:entry key="client_id" value="${#TestCase#client_Id}"/>
</con:parameters><con:parameterOrder><con:entry>X-TNGO-TENANT</con:entry><con:entry>Authorization</con:entry><con:entry>client_id</con:entry><con:entry>client_secret</con:entry><con:entry>id</con:entry></con:parameterOrder></con:restRequest></con:config></con:testStep><con:testStep type="groovy" name="VerifyJSONResponseVendorId" id="3a11880d-9c95-4247-bc6d-ba9f8b464c8d"><con:settings/><con:config><script>import groovy.json.JsonSlurper 

def groovyUtils = new com.eviware.soapui.support.GroovyUtils( context ); 
def testCase = context.testCase; 
def testStep = testCase.getTestStepByName("GetVendorId") 

//  need for external call.
testRunner = new com.eviware.soapui.impl.wsdl.testcase.WsdlTestCaseRunner(testCase, null); 
testStepContext = new com.eviware.soapui.impl.wsdl.testcase.WsdlTestRunContext(testStep); 

// get response of last test step run.
def response = testStep.testRequest.messageExchange.response.responseContent
def slurper = new JsonSlurper()
def json = slurper.parseText response

//def mainUrl = testRunner.testCase.getPropertyValue("URL")


/* Expected Values */

String id = context.vendorId
String metaHref = context.metaHref 
String name = context.name
String logoUrl = context.logoUrl

String regionId = context.regionId
String regionName = context.regionName
String regionType = context.regionType


/* Verify expected results */

CompareItemsTwoStrings(json._meta.href, metaHref)
CompareItemsTwoStrings(json.id, id)
CompareItemsTwoStrings(json.name, name)
CompareItemsTwoStrings(json.logoUrl, logoUrl)

CompareItemsTwoStrings(json.region.id, regionId)
CompareItemsTwoStrings(json.region.name, regionName)
CompareItemsTwoStrings(json.region.type, regionType)


/* Methods */

void CompareItemsTwoStrings(json, expectedValueString)
{
	String jsonString = json
	
	// this will show each compare being made - DEBUG ONLY $
	//log.info "Json: " + jsonString + " Expected: " + expectedValueString 
	assert(jsonString == expectedValueString) 
	// this seems to remove the "{" and "}" from the json string.
}


</script></con:config></con:testStep><con:testStep type="datasource" name="DataSource" id="11ff1b09-12b2-4aab-a223-c0ecd9374d8d"><con:settings/><con:config xsi:type="con:DataSourceStep" xmlns:xsi="http://www.w3.org/2001/XMLSchema-instance"><con:dataSource type="Grid"><con:configuration><check><![CDATA[<xml-fragment><con:entry xmlns:con="http://eviware.com/soapui/config">true</con:entry><con:entry xmlns:con="http://eviware.com/soapui/config">true</con:entry><con:entry xmlns:con="http://eviware.com/soapui/config">true</con:entry><con:entry xmlns:con="http://eviware.com/soapui/config">true</con:entry></xml-fragment>]]></check><row>&lt;xml-fragment>&lt;con:entry xmlns:con="http://eviware.com/soapui/config">ALL&lt;/con:entry>&lt;con:entry xmlns:con="http://eviware.com/soapui/config"/>&lt;/xml-fragment></row><row>&lt;xml-fragment>&lt;con:entry xmlns:con="http://eviware.com/soapui/config">CARRIERS&lt;/con:entry>&lt;con:entry xmlns:con="http://eviware.com/soapui/config"/>&lt;/xml-fragment></row><row>&lt;xml-fragment>&lt;con:entry xmlns:con="http://eviware.com/soapui/config">CARRIERS_PROCUREMENT_ONLY&lt;/con:entry>&lt;con:entry xmlns:con="http://eviware.com/soapui/config"/>&lt;/xml-fragment></row><row>&lt;xml-fragment>&lt;con:entry xmlns:con="http://eviware.com/soapui/config">CARRIERS_WITH_PLANS&lt;/con:entry>&lt;con:entry xmlns:con="http://eviware.com/soapui/config"/>&lt;/xml-fragment></row></con:configuration></con:dataSource><con:property>type</con:property><con:restartOnRun>true</con:restartOnRun></con:config></con:testStep><con:testStep type="restrequest" name="GetVendorsByType" id="6e761a8a-bc86-45c8-af67-93d4c6e09f96"><con:settings/><con:config service="/vendors" resourcePath="/vendors" methodName="Vendors" xsi:type="con:RestRequestStep" xmlns:xsi="http://www.w3.org/2001/XMLSchema-instance"><con:restRequest name="GetVendorsByType" id="3b89668f-b311-43db-9228-c88760116d5d" mediaType="application/json"><con:settings><con:setting id="com.eviware.soapui.impl.wsdl.WsdlRequest@request-headers">&lt;xml-fragment/></con:setting></con:settings><con:endpoint>${#TestCase#URL}</con:endpoint><con:request/><con:originalUri>https://tg-mobility.cloudhub.io/mobility/v1/vendors</con:originalUri><con:assertion type="Valid HTTP Status Codes" id="adcc6efd-2994-45a6-8bed-f08a2563d8d8" name="Valid HTTP Status Codes"><con:settings/><con:configuration><codes>200</codes></con:configuration></con:assertion><con:assertion type="Simple Contains" id="72846bca-07bf-4e8b-a08e-b830d7dcba3c" name="Contains"><con:configuration><token>${DataSource#type}</token><ignoreCase>false</ignoreCase><useRegEx>false</useRegEx></con:configuration></con:assertion><con:credentials><con:selectedAuthProfile>No Authorization</con:selectedAuthProfile><con:authType>No Authorization</con:authType></con:credentials><con:jmsConfig JMSDeliveryMode="PERSISTENT"/><con:parameters>
  <con:entry key="Authorization" value="Bearer ${#TestCase#AccessToken}"/>
  <con:entry key="sortAscending" value=""/>
  <con:entry key="X-TNGO-TENANT" value="${#TestCase#Tenant}"/>
  <con:entry key="client_secret" value="${#TestCase#client_secret}"/>
  <con:entry key="region" value="${#TestCase#regionId}"/>
  <con:entry key="type" value="${DataSource#type}"/>
  <con:entry key="client_id" value="${#TestCase#client_Id}"/>
</con:parameters><con:parameterOrder><con:entry>X-TNGO-TENANT</con:entry><con:entry>Authorization</con:entry><con:entry>client_secret</con:entry><con:entry>client_id</con:entry><con:entry>region</con:entry><con:entry>sortAscending</con:entry><con:entry>sortBy</con:entry><con:entry>type</con:entry></con:parameterOrder></con:restRequest></con:config></con:testStep><con:testStep type="datasourceloop" name="DataSourceLoop" id="0f161f32-0574-4aaf-8a5b-223890a82295"><con:settings/><con:config><dataSourceStep>DataSource</dataSourceStep><targetStep>GetVendorsByType</targetStep></con:config></con:testStep><con:properties><con:property><con:name>Tenant</con:name><con:value>XX1</con:value></con:property><con:property><con:name>limit</con:name><con:value>10</con:value></con:property><con:property><con:name>offset</con:name><con:value>0</con:value></con:property><con:property><con:name>companyEmployeeId</con:name><con:value>Dudley.Doright2.XX1</con:value></con:property><con:property><con:name>AccessToken</con:name><con:value>ocV9Yir48IbWR6KNHLv_nPl8wK7dIBT64yf1OZC1O0ZJZ4Nvi-qo8HiT1U-oSEvOXP_Tws4dCn8dmNi3kq8BrA</con:value></con:property><con:property><con:name>RefreshToken</con:name><con:value>nkM9LcChe_PzSDSBhO6zBkDGXsKsM95hA-Et2Lofs9OCxJH_4XQ8qg48hp2fEIllhxPURs4LKQmuoF14DP6VLQ</con:value></con:property><con:property><con:name>DeviceId</con:name><con:value>35433759</con:value></con:property><con:property><con:name>ServiceId</con:name><con:value>38457007</con:value></con:property><con:property><con:name>EmployeeId</con:name><con:value>28680044</con:value></con:property><con:property><con:name>DepartmentId</con:name><con:value>11569020350</con:value></con:property><con:property><con:name>LogoUrl</con:name><con:value>https://qa1cmd.tangoe.com/</con:value></con:property><con:property><con:name>sortAscending</con:name><con:value>true</con:value></con:property><con:property><con:name>regionId</con:name><con:value>70144640</con:value></con:property><con:property><con:name>vendorId</con:name><con:value>457</con:value></con:property><con:property><con:name>client_id</con:name><con:value>3c276cecdc674aabb5456f54b605bbbf</con:value></con:property><con:property><con:name>client_secret</con:name><con:value>c513c4a67492405d95CE4DB4B40B73FF</con:value></con:property><con:property><con:name>URL</con:name><con:value>https://tngo-qa-mobproc-cmd.cloudhub.io/mobproc/v1.qa</con:value></con:property><con:property><con:name>sortBy</con:name><con:value>NAME</con:value></con:property><con:property><con:name>type</con:name><con:value>ALL</con:value></con:property><con:property><con:name>ConditionLastType</con:name><con:value>CARRIERS_WITH_PLANS</con:value></con:property></con:properties><con:reportParameters/><con:breakPoints><con:testStepId>9a02d5b9-9a46-4370-bf69-f76e5de98627</con:testStepId><con:status>NONE</con:status><con:properties/></con:breakPoints><con:breakPoints><con:testStepId>3ee5e7e9-c72b-47a5-b753-5381b8f71c39</con:testStepId><con:status>NONE</con:status><con:properties/></con:breakPoints><con:breakPoints><con:testStepId>3a11880d-9c95-4247-bc6d-ba9f8b464c8d</con:testStepId><con:status>NONE</con:status><con:properties/></con:breakPoints><con:breakPoints><con:testStepId>ddbe3f59-4cbb-47ef-92bd-688ba8676855</con:testStepId><con:status>NONE</con:status><con:properties/></con:breakPoints><con:breakPoints><con:testStepId>11ff1b09-12b2-4aab-a223-c0ecd9374d8d</con:testStepId><con:status>NONE</con:status><con:properties/></con:breakPoints></con:testCase><con:properties/><con:reportParameters/></con:testSuite><con:requirements/><con:properties/><con:wssContainer/><con:databaseConnectionContainer/><con:oAuth2ProfileContainer/><con:reporting><con:xmlTemplates/><con:parameters/></con:reporting><con:authRepository/><con:tags/></con:soapui-project>