<?xml version="1.0" encoding="UTF-8"?>
<con:soapui-project id="8fecbef5-2a6e-4464-b3f8-74eb17e1d093" activeEnvironment="Default environment" name="API_CatalogFeaturesId" lastOpened="2016-07-01T10:29:40.093-03:00" resourceRoot="" soapui-version="6.0.0" xmlns:con="http://eviware.com/soapui/config"><con:settings/><con:interface xsi:type="con:RestService" id="186ee4e3-9300-4ac7-9aea-735f15b21003" wadlVersion="http://wadl.dev.java.net/2009/02" name="https://tg-mobility.cloudhub.io" type="rest" xmlns:xsi="http://www.w3.org/2001/XMLSchema-instance"><con:settings/><con:definitionCache type="TEXT" rootPart=""/><con:endpoints><con:endpoint>https://tg-mobility.cloudhub.io</con:endpoint></con:endpoints><con:resource name="Services" path="/assets/services" id="77b152c0-f0a5-4c3f-9fb8-318692584f86"><con:settings/><con:parameters><con:parameter><con:name>sortAscending</con:name><con:value>true</con:value><con:style>QUERY</con:style><con:default>true</con:default><con:path xsi:nil="true"/><con:description xsi:nil="true"/></con:parameter><con:parameter><con:name>offset</con:name><con:value>0</con:value><con:style>QUERY</con:style><con:default>0</con:default><con:path xsi:nil="true"/><con:description xsi:nil="true"/></con:parameter><con:parameter><con:name>limit</con:name><con:value>10</con:value><con:style>QUERY</con:style><con:default>10</con:default><con:path xsi:nil="true"/><con:description xsi:nil="true"/></con:parameter><con:parameter><con:name>X-TNGO-TENANT</con:name><con:value/><con:style>HEADER</con:style><con:default/><con:description xsi:nil="true"/></con:parameter><con:parameter><con:name>Authorization</con:name><con:value/><con:style>HEADER</con:style><con:default/><con:description xsi:nil="true"/></con:parameter><con:parameter><con:name>client_id</con:name><con:value/><con:style>HEADER</con:style><con:default/><con:description xsi:nil="true"/></con:parameter><con:parameter><con:name>client_secret</con:name><con:value/><con:style>HEADER</con:style><con:default/><con:description xsi:nil="true"/></con:parameter></con:parameters><con:method name="Services" id="25eb321f-93d3-40b3-9962-04727e204dc2" method="GET"><con:settings/><con:parameters/><con:representation type="FAULT"><con:mediaType>application/json</con:mediaType><con:status>403 500</con:status><con:params/></con:representation><con:representation type="RESPONSE"><con:mediaType>application/json;charset=UTF-8</con:mediaType><con:status>200</con:status><con:params/><con:element xmlns:ser="https://tg-mobility.cloudhub.io/mobility/v1/assets/services">ser:Response</con:element></con:representation><con:request name="Request 1" id="87400c0c-4a7a-4190-97bd-88ccc7059fa7" mediaType="application/json"><con:settings><con:setting id="com.eviware.soapui.impl.wsdl.WsdlRequest@request-headers">&lt;xml-fragment/></con:setting></con:settings><con:endpoint>None</con:endpoint><con:request/><con:credentials><con:selectedAuthProfile>No Authorization</con:selectedAuthProfile><con:authType>No Authorization</con:authType></con:credentials><con:jmsConfig JMSDeliveryMode="PERSISTENT"/><con:parameters>
  <con:entry key="sortAscending" value=""/>
  <con:entry key="offset" value=""/>
  <con:entry key="limit" value=""/>
</con:parameters><con:parameterOrder><con:entry>X-TNGO-TENANT</con:entry><con:entry>Authorization</con:entry><con:entry>sortAscending</con:entry><con:entry>offset</con:entry><con:entry>limit</con:entry><con:entry>client_id</con:entry><con:entry>client_secret</con:entry></con:parameterOrder></con:request></con:method></con:resource></con:interface><con:interface xsi:type="con:RestService" id="ab945584-685c-4b76-b2c7-0c24e3c7322a" wadlVersion="http://wadl.dev.java.net/2009/02" name="https://tg-mobility.cloudhub.io" type="rest" xmlns:xsi="http://www.w3.org/2001/XMLSchema-instance"><con:settings/><con:definitionCache type="TEXT" rootPart=""/><con:endpoints><con:endpoint>https://tg-mobility.cloudhub.io</con:endpoint></con:endpoints><con:resource name="Features" path="/catalog/features" id="6f2c5929-daaa-402c-9375-5dd3762ff3cd"><con:settings/><con:parameters><con:parameter><con:name>sortAscending</con:name><con:value>true</con:value><con:style>QUERY</con:style><con:default>true</con:default><con:path xsi:nil="true"/><con:description xsi:nil="true"/></con:parameter><con:parameter><con:name>service</con:name><con:value>31647595</con:value><con:style>QUERY</con:style><con:default>31647595</con:default><con:path xsi:nil="true"/><con:description xsi:nil="true"/></con:parameter><con:parameter><con:name>X-TNGO-TENANT</con:name><con:value/><con:style>HEADER</con:style><con:default/><con:description xsi:nil="true"/></con:parameter><con:parameter><con:name>Authorization</con:name><con:value/><con:style>HEADER</con:style><con:default/><con:description xsi:nil="true"/></con:parameter><con:parameter><con:name>client_id</con:name><con:value/><con:style>HEADER</con:style><con:default/><con:description xsi:nil="true"/></con:parameter><con:parameter><con:name>client_secret</con:name><con:value/><con:style>HEADER</con:style><con:default/><con:description xsi:nil="true"/></con:parameter><con:parameter><con:name>sortBy</con:name><con:value/><con:style>QUERY</con:style><con:default/><con:description xsi:nil="true"/></con:parameter></con:parameters><con:method name="Features" id="e95f0546-686e-4f4c-824a-1977e500212d" method="GET"><con:settings/><con:parameters/><con:representation type="RESPONSE"><con:mediaType>application/json;charset=UTF-8</con:mediaType><con:status>200</con:status><con:params/><con:element xmlns:feat="https://tg-mobility.cloudhub.io/mobility/v1/catalog/features">feat:Response</con:element></con:representation><con:representation type="FAULT"><con:mediaType>application/json</con:mediaType><con:status>500 403</con:status><con:params/><con:element xmlns:feat="https://tg-mobility.cloudhub.io/mobility/v1/catalog/features">feat:Fault</con:element></con:representation><con:request name="Request 1" id="49f55077-9407-4221-9bf6-675ab382f21f" mediaType="application/json"><con:settings><con:setting id="com.eviware.soapui.impl.wsdl.WsdlRequest@request-headers">&lt;xml-fragment/></con:setting></con:settings><con:endpoint>None</con:endpoint><con:request/><con:credentials><con:selectedAuthProfile>No Authorization</con:selectedAuthProfile><con:authType>No Authorization</con:authType></con:credentials><con:jmsConfig JMSDeliveryMode="PERSISTENT"/><con:parameters>
  <con:entry key="sortAscending" value=""/>
  <con:entry key="service" value=""/>
</con:parameters><con:parameterOrder><con:entry>X-TNGO-TENANT</con:entry><con:entry>Authorization</con:entry><con:entry>client_id</con:entry><con:entry>client_secret</con:entry><con:entry>service</con:entry><con:entry>sortAscending</con:entry><con:entry>sortBy</con:entry></con:parameterOrder></con:request></con:method></con:resource></con:interface><con:interface xsi:type="con:RestService" id="9eb29df0-d444-4810-bf63-a7bcc642c288" wadlVersion="http://wadl.dev.java.net/2009/02" name="https://tg-mobility.cloudhub.io" type="rest" xmlns:xsi="http://www.w3.org/2001/XMLSchema-instance"><con:settings/><con:definitionCache type="TEXT" rootPart=""/><con:endpoints><con:endpoint>https://tg-mobility.cloudhub.io</con:endpoint></con:endpoints><con:resource name="FeaturesId" path="/catalog/features/{id}" id="766c223f-bc1c-4ae9-8ae4-3a58383a7edf"><con:settings/><con:parameters><con:parameter><con:name>X-TNGO-TENANT</con:name><con:value/><con:style>HEADER</con:style><con:default/><con:description xsi:nil="true"/></con:parameter><con:parameter><con:name>Authorization</con:name><con:value/><con:style>HEADER</con:style><con:default/><con:description xsi:nil="true"/></con:parameter><con:parameter><con:name>id</con:name><con:value/><con:style>TEMPLATE</con:style><con:default/><con:description xsi:nil="true"/></con:parameter><con:parameter><con:name>client_id</con:name><con:value/><con:style>HEADER</con:style><con:default/><con:description xsi:nil="true"/></con:parameter><con:parameter><con:name>client_secret</con:name><con:value/><con:style>HEADER</con:style><con:default/><con:description xsi:nil="true"/></con:parameter></con:parameters><con:method name="FeaturesId" id="4b09d66a-02d4-4922-8fd2-8895e93c8f88" method="GET"><con:settings/><con:parameters/><con:representation type="RESPONSE"><con:mediaType>application/json;charset=UTF-8</con:mediaType><con:status>200</con:status><con:params/><con:element xmlns:ns="https://tg-mobility.cloudhub.io/mobility/v1/catalog/features/767">ns:Response</con:element></con:representation><con:representation type="FAULT"><con:mediaType>application/json</con:mediaType><con:status>500</con:status><con:params/><con:element xmlns:ns="https://tg-mobility.cloudhub.io/mobility/v1/catalog/features/767">ns:Fault</con:element></con:representation><con:request name="Request 1" id="83b5c821-2225-4394-bcdc-4eccdfb239eb" mediaType="application/json"><con:settings><con:setting id="com.eviware.soapui.impl.wsdl.WsdlRequest@request-headers">&lt;xml-fragment/></con:setting></con:settings><con:endpoint>None</con:endpoint><con:request/><con:credentials><con:selectedAuthProfile>No Authorization</con:selectedAuthProfile><con:authType>No Authorization</con:authType></con:credentials><con:jmsConfig JMSDeliveryMode="PERSISTENT"/><con:parameters/><con:parameterOrder><con:entry>X-TNGO-TENANT</con:entry><con:entry>Authorization</con:entry><con:entry>id</con:entry><con:entry>client_id</con:entry><con:entry>client_secret</con:entry></con:parameterOrder></con:request></con:method></con:resource></con:interface><con:testSuite id="0974bb3c-cff8-4539-adef-f91adf2df255" name="TestSuiteCatalogFeatures"><con:settings/><con:runType>SEQUENTIAL</con:runType><con:testCase id="ae9c6a82-f6cc-4600-9401-9d4aefbe48b3" discardOkResults="true" failOnError="true" failTestCaseOnErrors="true" keepSession="false" name="TestCaseCatalogFeatures" searchProperties="true"><con:settings/><con:testStep type="groovy" name="ScriptSetupCatalogFeatures" id="1bdc4982-4bc7-4080-9b82-9847e41d8d0b"><con:settings/><con:config><script>// /////////////////////////////////////////////
// This sets up all of the test case properties
// /////////////////////////////////////////////

def groovyUtils = new com.eviware.soapui.support.GroovyUtils( context ); 
def projectPath = groovyUtils.projectPath //gets the path of the project root

// this is sanity check with a simple call. all this does is verify a simple connection 
// to the external clases by logging a message in log window.
soapUIScripts.CommonMethods.StaticMethod(log) 

// setup test case properties stored in 'DudleyDorightDataActions' class.
soapUIScripts.DudleyDorightDataActions.SetupTestCaseProperties(log, testRunner) 

// read in token pair and put in test case properties.
// NOTE: token pair must be in same folder as project
//       token pair must be up to date (not expired)
assert(soapUIScripts.CommonMethods.ReadTokenPair(projectPath + "\\" + "TokenPair.txt", log, testRunner) == true)

// read user Ids and assign to test case properties - In this case is only needed for logoUrl
def userIdsFileName = projectPath + "\\" + "DudleyDoright.txt"
//assert soapUIScripts.CommonMethods.ReadUserIds(userIdsFileName, log, testRunner) == true
assert soapUIScripts.CommonMethods.ReadUserIdsURL(userIdsFileName, log, testRunner) == true



testRunner.testCase.setPropertyValue("offset", "0")
testRunner.testCase.setPropertyValue("limit", "10")
testRunner.testCase.setPropertyValue("sortAscending", "true")



</script></con:config></con:testStep><con:testStep type="restrequest" name="GetServices" id="acb70c5c-2ed5-48ce-8202-e2f08e66fcf7"><con:settings/><con:config service="https://tg-mobility.cloudhub.io" methodName="Services" resourcePath="/assets/services" xsi:type="con:RestRequestStep" xmlns:xsi="http://www.w3.org/2001/XMLSchema-instance"><con:restRequest name="GetServices" id="e476ca38-5860-4b84-be0e-14db9215ed44" mediaType="application/json"><con:settings><con:setting id="com.eviware.soapui.impl.wsdl.WsdlRequest@request-headers">&lt;xml-fragment/></con:setting></con:settings><con:encoding>UTF-8</con:encoding><con:endpoint>${#TestCase#URL}</con:endpoint><con:request/><con:originalUri>https://tg-mobility.cloudhub.io/mobility/v1/assets/services</con:originalUri><con:assertion type="Valid HTTP Status Codes" id="4b015ca4-c56c-49a1-99e3-feb1804a13f8" name="Valid HTTP Status Codes"><con:settings/><con:configuration><codes>200</codes></con:configuration></con:assertion><con:credentials><con:selectedAuthProfile>No Authorization</con:selectedAuthProfile><con:authType>No Authorization</con:authType></con:credentials><con:jmsConfig JMSDeliveryMode="PERSISTENT"/><con:parameters>
  <con:entry key="Authorization" value="Bearer ${#TestCase#AccessToken}"/>
  <con:entry key="sortAscending" value="${#TestCase#sortAscending}"/>
  <con:entry key="offset" value="${#TestCase#offset}"/>
  <con:entry key="X-TNGO-TENANT" value="${#TestCase#Tenant}"/>
  <con:entry key="limit" value="${#TestCase#limit}"/>
  <con:entry key="client_secret" value="${#TestCase#client_secret}"/>
  <con:entry key="client_id" value="${#TestCase#client_Id}"/>
</con:parameters><con:parameterOrder><con:entry>X-TNGO-TENANT</con:entry><con:entry>Authorization</con:entry><con:entry>client_id</con:entry><con:entry>client_secret</con:entry><con:entry>offset</con:entry><con:entry>limit</con:entry><con:entry>sortAscending</con:entry></con:parameterOrder></con:restRequest></con:config></con:testStep><con:testStep type="groovy" name="ScriptFindServiceId" id="45210c11-b526-4b75-851b-9502a6904f6b"><con:settings/><con:config><script>import groovy.json.JsonSlurper 
def groovyUtils = new com.eviware.soapui.support.GroovyUtils( context ); 
def testCase = context.testCase; 
def testStep = testCase.getTestStepByName("GetServices") 

// get response of last test step run.
def response = testStep.testRequest.messageExchange.response.responseContent
def slurper = new JsonSlurper()
def json = slurper.parseText response


idList = json.services.items.id // get list of service Ids


try
{
	assert(idList.size() > 0)
}
catch (AssertionError e)
{
	log.info "ERROR: No services found."
	throw new RuntimeException("ERROR: No services found.")
}


// Get the first service ID and put into a test case property
def serviceId = idList[0]
testRunner.testCase.setPropertyValue("serviceId", serviceId)

log.info "serviceId: " + serviceId</script></con:config></con:testStep><con:testStep type="restrequest" name="GetFeatures" id="8af8f094-87bb-49a5-a88f-ef98cd9d00ec"><con:settings/><con:config service="https://tg-mobility.cloudhub.io" resourcePath="/catalog/features" methodName="Features" xsi:type="con:RestRequestStep" xmlns:xsi="http://www.w3.org/2001/XMLSchema-instance"><con:restRequest name="GetFeatures" id="49f55077-9407-4221-9bf6-675ab382f21f" mediaType="application/json"><con:settings><con:setting id="com.eviware.soapui.impl.wsdl.WsdlRequest@request-headers">&lt;xml-fragment/></con:setting></con:settings><con:endpoint>${#TestCase#URL}</con:endpoint><con:request/><con:originalUri>https://tg-mobility.cloudhub.io/mobility/v1/catalog/features</con:originalUri><con:assertion type="Valid HTTP Status Codes" id="c3d7c936-1ec1-4e5c-a0d1-1e91447171a8" name="Valid HTTP Status Codes"><con:settings/><con:configuration><codes>200</codes></con:configuration></con:assertion><con:assertion type="Simple Contains" id="28b7eeb6-6073-46ae-aa3c-959231e38fa6" name="Contains"><con:configuration><token>service=${#TestCase#serviceId}</token><ignoreCase>false</ignoreCase><useRegEx>false</useRegEx></con:configuration></con:assertion><con:credentials><con:selectedAuthProfile>No Authorization</con:selectedAuthProfile><con:authType>No Authorization</con:authType></con:credentials><con:jmsConfig JMSDeliveryMode="PERSISTENT"/><con:parameters>
  <con:entry key="Authorization" value="Bearer ${#TestCase#AccessToken}"/>
  <con:entry key="sortAscending" value="${#TestCase#sortAscending}"/>
  <con:entry key="service" value="${#TestCase#serviceId}"/>
  <con:entry key="X-TNGO-TENANT" value="${#TestCase#Tenant}"/>
  <con:entry key="sortBy" value=""/>
  <con:entry key="client_secret" value="${#TestCase#client_secret}"/>
  <con:entry key="client_id" value="${#TestCase#client_Id}"/>
</con:parameters><con:parameterOrder><con:entry>X-TNGO-TENANT</con:entry><con:entry>Authorization</con:entry><con:entry>client_id</con:entry><con:entry>client_secret</con:entry><con:entry>sortAscending</con:entry><con:entry>service</con:entry><con:entry>sortBy</con:entry></con:parameterOrder></con:restRequest></con:config></con:testStep><con:testStep type="groovy" name="VerifyJSONResponseFeatures" id="87776177-e2fe-4113-8034-ed1ac5124808"><con:settings/><con:config><script>import groovy.json.JsonSlurper 

def groovyUtils = new com.eviware.soapui.support.GroovyUtils( context ); 
def testCase = context.testCase; 
def testStep = testCase.getTestStepByName("GetFeatures") 

def mainUrl = testRunner.testCase.getPropertyValue("URL")

//  need for external call.
testRunner = new com.eviware.soapui.impl.wsdl.testcase.WsdlTestCaseRunner(testCase, null); 
testStepContext = new com.eviware.soapui.impl.wsdl.testcase.WsdlTestRunContext(testStep); 

// get response of last test step run.
def response = testStep.testRequest.messageExchange.response.responseContent
def slurper = new JsonSlurper()
def json = slurper.parseText response

def serviceId = testRunner.testCase.getPropertyValue("serviceId")
def sortAscending = testRunner.testCase.getPropertyValue("sortAscending")


/* Expected Values */

String featuresMetaHref = mainUrl +  "/catalog/features?sortAscending=" + sortAscending + "&amp;service=" + serviceId

String featuresItems1Id = "767"
String featuresItems1MetaHref = mainUrl + "/catalog/features/" + featuresItems1Id
String featuresItems1Description = "250 Text Messages"
String featuresItems1PriceAmount = "5"

String featuresItems2Id = "3320"
String featuresItems2MetaHref = mainUrl + "/catalog/features/" + featuresItems2Id
String featuresItems2Description = "2GB 3G Mobile Hotspot &amp; Mobile Broadband Connect for iPhone"
String featuresItems2PriceAmount = "20"

String featuresItems3Id = "74"
String featuresItems3MetaHref =  mainUrl +  "/catalog/features/" + featuresItems3Id
String featuresItems3Description = "3-Way Calling"
String featuresItems3PriceAmount = "0"

// Common to all features
context.featuresItemsPriceCurrencyCode = "USD"
context.featuresItemsPriceRecurrence = "MONTHLY"
context.featuresItemsAvailableActions1 = "ADD"
context.featuresItemsAvailableActions2 = "REMOVE"



/* Verify expected results */

CompareItemsTwoStrings(json.features._meta.href, featuresMetaHref)

CompareItemsTwoStrings(json.features.items[0]._meta.href, featuresItems1MetaHref)
CompareItemsTwoStrings(json.features.items[0].id, featuresItems1Id)
CompareItemsTwoStrings(json.features.items[0].description, featuresItems1Description)
CompareItemsTwoStrings(json.features.items[0].price.amount, featuresItems1PriceAmount)
CompareItemsTwoStrings(json.features.items[0].price.currencyCode, context.featuresItemsPriceCurrencyCode)
CompareItemsTwoStrings(json.features.items[0].price.recurrence, context.featuresItemsPriceRecurrence)
CompareItemsTwoStrings(json.features.items[0].availableActions[0], context.featuresItemsAvailableActions1)
CompareItemsTwoStrings(json.features.items[0].availableActions[1], context.featuresItemsAvailableActions2)

CompareItemsTwoStrings(json.features.items[1]._meta.href, featuresItems2MetaHref)
CompareItemsTwoStrings(json.features.items[1].id, featuresItems2Id)
CompareItemsTwoStrings(json.features.items[1].description, featuresItems2Description)
CompareItemsTwoStrings(json.features.items[1].price.amount, featuresItems2PriceAmount)
CompareItemsTwoStrings(json.features.items[1].price.currencyCode, context.featuresItemsPriceCurrencyCode)
CompareItemsTwoStrings(json.features.items[1].price.recurrence, context.featuresItemsPriceRecurrence)
CompareItemsTwoStrings(json.features.items[1].availableActions[0], context.featuresItemsAvailableActions1)
CompareItemsTwoStrings(json.features.items[1].availableActions[1], context.featuresItemsAvailableActions2)

CompareItemsTwoStrings(json.features.items[2]._meta.href, featuresItems3MetaHref)
CompareItemsTwoStrings(json.features.items[2].id, featuresItems3Id)
CompareItemsTwoStrings(json.features.items[2].description, featuresItems3Description)
CompareItemsTwoStrings(json.features.items[2].price.amount, featuresItems3PriceAmount)
CompareItemsTwoStrings(json.features.items[2].price.currencyCode, context.featuresItemsPriceCurrencyCode)
CompareItemsTwoStrings(json.features.items[2].price.recurrence, context.featuresItemsPriceRecurrence)
CompareItemsTwoStrings(json.features.items[2].availableActions[0], context.featuresItemsAvailableActions1)
CompareItemsTwoStrings(json.features.items[2].availableActions[1], context.featuresItemsAvailableActions2)


// Set up test case property with featureId to use in next request
testRunner.testCase.setPropertyValue("featureId", featuresItems1Id)

context.featuresItemsId = featuresItems1Id
context.featuresItemsMetaHref = featuresItems1MetaHref
context.featuresItemsDescription = featuresItems1Description
context.featuresItemsPriceAmount = featuresItems1PriceAmount



/* Methods */

void CompareItemsTwoStrings(json, expectedValueString)
{
	String jsonString = json
	
	// this will show each compare being made - DEBUG ONLY $
	log.info "Json: " + jsonString + " Expected: " + expectedValueString 
	assert(jsonString == expectedValueString) 
	// this seems to remove the "{" and "}" from the json string.
}




</script></con:config></con:testStep><con:testStep type="restrequest" name="GetFeatureId" id="49ea9655-570f-4864-a00b-8b6e0a7e7833"><con:settings/><con:config service="https://tg-mobility.cloudhub.io" resourcePath="/catalog/features/{id}" methodName="FeaturesId" xsi:type="con:RestRequestStep" xmlns:xsi="http://www.w3.org/2001/XMLSchema-instance"><con:restRequest name="GetFeatureId" id="83b5c821-2225-4394-bcdc-4eccdfb239eb" mediaType="application/json"><con:settings><con:setting id="com.eviware.soapui.impl.wsdl.WsdlRequest@request-headers">&lt;xml-fragment/></con:setting></con:settings><con:endpoint>${#TestCase#URL}</con:endpoint><con:request/><con:originalUri>https://tg-mobility.cloudhub.io/mobility/v1/catalog/features/767</con:originalUri><con:assertion type="Valid HTTP Status Codes" id="c3982485-bd08-47b3-afde-816ef41e0eda" name="Valid HTTP Status Codes"><con:settings/><con:configuration><codes>200
</codes></con:configuration></con:assertion><con:assertion type="Simple Contains" id="f416ce0b-0dc6-4e29-925f-8077f74fbca1" name="Contains"><con:configuration><token>${#TestCase#featureId}</token><ignoreCase>false</ignoreCase><useRegEx>false</useRegEx></con:configuration></con:assertion><con:credentials><con:selectedAuthProfile>No Authorization</con:selectedAuthProfile><con:authType>No Authorization</con:authType></con:credentials><con:jmsConfig JMSDeliveryMode="PERSISTENT"/><con:parameters>
  <con:entry key="Authorization" value="Bearer ${#TestCase#AccessToken}"/>
  <con:entry key="X-TNGO-TENANT" value="${#TestCase#Tenant}"/>
  <con:entry key="id" value="${#TestCase#featureId}"/>
  <con:entry key="client_secret" value="${#TestCase#client_secret}"/>
  <con:entry key="client_id" value="${#TestCase#client_Id}"/>
</con:parameters><con:parameterOrder><con:entry>X-TNGO-TENANT</con:entry><con:entry>Authorization</con:entry><con:entry>client_id</con:entry><con:entry>client_secret</con:entry><con:entry>id</con:entry></con:parameterOrder></con:restRequest></con:config></con:testStep><con:testStep type="groovy" name="VerifyJSONResponseFeatureId" id="f95e6fb2-6d48-4bc4-813a-469f3f9031c9"><con:settings/><con:config><script>import groovy.json.JsonSlurper 

def groovyUtils = new com.eviware.soapui.support.GroovyUtils( context ); 
def testCase = context.testCase; 
def testStep = testCase.getTestStepByName("GetFeatureId") 

//  need for external call.
testRunner = new com.eviware.soapui.impl.wsdl.testcase.WsdlTestCaseRunner(testCase, null); 
testStepContext = new com.eviware.soapui.impl.wsdl.testcase.WsdlTestRunContext(testStep); 

// get response of last test step run.
def response = testStep.testRequest.messageExchange.response.responseContent
def slurper = new JsonSlurper()
def json = slurper.parseText response


/* Expected Values */

String featuresItemsId = context.featuresItemsId
String featuresItemsMetaHref = context.featuresItemsMetaHref
String featuresItemsDescription = context.featuresItemsDescription
String featuresItemsPriceAmount = context.featuresItemsPriceAmount
String featuresItemsPriceCurrencyCode = context.featuresItemsPriceCurrencyCode
String featuresItemsPriceRecurrence = context.featuresItemsPriceRecurrence
String featuresItemsAvailableActions1 = context.featuresItemsAvailableActions1
String featuresItemsAvailableActions2 = context.featuresItemsAvailableActions2


/* Verify expected results */

CompareItemsTwoStrings(json._meta.href, featuresItemsMetaHref)
CompareItemsTwoStrings(json.id, featuresItemsId)
CompareItemsTwoStrings(json.description, featuresItemsDescription)
CompareItemsTwoStrings(json.price.amount, featuresItemsPriceAmount)
CompareItemsTwoStrings(json.price.currencyCode, featuresItemsPriceCurrencyCode)
CompareItemsTwoStrings(json.price.recurrence, featuresItemsPriceRecurrence)
CompareItemsTwoStrings(json.availableActions[0], featuresItemsAvailableActions1)
CompareItemsTwoStrings(json.availableActions[1], featuresItemsAvailableActions2)


/* Methods */

void CompareItemsTwoStrings(json, expectedValueString)
{
	String jsonString = json
	
	// this will show each compare being made - DEBUG ONLY $
	log.info "Json: " + jsonString + " Expected: " + expectedValueString 
	assert(jsonString == expectedValueString) 
	// this seems to remove the "{" and "}" from the json string.
}




</script></con:config></con:testStep><con:properties><con:property><con:name>Tenant</con:name><con:value>XX1</con:value></con:property><con:property><con:name>limit</con:name><con:value>10</con:value></con:property><con:property><con:name>offset</con:name><con:value>0</con:value></con:property><con:property><con:name>companyEmployeeId</con:name><con:value>Dudley.Doright2.XX1</con:value></con:property><con:property><con:name>AccessToken</con:name><con:value>QvrrIzxxMrHgn-f0Pa9QVWcXNfR9WS0IIv5llos54ADvOMLZzsl2TfeCrJoKKF3B6kA68oLCpwmIzfkPWtku-g</con:value></con:property><con:property><con:name>RefreshToken</con:name><con:value>wn4xdMPHRhCefDjx7unWx1xILqWeYkuBcGVhQIcZAvBD_tD0pAC9J3oBpq7I3b1u55-UbMJSdCMriGwFH1KbLg</con:value></con:property><con:property><con:name>DeviceId</con:name><con:value>35433759</con:value></con:property><con:property><con:name>ServiceId</con:name><con:value>31647595</con:value></con:property><con:property><con:name>EmployeeId</con:name><con:value>28680044</con:value></con:property><con:property><con:name>DepartmentId</con:name><con:value>11569020350</con:value></con:property><con:property><con:name>LogoUrl</con:name><con:value>https://qa1cmd.tangoe.com/</con:value></con:property><con:property><con:name>sortAscending</con:name><con:value>true</con:value></con:property><con:property><con:name>featureId</con:name><con:value>767</con:value></con:property><con:property><con:name>client_id</con:name><con:value>3c276cecdc674aabb5456f54b605bbbf</con:value></con:property><con:property><con:name>client_secret</con:name><con:value>c513c4a67492405d95CE4DB4B40B73FF</con:value></con:property><con:property><con:name>URL</con:name><con:value>https://tngo-qa-mobproc-cmd.cloudhub.io/mobproc/v1.qa</con:value></con:property></con:properties><con:reportParameters/></con:testCase><con:properties/><con:reportParameters/></con:testSuite><con:requirements/><con:properties/><con:wssContainer/><con:databaseConnectionContainer/><con:oAuth2ProfileContainer/><con:reporting><con:reportTemplates/><con:xmlTemplates/><con:xmlTemplates/><con:parameters/><con:parameters/></con:reporting><con:reporting/><con:authRepository/><con:tags/></con:soapui-project>