<?xml version="1.0" encoding="UTF-8"?>
<con:soapui-project id="44595e12-cc8b-4d2f-be4a-79d53611e3b1" activeEnvironment="Default environment" name="SFE13063_UserAttributes" lastOpened="2016-06-30T09:24:00.509-03:00" soapui-version="6.0.0" xmlns:con="http://eviware.com/soapui/config"><con:settings/><con:interface xsi:type="con:RestService" id="7d795980-2263-4295-bcbf-d851e0e9289e" wadlVersion="http://wadl.dev.java.net/2009/02" name="EmployeeId" type="rest" xmlns:xsi="http://www.w3.org/2001/XMLSchema-instance"><con:settings/><con:definitionCache type="TEXT" rootPart=""/><con:endpoints><con:endpoint>https://tngo-dev-mobproc-cmd.cloudhub.io</con:endpoint></con:endpoints><con:resource name="EmployeeId" path="/employees/{id}" id="f3912fc3-e65e-44dd-8e98-388198c76eaa"><con:settings/><con:parameters><con:parameter><con:name>id</con:name><con:value/><con:style>TEMPLATE</con:style><con:default/></con:parameter><con:parameter><con:name>X-TNGO-TENANT</con:name><con:value/><con:style>HEADER</con:style><con:default/><con:description xsi:nil="true"/></con:parameter><con:parameter><con:name>Authorization</con:name><con:value/><con:style>HEADER</con:style><con:default/><con:description xsi:nil="true"/></con:parameter><con:parameter><con:name>client_id</con:name><con:value/><con:style>HEADER</con:style><con:default/><con:description xsi:nil="true"/></con:parameter><con:parameter><con:name>client_secret</con:name><con:value/><con:style>HEADER</con:style><con:default/><con:description xsi:nil="true"/></con:parameter></con:parameters><con:method name="EmployeeId" id="d2c272bd-4654-439f-bc79-a56f87d7d7c2" method="GET"><con:settings/><con:parameters/><con:representation type="RESPONSE"><con:mediaType>application/json;charset=UTF-8</con:mediaType><con:status>200</con:status><con:params/><con:element xmlns:ns="https://tngo-qa-mobproc-cmd.cloudhub.io/mobproc/v1.qa/employees/28680025">ns:Response</con:element></con:representation><con:request name="Request 1" id="6130b7bc-1f79-4d62-9ed4-c8c709ba7ce1" mediaType="application/json"><con:settings><con:setting id="com.eviware.soapui.impl.wsdl.WsdlRequest@request-headers">&lt;xml-fragment/></con:setting></con:settings><con:endpoint>None</con:endpoint><con:request/><con:credentials><con:selectedAuthProfile>No Authorization</con:selectedAuthProfile><con:authType>No Authorization</con:authType></con:credentials><con:jmsConfig JMSDeliveryMode="PERSISTENT"/><con:parameters><entry key="id" value="" xmlns="http://eviware.com/soapui/config"/></con:parameters><con:parameterOrder><con:entry>X-TNGO-TENANT</con:entry><con:entry>Authorization</con:entry><con:entry>client_id</con:entry><con:entry>client_secret</con:entry><con:entry>id</con:entry></con:parameterOrder></con:request></con:method></con:resource></con:interface><con:interface xsi:type="con:RestService" id="5ae3e2d9-c18e-4530-adbe-6aa67bc8f3eb" wadlVersion="http://wadl.dev.java.net/2009/02" name="Employees" type="rest" xmlns:xsi="http://www.w3.org/2001/XMLSchema-instance"><con:settings/><con:definitionCache type="TEXT" rootPart=""/><con:endpoints><con:endpoint>https://tngo-dev-mobproc-cmd.cloudhub.io</con:endpoint></con:endpoints><con:resource name="Employees" path="/employees" id="5875e0dc-ab18-41cb-9335-b13a27b6b692"><con:settings/><con:parameters><con:parameter><con:name>sortAscending</con:name><con:value>true</con:value><con:style>QUERY</con:style><con:default>true</con:default><con:path xsi:nil="true"/><con:description xsi:nil="true"/></con:parameter><con:parameter><con:name>offset</con:name><con:value>0</con:value><con:style>QUERY</con:style><con:default>0</con:default><con:path xsi:nil="true"/><con:description xsi:nil="true"/></con:parameter><con:parameter><con:name>limit</con:name><con:value>10</con:value><con:style>QUERY</con:style><con:default>10</con:default><con:path xsi:nil="true"/><con:description xsi:nil="true"/></con:parameter><con:parameter><con:name>firstName</con:name><con:value>AnaLaura</con:value><con:style>QUERY</con:style><con:default>AnaLaura</con:default><con:path xsi:nil="true"/><con:description xsi:nil="true"/></con:parameter><con:parameter><con:name>lastName</con:name><con:value>Pace</con:value><con:style>QUERY</con:style><con:default>Pace</con:default><con:path xsi:nil="true"/><con:description xsi:nil="true"/></con:parameter><con:parameter><con:name>includeAddress</con:name><con:value>true</con:value><con:style>QUERY</con:style><con:default>true</con:default><con:path xsi:nil="true"/><con:description xsi:nil="true"/></con:parameter><con:parameter><con:name>Authorization</con:name><con:value/><con:style>HEADER</con:style><con:default/><con:description xsi:nil="true"/></con:parameter><con:parameter><con:name>X-TNGO-TENANT</con:name><con:value/><con:style>HEADER</con:style><con:default/><con:description xsi:nil="true"/></con:parameter><con:parameter><con:name>client_id</con:name><con:value/><con:style>HEADER</con:style><con:default/><con:description xsi:nil="true"/></con:parameter><con:parameter><con:name>client_secret</con:name><con:value/><con:style>HEADER</con:style><con:default/><con:description xsi:nil="true"/></con:parameter></con:parameters><con:method name="Employees" id="3903cdfa-0327-4a7e-8d60-ccb80d0a35ba" method="GET"><con:settings/><con:parameters/><con:representation type="FAULT"><con:mediaType>application/json</con:mediaType><con:status>403</con:status><con:params/><con:element xmlns:emp="https://tngo-qa-mobproc-cmd.cloudhub.io/mobproc/v1.qa/employees">emp:Fault</con:element></con:representation><con:representation type="RESPONSE"><con:mediaType>application/json;charset=UTF-8</con:mediaType><con:status>200</con:status><con:params/><con:element xmlns:emp="https://tngo-qa-mobproc-cmd.cloudhub.io/mobproc/v1.qa/employees">emp:Response</con:element></con:representation><con:representation type="RESPONSE"><con:mediaType xsi:nil="true"/><con:status>0</con:status><con:params/><con:element>data</con:element></con:representation><con:request name="Request 1" id="556003bc-beae-4ee6-a340-094dcfcff27a" mediaType="application/json"><con:settings><con:setting id="com.eviware.soapui.impl.wsdl.WsdlRequest@request-headers">&lt;xml-fragment/></con:setting></con:settings><con:endpoint>None</con:endpoint><con:request/><con:credentials><con:selectedAuthProfile>No Authorization</con:selectedAuthProfile><con:authType>No Authorization</con:authType></con:credentials><con:jmsConfig JMSDeliveryMode="PERSISTENT"/><con:parameters>
  <con:entry key="firstName" value="AnaLaura"/>
  <con:entry key="lastName" value="Pace"/>
  <con:entry key="sortAscending" value="true"/>
  <con:entry key="offset" value="0"/>
  <con:entry key="limit" value="10"/>
  <con:entry key="includeAddress" value="true"/>
</con:parameters><con:parameterOrder><con:entry>X-TNGO-TENANT</con:entry><con:entry>Authorization</con:entry><con:entry>client_id</con:entry><con:entry>client_secret</con:entry><con:entry>sortAscending</con:entry><con:entry>offset</con:entry><con:entry>limit</con:entry><con:entry>firstName</con:entry><con:entry>lastName</con:entry><con:entry>includeAddress</con:entry></con:parameterOrder></con:request></con:method></con:resource></con:interface><con:interface xsi:type="con:RestService" id="c801068a-52c3-497c-9654-de6773dbade8" wadlVersion="http://wadl.dev.java.net/2009/02" name="AssetsDevicesId" type="rest" xmlns:xsi="http://www.w3.org/2001/XMLSchema-instance"><con:settings/><con:definitionCache type="TEXT" rootPart=""/><con:endpoints/><con:resource name="DevicesId" path="/assets/devices/{id}" id="4c86cfb9-0c91-45e0-87e8-10d8c2a3de86"><con:settings/><con:parameters><con:parameter><con:name>X-TNGO-TENANT</con:name><con:value/><con:style>HEADER</con:style><con:default/><con:description xsi:nil="true"/></con:parameter><con:parameter><con:name>Authorization</con:name><con:value/><con:style>HEADER</con:style><con:default/><con:description xsi:nil="true"/></con:parameter><con:parameter><con:name>client_id</con:name><con:value/><con:style>HEADER</con:style><con:default/><con:description xsi:nil="true"/></con:parameter><con:parameter><con:name>client_secret</con:name><con:value/><con:style>HEADER</con:style><con:default/><con:description xsi:nil="true"/></con:parameter><con:parameter><con:name>id</con:name><con:value/><con:style>TEMPLATE</con:style><con:default/><con:description xsi:nil="true"/></con:parameter></con:parameters><con:method name="DevicesId" id="529d7107-f621-4729-bfa9-289fe7a56847" method="GET"><con:settings/><con:parameters/><con:representation type="FAULT"><con:mediaType>application/json</con:mediaType><con:status>403</con:status><con:params/></con:representation><con:representation type="RESPONSE"><con:mediaType>application/json;charset=UTF-8</con:mediaType><con:status>200</con:status><con:params/><con:element xmlns:dev="https://tngo-qa-mobproc-cmd.cloudhub.io/mobproc/v1.qa/assets/devices">dev:Response</con:element></con:representation><con:request name="Request 1" id="3cd6b9f5-8578-49dc-92c0-42ed92f9aa7b" mediaType="application/json"><con:settings><con:setting id="com.eviware.soapui.impl.wsdl.WsdlRequest@request-headers">&lt;xml-fragment/></con:setting></con:settings><con:endpoint>None</con:endpoint><con:request/><con:credentials><con:selectedAuthProfile>No Authorization</con:selectedAuthProfile><con:authType>No Authorization</con:authType></con:credentials><con:jmsConfig JMSDeliveryMode="PERSISTENT"/><con:parameters/><con:parameterOrder><con:entry>X-TNGO-TENANT</con:entry><con:entry>Authorization</con:entry><con:entry>client_id</con:entry><con:entry>client_secret</con:entry><con:entry>id</con:entry></con:parameterOrder></con:request></con:method></con:resource></con:interface><con:interface xsi:type="con:RestService" id="b8930e5c-cb77-4530-a8bc-98debd6bd444" wadlVersion="http://wadl.dev.java.net/2009/02" name="Me" type="rest" xmlns:xsi="http://www.w3.org/2001/XMLSchema-instance"><con:settings/><con:definitionCache type="TEXT" rootPart=""/><con:endpoints/><con:resource name="Me" path="/me" id="3bf15b0c-64f9-4711-804e-50bf9ebf29d2"><con:settings/><con:parameters><con:parameter><con:name>X-TNGO-TENANT</con:name><con:value/><con:style>HEADER</con:style><con:default/><con:description xsi:nil="true"/></con:parameter><con:parameter><con:name>Authorization</con:name><con:value/><con:style>HEADER</con:style><con:default/><con:description xsi:nil="true"/></con:parameter><con:parameter><con:name>client_id</con:name><con:value/><con:style>HEADER</con:style><con:default/><con:description xsi:nil="true"/></con:parameter><con:parameter><con:name>client_secret</con:name><con:value/><con:style>HEADER</con:style><con:default/><con:description xsi:nil="true"/></con:parameter></con:parameters><con:method name="Me" id="7102d90d-672d-43ac-9981-42fcf6f1a578" method="GET"><con:settings/><con:parameters/><con:representation type="RESPONSE"><con:mediaType xsi:nil="true"/><con:status>0</con:status><con:params/><con:element>data</con:element></con:representation><con:representation type="RESPONSE"><con:mediaType xsi:nil="true"/><con:status>0</con:status><con:params/><con:element>data</con:element></con:representation><con:representation type="RESPONSE"><con:mediaType>application/json;charset=UTF-8</con:mediaType><con:status>200</con:status><con:params/><con:element xmlns:me="https://tngo-qa-mobproc-cmd.cloudhub.io/mobproc/v1.qa/me">me:Response</con:element></con:representation><con:request name="Request 1" id="1a78ab67-d320-484c-bea2-326263d615ab" mediaType="application/json"><con:settings><con:setting id="com.eviware.soapui.impl.wsdl.WsdlRequest@request-headers">&lt;xml-fragment/></con:setting></con:settings><con:endpoint>None</con:endpoint><con:request/><con:credentials><con:selectedAuthProfile>No Authorization</con:selectedAuthProfile><con:authType>No Authorization</con:authType></con:credentials><con:jmsConfig JMSDeliveryMode="PERSISTENT"/><con:parameters/><con:parameterOrder><con:entry>X-TNGO-TENANT</con:entry><con:entry>Authorization</con:entry><con:entry>client_id</con:entry><con:entry>client_secret</con:entry></con:parameterOrder></con:request></con:method></con:resource></con:interface><con:interface xsi:type="con:RestService" id="4cfcf755-61f4-4ace-898b-fb92520ef214" wadlVersion="http://wadl.dev.java.net/2009/02" name="AssetsServicesId" type="rest" xmlns:xsi="http://www.w3.org/2001/XMLSchema-instance"><con:settings/><con:definitionCache type="TEXT" rootPart=""/><con:endpoints/><con:resource name="AssetsServicesId" path="/assets/services/{id}" id="fb67df03-45ce-469f-907e-eaa62bb431be"><con:settings/><con:parameters><con:parameter><con:name>id</con:name><con:value>id</con:value><con:style>TEMPLATE</con:style><con:default>id</con:default><con:path xsi:nil="true"/><con:description xsi:nil="true"/></con:parameter><con:parameter><con:name>X-TNGO-TENANT</con:name><con:value/><con:style>HEADER</con:style><con:default/><con:description xsi:nil="true"/></con:parameter><con:parameter><con:name>Authorization</con:name><con:value/><con:style>HEADER</con:style><con:default/><con:description xsi:nil="true"/></con:parameter><con:parameter><con:name>client_id</con:name><con:value/><con:style>HEADER</con:style><con:default/><con:description xsi:nil="true"/></con:parameter><con:parameter><con:name>client_secret</con:name><con:value/><con:style>HEADER</con:style><con:default/><con:description xsi:nil="true"/></con:parameter></con:parameters><con:method name="AssetsServicesId" id="979faa42-369d-4418-bcc5-da4a55615462" method="GET"><con:settings/><con:parameters/><con:representation type="RESPONSE"><con:mediaType>application/json;charset=UTF-8</con:mediaType><con:status>200</con:status><con:params/><con:element xmlns:ns="https://tngo-qa-mobproc-cmd.cloudhub.io/mobproc/v1.qa/assets/services/38457007">ns:Response</con:element></con:representation><con:request name="Request 1" id="3d1d3040-f45f-4d17-8288-422ffa53c2fb" mediaType="application/json"><con:settings><con:setting id="com.eviware.soapui.impl.wsdl.WsdlRequest@request-headers">&lt;xml-fragment/></con:setting></con:settings><con:endpoint>None</con:endpoint><con:request/><con:credentials><con:selectedAuthProfile>No Authorization</con:selectedAuthProfile><con:authType>No Authorization</con:authType></con:credentials><con:jmsConfig JMSDeliveryMode="PERSISTENT"/><con:parameters><entry key="id" value="" xmlns="http://eviware.com/soapui/config"/></con:parameters><con:parameterOrder><con:entry>X-TNGO-TENANT</con:entry><con:entry>Authorization</con:entry><con:entry>client_id</con:entry><con:entry>client_secret</con:entry><con:entry>id</con:entry></con:parameterOrder></con:request></con:method></con:resource></con:interface><con:interface xsi:type="con:RestService" id="f2d2851f-248d-4f95-a6de-266fdaba40eb" wadlVersion="http://wadl.dev.java.net/2009/02" name="Orders" type="rest" xmlns:xsi="http://www.w3.org/2001/XMLSchema-instance"><con:settings/><con:definitionCache type="TEXT" rootPart=""/><con:endpoints/><con:resource name="Orders" path="/orders" id="799c59b0-5cc7-4142-bdc9-472dca536e8d"><con:settings/><con:parameters><con:parameter><con:name>X-TNGO-TENANT</con:name><con:value/><con:style>HEADER</con:style><con:default/><con:description xsi:nil="true"/></con:parameter><con:parameter><con:name>Authorization</con:name><con:value/><con:style>HEADER</con:style><con:default/><con:description xsi:nil="true"/></con:parameter><con:parameter><con:name>client_id</con:name><con:value/><con:style>HEADER</con:style><con:default/><con:description xsi:nil="true"/></con:parameter><con:parameter><con:name>client_secret</con:name><con:value/><con:style>HEADER</con:style><con:default/><con:description xsi:nil="true"/></con:parameter><con:parameter><con:name>offset</con:name><con:value/><con:style>QUERY</con:style><con:default/><con:description xsi:nil="true"/></con:parameter><con:parameter><con:name>limit</con:name><con:value/><con:style>QUERY</con:style><con:default/><con:description xsi:nil="true"/></con:parameter><con:parameter><con:name>sortAscending</con:name><con:value/><con:style>QUERY</con:style><con:default/><con:description xsi:nil="true"/></con:parameter></con:parameters><con:method name="Orders" id="d391b73b-ad70-498d-aedd-c7465bc4bea6" method="GET"><con:settings/><con:parameters/><con:representation type="RESPONSE"><con:mediaType>application/json;charset=UTF-8</con:mediaType><con:status>200</con:status><con:params/><con:element xmlns:ord="https://tngo-qa-mobproc-cmd.cloudhub.io/mobproc/v1.qa/orders">ord:Response</con:element></con:representation><con:request name="Request 1" id="1250d230-4f81-4b99-98db-a2d014cdb956" mediaType="application/json"><con:settings><con:setting id="com.eviware.soapui.impl.wsdl.WsdlRequest@request-headers">&lt;xml-fragment/></con:setting></con:settings><con:endpoint>None</con:endpoint><con:request/><con:credentials><con:selectedAuthProfile>No Authorization</con:selectedAuthProfile><con:authType>No Authorization</con:authType></con:credentials><con:jmsConfig JMSDeliveryMode="PERSISTENT"/><con:parameters/><con:parameterOrder><con:entry>X-TNGO-TENANT</con:entry><con:entry>Authorization</con:entry><con:entry>client_id</con:entry><con:entry>client_secret</con:entry><con:entry>offset</con:entry><con:entry>limit</con:entry><con:entry>sortAscending</con:entry></con:parameterOrder></con:request></con:method></con:resource><con:resource name="OrdersId" path="/orders/{id}" id="376ea2c4-1046-48af-9034-d3be7b5922ab"><con:settings/><con:parameters><con:parameter><con:name>X-TNGO-TENANT</con:name><con:value/><con:style>HEADER</con:style><con:default/><con:description xsi:nil="true"/></con:parameter><con:parameter><con:name>Authorization</con:name><con:value/><con:style>HEADER</con:style><con:default/><con:description xsi:nil="true"/></con:parameter><con:parameter><con:name>client_id</con:name><con:value/><con:style>HEADER</con:style><con:default/><con:description xsi:nil="true"/></con:parameter><con:parameter><con:name>client_secret</con:name><con:value/><con:style>HEADER</con:style><con:default/><con:description xsi:nil="true"/></con:parameter><con:parameter><con:name>id</con:name><con:value/><con:style>TEMPLATE</con:style><con:default/><con:description xsi:nil="true"/></con:parameter></con:parameters><con:method name="Orders" id="d391b73b-ad70-498d-aedd-c7465bc4bea6" method="GET"><con:settings/><con:parameters/><con:representation type="RESPONSE"><con:mediaType>application/json;charset=UTF-8</con:mediaType><con:status>200</con:status><con:params/><con:element xmlns:ord="https://tngo-qa-mobproc-cmd.cloudhub.io/mobproc/v1.qa/orders">ord:Response</con:element></con:representation><con:request name="Request 1" id="1250d230-4f81-4b99-98db-a2d014cdb956" mediaType="application/json"><con:settings><con:setting id="com.eviware.soapui.impl.wsdl.WsdlRequest@request-headers">&lt;xml-fragment/></con:setting></con:settings><con:endpoint>None</con:endpoint><con:request/><con:credentials><con:selectedAuthProfile>No Authorization</con:selectedAuthProfile><con:authType>No Authorization</con:authType></con:credentials><con:jmsConfig JMSDeliveryMode="PERSISTENT"/><con:parameters/><con:parameterOrder><con:entry>X-TNGO-TENANT</con:entry><con:entry>Authorization</con:entry><con:entry>client_id</con:entry><con:entry>client_secret</con:entry><con:entry>id</con:entry></con:parameterOrder></con:request></con:method></con:resource></con:interface><con:interface xsi:type="con:RestService" id="1eb7a1e9-b3e4-4ec1-b4c3-a4104ff4e5ac" wadlVersion="http://wadl.dev.java.net/2009/02" name="Orders Id History" type="rest" xmlns:xsi="http://www.w3.org/2001/XMLSchema-instance"><con:settings/><con:definitionCache type="TEXT" rootPart=""/><con:endpoints><con:endpoint>https://tngo-qa-mobproc-cmd.cloudhub.io</con:endpoint></con:endpoints><con:resource name="History" path="/orders/{id}/history" id="dc301108-66bd-458a-a083-8a72f91ba735"><con:settings/><con:parameters><con:parameter><con:name>id</con:name><con:value>id</con:value><con:style>TEMPLATE</con:style><con:default>id</con:default><con:path xsi:nil="true"/><con:description xsi:nil="true"/></con:parameter><con:parameter><con:name>sortAscending</con:name><con:value>true</con:value><con:style>QUERY</con:style><con:default>true</con:default><con:path xsi:nil="true"/><con:description xsi:nil="true"/></con:parameter><con:parameter><con:name>X-TNGO-TENANT</con:name><con:value/><con:style>HEADER</con:style><con:default/><con:description xsi:nil="true"/></con:parameter><con:parameter><con:name>Authorization</con:name><con:value/><con:style>HEADER</con:style><con:default/><con:description xsi:nil="true"/></con:parameter><con:parameter><con:name>client_id</con:name><con:value/><con:style>HEADER</con:style><con:default/><con:description xsi:nil="true"/></con:parameter><con:parameter><con:name>client_secret</con:name><con:value/><con:style>HEADER</con:style><con:default/><con:description xsi:nil="true"/></con:parameter></con:parameters><con:method name="History" id="27e2539c-b763-49d2-ad1a-a3b349430bb1" method="GET"><con:settings/><con:parameters/><con:representation type="RESPONSE"><con:mediaType>application/json;charset=UTF-8</con:mediaType><con:status>200</con:status><con:params/><con:element xmlns:his="https://tngo-qa-mobproc-cmd.cloudhub.io/mobproc/v1.qa/orders/8718386/history">his:Response</con:element></con:representation><con:request name="Request 1" id="7da43ddf-158a-4a29-b360-5462998a41a6" mediaType="application/json"><con:settings><con:setting id="com.eviware.soapui.impl.wsdl.WsdlRequest@request-headers">&lt;xml-fragment/></con:setting></con:settings><con:endpoint>None</con:endpoint><con:request/><con:credentials><con:selectedAuthProfile>No Authorization</con:selectedAuthProfile><con:authType>No Authorization</con:authType></con:credentials><con:jmsConfig JMSDeliveryMode="PERSISTENT"/><con:parameters>
  <con:entry key="sortAscending" value=""/>
  <con:entry key="id" value=""/>
</con:parameters><con:parameterOrder><con:entry>X-TNGO-TENANT</con:entry><con:entry>Authorization</con:entry><con:entry>client_id</con:entry><con:entry>client_secret</con:entry><con:entry>sortAscending</con:entry><con:entry>id</con:entry></con:parameterOrder></con:request></con:method></con:resource></con:interface><con:testSuite id="e30bfb68-edb8-414e-baa7-8b76bb26fa8c" name="TS_EmployeeIdUserAttributes"><con:settings/><con:runType>SEQUENTIAL</con:runType><con:testCase id="665beab1-b86b-426d-b397-eb94c66952ce" discardOkResults="true" failOnError="true" failTestCaseOnErrors="true" keepSession="false" name="TC_EmployeeIdUserAttributes" searchProperties="true"><con:description/><con:settings/><con:testStep type="groovy" name="ScriptSetup" id="4e5c0559-7716-4fa6-8df6-806409c330de"><con:settings/><con:config><script>// /////////////////////////////////////////////
// This sets up all of the test case properties
// /////////////////////////////////////////////

def groovyUtils = new com.eviware.soapui.support.GroovyUtils( context ); 
def projectPath = groovyUtils.projectPath //gets the path of the project root

// this is sanity check with a simple call. all this does is verify a simple connection 
// to the external clases by logging a message in log window.
soapUIScripts.CommonMethods.StaticMethod(log) 

// setup test case properties stored in 'DudleyDorightDataActions' class.
soapUIScripts.DudleyDorightDataActions.SetupTestCaseProperties(log, testRunner) 

// read in token pair and put in test case properties.
// NOTE: token pair must be in same folder as project
//       token pair must be up to date (not expired)
assert(soapUIScripts.CommonMethods.ReadTokenPair(projectPath + "\\" + "TokenPair.txt", log, testRunner) == true)

// read user Ids and assign to test case properties.
def userIdsFileName = projectPath + "\\" + "DudleyDoright.txt"

assert soapUIScripts.CommonMethods.ReadUserIdsURL(userIdsFileName, log, testRunner) == true
</script></con:config></con:testStep><con:testStep type="restrequest" name="GetEmployeeAna" id="4e8af84d-2b78-4978-b1c8-02296a8f577a"><con:settings/><con:config service="Employees" resourcePath="/employees" methodName="Employees" xsi:type="con:RestRequestStep" xmlns:xsi="http://www.w3.org/2001/XMLSchema-instance"><con:restRequest name="GetEmployeeAna" id="765bfb5f-6f34-4ddd-ba88-a3e0b1dc2c0f" mediaType="application/json"><con:settings><con:setting id="com.eviware.soapui.impl.wsdl.WsdlRequest@request-headers">&lt;xml-fragment/></con:setting></con:settings><con:endpoint>${#TestCase#URL}</con:endpoint><con:request/><con:originalUri>https://tngo-qa-mobproc-cmd.cloudhub.io/mobproc/v1.qa/employees</con:originalUri><con:assertion type="Valid HTTP Status Codes" id="5a26e0b7-1bfb-4f07-8528-10bc220a6689" name="Valid HTTP Status Codes"><con:settings/><con:configuration><codes>200</codes></con:configuration></con:assertion><con:credentials><con:selectedAuthProfile>No Authorization</con:selectedAuthProfile><con:authType>No Authorization</con:authType></con:credentials><con:jmsConfig JMSDeliveryMode="PERSISTENT"/><con:parameters>
  <con:entry key="Authorization" value="Bearer ${#TestCase#AccessToken}"/>
  <con:entry key="firstName" value="AnaLaura"/>
  <con:entry key="lastName" value="Pace"/>
  <con:entry key="sortAscending" value="true"/>
  <con:entry key="offset" value="0"/>
  <con:entry key="X-TNGO-TENANT" value="${#TestCase#Tenant}"/>
  <con:entry key="limit" value="1"/>
  <con:entry key="includeAddress" value="false"/>
  <con:entry key="client_secret" value="${#TestCase#client_secret}"/>
  <con:entry key="client_id" value="${#TestCase#client_Id}"/>
</con:parameters><con:parameterOrder><con:entry>X-TNGO-TENANT</con:entry><con:entry>Authorization</con:entry><con:entry>client_id</con:entry><con:entry>client_secret</con:entry><con:entry>sortAscending</con:entry><con:entry>offset</con:entry><con:entry>limit</con:entry><con:entry>firstName</con:entry><con:entry>lastName</con:entry><con:entry>includeAddress</con:entry></con:parameterOrder></con:restRequest></con:config></con:testStep><con:testStep type="groovy" name="GetEmployeeId" id="a30f32ae-e4dc-4d41-9c12-722a33db74b3"><con:settings/><con:config><script>import groovy.json.JsonSlurper 

def groovyUtils = new com.eviware.soapui.support.GroovyUtils( context ); 

def testCase = context.testCase; 
def testStep = testCase.getTestStepByName("GetEmployeeAna") 

//  need for external call.
testRunner = new com.eviware.soapui.impl.wsdl.testcase.WsdlTestCaseRunner(testCase, null); 
testStepContext = new com.eviware.soapui.impl.wsdl.testcase.WsdlTestRunContext(testStep); 

// get response of last test step run.
def response = testStep.testRequest.messageExchange.response.responseContent
def slurper = new JsonSlurper()
def json = slurper.parseText response

def employeeId = json.employees.items[0].id

testRunner.testCase.setPropertyValue("AnaEmployeeId", employeeId)
 </script></con:config></con:testStep><con:testStep type="restrequest" name="GetEmployeeByIdAna" id="fe78d6c1-7ed4-4b10-8193-9a3b8b7ca35a"><con:settings/><con:config service="EmployeeId" resourcePath="/employees/{id}" methodName="EmployeeId" xsi:type="con:RestRequestStep" xmlns:xsi="http://www.w3.org/2001/XMLSchema-instance"><con:restRequest name="GetEmployeeByIdAna" id="39b4baa2-ecbb-4c5e-94cc-ec6798492811" mediaType="application/json"><con:settings><con:setting id="com.eviware.soapui.impl.wsdl.WsdlRequest@request-headers">&lt;xml-fragment/></con:setting></con:settings><con:endpoint>${#TestCase#URL}</con:endpoint><con:request/><con:originalUri>https://tngo-qa-mobproc-cmd.cloudhub.io/mobproc/v1.qa/employees/28680025</con:originalUri><con:assertion type="Valid HTTP Status Codes" id="ac90b5a5-f582-4df1-89b7-a2abb929858b" name="Valid HTTP Status Codes"><con:settings/><con:configuration><codes>200</codes></con:configuration></con:assertion><con:credentials><con:selectedAuthProfile>No Authorization</con:selectedAuthProfile><con:authType>No Authorization</con:authType></con:credentials><con:jmsConfig JMSDeliveryMode="PERSISTENT"/><con:parameters>
  <con:entry key="Authorization" value="Bearer ${#TestCase#AccessToken}"/>
  <con:entry key="X-TNGO-TENANT" value="${#TestCase#Tenant}"/>
  <con:entry key="id" value="${#TestCase#AnaEmployeeId}"/>
  <con:entry key="client_secret" value="${#TestCase#client_secret}"/>
  <con:entry key="client_id" value="${#TestCase#client_Id}"/>
</con:parameters><con:parameterOrder><con:entry>X-TNGO-TENANT</con:entry><con:entry>Authorization</con:entry><con:entry>client_id</con:entry><con:entry>client_secret</con:entry><con:entry>id</con:entry></con:parameterOrder></con:restRequest></con:config></con:testStep><con:testStep type="groovy" name="VerifyUserAttributesAna" id="84d82e94-7554-482b-be6b-aa586bf2dba2"><con:settings/><con:config><script>import groovy.json.JsonSlurper 

def groovyUtils = new com.eviware.soapui.support.GroovyUtils( context ); 
def projectPath = groovyUtils.projectPath //gets the path of the project root

def testCase = context.testCase; 
def testStep = testCase.getTestStepByName("GetEmployeeByIdAna") 

//  need for external call.
testRunner = new com.eviware.soapui.impl.wsdl.testcase.WsdlTestCaseRunner(testCase, null); 
testStepContext = new com.eviware.soapui.impl.wsdl.testcase.WsdlTestRunContext(testStep); 

// get response of last test step run.
def response = testStep.testRequest.messageExchange.response.responseContent
def slurper = new JsonSlurper()
def json = slurper.parseText response


// Expected Values

String employeeProperties1ChoiceId = "test1"
String employeeProperties1ChoiceLabel = "test1"
String employeeProperties1Id = "test"
String employeeProperties1Label = "test"
String employeeProperties1Type = "CHOICE"

String employeeProperties2ChoiceId = "A"
String employeeProperties2ChoiceLabel = "A"
String employeeProperties2Id = "Test Attribute"
String employeeProperties2Label = "Test Attribute"
String employeeProperties2Type = "CHOICE"



CompareItemsTwoStrings(json.properties[0].choice.id, employeeProperties1ChoiceId)
CompareItemsTwoStrings(json.properties[0].choice.label, employeeProperties1ChoiceLabel)
CompareItemsTwoStrings(json.properties[0].id, employeeProperties1Id)
CompareItemsTwoStrings(json.properties[0].label, employeeProperties1Label)
CompareItemsTwoStrings(json.properties[0].type, employeeProperties1Type)

CompareItemsTwoStrings(json.properties[1].choice.id, employeeProperties2ChoiceId)
CompareItemsTwoStrings(json.properties[1].choice.label, employeeProperties2ChoiceLabel)
CompareItemsTwoStrings(json.properties[1].id, employeeProperties2Id)
CompareItemsTwoStrings(json.properties[1].label, employeeProperties2Label)
CompareItemsTwoStrings(json.properties[1].type, employeeProperties2Type)




/* Methods */

void CompareItemsTwoStrings(json, expectedValueString)
{
	
	// this will show each compare being made - DEBUG ONLY 
	// log.info "Json: " + json + " Expected: " + expectedValueString 
	assert(json == expectedValueString) 
	// this seems to remove the "{" and "}" from the json string.
}








 </script></con:config></con:testStep><con:testStep type="restrequest" name="GetEmployeeByIdDudley" id="0a43b310-cc13-4a6a-a82f-04868cf61cc2"><con:settings/><con:config service="EmployeeId" resourcePath="/employees/{id}" methodName="EmployeeId" xsi:type="con:RestRequestStep" xmlns:xsi="http://www.w3.org/2001/XMLSchema-instance"><con:restRequest name="GetEmployeeByIdDudley" id="39b4baa2-ecbb-4c5e-94cc-ec6798492811" mediaType="application/json"><con:settings><con:setting id="com.eviware.soapui.impl.wsdl.WsdlRequest@request-headers">&lt;xml-fragment/></con:setting></con:settings><con:endpoint>${#TestCase#URL}</con:endpoint><con:request/><con:originalUri>https://tngo-qa-mobproc-cmd.cloudhub.io/mobproc/v1.qa/employees/28680025</con:originalUri><con:assertion type="Valid HTTP Status Codes" id="ac90b5a5-f582-4df1-89b7-a2abb929858b" name="Valid HTTP Status Codes"><con:settings/><con:configuration><codes>200</codes></con:configuration></con:assertion><con:credentials><con:selectedAuthProfile>No Authorization</con:selectedAuthProfile><con:authType>No Authorization</con:authType></con:credentials><con:jmsConfig JMSDeliveryMode="PERSISTENT"/><con:parameters>
  <con:entry key="Authorization" value="Bearer ${#TestCase#AccessToken}"/>
  <con:entry key="X-TNGO-TENANT" value="${#TestCase#Tenant}"/>
  <con:entry key="id" value="${#TestCase#EmployeeId}"/>
  <con:entry key="client_secret" value="${#TestCase#client_secret}"/>
  <con:entry key="client_id" value="${#TestCase#client_Id}"/>
</con:parameters><con:parameterOrder><con:entry>X-TNGO-TENANT</con:entry><con:entry>Authorization</con:entry><con:entry>client_id</con:entry><con:entry>client_secret</con:entry><con:entry>id</con:entry></con:parameterOrder></con:restRequest></con:config></con:testStep><con:testStep type="groovy" name="VerifyUserAttributesDudley" id="db974f6b-57b9-4c91-9924-fa1934e44270"><con:settings/><con:config><script>import groovy.json.JsonSlurper 

def groovyUtils = new com.eviware.soapui.support.GroovyUtils( context ); 
def projectPath = groovyUtils.projectPath //gets the path of the project root

def testCase = context.testCase; 
def testStep = testCase.getTestStepByName("GetEmployeeByIdDudley") 

//  need for external call.
testRunner = new com.eviware.soapui.impl.wsdl.testcase.WsdlTestCaseRunner(testCase, null); 
testStepContext = new com.eviware.soapui.impl.wsdl.testcase.WsdlTestRunContext(testStep); 

// get response of last test step run.
def response = testStep.testRequest.messageExchange.response.responseContent
def slurper = new JsonSlurper()
def json = slurper.parseText response


// Expected Values

String employeeProperties1ChoiceId = "None"
String employeeProperties1ChoiceLabel = "None"
String employeeProperties1Id = "test"
String employeeProperties1Label = "test"
String employeeProperties1Type = "CHOICE"

String employeeProperties2ChoiceId = "None"
String employeeProperties2ChoiceLabel = "None"
String employeeProperties2Id = "Test Attribute"
String employeeProperties2Label = "Test Attribute"
String employeeProperties2Type = "CHOICE"



CompareItemsTwoStrings(json.properties[0].choice.id, employeeProperties1ChoiceId)
CompareItemsTwoStrings(json.properties[0].choice.label, employeeProperties1ChoiceLabel)
CompareItemsTwoStrings(json.properties[0].id, employeeProperties1Id)
CompareItemsTwoStrings(json.properties[0].label, employeeProperties1Label)
CompareItemsTwoStrings(json.properties[0].type, employeeProperties1Type)

CompareItemsTwoStrings(json.properties[1].choice.id, employeeProperties2ChoiceId)
CompareItemsTwoStrings(json.properties[1].choice.label, employeeProperties2ChoiceLabel)
CompareItemsTwoStrings(json.properties[1].id, employeeProperties2Id)
CompareItemsTwoStrings(json.properties[1].label, employeeProperties2Label)
CompareItemsTwoStrings(json.properties[1].type, employeeProperties2Type)



/* Methods */

void CompareItemsTwoStrings(json, expectedValueString)
{
	
	// this will show each compare being made - DEBUG ONLY 
	// log.info "Json: " + json + " Expected: " + expectedValueString 
	assert(json == expectedValueString) 
	// this seems to remove the "{" and "}" from the json string.
}








 </script></con:config></con:testStep><con:testStep type="restrequest" name="GetMe" id="e17cb8dc-d3ae-47a5-8ab4-4b423e604a5d"><con:settings/><con:config service="Me" resourcePath="/me" methodName="Me" xsi:type="con:RestRequestStep" xmlns:xsi="http://www.w3.org/2001/XMLSchema-instance"><con:restRequest name="GetMe" id="1a78ab67-d320-484c-bea2-326263d615ab" mediaType="application/json"><con:settings><con:setting id="com.eviware.soapui.impl.wsdl.WsdlRequest@request-headers">&lt;xml-fragment/></con:setting></con:settings><con:endpoint>${#TestCase#URL}</con:endpoint><con:request/><con:originalUri>https://tngo-qa-mobproc-cmd.cloudhub.io/mobproc/v1.qa/me</con:originalUri><con:assertion type="Valid HTTP Status Codes" id="23081669-9fc1-40b0-97a0-dc0b9e008afe" name="Valid HTTP Status Codes"><con:settings/><con:configuration><codes>200</codes></con:configuration></con:assertion><con:credentials><con:selectedAuthProfile>No Authorization</con:selectedAuthProfile><con:authType>No Authorization</con:authType></con:credentials><con:jmsConfig JMSDeliveryMode="PERSISTENT"/><con:parameters>
  <con:entry key="Authorization" value="Bearer ${#TestCase#AccessToken}"/>
  <con:entry key="X-TNGO-TENANT" value="${#TestCase#Tenant}"/>
  <con:entry key="client_secret" value="${#TestCase#client_secret}"/>
  <con:entry key="client_id" value="${#TestCase#client_Id}"/>
</con:parameters><con:parameterOrder><con:entry>X-TNGO-TENANT</con:entry><con:entry>Authorization</con:entry><con:entry>client_id</con:entry><con:entry>client_secret</con:entry></con:parameterOrder></con:restRequest></con:config></con:testStep><con:testStep type="groovy" name="VerifyUserAttributesMe" id="00395bd2-f8bf-43cb-8c9a-5ec5d6e4990a"><con:settings/><con:config><script>import groovy.json.JsonSlurper 

def groovyUtils = new com.eviware.soapui.support.GroovyUtils( context ); 
def projectPath = groovyUtils.projectPath //gets the path of the project root

def testCase = context.testCase; 
def testStep = testCase.getTestStepByName("GetMe") 

//  need for external call.
testRunner = new com.eviware.soapui.impl.wsdl.testcase.WsdlTestCaseRunner(testCase, null); 
testStepContext = new com.eviware.soapui.impl.wsdl.testcase.WsdlTestRunContext(testStep); 

// get response of last test step run.
def response = testStep.testRequest.messageExchange.response.responseContent
def slurper = new JsonSlurper()
def json = slurper.parseText response


// Expected Values

String actorProperties1ChoiceId = "None"
String actorProperties1ChoiceLabel = "None"
String actorProperties1Id = "test"
String actorProperties1Label = "test"
String actorProperties1Type = "CHOICE"

String actorProperties2ChoiceId = "None"
String actorProperties2ChoiceLabel = "None"
String actorProperties2Id = "Test Attribute"
String actorProperties2Label = "Test Attribute"
String actorProperties2Type = "CHOICE"



CompareItemsTwoStrings(json.actor.properties[0].choice.id, actorProperties1ChoiceId)
CompareItemsTwoStrings(json.actor.properties[0].choice.label, actorProperties1ChoiceLabel)
CompareItemsTwoStrings(json.actor.properties[0].id, actorProperties1Id)
CompareItemsTwoStrings(json.actor.properties[0].label, actorProperties1Label)
CompareItemsTwoStrings(json.actor.properties[0].type, actorProperties1Type)

CompareItemsTwoStrings(json.actor.properties[1].choice.id, actorProperties2ChoiceId)
CompareItemsTwoStrings(json.actor.properties[1].choice.label, actorProperties2ChoiceLabel)
CompareItemsTwoStrings(json.actor.properties[1].id, actorProperties2Id)
CompareItemsTwoStrings(json.actor.properties[1].label, actorProperties2Label)
CompareItemsTwoStrings(json.actor.properties[1].type, actorProperties2Type)



/* Methods */

void CompareItemsTwoStrings(json, expectedValueString)
{
	
	// this will show each compare being made - DEBUG ONLY 
	// log.info "Json: " + json + " Expected: " + expectedValueString 
	assert(json == expectedValueString) 
	// this seems to remove the "{" and "}" from the json string.
}








 </script></con:config></con:testStep><con:testStep type="restrequest" name="GetAssetDeviceId" id="59b39cb0-13ef-49a2-9c24-000a53c84345"><con:settings/><con:config service="AssetsDevicesId" resourcePath="/assets/devices/{id}" methodName="DevicesId" xsi:type="con:RestRequestStep" xmlns:xsi="http://www.w3.org/2001/XMLSchema-instance"><con:restRequest name="GetAssetDeviceId" id="3cd6b9f5-8578-49dc-92c0-42ed92f9aa7b" mediaType="application/json"><con:settings><con:setting id="com.eviware.soapui.impl.wsdl.WsdlRequest@request-headers">&lt;xml-fragment/></con:setting></con:settings><con:endpoint>${#TestCase#URL}</con:endpoint><con:request/><con:originalUri>https://tngo-qa-mobproc-cmd.cloudhub.io/mobproc/v1.qa/assets/devices/35433759</con:originalUri><con:assertion type="Valid HTTP Status Codes" id="a8250f90-4f3e-41a9-8c9d-21022cef2a46" name="Valid HTTP Status Codes"><con:settings/><con:configuration><codes>200</codes></con:configuration></con:assertion><con:assertion type="JsonPath Existence Match" id="5690bec7-b0da-46f5-b350-63c442d19123" name="Check for NOT existence of [properties[0].choice.id]"><con:configuration><path>$.employee.properties[0].choice.id</path><content>false</content><allowWildcards>false</allowWildcards><ignoreNamspaceDifferences>false</ignoreNamspaceDifferences><ignoreComments>false</ignoreComments></con:configuration></con:assertion><con:assertion type="JsonPath Existence Match" name="Check for NOT existence of [properties[0].choice.label]" id="b782924a-ded4-448c-84af-f4f247eafa47"><con:configuration><path>$.employee.properties[0].choice.label</path><content>false</content><allowWildcards>false</allowWildcards><ignoreNamspaceDifferences>false</ignoreNamspaceDifferences><ignoreComments>false</ignoreComments></con:configuration></con:assertion><con:assertion type="JsonPath Existence Match" name="Check for NOT existence of [properties[0].id]" id="4810aff1-1d02-4b82-8ce5-a97ee7001db5"><con:configuration><path>$.employee.properties[0].id</path><content>false</content><allowWildcards>false</allowWildcards><ignoreNamspaceDifferences>false</ignoreNamspaceDifferences><ignoreComments>false</ignoreComments></con:configuration></con:assertion><con:assertion type="JsonPath Existence Match" name="Check for NOT existence of [properties[0].label]" id="2e6b5b0a-fe1a-4c71-961f-0bbd157771ee"><con:configuration><path>$.employee.properties[0].label</path><content>false</content><allowWildcards>false</allowWildcards><ignoreNamspaceDifferences>false</ignoreNamspaceDifferences><ignoreComments>false</ignoreComments></con:configuration></con:assertion><con:assertion type="JsonPath Existence Match" name="Check for NOT existence of [properties[0].type]" id="55322e09-c204-4e40-8f76-6ca1c43d6cf5"><con:configuration><path>$.employee.properties[0].type</path><content>false</content><allowWildcards>false</allowWildcards><ignoreNamspaceDifferences>false</ignoreNamspaceDifferences><ignoreComments>false</ignoreComments></con:configuration></con:assertion><con:credentials><con:selectedAuthProfile>No Authorization</con:selectedAuthProfile><con:authType>No Authorization</con:authType></con:credentials><con:jmsConfig JMSDeliveryMode="PERSISTENT"/><con:parameters>
  <con:entry key="Authorization" value="Bearer ${#TestCase#AccessToken}"/>
  <con:entry key="X-TNGO-TENANT" value="${#TestCase#Tenant}"/>
  <con:entry key="id" value="${#TestCase#DeviceId}"/>
  <con:entry key="client_secret" value="${#TestCase#client_secret}"/>
  <con:entry key="client_id" value="${#TestCase#client_Id}"/>
</con:parameters><con:parameterOrder><con:entry>X-TNGO-TENANT</con:entry><con:entry>Authorization</con:entry><con:entry>client_id</con:entry><con:entry>client_secret</con:entry><con:entry>id</con:entry></con:parameterOrder></con:restRequest></con:config></con:testStep><con:testStep type="restrequest" name="GetAssetServiceId" id="c95ab0e0-9277-477c-bd07-da2e7ac76388"><con:settings/><con:config service="AssetsServicesId" resourcePath="/assets/services/{id}" methodName="AssetsServicesId" xsi:type="con:RestRequestStep" xmlns:xsi="http://www.w3.org/2001/XMLSchema-instance"><con:restRequest name="GetAssetServiceId" id="3d1d3040-f45f-4d17-8288-422ffa53c2fb" mediaType="application/json"><con:settings><con:setting id="com.eviware.soapui.impl.wsdl.WsdlRequest@request-headers">&lt;xml-fragment/></con:setting></con:settings><con:endpoint>${#TestCase#URL}</con:endpoint><con:request/><con:originalUri>https://tngo-qa-mobproc-cmd.cloudhub.io/mobproc/v1.qa/assets/services/38457007</con:originalUri><con:assertion type="Valid HTTP Status Codes" name="Valid HTTP Status Codes" id="60b9f862-fa75-4797-9b55-e5348da91d48"><con:settings/><con:configuration><codes>200</codes></con:configuration></con:assertion><con:assertion type="JsonPath Existence Match" name="Check for NOT existence of [properties[0].choice.id]" id="96996783-99e6-4258-b38c-89d9f5fbe78a"><con:configuration><path>$.employee.properties[0].choice.id</path><content>false</content><allowWildcards>false</allowWildcards><ignoreNamspaceDifferences>false</ignoreNamspaceDifferences><ignoreComments>false</ignoreComments></con:configuration></con:assertion><con:assertion type="JsonPath Existence Match" name="Check for NOT existence of [properties[0].choice.label]" id="2d917a5f-435d-47bc-9346-4f1394ab4985"><con:configuration><path>$.employee.properties[0].choice.label</path><content>false</content><allowWildcards>false</allowWildcards><ignoreNamspaceDifferences>false</ignoreNamspaceDifferences><ignoreComments>false</ignoreComments></con:configuration></con:assertion><con:assertion type="JsonPath Existence Match" name="Check for NOT existence of [properties[0].id]" id="4e364bdc-4eba-4491-b405-eccde48ab9e9"><con:configuration><path>$.employee.properties[0].id</path><content>false</content><allowWildcards>false</allowWildcards><ignoreNamspaceDifferences>false</ignoreNamspaceDifferences><ignoreComments>false</ignoreComments></con:configuration></con:assertion><con:assertion type="JsonPath Existence Match" name="Check for NOT existence of [properties[0].label]" id="bb716b22-98f8-4105-80ff-7e67916054ac"><con:configuration><path>$.employee.properties[0].label</path><content>false</content><allowWildcards>false</allowWildcards><ignoreNamspaceDifferences>false</ignoreNamspaceDifferences><ignoreComments>false</ignoreComments></con:configuration></con:assertion><con:assertion type="JsonPath Existence Match" name="Check for NOT existence of [properties[0].type]" id="e9f60b3d-68b1-4147-8a90-1dc603a78f30"><con:configuration><path>$.employee.properties[0].type</path><content>false</content><allowWildcards>false</allowWildcards><ignoreNamspaceDifferences>false</ignoreNamspaceDifferences><ignoreComments>false</ignoreComments></con:configuration></con:assertion><con:credentials><con:selectedAuthProfile>No Authorization</con:selectedAuthProfile><con:authType>No Authorization</con:authType></con:credentials><con:jmsConfig JMSDeliveryMode="PERSISTENT"/><con:parameters>
  <con:entry key="Authorization" value="Bearer ${#TestCase#AccessToken}"/>
  <con:entry key="X-TNGO-TENANT" value="${#TestCase#Tenant}"/>
  <con:entry key="id" value="${#TestCase#ServiceId}"/>
  <con:entry key="client_secret" value="${#TestCase#client_secret}"/>
  <con:entry key="client_id" value="${#TestCase#client_Id}"/>
</con:parameters><con:parameterOrder><con:entry>X-TNGO-TENANT</con:entry><con:entry>Authorization</con:entry><con:entry>client_id</con:entry><con:entry>client_secret</con:entry><con:entry>id</con:entry></con:parameterOrder></con:restRequest></con:config></con:testStep><con:testStep type="restrequest" name="GetOrders" id="f6b6faf0-a9a3-4611-a126-83ac90347854"><con:settings/><con:config service="Orders" resourcePath="/orders" methodName="Orders" xsi:type="con:RestRequestStep" xmlns:xsi="http://www.w3.org/2001/XMLSchema-instance"><con:restRequest name="GetOrders" id="1250d230-4f81-4b99-98db-a2d014cdb956" mediaType="application/json"><con:settings><con:setting id="com.eviware.soapui.impl.wsdl.WsdlRequest@request-headers">&lt;xml-fragment/></con:setting></con:settings><con:endpoint>${#TestCase#URL}</con:endpoint><con:request/><con:originalUri>https://tngo-qa-mobproc-cmd.cloudhub.io/mobproc/v1.qa/orders</con:originalUri><con:assertion type="Valid HTTP Status Codes" id="d52a747c-006b-46e4-a910-c27930bc1b8f" name="Valid HTTP Status Codes"><con:settings/><con:configuration><codes>200</codes></con:configuration></con:assertion><con:credentials><con:selectedAuthProfile>No Authorization</con:selectedAuthProfile><con:authType>No Authorization</con:authType></con:credentials><con:jmsConfig JMSDeliveryMode="PERSISTENT"/><con:parameters>
  <con:entry key="Authorization" value="Bearer ${#TestCase#AccessToken}"/>
  <con:entry key="sortAscending" value="false"/>
  <con:entry key="offset" value="0"/>
  <con:entry key="X-TNGO-TENANT" value="${#TestCase#Tenant}"/>
  <con:entry key="limit" value="10"/>
  <con:entry key="client_secret" value="${#TestCase#client_secret}"/>
  <con:entry key="client_id" value="${#TestCase#client_Id}"/>
</con:parameters><con:parameterOrder><con:entry>X-TNGO-TENANT</con:entry><con:entry>Authorization</con:entry><con:entry>client_id</con:entry><con:entry>client_secret</con:entry><con:entry>offset</con:entry><con:entry>limit</con:entry><con:entry>sortAscending</con:entry></con:parameterOrder></con:restRequest></con:config></con:testStep><con:testStep type="groovy" name="ObtainOrderId" id="98cb57f0-7229-4861-8e66-51268d8256cc"><con:settings/><con:config><script>import groovy.json.JsonSlurper 

def groovyUtils = new com.eviware.soapui.support.GroovyUtils( context ); 
def projectPath = groovyUtils.projectPath //gets the path of the project root

def testCase = context.testCase; 
def testStep = testCase.getTestStepByName("GetOrders") 

//  need for external call.
testRunner = new com.eviware.soapui.impl.wsdl.testcase.WsdlTestCaseRunner(testCase, null); 
testStepContext = new com.eviware.soapui.impl.wsdl.testcase.WsdlTestRunContext(testStep); 

// get response of last test step run.
def response = testStep.testRequest.messageExchange.response.responseContent
def slurper = new JsonSlurper()
def json = slurper.parseText response


def orderId = json.orders.items[0].orderId

testRunner.testCase.setPropertyValue("OrderId", orderId)
</script></con:config></con:testStep><con:testStep type="restrequest" name="GetOrderById" id="7b519abc-24bb-45a7-a326-9f4c3a6bf2a4"><con:settings/><con:config service="Orders" resourcePath="/orders/{id}" methodName="Orders" xsi:type="con:RestRequestStep" xmlns:xsi="http://www.w3.org/2001/XMLSchema-instance"><con:restRequest name="GetOrderById" id="1250d230-4f81-4b99-98db-a2d014cdb956" mediaType="application/json"><con:settings><con:setting id="com.eviware.soapui.impl.wsdl.WsdlRequest@request-headers">&lt;xml-fragment/></con:setting></con:settings><con:endpoint>${#TestCase#URL}</con:endpoint><con:request/><con:originalUri>https://tngo-qa-mobproc-cmd.cloudhub.io/mobproc/v1.qa/orders/8718386</con:originalUri><con:assertion type="Valid HTTP Status Codes" name="Valid HTTP Status Codes" id="2ef88dc4-46eb-48f2-9055-f020f0b2d381"><con:settings/><con:configuration><codes>200</codes></con:configuration></con:assertion><con:assertion type="JsonPath Existence Match" name="Check for NOT existence of [properties[0].choice.id]" id="70692bc9-1457-4bcf-94ae-8c193b4025c0"><con:configuration><path>$.accountHolder.properties[0].choice.id</path><content>false</content><allowWildcards>false</allowWildcards><ignoreNamspaceDifferences>false</ignoreNamspaceDifferences><ignoreComments>false</ignoreComments></con:configuration></con:assertion><con:assertion type="JsonPath Existence Match" name="Check for NOT existence of [properties[0].choice.label]" id="d684080a-7502-4f4e-88d2-adac6bf4df66"><con:configuration><path>$.accountHolder.properties[0].choice.label</path><content>false</content><allowWildcards>false</allowWildcards><ignoreNamspaceDifferences>false</ignoreNamspaceDifferences><ignoreComments>false</ignoreComments></con:configuration></con:assertion><con:assertion type="JsonPath Existence Match" name="Check for NOT existence of [properties[0].id]" id="bdf5c925-5c9b-4ac3-8791-8098ab812e52"><con:configuration><path>$.accountHolder.properties[0].id</path><content>false</content><allowWildcards>false</allowWildcards><ignoreNamspaceDifferences>false</ignoreNamspaceDifferences><ignoreComments>false</ignoreComments></con:configuration></con:assertion><con:assertion type="JsonPath Existence Match" name="Check for NOT existence of [properties[0].label]" id="7e8f8035-33c6-4aff-8009-66345e72e5e7"><con:configuration><path>$.accountHolder.properties[0].label</path><content>false</content><allowWildcards>false</allowWildcards><ignoreNamspaceDifferences>false</ignoreNamspaceDifferences><ignoreComments>false</ignoreComments></con:configuration></con:assertion><con:assertion type="JsonPath Existence Match" name="Check for NOT existence of [properties[0].type]" id="90b08397-1753-42de-b871-a58c021340a8"><con:configuration><path>$.accountHolder.properties[0].type</path><content>false</content><allowWildcards>false</allowWildcards><ignoreNamspaceDifferences>false</ignoreNamspaceDifferences><ignoreComments>false</ignoreComments></con:configuration></con:assertion><con:credentials><con:selectedAuthProfile>No Authorization</con:selectedAuthProfile><con:authType>No Authorization</con:authType></con:credentials><con:jmsConfig JMSDeliveryMode="PERSISTENT"/><con:parameters>
  <con:entry key="Authorization" value="Bearer ${#TestCase#AccessToken}"/>
  <con:entry key="X-TNGO-TENANT" value="${#TestCase#Tenant}"/>
  <con:entry key="client_secret" value="${#TestCase#client_secret}"/>
  <con:entry key="id" value="${#TestCase#OrderId}"/>
  <con:entry key="client_id" value="${#TestCase#client_Id}"/>
</con:parameters><con:parameterOrder><con:entry>X-TNGO-TENANT</con:entry><con:entry>Authorization</con:entry><con:entry>client_id</con:entry><con:entry>client_secret</con:entry><con:entry>id</con:entry></con:parameterOrder></con:restRequest></con:config></con:testStep><con:testStep type="restrequest" name="GetOrderIdHistory" id="e1ae3c18-f390-41d1-82e0-bf0d8e19bdb1"><con:settings/><con:config service="Orders Id History" resourcePath="/orders/{id}/history" methodName="History" xsi:type="con:RestRequestStep" xmlns:xsi="http://www.w3.org/2001/XMLSchema-instance"><con:restRequest name="GetOrderIdHistory" id="7da43ddf-158a-4a29-b360-5462998a41a6" mediaType="application/json"><con:settings><con:setting id="com.eviware.soapui.impl.wsdl.WsdlRequest@request-headers">&lt;xml-fragment/></con:setting></con:settings><con:endpoint>${#TestCase#URL}</con:endpoint><con:request/><con:originalUri>https://tngo-qa-mobproc-cmd.cloudhub.io/mobproc/v1.qa/orders/8718386/history</con:originalUri><con:assertion type="Valid HTTP Status Codes" name="Valid HTTP Status Codes" id="4410ef0a-7d91-4192-ae64-9786cbf37de3"><con:settings/><con:configuration><codes>200</codes></con:configuration></con:assertion><con:assertion type="JsonPath Existence Match" name="Check for NOT existence of [properties[0].choice.id]" id="0cbceaaf-efe2-40b8-9ce3-5c989e7b2aa4"><con:configuration><path>$.history.items[1].createdBy.properties[0].choice.id</path><content>false</content><allowWildcards>false</allowWildcards><ignoreNamspaceDifferences>false</ignoreNamspaceDifferences><ignoreComments>false</ignoreComments></con:configuration></con:assertion><con:assertion type="JsonPath Existence Match" name="Check for NOT existence of [properties[0].choice.label]" id="a00ddf52-e65e-4ecd-8d92-5af4447c5967"><con:configuration><path>$.history.items[1].createdBy.properties[0].choice.label</path><content>false</content><allowWildcards>false</allowWildcards><ignoreNamspaceDifferences>false</ignoreNamspaceDifferences><ignoreComments>false</ignoreComments></con:configuration></con:assertion><con:assertion type="JsonPath Existence Match" name="Check for NOT existence of [properties[0].id]" id="b80bbf01-418b-48b6-9970-0c0499058d5d"><con:configuration><path>$.history.items[1].createdBy.properties[0].id</path><content>false</content><allowWildcards>false</allowWildcards><ignoreNamspaceDifferences>false</ignoreNamspaceDifferences><ignoreComments>false</ignoreComments></con:configuration></con:assertion><con:assertion type="JsonPath Existence Match" name="Check for NOT existence of [properties[0].label]" id="d8e5a0f2-749a-4393-b65e-d7e8f49d1258"><con:configuration><path>$.history.items[1].createdBy.properties[0].label</path><content>false</content><allowWildcards>false</allowWildcards><ignoreNamspaceDifferences>false</ignoreNamspaceDifferences><ignoreComments>false</ignoreComments></con:configuration></con:assertion><con:assertion type="JsonPath Existence Match" name="Check for NOT existence of [properties[0].type]" id="5e80d7f8-b6a0-442e-8e6e-71e532ffffe8"><con:configuration><path>$.history.items[1].createdBy.properties[0].type</path><content>false</content><allowWildcards>false</allowWildcards><ignoreNamspaceDifferences>false</ignoreNamspaceDifferences><ignoreComments>false</ignoreComments></con:configuration></con:assertion><con:credentials><con:selectedAuthProfile>No Authorization</con:selectedAuthProfile><con:authType>No Authorization</con:authType></con:credentials><con:jmsConfig JMSDeliveryMode="PERSISTENT"/><con:parameters>
  <con:entry key="Authorization" value="Bearer ${#TestCase#AccessToken}"/>
  <con:entry key="sortAscending" value=""/>
  <con:entry key="X-TNGO-TENANT" value="${#TestCase#Tenant}"/>
  <con:entry key="id" value="${#TestCase#OrderId}"/>
  <con:entry key="client_secret" value="${#TestCase#client_secret}"/>
  <con:entry key="client_id" value="${#TestCase#client_Id}"/>
</con:parameters><con:parameterOrder><con:entry>X-TNGO-TENANT</con:entry><con:entry>Authorization</con:entry><con:entry>client_id</con:entry><con:entry>client_secret</con:entry><con:entry>sortAscending</con:entry><con:entry>id</con:entry></con:parameterOrder></con:restRequest></con:config></con:testStep><con:properties><con:property><con:name>Tenant</con:name><con:value>XX1</con:value></con:property><con:property><con:name>limit</con:name><con:value>10</con:value></con:property><con:property><con:name>offset</con:name><con:value>0</con:value></con:property><con:property><con:name>companyEmployeeId</con:name><con:value>Dudley.Doright2.XX1</con:value></con:property><con:property><con:name>AccessToken</con:name><con:value>0woItu6KPzZcjZZ-tYVkWDLG97Cdc9oIZCqoYLYLELvMCIKr1KlPAT5_oiDhHmXAXA2DVojAHpPx0iQ3rvJVsw</con:value></con:property><con:property><con:name>RefreshToken</con:name><con:value>_M-dsD8rPdswhQcGZyg38OnlcrEzCqB_Uj2u8tJmFMehAUOP1kl6Hhsr0TFjHpQqSs27IpGhjplp9PLOu4e-sA</con:value></con:property><con:property><con:name>DeviceId</con:name><con:value>35433759</con:value></con:property><con:property><con:name>ServiceId</con:name><con:value>38457007</con:value></con:property><con:property><con:name>EmployeeId</con:name><con:value>28680044</con:value></con:property><con:property><con:name>DepartmentId</con:name><con:value>11569020350</con:value></con:property><con:property><con:name>LogoUrl</con:name><con:value>https://qa1cmd.tangoe.com/</con:value></con:property><con:property><con:name>URL</con:name><con:value>https://tngo-qa-mobproc-cmd.cloudhub.io/mobproc/v1.qa</con:value></con:property><con:property><con:name>client_id</con:name><con:value>3c276cecdc674aabb5456f54b605bbbf</con:value></con:property><con:property><con:name>client_secret</con:name><con:value>c513c4a67492405d95CE4DB4B40B73FF</con:value></con:property><con:property><con:name>AnaEmployeeId</con:name><con:value>28680025</con:value></con:property><con:property><con:name>FirstName</con:name><con:value>AnaLaura</con:value></con:property><con:property><con:name>LastName</con:name><con:value>Pace</con:value></con:property><con:property><con:name>DepartmentName</con:name><con:value>Development</con:value></con:property><con:property><con:name>OfficePhone</con:name><con:value>123-555-4567</con:value></con:property><con:property><con:name>Email</con:name><con:value>analaura@example.com</con:value></con:property><con:property><con:name>ServiceNumber</con:name><con:value>7775551234</con:value></con:property><con:property><con:name>AddressComponents1Id</con:name><con:value>LINE_1</con:value></con:property><con:property><con:name>AddressComponents1Label</con:name><con:value>Line 1</con:value></con:property><con:property><con:name>AddressComponents1Value</con:name><con:value>123 Main</con:value></con:property><con:property><con:name>AddressComponents2Id</con:name><con:value>CITY</con:value></con:property><con:property><con:name>AddressComponents2Label</con:name><con:value>City</con:value></con:property><con:property><con:name>AddressComponents2Value</con:name><con:value>Mendoza</con:value></con:property><con:property><con:name>AddressComponents3Id</con:name><con:value>POSTAL_CODE</con:value></con:property><con:property><con:name>AddressComponents3Label</con:name><con:value>Postal Code</con:value></con:property><con:property><con:name>AddressComponents3Value</con:name><con:value>938278</con:value></con:property><con:property><con:name>RegionMetaHref</con:name><con:value>https://tngo-qa-mobproc-cmd.cloudhub.io/mobproc/v1.qa/regions/70143764</con:value></con:property><con:property><con:name>RegionId</con:name><con:value>70143764</con:value></con:property><con:property><con:name>RegionName</con:name><con:value>Argentina</con:value></con:property><con:property><con:name>AnaRegionId</con:name><con:value>70143764</con:value></con:property><con:property><con:name>AnaRegionName</con:name><con:value>Argentina</con:value></con:property><con:property><con:name>DeviceId2</con:name><con:value>35433839</con:value></con:property><con:property><con:name>ServiceId2</con:name><con:value>38457047</con:value></con:property><con:property><con:name>ServiceNumber2</con:name><con:value>7774567890</con:value></con:property><con:property><con:name>DeviceId3</con:name><con:value>35434039</con:value></con:property><con:property><con:name>ServiceId3</con:name><con:value>38457207</con:value></con:property><con:property><con:name>ServiceNumber3</con:name><con:value>7774561122</con:value></con:property><con:property><con:name>DeviceId4</con:name><con:value>35434179</con:value></con:property><con:property><con:name>ServiceId4</con:name><con:value>38457327</con:value></con:property><con:property><con:name>ServiceNumber4</con:name><con:value>7894561230</con:value></con:property><con:property><con:name>OrderId</con:name><con:value>8718386</con:value></con:property></con:properties><con:reportParameters/><con:breakPoints><con:testStepId>751f39d4-0ed2-4e39-b060-46a9c640ef7a</con:testStepId><con:status>NONE</con:status><con:properties/></con:breakPoints><con:breakPoints><con:testStepId>1dc186b6-b57b-4b9b-a753-ccc509ab9574</con:testStepId><con:status>NONE</con:status><con:properties/></con:breakPoints><con:breakPoints><con:testStepId>0d5123c9-9cdc-44fb-b8ef-1468eb565a34</con:testStepId><con:status>NONE</con:status><con:properties/></con:breakPoints><con:breakPoints><con:testStepId>ad7e1777-0736-4b7a-b31f-9c89acb5a0ac</con:testStepId><con:status>NONE</con:status><con:properties/></con:breakPoints><con:breakPoints><con:testStepId>f13f0fcb-97d2-4794-a4fe-32bcd7422edd</con:testStepId><con:status>NONE</con:status><con:properties/></con:breakPoints><con:breakPoints><con:testStepId>8631055c-c29c-4b36-a6e9-563f9abdc6fa</con:testStepId><con:status>NONE</con:status><con:properties/></con:breakPoints><con:breakPoints><con:testStepId>7dd53c10-dfdf-461f-a823-271ab63f57fa</con:testStepId><con:status>NONE</con:status><con:properties/></con:breakPoints><con:breakPoints><con:testStepId>e2ef0711-bb6a-46af-9493-1a52ec3305e4</con:testStepId><con:status>NONE</con:status><con:properties/></con:breakPoints><con:breakPoints><con:testStepId>d6961b51-7cf0-4c18-aff7-f8673a9feb9d</con:testStepId><con:status>NONE</con:status><con:properties/></con:breakPoints></con:testCase><con:properties/><con:reportParameters/></con:testSuite><con:requirements/><con:properties/><con:wssContainer/><con:databaseConnectionContainer/><con:oAuth2ProfileContainer/><con:reporting><con:xmlTemplates/><con:parameters/></con:reporting><con:authRepository/><con:tags/></con:soapui-project>