<?xml version="1.0" encoding="UTF-8"?>
<con:soapui-project id="91197469-684e-47a3-9a7f-5b8d475bb687" activeEnvironment="Default environment" name="API_CatalogDevicesId" lastOpened="2016-08-30T11:06:53.758-03:00" resourceRoot="" soapui-version="6.0.0" xmlns:con="http://eviware.com/soapui/config"><con:settings/><con:interface xsi:type="con:RestService" id="19a42572-e6eb-4b04-b6c8-10b74c61865a" wadlVersion="http://wadl.dev.java.net/2009/02" name="/catalog/devices" type="rest" xmlns:xsi="http://www.w3.org/2001/XMLSchema-instance"><con:settings/><con:definitionCache type="TEXT" rootPart=""/><con:endpoints><con:endpoint>https://tg-mobility.cloudhub.io</con:endpoint></con:endpoints><con:resource name="Devices" path="/catalog/devices" id="cd8145f3-7f4a-4ca7-a071-ed1f37cb9258"><con:settings/><con:parameters><con:parameter><con:name>X-TNGO-TENANT</con:name><con:value/><con:style>HEADER</con:style><con:default/><con:description xsi:nil="true"/></con:parameter><con:parameter><con:name>Authorization</con:name><con:value/><con:style>HEADER</con:style><con:default/><con:description xsi:nil="true"/></con:parameter><con:parameter><con:name>vendor</con:name><con:style>QUERY</con:style></con:parameter><con:parameter><con:name>transactionType</con:name><con:style>QUERY</con:style></con:parameter><con:parameter><con:name>region</con:name><con:style>QUERY</con:style></con:parameter><con:parameter><con:name>sortAscending</con:name><con:style>QUERY</con:style></con:parameter><con:parameter><con:name>offset</con:name><con:style>QUERY</con:style></con:parameter><con:parameter><con:name>limit</con:name><con:style>QUERY</con:style></con:parameter><con:parameter><con:name>client_id</con:name><con:value/><con:style>HEADER</con:style><con:default/><con:description xsi:nil="true"/></con:parameter><con:parameter><con:name>client_secret</con:name><con:value/><con:style>HEADER</con:style><con:default/><con:description xsi:nil="true"/></con:parameter><con:parameter><con:name>compatibleWithPlan</con:name><con:value/><con:style>QUERY</con:style><con:default/><con:description xsi:nil="true"/></con:parameter><con:parameter><con:name>manufacturer</con:name><con:value/><con:style>QUERY</con:style><con:default/><con:description xsi:nil="true"/></con:parameter><con:parameter><con:name>postalCode</con:name><con:value/><con:style>QUERY</con:style><con:default/><con:description xsi:nil="true"/></con:parameter><con:parameter><con:name>service</con:name><con:value/><con:style>QUERY</con:style><con:default/><con:description xsi:nil="true"/></con:parameter><con:parameter><con:name>sortBy</con:name><con:style>QUERY</con:style></con:parameter></con:parameters><con:method name="Devices" id="45d9b8ef-b9cf-443e-8942-c7ce534bf19c" method="GET"><con:settings/><con:parameters/><con:representation type="RESPONSE"><con:mediaType>application/json;charset=UTF-8</con:mediaType><con:status>200</con:status><con:params/><con:element xmlns:dev="https://tg-mobility.cloudhub.io/mobility/v1/catalog/devices">dev:Response</con:element></con:representation><con:representation type="FAULT"><con:mediaType xsi:nil="true"/><con:status>404</con:status><con:params/><con:element>data</con:element></con:representation><con:representation type="FAULT"><con:mediaType xsi:nil="true"/><con:status>404</con:status><con:params/><con:element>data</con:element></con:representation><con:representation type="FAULT"><con:mediaType xsi:nil="true"/><con:status>404</con:status><con:params/><con:element>data</con:element></con:representation><con:representation type="FAULT"><con:mediaType>application/json</con:mediaType><con:status>403 400</con:status><con:params/></con:representation><con:request name="Request 1" id="9528883e-ca40-455d-938a-918aab337b68" mediaType="application/json"><con:settings><con:setting id="com.eviware.soapui.impl.wsdl.WsdlRequest@request-headers">&lt;xml-fragment/></con:setting></con:settings><con:endpoint>None</con:endpoint><con:request/><con:credentials><con:selectedAuthProfile>No Authorization</con:selectedAuthProfile><con:authType>No Authorization</con:authType></con:credentials><con:jmsConfig JMSDeliveryMode="PERSISTENT"/><con:parameters/><con:parameterOrder><con:entry>X-TNGO-TENANT</con:entry><con:entry>Authorization</con:entry><con:entry>client_id</con:entry><con:entry>client_secret</con:entry><con:entry>transactionType</con:entry><con:entry>offset</con:entry><con:entry>limit</con:entry><con:entry>region</con:entry><con:entry>sortAscending</con:entry><con:entry>vendor</con:entry><con:entry>compatibleWithPlan</con:entry><con:entry>manufacturer</con:entry><con:entry>postalCode</con:entry><con:entry>service</con:entry><con:entry>sortBy</con:entry></con:parameterOrder></con:request></con:method></con:resource></con:interface><con:interface xsi:type="con:RestService" id="75b1cf3b-14a2-432e-96c5-ee4a314e13eb" wadlVersion="http://wadl.dev.java.net/2009/02" name="/catalog/devices/{id}" type="rest" xmlns:xsi="http://www.w3.org/2001/XMLSchema-instance"><con:settings/><con:definitionCache type="TEXT" rootPart=""/><con:endpoints><con:endpoint>https://tg-mobility.cloudhub.io</con:endpoint></con:endpoints><con:resource name="DevicesID" path="/catalog/devices/{id}" id="1512e561-00a4-47b6-9ef3-58b928899219"><con:settings/><con:parameters><con:parameter><con:name>id</con:name><con:value/><con:style>TEMPLATE</con:style><con:default/><con:description xsi:nil="true"/></con:parameter><con:parameter><con:name>X-TNGO-TENANT</con:name><con:value/><con:style>HEADER</con:style><con:default/><con:description xsi:nil="true"/></con:parameter><con:parameter><con:name>Authorization</con:name><con:value/><con:style>HEADER</con:style><con:default/><con:description xsi:nil="true"/></con:parameter><con:parameter><con:name>client_id</con:name><con:value/><con:style>HEADER</con:style><con:default/><con:description xsi:nil="true"/></con:parameter><con:parameter><con:name>client_secret</con:name><con:value/><con:style>HEADER</con:style><con:default/><con:description xsi:nil="true"/></con:parameter></con:parameters><con:method name="DevicesId" id="991f45f9-f91c-4b18-952a-5859d7300479" method="GET"><con:settings/><con:parameters/><con:representation type="FAULT"><con:mediaType>application/json</con:mediaType><con:status>403 400</con:status><con:params/><con:element xmlns:dev="https://tg-mobility.cloudhub.io/mobility/v1/catalog/devices/">dev:Fault</con:element></con:representation><con:representation type="RESPONSE"><con:mediaType>application/json;charset=UTF-8</con:mediaType><con:status>200</con:status><con:params/><con:element xmlns:dev="https://tg-mobility.cloudhub.io/mobility/v1/catalog/devices/">dev:Response</con:element></con:representation><con:request name="Request 1" id="068e5fe8-be2f-47e9-bfca-c9b83c634843" mediaType="application/json"><con:settings><con:setting id="com.eviware.soapui.impl.wsdl.WsdlRequest@request-headers">&lt;xml-fragment/></con:setting></con:settings><con:endpoint>None</con:endpoint><con:request/><con:credentials><con:selectedAuthProfile>No Authorization</con:selectedAuthProfile><con:authType>No Authorization</con:authType></con:credentials><con:jmsConfig JMSDeliveryMode="PERSISTENT"/><con:parameters><entry key="X-TNGO-TENANT" value="XX1" xmlns="http://eviware.com/soapui/config"/></con:parameters><con:parameterOrder><con:entry>X-TNGO-TENANT</con:entry><con:entry>Authorization</con:entry><con:entry>id</con:entry><con:entry>client_id</con:entry><con:entry>client_secret</con:entry></con:parameterOrder></con:request></con:method></con:resource></con:interface><con:interface xsi:type="con:RestService" id="d4f0a98b-8101-472b-a8b8-9e92363f0830" wadlVersion="http://wadl.dev.java.net/2009/02" name="/regions" type="rest" xmlns:xsi="http://www.w3.org/2001/XMLSchema-instance"><con:settings/><con:definitionCache type="TEXT" rootPart=""/><con:endpoints><con:endpoint>https://tg-mobility.cloudhub.io</con:endpoint></con:endpoints><con:resource name="Regions" path="/regions" id="a115d2a7-ef48-4ba2-ac90-bc1d72c49b07"><con:settings/><con:parameters><con:parameter><con:name>type</con:name><con:value>ALL</con:value><con:style>QUERY</con:style><con:default>ALL</con:default><con:path xsi:nil="true"/><con:description xsi:nil="true"/></con:parameter><con:parameter><con:name>X-TNGO-TENANT</con:name><con:value/><con:style>HEADER</con:style><con:default/><con:description xsi:nil="true"/></con:parameter><con:parameter><con:name>Authorization</con:name><con:value/><con:style>HEADER</con:style><con:default/><con:description xsi:nil="true"/></con:parameter><con:parameter><con:name>client_id</con:name><con:value/><con:style>HEADER</con:style><con:default/><con:description xsi:nil="true"/></con:parameter><con:parameter><con:name>client_secret</con:name><con:value/><con:style>HEADER</con:style><con:default/><con:description xsi:nil="true"/></con:parameter></con:parameters><con:method name="Regions" id="731a299a-71f6-4d7d-9ccc-b1568fa952d1" method="GET"><con:settings/><con:parameters/><con:representation type="FAULT"><con:mediaType>application/json</con:mediaType><con:status>403</con:status><con:params/><con:element xmlns:reg="https://tg-mobility.cloudhub.io/mobility/v1/regions">reg:Fault</con:element></con:representation><con:representation type="RESPONSE"><con:mediaType>application/json;charset=UTF-8</con:mediaType><con:status>200</con:status><con:params/><con:element xmlns:reg="https://tg-mobility.cloudhub.io/mobility/v1/regions">reg:Response</con:element></con:representation><con:request name="Request 1" id="f8816926-835e-42d1-8156-6bec86757059" mediaType="application/json"><con:settings><con:setting id="com.eviware.soapui.impl.wsdl.WsdlRequest@request-headers">&lt;xml-fragment/></con:setting></con:settings><con:endpoint>None</con:endpoint><con:request/><con:credentials><con:selectedAuthProfile>No Authorization</con:selectedAuthProfile><con:authType>No Authorization</con:authType></con:credentials><con:jmsConfig JMSDeliveryMode="PERSISTENT"/><con:parameters><entry key="type" value="ALL" xmlns="http://eviware.com/soapui/config"/></con:parameters><con:parameterOrder><con:entry>X-TNGO-TENANT</con:entry><con:entry>Authorization</con:entry><con:entry>type</con:entry><con:entry>client_id</con:entry><con:entry>client_secret</con:entry></con:parameterOrder></con:request></con:method></con:resource></con:interface><con:interface xsi:type="con:RestService" id="08e2dec2-aea8-4edd-9e36-6f54ce3ac8e3" wadlVersion="http://wadl.dev.java.net/2009/02" name="/manufacturers" type="rest" xmlns:xsi="http://www.w3.org/2001/XMLSchema-instance"><con:settings/><con:definitionCache type="TEXT" rootPart=""/><con:endpoints><con:endpoint>https://tngo-dev-mobproc-cmd.cloudhub.io</con:endpoint></con:endpoints><con:resource name="Manufacturers" path="/manufacturers" id="963ce2cd-13e7-4378-92cc-03acfb8d8d84"><con:settings/><con:parameters><con:parameter><con:name>type</con:name><con:value>ALL</con:value><con:style>QUERY</con:style><con:default>ALL</con:default><con:path xsi:nil="true"/><con:description xsi:nil="true"/></con:parameter><con:parameter><con:name>X-TNGO-TENANT</con:name><con:value/><con:style>HEADER</con:style><con:default/><con:description xsi:nil="true"/></con:parameter><con:parameter><con:name>Authorization</con:name><con:value/><con:style>HEADER</con:style><con:default/><con:description xsi:nil="true"/></con:parameter><con:parameter><con:name>client_id</con:name><con:value/><con:style>HEADER</con:style><con:default/><con:description xsi:nil="true"/></con:parameter><con:parameter><con:name>client_secret</con:name><con:value/><con:style>HEADER</con:style><con:default/><con:description xsi:nil="true"/></con:parameter></con:parameters><con:method name="Manufacturers" id="df0e1b0a-4d30-4f18-ba2b-48fc1a85aaed" method="GET"><con:settings/><con:parameters/><con:representation type="RESPONSE"><con:mediaType>application/json;charset=UTF-8</con:mediaType><con:status>200</con:status><con:params/><con:element xmlns:man="https://tngo-dev-mobproc-cmd.cloudhub.io/mobproc/v1.dev/mobproc/v1.dev/manufacturers">man:Response</con:element></con:representation><con:request name="Request 1" id="b4f01f5c-4e2c-4b90-aeb0-b775c4fecfa8" mediaType="application/json"><con:settings><con:setting id="com.eviware.soapui.impl.wsdl.WsdlRequest@request-headers">&lt;xml-fragment/></con:setting></con:settings><con:endpoint>None</con:endpoint><con:request/><con:credentials><con:selectedAuthProfile>No Authorization</con:selectedAuthProfile><con:authType>No Authorization</con:authType></con:credentials><con:jmsConfig JMSDeliveryMode="PERSISTENT"/><con:parameters><entry key="type" value="ALL" xmlns="http://eviware.com/soapui/config"/></con:parameters><con:parameterOrder><con:entry>X-TNGO-TENANT</con:entry><con:entry>Authorization</con:entry><con:entry>client_id</con:entry><con:entry>client_secret</con:entry><con:entry>type</con:entry></con:parameterOrder></con:request></con:method></con:resource></con:interface><con:interface xsi:type="con:RestService" id="c920684f-727c-48be-9d84-22cb90c4843e" wadlVersion="http://wadl.dev.java.net/2009/02" name="/vendors" type="rest" xmlns:xsi="http://www.w3.org/2001/XMLSchema-instance"><con:settings/><con:definitionCache type="TEXT" rootPart=""/><con:endpoints><con:endpoint>https://tngo-dev-mobproc-cmd.cloudhub.io</con:endpoint></con:endpoints><con:resource name="Vendors" path="/vendors" id="851959e7-9856-47e8-8d6a-07455653bd79"><con:settings/><con:parameters><con:parameter><con:name>sortAscending</con:name><con:value>true</con:value><con:style>QUERY</con:style><con:default>true</con:default><con:path xsi:nil="true"/><con:description xsi:nil="true"/></con:parameter><con:parameter><con:name>region</con:name><con:value>70144640</con:value><con:style>QUERY</con:style><con:default>70144640</con:default><con:path xsi:nil="true"/><con:description xsi:nil="true"/></con:parameter><con:parameter><con:name>X-TNGO-TENANT</con:name><con:value/><con:style>HEADER</con:style><con:default/><con:description xsi:nil="true"/></con:parameter><con:parameter><con:name>Authorization</con:name><con:value/><con:style>HEADER</con:style><con:default/><con:description xsi:nil="true"/></con:parameter><con:parameter><con:name>client_id</con:name><con:value/><con:style>HEADER</con:style><con:default/><con:description xsi:nil="true"/></con:parameter><con:parameter><con:name>client_secret</con:name><con:value/><con:style>HEADER</con:style><con:default/><con:description xsi:nil="true"/></con:parameter></con:parameters><con:method name="Vendors" id="ec697bc6-a39c-4a11-baac-6e86be87054f" method="GET"><con:settings/><con:parameters/><con:representation type="RESPONSE"><con:mediaType>application/json;charset=UTF-8</con:mediaType><con:status>200</con:status><con:params/><con:element xmlns:ven="https://tngo-dev-mobproc-cmd.cloudhub.io/mobproc/v1.dev/vendors">ven:Response</con:element></con:representation><con:request name="Request 1" id="d6468156-b254-4415-84c3-82dbb31c1245" mediaType="application/json"><con:settings><con:setting id="com.eviware.soapui.impl.wsdl.WsdlRequest@request-headers">&lt;xml-fragment/></con:setting></con:settings><con:endpoint>None</con:endpoint><con:request/><con:credentials><con:selectedAuthProfile>No Authorization</con:selectedAuthProfile><con:authType>No Authorization</con:authType></con:credentials><con:jmsConfig JMSDeliveryMode="PERSISTENT"/><con:parameters>
  <con:entry key="sortAscending" value="true"/>
  <con:entry key="region" value="70144640"/>
</con:parameters><con:parameterOrder><con:entry>X-TNGO-TENANT</con:entry><con:entry>Authorization</con:entry><con:entry>client_id</con:entry><con:entry>client_secret</con:entry><con:entry>region</con:entry><con:entry>sortAscending</con:entry></con:parameterOrder></con:request></con:method></con:resource></con:interface><con:interface xsi:type="con:RestService" id="8e06947a-7450-4876-b442-4cb784bc971d" wadlVersion="http://wadl.dev.java.net/2009/02" name="/assets/services" type="rest" xmlns:xsi="http://www.w3.org/2001/XMLSchema-instance"><con:settings/><con:definitionCache type="TEXT" rootPart=""/><con:endpoints><con:endpoint>https://tngo-dev-mobproc-cmd.cloudhub.io</con:endpoint></con:endpoints><con:resource name="Services" path="/assets/services" id="079770fc-11b1-42dc-83a1-e6a0656620b0"><con:settings/><con:parameters><con:parameter><con:name>sortAscending</con:name><con:value>true</con:value><con:style>QUERY</con:style><con:default>true</con:default><con:path xsi:nil="true"/><con:description xsi:nil="true"/></con:parameter><con:parameter><con:name>offset</con:name><con:value>0</con:value><con:style>QUERY</con:style><con:default>0</con:default><con:path xsi:nil="true"/><con:description xsi:nil="true"/></con:parameter><con:parameter><con:name>limit</con:name><con:value>10</con:value><con:style>QUERY</con:style><con:default>10</con:default><con:path xsi:nil="true"/><con:description xsi:nil="true"/></con:parameter><con:parameter><con:name>X-TNGO-TENANT</con:name><con:value/><con:style>HEADER</con:style><con:default/><con:description xsi:nil="true"/></con:parameter><con:parameter><con:name>Authorization</con:name><con:value/><con:style>HEADER</con:style><con:default/><con:description xsi:nil="true"/></con:parameter><con:parameter><con:name>client_id</con:name><con:value/><con:style>HEADER</con:style><con:default/><con:description xsi:nil="true"/></con:parameter><con:parameter><con:name>client_secret</con:name><con:value/><con:style>HEADER</con:style><con:default/><con:description xsi:nil="true"/></con:parameter></con:parameters><con:method name="Services" id="a7919e37-d5cb-4f1d-9fde-bc61d7c75988" method="GET"><con:settings/><con:parameters/><con:representation type="RESPONSE"><con:mediaType>application/json;charset=UTF-8</con:mediaType><con:status>200</con:status><con:params/><con:element xmlns:ser="https://tngo-dev-mobproc-cmd.cloudhub.io/mobproc/v1.dev/assets/services;client_secret=c513c4a67492405d95CE4DB4B40B73FF">ser:Response</con:element></con:representation><con:request name="Request 1" id="386b28da-4b11-42b5-9416-69f3ea6e5769" mediaType="application/json"><con:settings><con:setting id="com.eviware.soapui.impl.wsdl.WsdlRequest@request-headers">&lt;xml-fragment/></con:setting></con:settings><con:endpoint>None</con:endpoint><con:request/><con:credentials><con:selectedAuthProfile>No Authorization</con:selectedAuthProfile><con:authType>No Authorization</con:authType></con:credentials><con:jmsConfig JMSDeliveryMode="PERSISTENT"/><con:parameters>
  <con:entry key="offset" value="0"/>
  <con:entry key="limit" value="10"/>
</con:parameters><con:parameterOrder><con:entry>X-TNGO-TENANT</con:entry><con:entry>Authorization</con:entry><con:entry>client_id</con:entry><con:entry>client_secret</con:entry><con:entry>limit</con:entry><con:entry>offset</con:entry><con:entry>sortAscending</con:entry></con:parameterOrder></con:request></con:method></con:resource></con:interface><con:interface xsi:type="con:RestService" id="d526103a-8ad8-4d78-9e1b-f3f89cc6fd64" wadlVersion="http://wadl.dev.java.net/2009/02" name="/catalog/plans" type="rest" xmlns:xsi="http://www.w3.org/2001/XMLSchema-instance"><con:settings/><con:definitionCache type="TEXT" rootPart=""/><con:endpoints><con:endpoint>https://tngo-dev-mobproc-cmd.cloudhub.io</con:endpoint></con:endpoints><con:resource name="Plans" path="/catalog/plans" id="3d9a268f-227a-430f-8bbb-1392df4594ed"><con:settings/><con:parameters><con:parameter><con:name>transactionType</con:name><con:value>NEW_ACTIVATION</con:value><con:style>QUERY</con:style><con:default>NEW_ACTIVATION</con:default><con:path xsi:nil="true"/><con:description xsi:nil="true"/></con:parameter><con:parameter><con:name>region</con:name><con:value>70144640</con:value><con:style>QUERY</con:style><con:default>70144640</con:default><con:path xsi:nil="true"/><con:description xsi:nil="true"/></con:parameter><con:parameter><con:name>sortAscending</con:name><con:value>true</con:value><con:style>QUERY</con:style><con:default>true</con:default><con:path xsi:nil="true"/><con:description xsi:nil="true"/></con:parameter><con:parameter><con:name>offset</con:name><con:value>0</con:value><con:style>QUERY</con:style><con:default>0</con:default><con:path xsi:nil="true"/><con:description xsi:nil="true"/></con:parameter><con:parameter><con:name>limit</con:name><con:value>10</con:value><con:style>QUERY</con:style><con:default>10</con:default><con:path xsi:nil="true"/><con:description xsi:nil="true"/></con:parameter><con:parameter><con:name>X-TNGO-TENANT</con:name><con:value/><con:style>HEADER</con:style><con:default/><con:description xsi:nil="true"/></con:parameter><con:parameter><con:name>Authorization</con:name><con:value/><con:style>HEADER</con:style><con:default/><con:description xsi:nil="true"/></con:parameter><con:parameter><con:name>client_id </con:name><con:value/><con:style>HEADER</con:style><con:default/><con:description xsi:nil="true"/></con:parameter><con:parameter><con:name>client_secret </con:name><con:value/><con:style>HEADER</con:style><con:default/><con:description xsi:nil="true"/></con:parameter></con:parameters><con:method name="Plans" id="061a951a-6ea8-43e8-89ac-76c5186c3e99" method="GET"><con:settings/><con:parameters/><con:request name="Request 1" id="3fce4ce9-247f-4a8d-8898-c126af842e15" mediaType="application/json"><con:settings><con:setting id="com.eviware.soapui.impl.wsdl.WsdlRequest@request-headers">&lt;xml-fragment/></con:setting></con:settings><con:endpoint>None</con:endpoint><con:request/><con:credentials><con:selectedAuthProfile>No Authorization</con:selectedAuthProfile><con:authType>No Authorization</con:authType></con:credentials><con:jmsConfig JMSDeliveryMode="PERSISTENT"/><con:parameters>
  <con:entry key="transactionType" value="NEW_ACTIVATION"/>
  <con:entry key="sortAscending" value="true"/>
  <con:entry key="offset" value="0"/>
  <con:entry key="limit" value="10"/>
  <con:entry key="region" value="70144640"/>
</con:parameters><con:parameterOrder><con:entry>X-TNGO-TENANT</con:entry><con:entry>Authorization</con:entry><con:entry>client_id </con:entry><con:entry>client_secret </con:entry><con:entry>transactionType</con:entry><con:entry>region</con:entry><con:entry>sortAscending</con:entry><con:entry>offset</con:entry><con:entry>limit</con:entry></con:parameterOrder></con:request></con:method></con:resource></con:interface><con:testSuite id="6d2fd92e-af65-432a-994a-837746066afc" name="TestSuiteCatalogDevices"><con:settings/><con:runType>SEQUENTIAL</con:runType><con:testCase id="1c1524a6-6d34-45d4-9da8-63169dd1c4a8" discardOkResults="true" failOnError="true" failTestCaseOnErrors="true" keepSession="false" name="TestCaseCatalogDevices" searchProperties="true"><con:description>4/29/2016 - Ana
-----------------
6 -10) All the steps used to verify that sorting (ascending / descending) works, are disabled, due to sorting is NOT currently working.


4/15/2016 - Ana
-----------------
On the following steps different query parameters are used when running /catalog/accessories endpoint.

16) GetPlans:  gets all catalog plans.
17) SetupQueryParameterCompatiblePlan:  randomly selects one device from previous response and puts it into test case property "compatibleDeviceId".
18) GetDevicesParameterCompatiblePlan:  runs /catalog/devices with query parameter "compatibleDeviceId".
 
19) GetManufacturers:  gets all manufacturers.
20) SetupQueryParameterManufacturer:  randomly selects one manufacturer from previous response and puts it into test case property "manufacturerId".
21) GetDevicesParameterManufacturer:  runs /catalog/devices with query parameter "manufacturer".

22) GetVendors:  gets all the vendors.
23) SetupQueryParameterVendor:  randomly selects one vendor from previous response and puts it into test case property "vendorId".
24) GetDevicesParameterVendor:  runs /catalog/devices with query parameter "vendor".

25) GetServices:  gets all the services.
26) SetupQueryParameterService:  randomly selects one service from previous response and puts it into test case property "serviceId".
27) GetDevicesParameterService:  runs /catalog/devices with query parameter "service".
</con:description><con:settings/><con:testStep type="groovy" name="ScriptSetupCatalogDevices" id="72000cac-b0f6-4d9a-9767-155222bc722a"><con:settings/><con:config><script>// /////////////////////////////////////////////
// This sets up all of the test case properties
// /////////////////////////////////////////////

def groovyUtils = new com.eviware.soapui.support.GroovyUtils( context ); 
def projectPath = groovyUtils.projectPath //gets the path of the project root

// this is sanity check with a simple call. all this does is verify a simple connection 
// to the external clases by logging a message in log window.
soapUIScripts.CommonMethods.StaticMethod(log) 

// setup test case properties stored in 'DudleyDorightDataActions' class.
soapUIScripts.DudleyDorightDataActions.SetupTestCaseProperties(log, testRunner) 

// read in token pair and put in test case properties.
// NOTE: token pair must be in same folder as project
//       token pair must be up to date (not expired)
assert(soapUIScripts.CommonMethods.ReadTokenPair(projectPath + "\\" + "TokenPair.txt", log, testRunner) == true)

// read user Ids and assign to test case properties - In this case is only needed for logoUrl
def userIdsFileName = projectPath + "\\" + "DudleyDoright.txt"
//assert soapUIScripts.CommonMethods.ReadUserIds(userIdsFileName, log, testRunner) == true
assert soapUIScripts.CommonMethods.ReadUserIdsURL(userIdsFileName, log, testRunner) == true

context.offset = 0
context.limit = 100

testRunner.testCase.setPropertyValue("offset", context.offset.toString())
testRunner.testCase.setPropertyValue("limit", context.limit.toString())
testRunner.testCase.setPropertyValue("transactionType", "NEW_ACTIVATION")

testRunner.testCase.setPropertyValue("sortAscending", "true")
testRunner.testCase.setPropertyValue("sortBy", "NAME")



</script></con:config></con:testStep><con:testStep type="restrequest" name="GetRegions" id="9c7d5af6-1dff-46ec-a96b-a5da451b59f1"><con:settings/><con:config service="/regions" resourcePath="/regions" methodName="Regions" xsi:type="con:RestRequestStep" xmlns:xsi="http://www.w3.org/2001/XMLSchema-instance"><con:restRequest name="GetRegions" id="f8816926-835e-42d1-8156-6bec86757059" mediaType="application/json"><con:settings><con:setting id="com.eviware.soapui.impl.wsdl.WsdlRequest@request-headers">&lt;xml-fragment/></con:setting></con:settings><con:endpoint>${#TestCase#URL}</con:endpoint><con:request/><con:originalUri>https://tg-mobility.cloudhub.io/mobility/v1/regions</con:originalUri><con:assertion type="Valid HTTP Status Codes" id="75a79b14-50ad-406e-b0a5-6bb91cd30ae2" name="Valid HTTP Status Codes"><con:settings/><con:configuration><codes>200</codes></con:configuration></con:assertion><con:credentials><con:selectedAuthProfile>No Authorization</con:selectedAuthProfile><con:authType>No Authorization</con:authType></con:credentials><con:jmsConfig JMSDeliveryMode="PERSISTENT"/><con:parameters>
  <con:entry key="Authorization" value="Bearer ${#TestCase#AccessToken}"/>
  <con:entry key="X-TNGO-TENANT" value="${#TestCase#Tenant}"/>
  <con:entry key="client_secret" value="${#TestCase#client_secret}"/>
  <con:entry key="type" value="ALL"/>
  <con:entry key="client_id" value="${#TestCase#client_Id}"/>
</con:parameters><con:parameterOrder><con:entry>X-TNGO-TENANT</con:entry><con:entry>Authorization</con:entry><con:entry>client_id</con:entry><con:entry>client_secret</con:entry><con:entry>type</con:entry></con:parameterOrder></con:restRequest></con:config></con:testStep><con:testStep type="groovy" name="ScriptFindRegion" id="0c579719-14a3-4475-b37b-8f3ad79227b8"><con:settings/><con:config><script>// /////////////////////////////////////////////////////////////////////////////////////////////////////////////
// This gets the id for united states from the RequestRegions response and puts it into a test case property.
// /////////////////////////////////////////////////////////////////////////////////////////////////////////////

import groovy.json.JsonSlurper 
def groovyUtils = new com.eviware.soapui.support.GroovyUtils( context ); 
def testCase = context.testCase; 
def testStep = testCase.getTestStepByName("GetRegions") 

// get response of last test step run.
def response = testStep.testRequest.messageExchange.response.responseContent
def slurper = new JsonSlurper()
def json = slurper.parseText response

def idList = []
def nameList = []
def typeList = []
boolean foundUS = false
def regionId =  ""


idList = json.regions.id // get list of region Ids
nameList = json.regions.name // get list of country name
typeList = json.regions.type // get list of type


try
{
	assert(idList.size() == nameList.size &amp;&amp; (nameList.size ==  typeList.size()))
}
catch (AssertionError e)
{
	log.info "ERROR: All lists in 'ScriptFindRegion' test step are not the same size."
	throw new RuntimeException("All lists in 'ScriptFindRegion' test step are not the same size.")
}

// we expect to find an ID for united states.
for(x = 0; x &lt; idList.size(); x++)
{
	if(nameList[x] == "United States" &amp;&amp; typeList[x] == "COUNTRY")
	{
		//log.info idList[x]	
		foundUS = true
		regionId = idList[x] 		
	}
}	

if(!foundUS) // if US region ID is not found, raise error.
{
	log.info "ERROR: region Id for 'United States' was not found in 'ScriptFindRegion' test step."
	throw new RuntimeException("region Id for 'United States' was not found in 'ScriptFindRegion' test step.")
}


// set test case property to hold the region id of united states. this variable will be used below.
regionIdInsert = regionId as int

// this regionId is for verifying response data.
testRunner.testCase.setPropertyValue("regionId", regionId)

</script></con:config></con:testStep><con:testStep type="restrequest" name="GetCatalogDevicesAll" id="b67c990d-9d99-499e-a4f1-7d331d773e3c"><con:settings/><con:config service="/catalog/devices" methodName="Devices" resourcePath="/catalog/devices" xsi:type="con:RestRequestStep" xmlns:xsi="http://www.w3.org/2001/XMLSchema-instance"><con:restRequest name="GetCatalogDevicesAll" id="c888430b-a749-439e-b5ff-70c09d871062" mediaType="application/json"><con:settings><con:setting id="com.eviware.soapui.impl.wsdl.WsdlRequest@request-headers">&lt;xml-fragment/></con:setting></con:settings><con:encoding>UTF-8</con:encoding><con:endpoint>${#TestCase#URL}</con:endpoint><con:request/><con:originalUri>https://tg-mobility.cloudhub.io/mobility/v1/catalog/devices</con:originalUri><con:assertion type="Valid HTTP Status Codes" id="542612c5-4bb8-46c4-93de-b3d4c8cac190" name="Valid HTTP Status Codes"><con:settings/><con:configuration><codes>200</codes></con:configuration></con:assertion><con:credentials><con:selectedAuthProfile>No Authorization</con:selectedAuthProfile><con:authType>No Authorization</con:authType></con:credentials><con:jmsConfig JMSDeliveryMode="PERSISTENT"/><con:parameters>
  <con:entry key="offset" value="${#TestCase#offset}"/>
  <con:entry key="X-TNGO-TENANT" value="${#TestCase#Tenant}"/>
  <con:entry key="postalCode" value=""/>
  <con:entry key="client_id" value="${#TestCase#client_Id}"/>
  <con:entry key="manufacturer" value=""/>
  <con:entry key="Authorization" value="Bearer ${#TestCase#AccessToken}"/>
  <con:entry key="transactionType" value="${#TestCase#transactionType}"/>
  <con:entry key="sortAscending" value="${#TestCase#sortAscending}"/>
  <con:entry key="service" value=""/>
  <con:entry key="limit" value="${#TestCase#limit}"/>
  <con:entry key="sortBy" value="${#TestCase#sortBy}"/>
  <con:entry key="client_secret" value="${#TestCase#client_secret}"/>
  <con:entry key="region" value="${#TestCase#regionId}"/>
  <con:entry key="compatibleWithPlan" value=""/>
</con:parameters><con:parameterOrder><con:entry>X-TNGO-TENANT</con:entry><con:entry>Authorization</con:entry><con:entry>client_id</con:entry><con:entry>client_secret</con:entry><con:entry>transactionType</con:entry><con:entry>region</con:entry><con:entry>offset</con:entry><con:entry>limit</con:entry><con:entry>compatibleWithPlan</con:entry><con:entry>manufacturer</con:entry><con:entry>postalCode</con:entry><con:entry>service</con:entry><con:entry>vendor</con:entry><con:entry>sortAscending</con:entry><con:entry>sortBy</con:entry></con:parameterOrder></con:restRequest></con:config></con:testStep><con:testStep type="groovy" name="VerifyJSONResponseDevices" id="ce46ad79-8f80-4b58-a165-0820d53aa590"><con:settings/><con:config><script>import groovy.json.JsonSlurper 

def groovyUtils = new com.eviware.soapui.support.GroovyUtils( context ); 
def testCase = context.testCase; 
def testStep = testCase.getTestStepByName("GetCatalogDevicesAll") 

//  need for external call.
testRunner = new com.eviware.soapui.impl.wsdl.testcase.WsdlTestCaseRunner(testCase, null); 
testStepContext = new com.eviware.soapui.impl.wsdl.testcase.WsdlTestRunContext(testStep); 

// get response of last test step run.
def response = testStep.testRequest.messageExchange.response.responseContent
def slurper = new JsonSlurper()
def json = slurper.parseText response

def offset = context.offset
def limit = context.limit

def logoUrl = testRunner.testCase.getPropertyValue("LogoUrl")
def mainUrl = testRunner.testCase.getPropertyValue("URL")



/* Expected Values */

String devicesMetaTotalCount = json.devices.items.size()
String devicesMetaOffset = offset
String devicesMetaLimit = limit

/* Item 1 */
String devicesItems1Id = "12637274827"
String devicesItems1MetaHref = mainUrl +  "/catalog/devices/" + devicesItems1Id 
String devicesItems1Name = "Samsung Galaxy S4 (16GB) - Black Mist"
String devicesItems1ImageUrl = logoUrl + "manage/images/devices/VER/sam_gal_s4_blk_l.jpg"
String devicesItems1PriceAmount = "199.99"
String devicesItems1PriceCurrencyCode = "USD"
String devicesItems1PriceRecurrence = "ONETIME"
String devicesItems1VendorId = "98"
String devicesItems1VendorMetaHref = mainUrl + "/vendors/" + devicesItems1VendorId
String devicesItems1VendorName = "Verizon Wireless"
String devicesItems1VendorLogoUrl = logoUrl + "manage/images/carrier/logo_VER.gif"
String devicesItems1ManufacturerId = "Samsung"
String devicesItems1ManufacturerMetaHref =  mainUrl +  "/manufacturers/" + devicesItems1ManufacturerId
String devicesItems1ManufacturerName = "Samsung"
String devicesItems1ManufacturerLogoUrl = logoUrl + "manage/images/manufacturers/Samsung.gif"

/* Item 2 */
String devicesItems2Id = "12637487130"
String devicesItems2MetaHref = mainUrl +  "/catalog/devices/" + devicesItems2Id 
String devicesItems2Name = "Nokia Lumia 822"
String devicesItems2ImageUrl = logoUrl + "manage/images/devices/VER/nokia_lumia_822_l.jpg"
String devicesItems2PriceAmount = "149.99"
String devicesItems2PriceCurrencyCode = "USD"
String devicesItems2PriceRecurrence = "ONETIME"
String devicesItems2VendorId = "98"
String devicesItems2VendorMetaHref = mainUrl +  "/vendors/" + devicesItems2VendorId
String devicesItems2VendorName = "Verizon Wireless"
String devicesItems2VendorLogoUrl = logoUrl + "manage/images/carrier/logo_VER.gif"
String devicesItems2ManufacturerId = "Nokia"
String devicesItems2ManufacturerMetaHref = mainUrl +   "/manufacturers/" + devicesItems2ManufacturerId
String devicesItems2ManufacturerName = "Nokia"
String devicesItems2ManufacturerLogoUrl = logoUrl + "manage/images/manufacturers/Nokia.gif"



/* Verify expected results */

CompareItemsTwoStrings(json.devices._meta.totalCount, devicesMetaTotalCount)
CompareItemsTwoStrings(json.devices._meta.offset, devicesMetaOffset)
CompareItemsTwoStrings(json.devices._meta.limit, devicesMetaLimit)


/* Item 1 */
CompareItemsTwoStrings(json.devices.items[8].id, devicesItems1Id)
CompareItemsTwoStrings(json.devices.items[8]._meta.href, devicesItems1MetaHref)
CompareItemsTwoStrings(json.devices.items[8].name, devicesItems1Name)
CompareItemsTwoStrings(json.devices.items[8].imageUrl, devicesItems1ImageUrl)
CompareItemsTwoStrings(json.devices.items[8].price.amount, devicesItems1PriceAmount)
CompareItemsTwoStrings(json.devices.items[8].price.currencyCode, devicesItems1PriceCurrencyCode)
CompareItemsTwoStrings(json.devices.items[8].price.recurrence, devicesItems1PriceRecurrence)
CompareItemsTwoStrings(json.devices.items[8].vendor.id, devicesItems1VendorId)
CompareItemsTwoStrings(json.devices.items[8].vendor._meta.href, devicesItems1VendorMetaHref)
CompareItemsTwoStrings(json.devices.items[8].vendor.name, devicesItems1VendorName)
CompareItemsTwoStrings(json.devices.items[8].vendor.logoUrl, devicesItems1VendorLogoUrl)
CompareItemsTwoStrings(json.devices.items[8].manufacturer.id, devicesItems1ManufacturerId)
CompareItemsTwoStrings(json.devices.items[8].manufacturer._meta.href, devicesItems1ManufacturerMetaHref)
CompareItemsTwoStrings(json.devices.items[8].manufacturer.name, devicesItems1ManufacturerName)
CompareItemsTwoStrings(json.devices.items[8].manufacturer.logoUrl, devicesItems1ManufacturerLogoUrl)

/* Item 2 */
CompareItemsTwoStrings(json.devices.items[7].id, devicesItems2Id)
CompareItemsTwoStrings(json.devices.items[7]._meta.href, devicesItems2MetaHref)
CompareItemsTwoStrings(json.devices.items[7].name, devicesItems2Name)
CompareItemsTwoStrings(json.devices.items[7].imageUrl, devicesItems2ImageUrl)
CompareItemsTwoStrings(json.devices.items[7].price.amount, devicesItems2PriceAmount)
CompareItemsTwoStrings(json.devices.items[7].price.currencyCode, devicesItems2PriceCurrencyCode)
CompareItemsTwoStrings(json.devices.items[7].price.recurrence, devicesItems2PriceRecurrence)
CompareItemsTwoStrings(json.devices.items[7].vendor.id, devicesItems2VendorId)
CompareItemsTwoStrings(json.devices.items[7].vendor._meta.href, devicesItems2VendorMetaHref)
CompareItemsTwoStrings(json.devices.items[7].vendor.name, devicesItems2VendorName)
CompareItemsTwoStrings(json.devices.items[7].vendor.logoUrl, devicesItems2VendorLogoUrl)
CompareItemsTwoStrings(json.devices.items[7].manufacturer.id, devicesItems2ManufacturerId)
CompareItemsTwoStrings(json.devices.items[7].manufacturer._meta.href, devicesItems2ManufacturerMetaHref)
CompareItemsTwoStrings(json.devices.items[7].manufacturer.name, devicesItems2ManufacturerName)
CompareItemsTwoStrings(json.devices.items[7].manufacturer.logoUrl, devicesItems2ManufacturerLogoUrl)


 
/* Set up device to use on request /catalog/devices/{id} - Use first device */
context.deviceId = devicesItems1Id 
context.metaHref = devicesItems1MetaHref 
context.name = devicesItems1Name 
context.imageUrl = devicesItems1ImageUrl
context.amount = devicesItems1PriceAmount 
context.currencyCode = devicesItems1PriceCurrencyCode 
context.recurrence = devicesItems1PriceRecurrence 
context.vendorId = devicesItems1VendorId 
context.vendorMetaHref = devicesItems1VendorMetaHref 
context.vendorName = devicesItems1VendorName 
context.vendorLogoUrl = devicesItems1VendorLogoUrl 
context.manufacturerId = devicesItems1ManufacturerId
context.manufacturerMetaHref = devicesItems1ManufacturerMetaHref
context.manufacturerName = devicesItems1ManufacturerName
context.manufacturerLogoUrl = devicesItems1ManufacturerLogoUrl

// allItems will store all the device ids found in JSON 
context.allItems = []
context.allItems = json.devices.items.id
//log.info "All the ids: " + context.allItems 

context.totalCount = json.devices._meta.totalCount


/* Set up property for GET request /catalog/devices/{id} */
testRunner.testCase.setPropertyValue("deviceId", devicesItems1Id)
//log.info "DeviceID: " + testRunner.testCase.getPropertyValue("deviceId")


// Set up offset to 1 for the verification of the various offsets and limits
context.newOffset = 1

// set limit to half of the total amount of devices
int halfTotal = context.totalCount / 2
context.newLimit = halfTotal
testRunner.testCase.setPropertyValue("limitNew", context.newLimit.toString())



/* Methods */

void CompareItemsTwoStrings(json, expectedValueString)
{
	String jsonString = json
	
	// this will show each compare being made - DEBUG ONLY
	//log.info "Json: " + jsonString + " Expected: " + expectedValueString 
	assert(jsonString == expectedValueString) 
	// this seems to remove the "{" and "}" from the json string.
}

</script></con:config></con:testStep><con:testStep type="groovy" name="SetupNewOffsetLimit" id="fb60072e-7ad8-437e-b0ce-e1a01e49af11"><con:settings/><con:config><script>	
context.ids = GetItemsInOffsetPage(context.newOffset, context.newLimit, context.allItems)
//log.info "ids 1: " + context.ids 

testRunner.testCase.setPropertyValue("offsetNew", context.newOffset.toString())

//log.info "offset: " + context.newOffset.toString()
//log.info "limit: " + context.newLimit.toString()




// parameters are offset, limit, list with all the items in the API collection.
def GetItemsInOffsetPage(offsetIn, limitIn , itemsIn)
{
	int finalPage = 1
	int offset = offsetIn // NOTE: this is zero based. 
	int limit  = limitIn
	itemsList  = []
	itemsList = itemsIn
	itemsReturn = []

	
	boolean lastPageNotFullPage = false

	if(offset + 1 > itemsIn.size())
	{
		log.info "Offset passed in " + offset + " exceeds the last element in the collection list passed in."
		throw new RuntimeException("Offset passed in, " + offset + " ,exceeds the last element in the collection list passed in.")
		return 
	}
	
	// this will find a one-based integer page. the offset has one added to make it one based like the  page numbers.
	// this is the first step to finding the page number that contains the offest item.
	int page = ((offset + 1)/limit)
	
	// the integer page found above did not consider the possibilty of the offset being past the integer page found. 
	// The check below looks for a remainder. if there is a remainder, the actual page is one page past the value of the 
	// integer "page" variable found above.
	if((offset + 1).mod(limit) != 0) 
	{
		page++ 
	}

	// at this point the page containing the offset is the vaule of the integer "page" value. 
	// now we want to return all the items in the page that contains the offset item passed in from the caller. the page integer is one 
	// based and the list passed in is zero based. find the starting one-based location of the page section that contains the offset 
	// integer passed in. 
	int startIndex = (limit * page) - limit

	// now put items onto the list to be returned.
	for(x = startIndex; x &lt; startIndex + limit; x++)
	{
		if(itemsIn[x] != null)
		{
			itemsReturn.add(itemsIn[x])
		}
	}

	return itemsReturn
}
</script></con:config></con:testStep><con:testStep type="restrequest" name="GetCatalogDevices" id="34281461-2f91-4e22-87e3-f77d1142c0b4"><con:settings/><con:config service="/catalog/devices" methodName="Devices" resourcePath="/catalog/devices" xsi:type="con:RestRequestStep" xmlns:xsi="http://www.w3.org/2001/XMLSchema-instance"><con:restRequest name="GetCatalogDevices" id="c888430b-a749-439e-b5ff-70c09d871062" mediaType="application/json"><con:settings><con:setting id="com.eviware.soapui.impl.wsdl.WsdlRequest@request-headers">&lt;xml-fragment/></con:setting></con:settings><con:encoding>UTF-8</con:encoding><con:endpoint>${#TestCase#URL}</con:endpoint><con:request/><con:originalUri>https://tg-mobility.cloudhub.io/mobility/v1/catalog/devices</con:originalUri><con:assertion type="Valid HTTP Status Codes" id="542612c5-4bb8-46c4-93de-b3d4c8cac190" name="Valid HTTP Status Codes"><con:settings/><con:configuration><codes>200</codes></con:configuration></con:assertion><con:credentials><con:selectedAuthProfile>No Authorization</con:selectedAuthProfile><con:authType>No Authorization</con:authType></con:credentials><con:jmsConfig JMSDeliveryMode="PERSISTENT"/><con:parameters>
  <con:entry key="offset" value="${#TestCase#offsetNew}"/>
  <con:entry key="X-TNGO-TENANT" value="${#TestCase#Tenant}"/>
  <con:entry key="postalCode" value=""/>
  <con:entry key="client_id" value="${#TestCase#client_Id}"/>
  <con:entry key="manufacturer" value=""/>
  <con:entry key="Authorization" value="Bearer ${#TestCase#AccessToken}"/>
  <con:entry key="transactionType" value="${#TestCase#transactionType}"/>
  <con:entry key="sortAscending" value="${#TestCase#sortAscending}"/>
  <con:entry key="service" value=""/>
  <con:entry key="limit" value="${#TestCase#limitNew}"/>
  <con:entry key="client_secret" value="${#TestCase#client_secret}"/>
  <con:entry key="region" value="${#TestCase#regionId}"/>
  <con:entry key="compatibleWithPlan" value=""/>
</con:parameters><con:parameterOrder><con:entry>X-TNGO-TENANT</con:entry><con:entry>Authorization</con:entry><con:entry>client_id</con:entry><con:entry>client_secret</con:entry><con:entry>transactionType</con:entry><con:entry>region</con:entry><con:entry>offset</con:entry><con:entry>limit</con:entry><con:entry>compatibleWithPlan</con:entry><con:entry>manufacturer</con:entry><con:entry>postalCode</con:entry><con:entry>service</con:entry><con:entry>vendor</con:entry><con:entry>sortBy</con:entry><con:entry>sortAscending</con:entry></con:parameterOrder></con:restRequest></con:config></con:testStep><con:testStep type="groovy" name="VerifyJSONDifferentOffsetAndLimit" id="ffce4421-a5ea-4be7-a20d-e7b685c0e4e6"><con:settings/><con:config><script><![CDATA[import groovy.json.JsonSlurper 

def groovyUtils = new com.eviware.soapui.support.GroovyUtils( context ); 
def testCase = context.testCase; 
def testStep = testCase.getTestStepByName("GetCatalogDevices") 

def mainUrl = testRunner.testCase.getPropertyValue("URL")

//  need for external call.
testRunner = new com.eviware.soapui.impl.wsdl.testcase.WsdlTestCaseRunner(testCase, null); 
testStepContext = new com.eviware.soapui.impl.wsdl.testcase.WsdlTestRunContext(testStep); 

// get response of last test step run.
def response = testStep.testRequest.messageExchange.response.responseContent
def slurper = new JsonSlurper()
def json = slurper.parseText response


def idsJson = json.devices.items.id
//log.info "ids 2: " + idsJson 

// verifies that the ids retrieved on the JSON response are the correct ones 
assert (context.ids == idsJson)


// If JSON response has all 5 hrefs (_metaHref, _metaHrefNext, _metaHrefStart, _metaHrefPrevious, _metaHrefEnd) then verify that they have correct values
if((json.devices._meta.hrefStart) != null && (json.devices._meta.hrefPrevious) != null && (json.devices._meta.hrefNext) != null && (json.devices._meta.hrefEnd) != null){
	
	VerifyHrefResults(testRunner, json, mainUrl)	
	
}
	

context.newOffset = context.newOffset + 4 
log.info "offset: " + context.newOffset.toString()
testRunner.testCase.setPropertyValue("offsetNew", context.newOffset.toString())
	

// ////////////////////////////////////////////////////////////////////////////////////////////////////////////////////
// this verifies the href responses for _metaHref, _metaHrefNext, _metaHrefStart, _metaHrefPrevious, _metaHrefEnd.
// the hrefs being tested consist of limit, offset, the main endpoint for the href, sort type, query type, query 
// value, and expected number of ampersands. common method 'VerifyHrefPathAndParams' is used to verify each href type.
// ///////////////////////////////////////////////////////////////////////////////////////////////////////////////////
void VerifyHrefResults(testRunner, json, mainUrl)
{
	// this sets up variables for testing href links. 
	def offset = json.devices._meta.offset
	def limit = json.devices._meta.limit
	
	def totalCount = json.devices._meta.totalCount
		
	def sortAscending = testRunner.testCase.getPropertyValue("sortAscending")
	def regionId = testRunner.testCase.getPropertyValue("regionId")
	def transactionType = testRunner.testCase.getPropertyValue("transactionType")
	
	def hrefLink = mainUrl + "/catalog/devices?"
	def sortType = testRunner.testCase.getPropertyValue("sortAscending") 
	def queryType = []
	def queryValue = []

 	queryType[0] = "region"
	queryValue[0] = regionId
	queryType[1] = "transactionType"
	queryValue[1] = transactionType

	
	def expectedNumAmpersands = 4

	// _metaHref
	hrefJson = json.devices._meta.href 
	VerifyHrefPathAndParams(hrefLink, limit, offset, sortType, queryType, queryValue, expectedNumAmpersands, hrefJson, log)

	// _metaHrefNext
	hrefJson = json.devices._meta.hrefNext 
	def offsetHrefNext = (offset + limit)
	VerifyHrefPathAndParams(hrefLink, limit, offsetHrefNext, sortType, queryType, queryValue, expectedNumAmpersands, hrefJson, log)

	// _metaHrefStart
	hrefJson = json.devices._meta.hrefStart 
	offsetVal = 0
	VerifyHrefPathAndParams(hrefLink, limit, offsetVal, sortType, queryType, queryValue, expectedNumAmpersands, hrefJson, log)

	// _metaHrefEnd
	hrefJson = json.devices._meta.hrefEnd 
	def offsetHrefEnd = soapUIScripts.CommonMethods.GetOffsetValueForHrefEnd(limit, totalCount, log)
	VerifyHrefPathAndParams(hrefLink, limit, offsetHrefEnd, sortType, queryType, queryValue, expectedNumAmpersands, hrefJson, log)

	// _metaHrefPrevious
	hrefJson = json.devices._meta.hrefPrevious 
	int intOffset = offset as int 
	int intLimit = limit as int

	// offset for metaHrefPrevious is offset - limit. if result is negative, offset = 0.
	if(intOffset - intLimit <= 0)
	{
		offsetVal = "0"
	}
	else
	{
		int tempInt = intOffset - intLimit	
		offsetVal = tempInt as String
	}

	VerifyHrefPathAndParams(hrefLink, limit, offsetVal, sortType, queryType, queryValue, expectedNumAmpersands, hrefJson, log)
	
}	



// this verifies the href json href link passed in has all the values passed in, after the values have adjustments made to
// them to make it possible to locate each expected part of the href. the number of "&" characters is verified and then
// the expected expected size of the json href link is checked.
static void VerifyHrefPathAndParams(hrefLink, limit, offset, sortType, queryType, queryValue, expectedNumAmpersands, json, log)
{
	//log.info json
	def limitStr = "limit=" + limit
	def offsetStr =  "offset=" + offset
	int totalNumCharsExpected = 0
	def sortStr = ""
	def queryStr = []
	
	if(sortType == "true")
	{
		sortStr = "sortAscending=true"
	}
	else
	{
		sortStr = "sortAscending=false"	
	}
	
	queryStr[0] = queryType[0] + "=" + queryValue[0] // for transactionType
	queryStr[1] = queryType[1] + "=" + queryValue[1] // for region

	// now add all query items and href link to a list 
	def itemList = []
	itemList.add(limitStr)
	itemList.add(offsetStr)
	itemList.add(sortStr)	
	itemList.add(queryStr[0])	
	itemList.add(queryStr[1])
	itemList.add(hrefLink)	

	// now go through each query item in the list and the href and make sure it is in the json response. also total up the number of characters.
	for(str in itemList)
	{
		if(!json.contains(str))
		{
		log.info "Item " + str + " is not found in the Href path. Throwing error in method 'VerifyHrefPathAndParams'"
		throw new RuntimeException("Item " + str + " is not found in the Href path. Throwing error in method 'VerifyHrefPathAndParams'")
		}
		totalNumCharsExpected += str.size()
	}

	if(!VerifyNumberOfAmpersands(expectedNumAmpersands, json)) // this verfies correct number of ampersands.
	{
		log.info "Number of ampersands in json response passed into 'VerifyHrefPathAndParams' method is incorrect"
		throw new RuntimeException("Number of ampersands in json response passed into 'VerifyHrefPathAndParams' method is incorrect")
	}

	// verify the total number of cbaracters that were verified in the json string equals the size of the actual json string.	
	if((totalNumCharsExpected + expectedNumAmpersands) != json.size())
	{
		log.info "String size " + json.size() + " of json response does not equal the number of cbaracters " +  (totalNumCharsExpected + expectedNumAmpersands) + " that were verified in method 'VerifyHrefPathAndParams'."
		throw new RuntimeException("String size of json response "  + json.size() + " does not equal the number of cbaracters " +  (totalNumCharsExpected + expectedNumAmpersands) + " that were verified in method 'VerifyHrefPathAndParams'.")
	}

	//log.info "href ok: " + json

}


// this finds the number of '&' characters and verifys if the json string passed in has the 
// expected amount. returns true if expected amount is correct else false.
static boolean VerifyNumberOfAmpersands(expectedNumberAmpersands, json)
{
	StringBuilder strTest =  new StringBuilder(json)
	
	int pos = -1; // search starts at pos+1, so set pos to -1 to start search at zero
	int x = 0 // this will keep count of number of ampersands ("&")
	
	while (true) { // break out of the loop when there are no further matches
		pos = strTest.indexOf("&", pos+1); // Look for the desired character starting one character past the pos
	
		if (pos < 0) break; // If the character is not found, end the loop
		x++
	}
	if(x == expectedNumberAmpersands)
	{
		return true
	}
	else
	{
		return false
	}
	
}



]]></script></con:config></con:testStep><con:testStep type="goto" name="Conditional" id="59871547-ebc8-4ff4-825f-0dc4b7adbb76"><con:settings/><con:config xsi:type="con:GotoStep" xmlns:xsi="http://www.w3.org/2001/XMLSchema-instance"><con:condition><con:name>Condition 1</con:name><con:type>XPATH</con:type><con:expression>declare namespace ns1='https://tg-mobility.cloudhub.io/mobility/v1/catalog/devices';
//ns1:Response[1]/ns1:devices[1]/ns1:_meta[1]/ns1:totalCount[1] > ${#TestCase#offsetNew}</con:expression><con:targetStep>SetupNewOffsetLimit</con:targetStep></con:condition></con:config></con:testStep><con:testStep type="restrequest" name="GetCatalogDevicesId" id="983a05e2-0886-43e6-849f-c57e6e23e0f9"><con:settings/><con:config service="/catalog/devices/{id}" resourcePath="/catalog/devices/{id}" methodName="DevicesId" xsi:type="con:RestRequestStep" xmlns:xsi="http://www.w3.org/2001/XMLSchema-instance"><con:restRequest name="GetCatalogDevicesId" id="068e5fe8-be2f-47e9-bfca-c9b83c634843" mediaType="application/json"><con:settings><con:setting id="com.eviware.soapui.impl.wsdl.WsdlRequest@request-headers">&lt;xml-fragment/></con:setting></con:settings><con:endpoint>${#TestCase#URL}</con:endpoint><con:request/><con:originalUri>https://tg-mobility.cloudhub.io/mobility/v1/catalog/devices/</con:originalUri><con:assertion type="Valid HTTP Status Codes" id="20496f80-9fd0-4c67-9781-5a507fa60050" name="Valid HTTP Status Codes"><con:settings/><con:configuration><codes>200</codes></con:configuration></con:assertion><con:assertion type="Simple Contains" id="2cc68fe4-7d91-40a1-b49b-ebf4bd036666" name="Contains"><con:configuration><token>${#TestCase#deviceId}</token><ignoreCase>false</ignoreCase><useRegEx>false</useRegEx></con:configuration></con:assertion><con:credentials><con:selectedAuthProfile>No Authorization</con:selectedAuthProfile><con:authType>No Authorization</con:authType></con:credentials><con:jmsConfig JMSDeliveryMode="PERSISTENT"/><con:parameters>
  <con:entry key="Authorization" value="Bearer ${#TestCase#AccessToken}"/>
  <con:entry key="X-TNGO-TENANT" value="${#TestCase#Tenant}"/>
  <con:entry key="id" value="${#TestCase#deviceId}"/>
  <con:entry key="client_secret" value="${#TestCase#client_secret}"/>
  <con:entry key="client_id" value="${#TestCase#client_Id}"/>
</con:parameters><con:parameterOrder><con:entry>X-TNGO-TENANT</con:entry><con:entry>Authorization</con:entry><con:entry>client_id</con:entry><con:entry>client_secret</con:entry><con:entry>id</con:entry></con:parameterOrder></con:restRequest></con:config></con:testStep><con:testStep type="groovy" name="VerifyJSONResponseDeviceId" id="675cf643-75b2-4611-b791-4385c40ba711"><con:settings/><con:config><script>import groovy.json.JsonSlurper 

def groovyUtils = new com.eviware.soapui.support.GroovyUtils( context ); 
def testCase = context.testCase; 
def testStep = testCase.getTestStepByName("GetCatalogDevicesId") 

//  need for external call.
testRunner = new com.eviware.soapui.impl.wsdl.testcase.WsdlTestCaseRunner(testCase, null); 
testStepContext = new com.eviware.soapui.impl.wsdl.testcase.WsdlTestRunContext(testStep); 

// get response of last test step run.
def response = testStep.testRequest.messageExchange.response.responseContent
def slurper = new JsonSlurper()
def json = slurper.parseText response



/* Expected Values */

String id = context.deviceId
String metaHref = context.metaHref 
String name = context.name
String imageUrl = context.imageUrl

String priceAmount = context.amount
String priceCurrencyCode = context.currencyCode
String priceRecurrence = context.recurrence

String vendorMetaHref = context.vendorMetaHref
String vendorId = context.vendorId
String vendorName = context.vendorName
String vendorLogoUrl = context.vendorLogoUrl

String manufacturerMetaHref = context.manufacturerMetaHref
String manufacturerId = context.manufacturerId
String manufacturerName = context.manufacturerName
String manufacturerLogoUrl = context.manufacturerLogoUrl

/* Verify the first four device specifications  */
String specifications1Name = "Form Factor:"
String specifications1Value = "Bar Phone"

String specifications2Name = "Operating System:"
String specifications2Value = "Android"

String specifications3Name = "3G Capable:"
String specifications3Value = "Yes"

String specifications4Name = "4G Capable:"
String specifications4Value = "Yes"
 

/* Verify expected results */

CompareItemsTwoStrings(json._meta.href, metaHref)
CompareItemsTwoStrings(json.id, id)
CompareItemsTwoStrings(json.name, name)
CompareItemsTwoStrings(json.imageUrl, imageUrl)

CompareItemsTwoStrings(json.price.amount, priceAmount)
CompareItemsTwoStrings(json.price.currencyCode, priceCurrencyCode)
CompareItemsTwoStrings(json.price.recurrence, priceRecurrence)

CompareItemsTwoStrings(json.vendor._meta.href, vendorMetaHref)
CompareItemsTwoStrings(json.vendor.id, vendorId)
CompareItemsTwoStrings(json.vendor.name, vendorName)
CompareItemsTwoStrings(json.vendor.logoUrl, vendorLogoUrl)

CompareItemsTwoStrings(json.manufacturer._meta.href , manufacturerMetaHref)
CompareItemsTwoStrings(json.manufacturer.id, manufacturerId)
CompareItemsTwoStrings(json.manufacturer.name, manufacturerName)
CompareItemsTwoStrings(json.manufacturer.logoUrl, manufacturerLogoUrl)

CompareItemsTwoStrings(json.specifications[0].name, specifications1Name)
CompareItemsTwoStrings(json.specifications[0].value, specifications1Value)

CompareItemsTwoStrings(json.specifications[1].name, specifications2Name)
CompareItemsTwoStrings(json.specifications[1].value, specifications2Value)

CompareItemsTwoStrings(json.specifications[2].name, specifications3Name)
CompareItemsTwoStrings(json.specifications[2].value, specifications3Value)

CompareItemsTwoStrings(json.specifications[3].name, specifications4Name)
CompareItemsTwoStrings(json.specifications[3].value, specifications4Value)


/* Methods */

void CompareItemsTwoStrings(json, expectedValueString)
{
	String jsonString = json
	
	// this will show each compare being made - DEBUG ONLY $
	//log.info "Json: " + jsonString + " Expected: " + expectedValueString 
	assert(jsonString == expectedValueString) 
	// this seems to remove the "{" and "}" from the json string.
}
</script></con:config></con:testStep><con:properties><con:property><con:name>Tenant</con:name><con:value>XX1</con:value></con:property><con:property><con:name>limit</con:name><con:value>100</con:value></con:property><con:property><con:name>offset</con:name><con:value>0</con:value></con:property><con:property><con:name>companyEmployeeId</con:name><con:value>Dudley.Doright2.XX1</con:value></con:property><con:property><con:name>AccessToken</con:name><con:value>HFzRSEJBw9m5eLxx66n5fLESjL7YZWgRnzMG-3VuQkF6q7vM-6oh6mMMiY5q56LvnfXu6-QFh7yAdA9NuOev8Q</con:value></con:property><con:property><con:name>RefreshToken</con:name><con:value>MN92nNfS3iq852hWthrjJG3lsesTMovc9wc9jbzQAwVymRm62O93u6GXK10V3mtCj8dg8RtDTvUP_Spxm0L_kQ</con:value></con:property><con:property><con:name>transactionType</con:name><con:value>NEW_ACTIVATION</con:value></con:property><con:property><con:name>regionId</con:name><con:value>70144640</con:value></con:property><con:property><con:name>sortAscending</con:name><con:value>true</con:value></con:property><con:property><con:name>DeviceId</con:name><con:value>12637274827</con:value></con:property><con:property><con:name>ServiceId</con:name><con:value>39039354</con:value></con:property><con:property><con:name>EmployeeId</con:name><con:value>28696123</con:value></con:property><con:property><con:name>DepartmentId</con:name><con:value>11569020350</con:value></con:property><con:property><con:name>LogoUrl</con:name><con:value>https://qa1cmd.tangoe.com/</con:value></con:property><con:property><con:name>offsetNew</con:name><con:value>9</con:value></con:property><con:property><con:name>limitNew</con:name><con:value>4</con:value></con:property><con:property><con:name>client_id</con:name><con:value>3c276cecdc674aabb5456f54b605bbbf</con:value></con:property><con:property><con:name>client_secret</con:name><con:value>c513c4a67492405d95CE4DB4B40B73FF</con:value></con:property><con:property><con:name>URL</con:name><con:value>https://tngo-qa-mobproc-cmd.cloudhub.io/mobproc/v1.qa</con:value></con:property><con:property><con:name>compatiblePlanId</con:name><con:value>11658663895</con:value></con:property><con:property><con:name>manufacturerId</con:name><con:value>Chunghwa Telecom</con:value></con:property><con:property><con:name>vendorId</con:name><con:value>105</con:value></con:property><con:property><con:name>manufacturerAssertion</con:name><con:value>Chunghwa+Telecom</con:value></con:property><con:property><con:name>vendorAssertion</con:name><con:value>105</con:value></con:property><con:property><con:name>sortBy</con:name><con:value>NAME</con:value></con:property></con:properties><con:reportParameters/><con:breakPoints><con:testStepId>9c7d5af6-1dff-46ec-a96b-a5da451b59f1</con:testStepId><con:status>NONE</con:status><con:properties/></con:breakPoints><con:breakPoints><con:testStepId>0c579719-14a3-4475-b37b-8f3ad79227b8</con:testStepId><con:status>NONE</con:status><con:properties/></con:breakPoints><con:breakPoints><con:testStepId>34281461-2f91-4e22-87e3-f77d1142c0b4</con:testStepId><con:status>NONE</con:status><con:properties/></con:breakPoints><con:breakPoints><con:testStepId>ffce4421-a5ea-4be7-a20d-e7b685c0e4e6</con:testStepId><con:status>NONE</con:status><con:properties/></con:breakPoints><con:breakPoints><con:testStepId>983a05e2-0886-43e6-849f-c57e6e23e0f9</con:testStepId><con:status>NONE</con:status><con:properties/></con:breakPoints><con:breakPoints><con:testStepId>675cf643-75b2-4611-b791-4385c40ba711</con:testStepId><con:status>NONE</con:status><con:properties/></con:breakPoints><con:breakPoints><con:testStepId>22d9584a-f35f-4c69-88a7-c1271abc8ffd</con:testStepId><con:status>NONE</con:status><con:properties/></con:breakPoints></con:testCase><con:properties/><con:reportParameters/></con:testSuite><con:requirements/><con:properties/><con:wssContainer/><con:databaseConnectionContainer/><con:oAuth2ProfileContainer/><con:reporting><con:reportTemplates/><con:xmlTemplates/><con:xmlTemplates/><con:parameters/><con:parameters/></con:reporting><con:reporting/><con:authRepository/><con:tags/></con:soapui-project>