<?xml version="1.0" encoding="UTF-8"?>
<con:soapui-project id="8ee16bf6-dfa2-4e02-996f-f9d40c9174e1" activeEnvironment="Default environment" name="Sorting" lastOpened="2016-06-02T10:42:03.193-03:00" soapui-version="6.0.0" xmlns:con="http://eviware.com/soapui/config"><con:settings/><con:interface xsi:type="con:RestService" id="4c5de9de-bf4a-4738-8504-5ff6d6bb00e6" wadlVersion="http://wadl.dev.java.net/2009/02" name="Assets Devices" type="rest" xmlns:xsi="http://www.w3.org/2001/XMLSchema-instance"><con:settings/><con:definitionCache type="TEXT" rootPart=""/><con:endpoints><con:endpoint>${#TestCase#URL}</con:endpoint><con:endpoint>http://tg-mobility.cloudhub.io</con:endpoint></con:endpoints><con:resource name="V1" path="/assets/devices" id="a01d1a71-d920-486a-9ff5-8316beb2e4f2"><con:settings/><con:parameters><con:parameter><con:name>X-TNGO-TENANT</con:name><con:value/><con:style>HEADER</con:style><con:default/><con:description xsi:nil="true"/></con:parameter><con:parameter><con:name>limit</con:name><con:value/><con:style>QUERY</con:style><con:default/><con:description xsi:nil="true"/></con:parameter><con:parameter><con:name>offset</con:name><con:value/><con:style>QUERY</con:style><con:default/><con:description xsi:nil="true"/></con:parameter><con:parameter><con:name>Authorization</con:name><con:value/><con:style>HEADER</con:style><con:default/><con:description xsi:nil="true"/></con:parameter><con:parameter><con:name>sortAscending</con:name><con:value/><con:style>QUERY</con:style><con:default/><con:description xsi:nil="true"/></con:parameter><con:parameter><con:name>client_id</con:name><con:value/><con:style>HEADER</con:style><con:default/><con:description xsi:nil="true"/></con:parameter><con:parameter><con:name>client_secret</con:name><con:value/><con:style>HEADER</con:style><con:default/><con:description xsi:nil="true"/></con:parameter><con:parameter><con:name>sortBy</con:name><con:value/><con:style>QUERY</con:style><con:default/><con:description xsi:nil="true"/></con:parameter><con:parameter><con:name>companyEmployeeId</con:name><con:value/><con:style>QUERY</con:style><con:default/><con:description xsi:nil="true"/></con:parameter></con:parameters><con:method name="GetAssetsDevices" id="2163f03c-f208-4ee1-9800-cc5d16736967" method="GET"><con:settings/><con:parameters/><con:representation type="FAULT"><con:mediaType>application/json</con:mediaType><con:status>403 400 500</con:status><con:params/><con:element xmlns:dev="http://tg-mobility.cloudhub.io/mobility/v1/assets/devices">dev:Fault</con:element></con:representation><con:representation type="RESPONSE"><con:mediaType>application/json;charset=UTF-8</con:mediaType><con:status>200</con:status><con:params/><con:element xmlns:dev="http://tg-mobility.cloudhub.io/mobility/v1/assets/devices">dev:Response</con:element></con:representation><con:representation type="RESPONSE"><con:mediaType xsi:nil="true"/><con:status>0</con:status><con:params/><con:element>data</con:element></con:representation><con:representation type="FAULT"><con:mediaType xsi:nil="true"/><con:status>404</con:status><con:params/><con:element>data</con:element></con:representation><con:representation type="FAULT"><con:mediaType xsi:nil="true"/><con:status>404</con:status><con:params/><con:element>data</con:element></con:representation><con:representation type="FAULT"><con:mediaType xsi:nil="true"/><con:status>404</con:status><con:params/><con:element>data</con:element></con:representation><con:representation type="FAULT"><con:mediaType xsi:nil="true"/><con:status>404</con:status><con:params/><con:element>data</con:element></con:representation><con:representation type="FAULT"><con:mediaType xsi:nil="true"/><con:status>404</con:status><con:params/><con:element>data</con:element></con:representation><con:representation type="FAULT"><con:mediaType xsi:nil="true"/><con:status>404</con:status><con:params/><con:element>data</con:element></con:representation><con:representation type="FAULT"><con:mediaType xsi:nil="true"/><con:status>404</con:status><con:params/><con:element>data</con:element></con:representation><con:representation type="FAULT"><con:mediaType xsi:nil="true"/><con:status>404</con:status><con:params/><con:element>data</con:element></con:representation><con:representation type="FAULT"><con:mediaType xsi:nil="true"/><con:status>404</con:status><con:params/><con:element>data</con:element></con:representation><con:representation type="FAULT"><con:mediaType xsi:nil="true"/><con:status>404</con:status><con:params/><con:element>data</con:element></con:representation><con:representation type="FAULT"><con:mediaType xsi:nil="true"/><con:status>404</con:status><con:params/><con:element>data</con:element></con:representation><con:representation type="FAULT"><con:mediaType xsi:nil="true"/><con:status>404</con:status><con:params/><con:element>data</con:element></con:representation><con:representation type="RESPONSE"><con:mediaType xsi:nil="true"/><con:status>0</con:status><con:params/><con:element>data</con:element></con:representation><con:representation type="FAULT"><con:mediaType xsi:nil="true"/><con:status>404</con:status><con:params/><con:element>data</con:element></con:representation><con:representation type="RESPONSE"><con:mediaType xsi:nil="true"/><con:status>0</con:status><con:params/><con:element>data</con:element></con:representation><con:representation type="RESPONSE"><con:mediaType xsi:nil="true"/><con:status>0</con:status><con:params/><con:element>data</con:element></con:representation><con:request name="GetAssetsDevices" id="b5302b21-c0e7-4282-8650-220a81e05374" mediaType="application/json"><con:settings><con:setting id="com.eviware.soapui.impl.wsdl.WsdlRequest@request-headers">&lt;xml-fragment/></con:setting></con:settings><con:endpoint>None</con:endpoint><con:request/><con:originalUri>http://tg-mobility.cloudhub.io/mobility/v1/assets/devices</con:originalUri><con:credentials><con:selectedAuthProfile>No Authorization</con:selectedAuthProfile><con:authType>No Authorization</con:authType></con:credentials><con:jmsConfig JMSDeliveryMode="PERSISTENT"/><con:jmsPropertyConfig/><con:parameters><entry key="sortAscending" value="" xmlns="http://eviware.com/soapui/config"/></con:parameters><con:parameterOrder><con:entry>X-TNGO-TENANT</con:entry><con:entry>Authorization</con:entry><con:entry>client_id</con:entry><con:entry>client_secret</con:entry><con:entry>limit</con:entry><con:entry>offset</con:entry><con:entry>sortAscending</con:entry><con:entry>sortBy</con:entry><con:entry>companyEmployeeId</con:entry></con:parameterOrder></con:request></con:method></con:resource></con:interface><con:interface xsi:type="con:RestService" id="f0625f7b-fe42-4290-b521-80423aae19d2" wadlVersion="http://wadl.dev.java.net/2009/02" name="Assets Services" type="rest" xmlns:xsi="http://www.w3.org/2001/XMLSchema-instance"><con:settings/><con:definitionCache type="TEXT" rootPart=""/><con:endpoints><con:endpoint>https://tngo-dev-mobproc-cmd.cloudhub.io</con:endpoint></con:endpoints><con:resource name="Services" path="/assets/services" id="15549c84-a7ea-4cfc-88d2-d0d3f76d75eb"><con:settings/><con:parameters><con:parameter><con:name>sortAscending</con:name><con:value>true</con:value><con:style>QUERY</con:style><con:default>true</con:default><con:path xsi:nil="true"/><con:description xsi:nil="true"/></con:parameter><con:parameter><con:name>offset</con:name><con:value>0</con:value><con:style>QUERY</con:style><con:default>0</con:default><con:path xsi:nil="true"/><con:description xsi:nil="true"/></con:parameter><con:parameter><con:name>limit</con:name><con:value>10</con:value><con:style>QUERY</con:style><con:default>10</con:default><con:path xsi:nil="true"/><con:description xsi:nil="true"/></con:parameter><con:parameter><con:name>X-TNGO-TENANT</con:name><con:value/><con:style>HEADER</con:style><con:default/><con:description xsi:nil="true"/></con:parameter><con:parameter><con:name>Authorization</con:name><con:value/><con:style>HEADER</con:style><con:default/><con:description xsi:nil="true"/></con:parameter><con:parameter><con:name>client_id</con:name><con:value/><con:style>HEADER</con:style><con:default/><con:description xsi:nil="true"/></con:parameter><con:parameter><con:name>client_secret</con:name><con:value/><con:style>HEADER</con:style><con:default/><con:description xsi:nil="true"/></con:parameter><con:parameter><con:name>sortBy</con:name><con:value/><con:style>QUERY</con:style><con:default/><con:description xsi:nil="true"/></con:parameter><con:parameter><con:name>status</con:name><con:value/><con:style>QUERY</con:style><con:default/><con:description xsi:nil="true"/></con:parameter></con:parameters><con:method name="Services" id="6895a2f5-c24a-4f10-b417-558cf111217e" method="GET"><con:settings/><con:parameters/><con:representation type="FAULT"><con:mediaType>application/json</con:mediaType><con:status>400</con:status><con:params/><con:element xmlns:ser="https://tngo-qa-mobproc-cmd.cloudhub.io/mobproc/v1.qa/assets/services">ser:Fault</con:element></con:representation><con:representation type="RESPONSE"><con:mediaType>application/json;charset=UTF-8</con:mediaType><con:status>200</con:status><con:params/><con:element xmlns:ser="https://tngo-qa-mobproc-cmd.cloudhub.io/mobproc/v1.qa/assets/services">ser:Response</con:element></con:representation><con:representation type="RESPONSE"><con:mediaType xsi:nil="true"/><con:status>0</con:status><con:params/><con:element>data</con:element></con:representation><con:representation type="RESPONSE"><con:mediaType xsi:nil="true"/><con:status>0</con:status><con:params/><con:element>data</con:element></con:representation><con:request name="Request 1" id="7290a39b-8efc-4eaf-8cde-1b2595a64bfc" mediaType="application/json"><con:settings><con:setting id="com.eviware.soapui.impl.wsdl.WsdlRequest@request-headers">&lt;xml-fragment/></con:setting></con:settings><con:endpoint>None</con:endpoint><con:request/><con:credentials><con:selectedAuthProfile>No Authorization</con:selectedAuthProfile><con:authType>No Authorization</con:authType></con:credentials><con:jmsConfig JMSDeliveryMode="PERSISTENT"/><con:parameters>
  <con:entry key="sortAscending" value=""/>
  <con:entry key="offset" value=""/>
  <con:entry key="limit" value=""/>
</con:parameters><con:parameterOrder><con:entry>X-TNGO-TENANT</con:entry><con:entry>Authorization</con:entry><con:entry>client_id</con:entry><con:entry>client_secret</con:entry><con:entry>offset</con:entry><con:entry>limit</con:entry><con:entry>sortAscending</con:entry><con:entry>sortBy</con:entry><con:entry>status</con:entry></con:parameterOrder></con:request></con:method></con:resource></con:interface><con:interface xsi:type="con:RestService" id="18db377a-97fc-400b-91d6-e46843b3d583" wadlVersion="http://wadl.dev.java.net/2009/02" name="Orders" type="rest" xmlns:xsi="http://www.w3.org/2001/XMLSchema-instance"><con:settings/><con:definitionCache type="TEXT" rootPart=""/><con:endpoints><con:endpoint>https://tngo-qa-mobproc-cmd.cloudhub.io</con:endpoint></con:endpoints><con:resource name="Orders" path="/orders" id="416bb4da-b629-47ae-93b2-16c32c8ac45d"><con:settings/><con:parameters><con:parameter><con:name>sortBy</con:name><con:value>ORDER_ID</con:value><con:style>QUERY</con:style><con:default>ORDER_ID</con:default><con:path xsi:nil="true"/><con:description xsi:nil="true"/></con:parameter><con:parameter><con:name>offset</con:name><con:value>0</con:value><con:style>QUERY</con:style><con:default>0</con:default><con:path xsi:nil="true"/><con:description xsi:nil="true"/></con:parameter><con:parameter><con:name>limit</con:name><con:value>100</con:value><con:style>QUERY</con:style><con:default>100</con:default><con:path xsi:nil="true"/><con:description xsi:nil="true"/></con:parameter><con:parameter><con:name>sortAscending</con:name><con:value>true</con:value><con:style>QUERY</con:style><con:default>true</con:default><con:path xsi:nil="true"/><con:description xsi:nil="true"/></con:parameter><con:parameter><con:name>X-TNGO-TENANT</con:name><con:value/><con:style>HEADER</con:style><con:default/><con:description xsi:nil="true"/></con:parameter><con:parameter><con:name>Authorization</con:name><con:value/><con:style>HEADER</con:style><con:default/><con:description xsi:nil="true"/></con:parameter><con:parameter><con:name>client_id</con:name><con:value/><con:style>HEADER</con:style><con:default/><con:description xsi:nil="true"/></con:parameter><con:parameter><con:name>client_secret</con:name><con:value/><con:style>HEADER</con:style><con:default/><con:description xsi:nil="true"/></con:parameter></con:parameters><con:method name="Orders" id="5dd1b0cd-abfb-45ed-9694-5f07e7f3957a" method="GET"><con:settings/><con:parameters/><con:representation type="RESPONSE"><con:mediaType>application/json;charset=UTF-8</con:mediaType><con:status>200</con:status><con:params/><con:element xmlns:ord="https://tngo-qa-mobproc-cmd.cloudhub.io/mobproc/v1.qa/orders">ord:Response</con:element></con:representation><con:request name="Request 1" id="07ab1121-ffdb-4aca-9fda-e4832a70486d" mediaType="application/json"><con:settings><con:setting id="com.eviware.soapui.impl.wsdl.WsdlRequest@request-headers">&lt;xml-fragment/></con:setting></con:settings><con:endpoint>None</con:endpoint><con:request/><con:credentials><con:selectedAuthProfile>No Authorization</con:selectedAuthProfile><con:authType>No Authorization</con:authType></con:credentials><con:jmsConfig JMSDeliveryMode="PERSISTENT"/><con:parameters>
  <con:entry key="sortAscending" value=""/>
  <con:entry key="offset" value=""/>
  <con:entry key="limit" value=""/>
  <con:entry key="sortBy" value=""/>
</con:parameters><con:parameterOrder><con:entry>X-TNGO-TENANT</con:entry><con:entry>Authorization</con:entry><con:entry>client_id</con:entry><con:entry>client_secret</con:entry><con:entry>sortBy</con:entry><con:entry>offset</con:entry><con:entry>limit</con:entry><con:entry>sortAscending</con:entry></con:parameterOrder></con:request></con:method></con:resource></con:interface><con:interface xsi:type="con:RestService" id="80e3d8ec-d642-4f3a-9b53-5c0475129898" wadlVersion="http://wadl.dev.java.net/2009/02" name="Employees" type="rest" xmlns:xsi="http://www.w3.org/2001/XMLSchema-instance"><con:settings/><con:definitionCache type="TEXT" rootPart=""/><con:endpoints><con:endpoint>https://tngo-qa-mobproc-cmd.cloudhub.io</con:endpoint></con:endpoints><con:resource name="Employees" path="/employees" id="343b8dbb-ddf2-4813-87cb-5c38398daf60"><con:settings/><con:parameters><con:parameter><con:name>sortBy</con:name><con:value>NAME</con:value><con:style>QUERY</con:style><con:default>NAME</con:default><con:path xsi:nil="true"/><con:description xsi:nil="true"/></con:parameter><con:parameter><con:name>offset</con:name><con:value>0</con:value><con:style>QUERY</con:style><con:default>0</con:default><con:path xsi:nil="true"/><con:description xsi:nil="true"/></con:parameter><con:parameter><con:name>limit</con:name><con:value>10</con:value><con:style>QUERY</con:style><con:default>10</con:default><con:path xsi:nil="true"/><con:description xsi:nil="true"/></con:parameter><con:parameter><con:name>sortAscending</con:name><con:value>true</con:value><con:style>QUERY</con:style><con:default>true</con:default><con:path xsi:nil="true"/><con:description xsi:nil="true"/></con:parameter><con:parameter><con:name>X-TNGO-TENANT</con:name><con:value/><con:style>HEADER</con:style><con:default/><con:description xsi:nil="true"/></con:parameter><con:parameter><con:name>Authorization</con:name><con:value/><con:style>HEADER</con:style><con:default/><con:description xsi:nil="true"/></con:parameter><con:parameter><con:name>client_id</con:name><con:value/><con:style>HEADER</con:style><con:default/><con:description xsi:nil="true"/></con:parameter><con:parameter><con:name>client_secret</con:name><con:value/><con:style>HEADER</con:style><con:default/><con:description xsi:nil="true"/></con:parameter></con:parameters><con:method name="Employees" id="96af5774-00bf-47e4-8f4f-755318ca12f1" method="GET"><con:settings/><con:parameters/><con:representation type="RESPONSE"><con:mediaType>application/json;charset=UTF-8</con:mediaType><con:status>200</con:status><con:params/><con:element xmlns:emp="https://tngo-qa-mobproc-cmd.cloudhub.io/mobproc/v1.qa/employees">emp:Response</con:element></con:representation><con:request name="Request 1" id="258c697d-f3ae-4136-906e-58a77082c53c" mediaType="application/json"><con:settings><con:setting id="com.eviware.soapui.impl.wsdl.WsdlRequest@request-headers">&lt;xml-fragment/></con:setting></con:settings><con:endpoint>None</con:endpoint><con:request/><con:credentials><con:selectedAuthProfile>No Authorization</con:selectedAuthProfile><con:authType>No Authorization</con:authType></con:credentials><con:jmsConfig JMSDeliveryMode="PERSISTENT"/><con:parameters>
  <con:entry key="sortAscending" value=""/>
  <con:entry key="offset" value=""/>
  <con:entry key="limit" value=""/>
  <con:entry key="sortBy" value=""/>
</con:parameters><con:parameterOrder><con:entry>X-TNGO-TENANT</con:entry><con:entry>Authorization</con:entry><con:entry>client_id</con:entry><con:entry>client_secret</con:entry><con:entry>sortBy</con:entry><con:entry>offset</con:entry><con:entry>limit</con:entry><con:entry>sortAscending</con:entry></con:parameterOrder></con:request></con:method></con:resource></con:interface><con:testSuite id="bae40536-5873-463a-82b6-9695616d4fe4" name="TestSuiteAssetsDevices"><con:settings/><con:runType>SEQUENTIAL</con:runType><con:testCase id="3b26452e-7d1e-440e-810b-29a916f2a5d0" discardOkResults="true" failOnError="true" failTestCaseOnErrors="true" keepSession="false" name="TestCaseSortingAssetsDevices" searchProperties="true"><con:settings/><con:testStep type="groovy" name="ScriptSetupAssetsDevices" id="0a61c989-5960-411a-b4b9-c453e0cbe6e4"><con:settings/><con:config><script>// /////////////////////////////////////////////
// This sets up all of the test case properties
// /////////////////////////////////////////////

def groovyUtils = new com.eviware.soapui.support.GroovyUtils( context ); 
def projectPath = groovyUtils.projectPath //gets the path of the project root

// this is sanity check with a simple call. all this does is verify a simple connection 
// to the external clases by logging a message in log window.
soapUIScripts.CommonMethods.StaticMethod(log) 

// setup test case properties stored in 'DudleyDorightDataActions' class.
soapUIScripts.DudleyDorightDataActions.SetupTestCaseProperties(log, testRunner) 

// read in token pair and put in test case properties.
// NOTE: token pair must be in same folder as project
//       token pair must be up to date (not expired)
assert(soapUIScripts.CommonMethods.ReadTokenPair(projectPath + "\\" + "TokenPair.txt", log, testRunner) == true)

// read user Ids and assign to test case properties 
def userIdsFileName = projectPath + "\\" + "DudleyDoright.txt"
assert soapUIScripts.CommonMethods.ReadUserIdsURL(userIdsFileName, log, testRunner) == true

context.offset = 0
context.limit = 100

testRunner.testCase.setPropertyValue("offset", context.offset.toString())
testRunner.testCase.setPropertyValue("limit", context.limit.toString())


testRunner.testCase.setPropertyValue("regionId", "70144640")


// Setup for the looping
context.sortingIndex = 1

log.info "  ** Sort ASSETS DEVICES ** "






</script></con:config></con:testStep><con:testStep type="groovy" name="SetSortingCombination" id="b57a7e43-6750-4bca-9fe0-593f1e625dd0"><con:settings/><con:config><script>
switch(context.sortingIndex){
	case 1:
		testRunner.testCase.setPropertyValue("sortAscending", "true")
		testRunner.testCase.setPropertyValue("sortBy", "MANUFACTURER")
		break
	case 2:
		testRunner.testCase.setPropertyValue("sortAscending", "false")
		testRunner.testCase.setPropertyValue("sortBy", "MANUFACTURER")
		break
	case 3:
		testRunner.testCase.setPropertyValue("sortAscending", "true")
		testRunner.testCase.setPropertyValue("sortBy", "MODEL")
		break
	case 4:
		testRunner.testCase.setPropertyValue("sortAscending", "false")
		testRunner.testCase.setPropertyValue("sortBy", "MODEL")
		break
	case 5:
		testRunner.testCase.setPropertyValue("sortAscending", "true")
		testRunner.testCase.setPropertyValue("sortBy", "EMPLOYEE")
		break
	case 6:
		testRunner.testCase.setPropertyValue("sortAscending", "false")
		testRunner.testCase.setPropertyValue("sortBy", "EMPLOYEE")
		break
	case 7:
		testRunner.testCase.setPropertyValue("sortAscending", "true")
		testRunner.testCase.setPropertyValue("sortBy", "DEPARTMENT")
		break
	case 8:
		testRunner.testCase.setPropertyValue("sortAscending", "false")
		testRunner.testCase.setPropertyValue("sortBy", "DEPARTMENT")
		break		
}

log.info "Loop #" + context.sortingIndex



</script></con:config></con:testStep><con:testStep type="restrequest" name="GetAssetsDevicesSorted" id="2b617cd9-a3dd-4ee5-b7e0-6afcca9705f0"><con:settings/><con:config service="Assets Devices" resourcePath="/assets/devices" methodName="GetAssetsDevices" xsi:type="con:RestRequestStep" xmlns:xsi="http://www.w3.org/2001/XMLSchema-instance"><con:restRequest name="GetAssetsDevicesSorted" id="78225f30-ac27-4fc1-b283-2688b59cb02f" mediaType="application/json"><con:settings><con:setting id="com.eviware.soapui.impl.wsdl.WsdlRequest@request-headers">&lt;xml-fragment/></con:setting></con:settings><con:endpoint>${#TestCase#URL}</con:endpoint><con:request/><con:originalUri>http://tg-mobility.cloudhub.io/mobility/v1/assets/devices</con:originalUri><con:assertion type="Valid HTTP Status Codes" id="e847023d-e7d0-44a2-a0ed-3d7d9c4d20b9" name="Valid HTTP Status Codes"><con:settings/><con:configuration><codes>200</codes></con:configuration></con:assertion><con:credentials><con:selectedAuthProfile>No Authorization</con:selectedAuthProfile><con:authType>No Authorization</con:authType></con:credentials><con:jmsConfig JMSDeliveryMode="PERSISTENT"/><con:jmsPropertyConfig/><con:parameters>
  <con:entry key="Authorization" value="Bearer ${#TestCase#AccessToken}"/>
  <con:entry key="sortAscending" value="${#TestCase#sortAscending}"/>
  <con:entry key="offset" value="${#TestCase#offset}"/>
  <con:entry key="X-TNGO-TENANT" value="${#TestCase#Tenant}"/>
  <con:entry key="limit" value="${#TestCase#limit}"/>
  <con:entry key="sortBy" value="${#TestCase#sortBy}"/>
  <con:entry key="client_secret" value="${#TestCase#client_secret}"/>
  <con:entry key="client_id" value="${#TestCase#client_Id}"/>
</con:parameters><con:parameterOrder><con:entry>X-TNGO-TENANT</con:entry><con:entry>Authorization</con:entry><con:entry>client_id</con:entry><con:entry>client_secret</con:entry><con:entry>limit</con:entry><con:entry>offset</con:entry><con:entry>sortAscending</con:entry><con:entry>sortBy</con:entry><con:entry>companyEmployeeId</con:entry></con:parameterOrder></con:restRequest></con:config></con:testStep><con:testStep type="groovy" name="VerifyAssetsDevicesSorting" id="3e72e467-da8b-4f25-ad46-c2108f1e3c58"><con:settings/><con:config><script>import groovy.json.JsonSlurper 

def groovyUtils = new com.eviware.soapui.support.GroovyUtils( context ); 
def testCase = context.testCase; 
def testStep = testCase.getTestStepByName("GetAssetsDevicesSorted") 

//  need for external call.
testRunner = new com.eviware.soapui.impl.wsdl.testcase.WsdlTestCaseRunner(testCase, null); 
testStepContext = new com.eviware.soapui.impl.wsdl.testcase.WsdlTestRunContext(testStep); 

// get response of last test step run.
def response = testStep.testRequest.messageExchange.response.responseContent
def slurper = new JsonSlurper()
def json = slurper.parseText response


def sortAscending = testRunner.testCase.getPropertyValue("sortAscending")
def sortBy = testRunner.testCase.getPropertyValue("sortBy")

log.info "sortBy: " + sortBy
log.info "sortAscending = " + sortAscending


VerifyOrderSortAscending(json, sortAscending, sortBy)

context.sortingIndex++



/* Methods */

void VerifyOrderSortAscending(json, sortAscending, sortBy){

	def originalList = []
	def sortedList = []

	
	if (sortBy == "MANUFACTURER"){
		originalList = json.devices.items.manufacturer.name
	}
	else if (sortBy == "MODEL"){
		originalList = json.devices.items.model.name
	}
	else if (sortBy == "EMPLOYEE"){
		originalList = json.devices.items.employee.lastName
	}
	else if (sortBy == "DEPARTMENT"){
		originalList = json.devices.items.employee.department.name
	}
							

	// Copy the elements from original list to sorted list
	for(int i = 0; i &lt; originalList.size(); i++){
		sortedList[i] = originalList[i]
	}

	// The criteria to sort the list must be case insensitive. E.g.: there are model names starting with "i" instead of "I", like "iPhone"
	Collections.sort(sortedList, String.CASE_INSENSITIVE_ORDER)
	
	if(sortAscending.equals("false")){
		sortedList = sortedList.reverse()
	}

	log.info "originalList: " + originalList
	log.info "sortedList:   " + sortedList
	
	assert(sortedList.equals(originalList))
	

}





</script></con:config></con:testStep><con:testStep type="goto" name="ConditionLastCombination" id="51912101-0d27-4cdb-ae22-bc2c7acdf0fd"><con:settings/><con:config xsi:type="con:GotoStep" xmlns:xsi="http://www.w3.org/2001/XMLSchema-instance"><con:condition><con:name>ConditionLastCombination</con:name><con:type>XPATH</con:type><con:expression>declare namespace ns1='http://tg-mobility.cloudhub.io/mobility/v1/assets/devices';
not(exists(//ns1:Response[1]/ns1:devices[1]/ns1:_meta[1]/ns1:href[1][text() = "https://tngo-qa-mobproc-cmd.cloudhub.io/mobproc/v1.qa/assets/devices?sortBy=DEPARTMENT&amp;offset=0&amp;limit=100&amp;sortAscending=false"]))</con:expression><con:targetStep>SetSortingCombination</con:targetStep></con:condition></con:config></con:testStep><con:properties><con:property><con:name>Tenant</con:name><con:value>XX1</con:value></con:property><con:property><con:name>limit</con:name><con:value>100</con:value></con:property><con:property><con:name>offset</con:name><con:value>0</con:value></con:property><con:property><con:name>companyEmployeeId</con:name><con:value>Dudley.Doright2.XX1</con:value></con:property><con:property><con:name>AccessToken</con:name><con:value>ziFqmDsNKoWCXmGUtRfOSNoUFWG3NNltJ2Qn_XI_JNNeVWF9jSx2js6ecTLOjQl45WXHESRQC3wg3kQgzrkPYQ</con:value></con:property><con:property><con:name>RefreshToken</con:name><con:value>UkQxpKNlxbH-LcFVn0PankDgfE0tyUbAIdbMa20QC8FX3oxDmVuCJc0xRY565OUzcveJxWVhKLFw89I__OimAg</con:value></con:property><con:property><con:name>DeviceId</con:name><con:value>35433759</con:value></con:property><con:property><con:name>ServiceId</con:name><con:value>38457007</con:value></con:property><con:property><con:name>EmployeeId</con:name><con:value>28680044</con:value></con:property><con:property><con:name>DepartmentId</con:name><con:value>11569020350</con:value></con:property><con:property><con:name>LogoUrl</con:name><con:value>https://qa1cmd.tangoe.com/</con:value></con:property><con:property><con:name>client_id</con:name><con:value>3c276cecdc674aabb5456f54b605bbbf</con:value></con:property><con:property><con:name>client_secret</con:name><con:value>c513c4a67492405d95CE4DB4B40B73FF</con:value></con:property><con:property><con:name>URL</con:name><con:value>https://tngo-qa-mobproc-cmd.cloudhub.io/mobproc/v1.qa</con:value></con:property><con:property><con:name>transactionType</con:name><con:value>NEW_ACTIVATION</con:value></con:property><con:property><con:name>sortAscending</con:name><con:value>false</con:value></con:property><con:property><con:name>sortBy</con:name><con:value>DEPARTMENT</con:value></con:property><con:property><con:name>regionId</con:name><con:value>70144640</con:value></con:property><con:property><con:name>LastHref</con:name><con:value>https://tngo-qa-mobproc-cmd.cloudhub.io/mobproc/v1.qa/catalog/accessories?transactionType=NEW_ACTIVATION&amp;offset=0&amp;sortBy=VENDOR&amp;region=70144640&amp;limit=100&amp;sortAscending=false</con:value></con:property><con:property><con:name>hrefUrl</con:name><con:value>https://tngo-qa-mobproc-cmd.cloudhub.io/mobproc/v1.qa/catalog/accessories?transactionType=NEW_ACTIVATION&amp;sortBy=VENDOR&amp;offset=0&amp;region=70144640&amp;limit=100&amp;sortAscending=false</con:value></con:property><con:property><con:name>ConditionUrl</con:name><con:value>https://tngo-qa-mobproc-cmd.cloudhub.io/mobproc/v1.qa/assets/devices?offset=0&amp;sortBy=DEPARTMENT&amp;limit=100&amp;sortAscending=false</con:value></con:property></con:properties><con:reportParameters/><con:breakPoints><con:testStepId>7b8f2d2b-0292-4873-ab56-fcbaa8ff99f1</con:testStepId><con:status>NONE</con:status><con:properties/></con:breakPoints><con:breakPoints><con:testStepId>66aca81c-be72-452b-ab66-5b341016b808</con:testStepId><con:status>NONE</con:status><con:properties/></con:breakPoints><con:breakPoints><con:testStepId>84bde778-87fe-4b16-955b-7296fde18e70</con:testStepId><con:status>NONE</con:status><con:properties/></con:breakPoints><con:breakPoints><con:testStepId>52fa8ca2-264a-461d-beaa-373b1826f5f9</con:testStepId><con:status>NONE</con:status><con:properties/></con:breakPoints><con:breakPoints><con:testStepId>bef3478a-b94d-4805-b9cd-c71b4479ad07</con:testStepId><con:status>NONE</con:status><con:properties/></con:breakPoints><con:breakPoints><con:testStepId>4541bed6-6863-4a97-acc5-26b850b688f5</con:testStepId><con:status>NONE</con:status><con:properties/></con:breakPoints><con:breakPoints><con:testStepId>2b617cd9-a3dd-4ee5-b7e0-6afcca9705f0</con:testStepId><con:status>NONE</con:status><con:properties/></con:breakPoints></con:testCase><con:properties/><con:reportParameters/></con:testSuite><con:testSuite id="1f29b774-b615-43a8-9105-1597f6be82e4" name="TestSuiteAssetsServices"><con:settings/><con:runType>SEQUENTIAL</con:runType><con:testCase id="0ea7ab46-a4ee-4a57-80c7-7119f0657973" discardOkResults="true" failOnError="true" failTestCaseOnErrors="true" keepSession="false" name="TestCaseSortingAssetsServices" searchProperties="true"><con:settings/><con:testStep type="groovy" name="ScriptSetupAssetsServices" id="c2a3bd53-4c8a-4ab2-aeac-375f1fa3997c"><con:settings/><con:config><script>// /////////////////////////////////////////////
// This sets up all of the test case properties
// /////////////////////////////////////////////

def groovyUtils = new com.eviware.soapui.support.GroovyUtils( context ); 
def projectPath = groovyUtils.projectPath //gets the path of the project root

// this is sanity check with a simple call. all this does is verify a simple connection 
// to the external clases by logging a message in log window.
soapUIScripts.CommonMethods.StaticMethod(log) 

// setup test case properties stored in 'DudleyDorightDataActions' class.
soapUIScripts.DudleyDorightDataActions.SetupTestCaseProperties(log, testRunner) 

// read in token pair and put in test case properties.
// NOTE: token pair must be in same folder as project
//       token pair must be up to date (not expired)
assert(soapUIScripts.CommonMethods.ReadTokenPair(projectPath + "\\" + "TokenPair.txt", log, testRunner) == true)

// read user Ids and assign to test case properties 
def userIdsFileName = projectPath + "\\" + "DudleyDoright.txt"
assert soapUIScripts.CommonMethods.ReadUserIdsURL(userIdsFileName, log, testRunner) == true

context.offset = 0
context.limit = 100

testRunner.testCase.setPropertyValue("offset", context.offset.toString())
testRunner.testCase.setPropertyValue("limit", context.limit.toString())



// Setup for the looping
context.sortingIndex = 1


log.info "  ** Sort ASSETS SERVICES ** "






</script></con:config></con:testStep><con:testStep type="groovy" name="SetSortingCombination" id="a9b2e4a1-f362-4938-9a12-06c648fa0db6"><con:settings/><con:config><script>
switch(context.sortingIndex){
	case 1:
		testRunner.testCase.setPropertyValue("sortAscending", "true")
		testRunner.testCase.setPropertyValue("sortBy", "NAME")
		break
	case 2:
		testRunner.testCase.setPropertyValue("sortAscending", "false")
		testRunner.testCase.setPropertyValue("sortBy", "NAME")
		break
	case 3:
		testRunner.testCase.setPropertyValue("sortAscending", "true")
		testRunner.testCase.setPropertyValue("sortBy", "STATUS")
		break
	case 4:
		testRunner.testCase.setPropertyValue("sortAscending", "false")
		testRunner.testCase.setPropertyValue("sortBy", "STATUS")
		break
	case 5:
		testRunner.testCase.setPropertyValue("sortAscending", "true")
		testRunner.testCase.setPropertyValue("sortBy", "SERVICE_NUMBER")
		break
	case 6:
		testRunner.testCase.setPropertyValue("sortAscending", "false")
		testRunner.testCase.setPropertyValue("sortBy", "SERVICE_NUMBER")
		break
	case 7:
		testRunner.testCase.setPropertyValue("sortAscending", "true")
		testRunner.testCase.setPropertyValue("sortBy", "BILLING_VENDOR")
		break
	case 8:
		testRunner.testCase.setPropertyValue("sortAscending", "false")
		testRunner.testCase.setPropertyValue("sortBy", "BILLING_VENDOR")
		break		
	case 9:
		testRunner.testCase.setPropertyValue("sortAscending", "true")
		testRunner.testCase.setPropertyValue("sortBy", "CURRENT_VENDOR")
		break
	case 10:
		testRunner.testCase.setPropertyValue("sortAscending", "false")
		testRunner.testCase.setPropertyValue("sortBy", "CURRENT_VENDOR")
		break
		
}

log.info "Loop #" + context.sortingIndex


</script></con:config></con:testStep><con:testStep type="restrequest" name="GetAssetsServicesSorted" id="8259c085-5529-4fdc-a083-15dbdeeb3840"><con:settings/><con:config service="Assets Services" resourcePath="/assets/services" methodName="Services" xsi:type="con:RestRequestStep" xmlns:xsi="http://www.w3.org/2001/XMLSchema-instance"><con:restRequest name="GetAssetsServicesSorted" id="7290a39b-8efc-4eaf-8cde-1b2595a64bfc" mediaType="application/json"><con:settings><con:setting id="com.eviware.soapui.impl.wsdl.WsdlRequest@request-headers">&lt;xml-fragment/></con:setting></con:settings><con:endpoint>${#TestCase#URL}</con:endpoint><con:request/><con:originalUri>https://tngo-qa-mobproc-cmd.cloudhub.io/mobproc/v1.qa/assets/services</con:originalUri><con:assertion type="Valid HTTP Status Codes" id="40aae2e8-783a-4795-af26-2c950c15dce2" name="Valid HTTP Status Codes"><con:settings/><con:configuration><codes>200</codes></con:configuration></con:assertion><con:credentials><con:selectedAuthProfile>No Authorization</con:selectedAuthProfile><con:authType>No Authorization</con:authType></con:credentials><con:jmsConfig JMSDeliveryMode="PERSISTENT"/><con:parameters>
  <con:entry key="Authorization" value="Bearer ${#TestCase#AccessToken}"/>
  <con:entry key="sortAscending" value="${#TestCase#sortAscending}"/>
  <con:entry key="offset" value="${#TestCase#offset}"/>
  <con:entry key="X-TNGO-TENANT" value="${#TestCase#Tenant}"/>
  <con:entry key="limit" value="${#TestCase#limit}"/>
  <con:entry key="sortBy" value="${#TestCase#sortBy}"/>
  <con:entry key="client_secret" value="${#TestCase#client_secret}"/>
  <con:entry key="client_id" value="${#TestCase#client_Id}"/>
  <con:entry key="status" value="ACTIVE"/>
</con:parameters><con:parameterOrder><con:entry>X-TNGO-TENANT</con:entry><con:entry>Authorization</con:entry><con:entry>client_id</con:entry><con:entry>client_secret</con:entry><con:entry>offset</con:entry><con:entry>limit</con:entry><con:entry>sortAscending</con:entry><con:entry>sortBy</con:entry><con:entry>status</con:entry></con:parameterOrder></con:restRequest></con:config></con:testStep><con:testStep type="groovy" name="VerifyAssetsServicesSorting" id="94be8fc6-813d-49bd-a389-baece01820c9"><con:settings/><con:config><script>import groovy.json.JsonSlurper 

def groovyUtils = new com.eviware.soapui.support.GroovyUtils( context ); 
def testCase = context.testCase; 
def testStep = testCase.getTestStepByName("GetAssetsServicesSorted") 

//  need for external call.
testRunner = new com.eviware.soapui.impl.wsdl.testcase.WsdlTestCaseRunner(testCase, null); 
testStepContext = new com.eviware.soapui.impl.wsdl.testcase.WsdlTestRunContext(testStep); 

// get response of last test step run.
def response = testStep.testRequest.messageExchange.response.responseContent
def slurper = new JsonSlurper()
def json = slurper.parseText response


def sortAscending = testRunner.testCase.getPropertyValue("sortAscending")
def sortBy = testRunner.testCase.getPropertyValue("sortBy")

log.info "sortBy: " + sortBy
log.info "sortAscending = " + sortAscending


VerifyOrderSortAscending(json, sortAscending, sortBy)

context.sortingIndex++



/* Methods */

void VerifyOrderSortAscending(json, sortAscending, sortBy){

	def originalList = []
	def sortedList = []

	
	if (sortBy == "NAME"){
		originalList = json.services.items.employee.lastName
	}
	else if (sortBy == "STATUS"){
		originalList = json.services.items.status
	}
	else if (sortBy == "SERVICE_NUMBER"){
		originalList = json.services.items.serviceNumber
	}
	else if (sortBy == "BILLING_VENDOR"){
		originalList = json.services.items.vendor.billing.name
	}
	else if (sortBy == "CURRENT_VENDOR"){
		originalList = json.services.items.vendor.current.name
	}
							
								

	// Copy the elements from original list to sorted list
	for(int i = 0; i &lt; originalList.size(); i++){
		sortedList[i] = originalList[i]
	}

	// The criteria to sort the list must be case insensitive. E.g.: there are model names starting with "i" instead of "I", like "iPhone"
	Collections.sort(sortedList, String.CASE_INSENSITIVE_ORDER)
	
	if(sortAscending.equals("false")){
		sortedList = sortedList.reverse()
	}

	log.info "originalList: " + originalList
	log.info "sortedList:   " + sortedList
	
	assert(sortedList.equals(originalList))
	

}





</script></con:config></con:testStep><con:testStep type="goto" name="ConditionLastCombination" id="d35fe5bb-f3b3-43e9-9318-79a3c981182f"><con:settings/><con:config xsi:type="con:GotoStep" xmlns:xsi="http://www.w3.org/2001/XMLSchema-instance"><con:condition><con:name>ConditionLastCombination</con:name><con:type>XPATH</con:type><con:expression>declare namespace ns1='https://tngo-qa-mobproc-cmd.cloudhub.io/mobproc/v1.qa/assets/services';
not(exists(//ns1:Response[1]/ns1:services[1]/ns1:_meta[1]/ns1:href[1][text() = "https://tngo-qa-mobproc-cmd.cloudhub.io/mobproc/v1.qa/assets/services?offset=0&amp;limit=100&amp;sortAscending=false&amp;sortBy=CURRENT_VENDOR&amp;status=ACTIVE"]))</con:expression><con:targetStep>SetSortingCombination</con:targetStep></con:condition></con:config></con:testStep><con:properties><con:property><con:name>Tenant</con:name><con:value>XX1</con:value></con:property><con:property><con:name>limit</con:name><con:value>100</con:value></con:property><con:property><con:name>offset</con:name><con:value>0</con:value></con:property><con:property><con:name>companyEmployeeId</con:name><con:value>Dudley.Doright2.XX1</con:value></con:property><con:property><con:name>AccessToken</con:name><con:value>ziFqmDsNKoWCXmGUtRfOSNoUFWG3NNltJ2Qn_XI_JNNeVWF9jSx2js6ecTLOjQl45WXHESRQC3wg3kQgzrkPYQ</con:value></con:property><con:property><con:name>RefreshToken</con:name><con:value>UkQxpKNlxbH-LcFVn0PankDgfE0tyUbAIdbMa20QC8FX3oxDmVuCJc0xRY565OUzcveJxWVhKLFw89I__OimAg</con:value></con:property><con:property><con:name>DeviceId</con:name><con:value>35433759</con:value></con:property><con:property><con:name>ServiceId</con:name><con:value>38457007</con:value></con:property><con:property><con:name>EmployeeId</con:name><con:value>28680044</con:value></con:property><con:property><con:name>DepartmentId</con:name><con:value>11569020350</con:value></con:property><con:property><con:name>LogoUrl</con:name><con:value>https://qa1cmd.tangoe.com/</con:value></con:property><con:property><con:name>client_id</con:name><con:value>3c276cecdc674aabb5456f54b605bbbf</con:value></con:property><con:property><con:name>client_secret</con:name><con:value>c513c4a67492405d95CE4DB4B40B73FF</con:value></con:property><con:property><con:name>URL</con:name><con:value>https://tngo-qa-mobproc-cmd.cloudhub.io/mobproc/v1.qa</con:value></con:property><con:property><con:name>transactionType</con:name><con:value>NEW_ACTIVATION</con:value></con:property><con:property><con:name>sortAscending</con:name><con:value>false</con:value></con:property><con:property><con:name>sortBy</con:name><con:value>CURRENT_VENDOR</con:value></con:property><con:property><con:name>regionId</con:name><con:value>70144640</con:value></con:property><con:property><con:name>LastHref</con:name><con:value>https://tngo-qa-mobproc-cmd.cloudhub.io/mobproc/v1.qa/catalog/accessories?transactionType=NEW_ACTIVATION&amp;offset=0&amp;sortBy=VENDOR&amp;region=70144640&amp;limit=100&amp;sortAscending=false</con:value></con:property><con:property><con:name>hrefUrl</con:name><con:value>https://tngo-qa-mobproc-cmd.cloudhub.io/mobproc/v1.qa/catalog/accessories?transactionType=NEW_ACTIVATION&amp;sortBy=VENDOR&amp;offset=0&amp;region=70144640&amp;limit=100&amp;sortAscending=false</con:value></con:property><con:property><con:name>ConditionUrl</con:name><con:value>https://tngo-qa-mobproc-cmd.cloudhub.io/mobproc/v1.qa/assets/devices?offset=0&amp;sortBy=DEPARTMENT&amp;limit=100&amp;sortAscending=false</con:value></con:property></con:properties><con:reportParameters/><con:breakPoints><con:testStepId>7b8f2d2b-0292-4873-ab56-fcbaa8ff99f1</con:testStepId><con:status>NONE</con:status><con:properties/></con:breakPoints><con:breakPoints><con:testStepId>66aca81c-be72-452b-ab66-5b341016b808</con:testStepId><con:status>NONE</con:status><con:properties/></con:breakPoints><con:breakPoints><con:testStepId>84bde778-87fe-4b16-955b-7296fde18e70</con:testStepId><con:status>NONE</con:status><con:properties/></con:breakPoints><con:breakPoints><con:testStepId>52fa8ca2-264a-461d-beaa-373b1826f5f9</con:testStepId><con:status>NONE</con:status><con:properties/></con:breakPoints><con:breakPoints><con:testStepId>bef3478a-b94d-4805-b9cd-c71b4479ad07</con:testStepId><con:status>NONE</con:status><con:properties/></con:breakPoints><con:breakPoints><con:testStepId>4541bed6-6863-4a97-acc5-26b850b688f5</con:testStepId><con:status>NONE</con:status><con:properties/></con:breakPoints><con:breakPoints><con:testStepId>2b617cd9-a3dd-4ee5-b7e0-6afcca9705f0</con:testStepId><con:status>NONE</con:status><con:properties/></con:breakPoints><con:breakPoints><con:testStepId>28470b07-84f1-4e30-b22c-0f12d23d7ac7</con:testStepId><con:status>NONE</con:status><con:properties/></con:breakPoints></con:testCase><con:properties/><con:reportParameters/></con:testSuite><con:testSuite id="7e5c13b1-6f2c-438e-90c2-07b12b8fd35e" name="TestSuiteEmployees"><con:settings/><con:runType>SEQUENTIAL</con:runType><con:testCase id="e2681b4c-535e-4048-aad9-548eb28b9a88" discardOkResults="true" failOnError="true" failTestCaseOnErrors="true" keepSession="false" name="TestCaseSortingEmployees" searchProperties="true"><con:settings/><con:testStep type="groovy" name="ScriptSetupEmployees" id="b83785d5-211e-4b58-9a42-e2afacfbf7b9"><con:settings/><con:config><script>// /////////////////////////////////////////////
// This sets up all of the test case properties
// /////////////////////////////////////////////

def groovyUtils = new com.eviware.soapui.support.GroovyUtils( context ); 
def projectPath = groovyUtils.projectPath //gets the path of the project root

// this is sanity check with a simple call. all this does is verify a simple connection 
// to the external clases by logging a message in log window.
soapUIScripts.CommonMethods.StaticMethod(log) 

// setup test case properties stored in 'DudleyDorightDataActions' class.
soapUIScripts.DudleyDorightDataActions.SetupTestCaseProperties(log, testRunner) 

// read in token pair and put in test case properties.
// NOTE: token pair must be in same folder as project
//       token pair must be up to date (not expired)
assert(soapUIScripts.CommonMethods.ReadTokenPair(projectPath + "\\" + "TokenPair.txt", log, testRunner) == true)

// read user Ids and assign to test case properties 
def userIdsFileName = projectPath + "\\" + "DudleyDoright.txt"
assert soapUIScripts.CommonMethods.ReadUserIdsURL(userIdsFileName, log, testRunner) == true

context.offset = 0
context.limit = 10

testRunner.testCase.setPropertyValue("offset", context.offset.toString())
testRunner.testCase.setPropertyValue("limit", context.limit.toString())



// Setup for the looping
context.sortingIndex = 1

log.info "  ** Sort EMPLOYEES ** "







</script></con:config></con:testStep><con:testStep type="groovy" name="SetSortingCombination" id="1da32688-aff6-411a-83df-dd6b89a10025"><con:settings/><con:config><script>
switch(context.sortingIndex){
	case 1:
		testRunner.testCase.setPropertyValue("sortAscending", "true")
		testRunner.testCase.setPropertyValue("sortBy", "NAME")
		break
	case 2:
		testRunner.testCase.setPropertyValue("sortAscending", "false")
		testRunner.testCase.setPropertyValue("sortBy", "NAME")
		break
	case 3:
		testRunner.testCase.setPropertyValue("sortAscending", "true")
		testRunner.testCase.setPropertyValue("sortBy", "STATUS")
		break
	case 4:
		testRunner.testCase.setPropertyValue("sortAscending", "false")
		testRunner.testCase.setPropertyValue("sortBy", "STATUS")
		break
}

log.info "Loop #" + context.sortingIndex



</script></con:config></con:testStep><con:testStep type="restrequest" name="GetEmployeesSorted" id="05a58ae6-e1b8-4511-b758-30d9adf13d04"><con:settings/><con:config service="Employees" resourcePath="/employees" methodName="Employees" xsi:type="con:RestRequestStep" xmlns:xsi="http://www.w3.org/2001/XMLSchema-instance"><con:restRequest name="GetEmployeesSorted" id="258c697d-f3ae-4136-906e-58a77082c53c" mediaType="application/json"><con:settings><con:setting id="com.eviware.soapui.impl.wsdl.WsdlRequest@request-headers">&lt;xml-fragment/></con:setting></con:settings><con:endpoint>${#TestCase#URL}</con:endpoint><con:request/><con:originalUri>https://tngo-qa-mobproc-cmd.cloudhub.io/mobproc/v1.qa/employees</con:originalUri><con:assertion type="Valid HTTP Status Codes" id="61e3cdf4-eed1-4fc1-9f6c-7bfad22845be" name="Valid HTTP Status Codes"><con:settings/><con:configuration><codes>200</codes></con:configuration></con:assertion><con:credentials><con:selectedAuthProfile>No Authorization</con:selectedAuthProfile><con:authType>No Authorization</con:authType></con:credentials><con:jmsConfig JMSDeliveryMode="PERSISTENT"/><con:parameters>
  <con:entry key="Authorization" value="Bearer ${#TestCase#AccessToken}"/>
  <con:entry key="sortAscending" value="${#TestCase#sortAscending}"/>
  <con:entry key="offset" value="${#TestCase#offset}"/>
  <con:entry key="X-TNGO-TENANT" value="${#TestCase#Tenant}"/>
  <con:entry key="limit" value="${#TestCase#limit}"/>
  <con:entry key="sortBy" value="${#TestCase#sortBy}"/>
  <con:entry key="client_secret" value="${#TestCase#client_secret}"/>
  <con:entry key="client_id" value="${#TestCase#client_Id}"/>
</con:parameters><con:parameterOrder><con:entry>X-TNGO-TENANT</con:entry><con:entry>Authorization</con:entry><con:entry>client_id</con:entry><con:entry>client_secret</con:entry><con:entry>offset</con:entry><con:entry>limit</con:entry><con:entry>sortBy</con:entry><con:entry>sortAscending</con:entry></con:parameterOrder></con:restRequest></con:config></con:testStep><con:testStep type="groovy" name="VerifyEmployeesSorting" id="464d1541-0101-46ce-8633-df2dfb7e54aa"><con:settings/><con:config><script>import groovy.json.JsonSlurper 

def groovyUtils = new com.eviware.soapui.support.GroovyUtils( context ); 
def testCase = context.testCase; 
def testStep = testCase.getTestStepByName("GetEmployeesSorted") 

//  need for external call.
testRunner = new com.eviware.soapui.impl.wsdl.testcase.WsdlTestCaseRunner(testCase, null); 
testStepContext = new com.eviware.soapui.impl.wsdl.testcase.WsdlTestRunContext(testStep); 

// get response of last test step run.
def response = testStep.testRequest.messageExchange.response.responseContent
def slurper = new JsonSlurper()
def json = slurper.parseText response


def sortAscending = testRunner.testCase.getPropertyValue("sortAscending")
def sortBy = testRunner.testCase.getPropertyValue("sortBy")

log.info "sortBy: " + sortBy
log.info "sortAscending = " + sortAscending

//log.info "last name: " +  json.employees.items.lastName


VerifyOrderSortAscending(json, sortAscending, sortBy)

context.sortingIndex++


/* Methods */

void VerifyOrderSortAscending(json, sortAscending, sortBy){

	def originalList = []
	def sortedList = []

	
	if (sortBy == "NAME"){
		originalList = json.employees.items.lastName
	}
	else if (sortBy == "STATUS"){
		originalList = json.employees.items.status
	}
							

	// Copy the elements from original list to sorted list
	for(int i = 0; i &lt; originalList.size(); i++){
		sortedList[i] = originalList[i]
	}

	// The criteria to sort the list must be case insensitive. E.g.: there are model names starting with "i" instead of "I", like "iPhone"
	Collections.sort(sortedList, String.CASE_INSENSITIVE_ORDER)
	
	if(sortAscending.equals("false")){
		sortedList = sortedList.reverse()
		//Collections.sort(sortedList, Collections.reverseOrder())
		//Collections.reverse(sortedList)
	}

	log.info "originalList: " + originalList
	log.info "sortedList:   " + sortedList
	
	assert(sortedList.equals(originalList))
	

}





</script></con:config></con:testStep><con:testStep type="goto" name="ConditionLastCombination" id="2fe35087-1bc1-4cd0-98bb-a11343e3fc3c"><con:settings/><con:config xsi:type="con:GotoStep" xmlns:xsi="http://www.w3.org/2001/XMLSchema-instance"><con:condition><con:name>ConditionLastCombination</con:name><con:type>XPATH</con:type><con:expression>declare namespace ns1='https://tngo-qa-mobproc-cmd.cloudhub.io/mobproc/v1.qa/employees';
not(exists(//ns1:Response[1]/ns1:employees[1]/ns1:_meta[1]/ns1:href[1][text() = "https://tngo-qa-mobproc-cmd.cloudhub.io/mobproc/v1.qa/employees?offset=0&amp;limit=10&amp;sortBy=STATUS&amp;sortAscending=false"]))</con:expression><con:targetStep>SetSortingCombination</con:targetStep></con:condition></con:config></con:testStep><con:properties><con:property><con:name>Tenant</con:name><con:value>XX1</con:value></con:property><con:property><con:name>limit</con:name><con:value>10</con:value></con:property><con:property><con:name>offset</con:name><con:value>0</con:value></con:property><con:property><con:name>companyEmployeeId</con:name><con:value>Dudley.Doright2.XX1</con:value></con:property><con:property><con:name>AccessToken</con:name><con:value>ziFqmDsNKoWCXmGUtRfOSNoUFWG3NNltJ2Qn_XI_JNNeVWF9jSx2js6ecTLOjQl45WXHESRQC3wg3kQgzrkPYQ</con:value></con:property><con:property><con:name>RefreshToken</con:name><con:value>UkQxpKNlxbH-LcFVn0PankDgfE0tyUbAIdbMa20QC8FX3oxDmVuCJc0xRY565OUzcveJxWVhKLFw89I__OimAg</con:value></con:property><con:property><con:name>DeviceId</con:name><con:value>35433759</con:value></con:property><con:property><con:name>ServiceId</con:name><con:value>38457007</con:value></con:property><con:property><con:name>EmployeeId</con:name><con:value>28680044</con:value></con:property><con:property><con:name>DepartmentId</con:name><con:value>11569020350</con:value></con:property><con:property><con:name>LogoUrl</con:name><con:value>https://qa1cmd.tangoe.com/</con:value></con:property><con:property><con:name>client_id</con:name><con:value>3c276cecdc674aabb5456f54b605bbbf</con:value></con:property><con:property><con:name>client_secret</con:name><con:value>c513c4a67492405d95CE4DB4B40B73FF</con:value></con:property><con:property><con:name>URL</con:name><con:value>https://tngo-qa-mobproc-cmd.cloudhub.io/mobproc/v1.qa</con:value></con:property><con:property><con:name>transactionType</con:name><con:value>NEW_ACTIVATION</con:value></con:property><con:property><con:name>sortAscending</con:name><con:value>false</con:value></con:property><con:property><con:name>sortBy</con:name><con:value>STATUS</con:value></con:property><con:property><con:name>regionId</con:name><con:value>70144640</con:value></con:property><con:property><con:name>LastHref</con:name><con:value>https://tngo-qa-mobproc-cmd.cloudhub.io/mobproc/v1.qa/catalog/accessories?transactionType=NEW_ACTIVATION&amp;offset=0&amp;sortBy=VENDOR&amp;region=70144640&amp;limit=100&amp;sortAscending=false</con:value></con:property><con:property><con:name>hrefUrl</con:name><con:value>https://tngo-qa-mobproc-cmd.cloudhub.io/mobproc/v1.qa/catalog/accessories?transactionType=NEW_ACTIVATION&amp;sortBy=VENDOR&amp;offset=0&amp;region=70144640&amp;limit=100&amp;sortAscending=false</con:value></con:property><con:property><con:name>ConditionUrl</con:name><con:value>https://tngo-qa-mobproc-cmd.cloudhub.io/mobproc/v1.qa/assets/devices?offset=0&amp;sortBy=DEPARTMENT&amp;limit=100&amp;sortAscending=false</con:value></con:property></con:properties><con:reportParameters/><con:breakPoints><con:testStepId>7b8f2d2b-0292-4873-ab56-fcbaa8ff99f1</con:testStepId><con:status>NONE</con:status><con:properties/></con:breakPoints><con:breakPoints><con:testStepId>66aca81c-be72-452b-ab66-5b341016b808</con:testStepId><con:status>NONE</con:status><con:properties/></con:breakPoints><con:breakPoints><con:testStepId>84bde778-87fe-4b16-955b-7296fde18e70</con:testStepId><con:status>NONE</con:status><con:properties/></con:breakPoints><con:breakPoints><con:testStepId>52fa8ca2-264a-461d-beaa-373b1826f5f9</con:testStepId><con:status>NONE</con:status><con:properties/></con:breakPoints><con:breakPoints><con:testStepId>bef3478a-b94d-4805-b9cd-c71b4479ad07</con:testStepId><con:status>NONE</con:status><con:properties/></con:breakPoints><con:breakPoints><con:testStepId>4541bed6-6863-4a97-acc5-26b850b688f5</con:testStepId><con:status>NONE</con:status><con:properties/></con:breakPoints><con:breakPoints><con:testStepId>2b617cd9-a3dd-4ee5-b7e0-6afcca9705f0</con:testStepId><con:status>NONE</con:status><con:properties/></con:breakPoints><con:breakPoints><con:testStepId>28470b07-84f1-4e30-b22c-0f12d23d7ac7</con:testStepId><con:status>NONE</con:status><con:properties/></con:breakPoints><con:breakPoints><con:testStepId>b4026905-d138-4daf-82b0-226ad70fa195</con:testStepId><con:status>NONE</con:status><con:properties/></con:breakPoints><con:breakPoints><con:testStepId>dfe27d40-b588-46fa-892e-222b048ffb2d</con:testStepId><con:status>NONE</con:status><con:properties/></con:breakPoints><con:breakPoints><con:testStepId>b8208c46-5d63-40f6-8b29-4b3b795d8d10</con:testStepId><con:status>NONE</con:status><con:properties/></con:breakPoints><con:breakPoints><con:testStepId>3c80d4df-d669-463d-b43f-52ed0d9fff41</con:testStepId><con:status>NONE</con:status><con:properties/></con:breakPoints><con:breakPoints><con:testStepId>0422a095-b9a3-4886-b590-287cfb65e3f7</con:testStepId><con:status>ENABLED</con:status><con:properties/></con:breakPoints><con:breakPoints><con:testStepId>62256c23-b7a7-4e3e-9bac-4a49f3b336d6</con:testStepId><con:status>NONE</con:status><con:properties/></con:breakPoints><con:breakPoints><con:testStepId>0d775212-d9b4-4bf9-bd89-2b17108855fc</con:testStepId><con:status>NONE</con:status><con:properties/></con:breakPoints><con:breakPoints><con:testStepId>b83785d5-211e-4b58-9a42-e2afacfbf7b9</con:testStepId><con:status>NONE</con:status><con:properties/></con:breakPoints><con:breakPoints><con:testStepId>1da32688-aff6-411a-83df-dd6b89a10025</con:testStepId><con:status>NONE</con:status><con:properties/></con:breakPoints><con:breakPoints><con:testStepId>464d1541-0101-46ce-8633-df2dfb7e54aa</con:testStepId><con:status>NONE</con:status><con:properties/></con:breakPoints><con:breakPoints><con:testStepId>2fe35087-1bc1-4cd0-98bb-a11343e3fc3c</con:testStepId><con:status>NONE</con:status><con:properties/></con:breakPoints></con:testCase><con:properties/><con:reportParameters/></con:testSuite><con:testSuite id="fc4f58bd-efa8-484f-ac67-ce9d77ffe101" name="TestSuiteOrders"><con:settings/><con:runType>SEQUENTIAL</con:runType><con:testCase id="40f155b5-bb88-4b5d-a4be-90a1b97b1e84" discardOkResults="true" failOnError="true" failTestCaseOnErrors="true" keepSession="false" name="TestCaseSortingOrders" searchProperties="true"><con:settings/><con:testStep type="groovy" name="ScriptSetupOrders" id="dfe27d40-b588-46fa-892e-222b048ffb2d"><con:settings/><con:config><script>// /////////////////////////////////////////////
// This sets up all of the test case properties
// /////////////////////////////////////////////

def groovyUtils = new com.eviware.soapui.support.GroovyUtils( context ); 
def projectPath = groovyUtils.projectPath //gets the path of the project root

// this is sanity check with a simple call. all this does is verify a simple connection 
// to the external clases by logging a message in log window.
soapUIScripts.CommonMethods.StaticMethod(log) 

// setup test case properties stored in 'DudleyDorightDataActions' class.
soapUIScripts.DudleyDorightDataActions.SetupTestCaseProperties(log, testRunner) 

// read in token pair and put in test case properties.
// NOTE: token pair must be in same folder as project
//       token pair must be up to date (not expired)
assert(soapUIScripts.CommonMethods.ReadTokenPair(projectPath + "\\" + "TokenPair.txt", log, testRunner) == true)

// read user Ids and assign to test case properties 
def userIdsFileName = projectPath + "\\" + "DudleyDoright.txt"
assert soapUIScripts.CommonMethods.ReadUserIdsURL(userIdsFileName, log, testRunner) == true

context.offset = 900
context.limit = 10

testRunner.testCase.setPropertyValue("offset", context.offset.toString())
testRunner.testCase.setPropertyValue("limit", context.limit.toString())



// Setup for the looping
context.sortingIndex = 1

log.info "  ** Sort ORDERS ** "






</script></con:config></con:testStep><con:testStep type="groovy" name="SetSortingCombination" id="b8208c46-5d63-40f6-8b29-4b3b795d8d10"><con:settings/><con:config><script>
switch(context.sortingIndex){
	case 1:
		testRunner.testCase.setPropertyValue("sortAscending", "true")
		testRunner.testCase.setPropertyValue("sortBy", "ORDER_ID")
		break
	case 2:
		testRunner.testCase.setPropertyValue("sortAscending", "false")
		testRunner.testCase.setPropertyValue("sortBy", "ORDER_ID")
		break
	case 3:
		testRunner.testCase.setPropertyValue("sortAscending", "true")
		testRunner.testCase.setPropertyValue("sortBy", "STATUS")
		break
	case 4:
		testRunner.testCase.setPropertyValue("sortAscending", "false")
		testRunner.testCase.setPropertyValue("sortBy", "STATUS")
		break
	case 5:
		testRunner.testCase.setPropertyValue("sortAscending", "true")
		testRunner.testCase.setPropertyValue("sortBy", "ACCOUNT_HOLDER")
		break
	case 6:
		testRunner.testCase.setPropertyValue("sortAscending", "false")
		testRunner.testCase.setPropertyValue("sortBy", "ACCOUNT_HOLDER")
		break
	case 7:
		testRunner.testCase.setPropertyValue("sortAscending", "true")
		testRunner.testCase.setPropertyValue("sortBy", "TRANSACTION_TYPE")
		break
	case 8:
		testRunner.testCase.setPropertyValue("sortAscending", "false")
		testRunner.testCase.setPropertyValue("sortBy", "TRANSACTION_TYPE")
		break		
	case 9:
		testRunner.testCase.setPropertyValue("sortAscending", "true")
		testRunner.testCase.setPropertyValue("sortBy", "EXTERNAL_ORDER_ID")
		break
	case 10:
		testRunner.testCase.setPropertyValue("sortAscending", "false")
		testRunner.testCase.setPropertyValue("sortBy", "EXTERNAL_ORDER_ID")
		break
	case 11:
		testRunner.testCase.setPropertyValue("sortAscending", "true")
		testRunner.testCase.setPropertyValue("sortBy", "SUBMITTED_DATE")
		break
	case 12:
		testRunner.testCase.setPropertyValue("sortAscending", "false")
		testRunner.testCase.setPropertyValue("sortBy", "SUBMITTED_DATE")
		break
	case 13:
		testRunner.testCase.setPropertyValue("sortAscending", "true")
		testRunner.testCase.setPropertyValue("sortBy", "REQUESTED_BY")
		break
	case 14:
		testRunner.testCase.setPropertyValue("sortAscending", "false")
		testRunner.testCase.setPropertyValue("sortBy", "REQUESTED_BY")
		break	
}

log.info "Loop #" + context.sortingIndex



</script></con:config></con:testStep><con:testStep type="restrequest" name="GetOrdersSorted" id="3c80d4df-d669-463d-b43f-52ed0d9fff41"><con:settings/><con:config service="Orders" resourcePath="/orders" methodName="Orders" xsi:type="con:RestRequestStep" xmlns:xsi="http://www.w3.org/2001/XMLSchema-instance"><con:restRequest name="GetOrdersSorted" id="07ab1121-ffdb-4aca-9fda-e4832a70486d" mediaType="application/json"><con:settings><con:setting id="com.eviware.soapui.impl.wsdl.WsdlRequest@request-headers">&lt;xml-fragment/></con:setting></con:settings><con:endpoint>${#TestCase#URL}</con:endpoint><con:request/><con:originalUri>https://tngo-qa-mobproc-cmd.cloudhub.io/mobproc/v1.qa/orders</con:originalUri><con:assertion type="Valid HTTP Status Codes" id="4fae8324-e7ef-48e4-a8e7-5689d8d713d3" name="Valid HTTP Status Codes"><con:settings/><con:configuration><codes>200</codes></con:configuration></con:assertion><con:credentials><con:selectedAuthProfile>No Authorization</con:selectedAuthProfile><con:authType>No Authorization</con:authType></con:credentials><con:jmsConfig JMSDeliveryMode="PERSISTENT"/><con:parameters>
  <con:entry key="Authorization" value="Bearer ${#TestCase#AccessToken}"/>
  <con:entry key="sortAscending" value="${#TestCase#sortAscending}"/>
  <con:entry key="offset" value="${#TestCase#offset}"/>
  <con:entry key="X-TNGO-TENANT" value="${#TestCase#Tenant}"/>
  <con:entry key="limit" value="${#TestCase#limit}"/>
  <con:entry key="sortBy" value="${#TestCase#sortBy}"/>
  <con:entry key="client_secret" value="${#TestCase#client_secret}"/>
  <con:entry key="client_id" value="${#TestCase#client_Id}"/>
</con:parameters><con:parameterOrder><con:entry>X-TNGO-TENANT</con:entry><con:entry>Authorization</con:entry><con:entry>client_id</con:entry><con:entry>client_secret</con:entry><con:entry>offset</con:entry><con:entry>limit</con:entry><con:entry>sortAscending</con:entry><con:entry>sortBy</con:entry></con:parameterOrder></con:restRequest></con:config></con:testStep><con:testStep type="groovy" name="VerifyOrdersSorting" id="0422a095-b9a3-4886-b590-287cfb65e3f7"><con:settings/><con:config><script>import groovy.json.JsonSlurper 

def groovyUtils = new com.eviware.soapui.support.GroovyUtils( context ); 
def testCase = context.testCase; 
def testStep = testCase.getTestStepByName("GetOrdersSorted") 

//  need for external call.
testRunner = new com.eviware.soapui.impl.wsdl.testcase.WsdlTestCaseRunner(testCase, null); 
testStepContext = new com.eviware.soapui.impl.wsdl.testcase.WsdlTestRunContext(testStep); 

// get response of last test step run.
def response = testStep.testRequest.messageExchange.response.responseContent
def slurper = new JsonSlurper()
def json = slurper.parseText response


def sortAscending = testRunner.testCase.getPropertyValue("sortAscending")
def sortBy = testRunner.testCase.getPropertyValue("sortBy")

log.info "sortBy: " + sortBy
log.info "sortAscending = " + sortAscending


VerifyOrderSortAscending(json, sortAscending, sortBy)

context.sortingIndex++

/*log.info "transaction types: " + json.orders.items.transactionType
log.info "order id: " + json.orders.items.orderId
log.info "status: " + json.orders.items.status
log.info "account holder: " + json.orders.items.accountHolder.lastName
log.info "transaction types: " + json.orders.items.transactionType
log.info "ext order number: " + json.orders.items.externalOrderNumber
log.info "date submitted: " + json.orders.items.dateSubmitted
log.info "requested by: " + json.orders.items.requestedBy.lastName
log.info "******************************"
log.info " "
*/

/* Methods */

void VerifyOrderSortAscending(json, sortAscending, sortBy){

	def originalList = []
	def sortedList = []

	
	if (sortBy == "ORDER_ID"){
		originalList = json.orders.items.orderId
	}
	else if (sortBy == "STATUS"){
		originalList = json.orders.items.status
	}
	else if (sortBy == "ACCOUNT_HOLDER"){
		originalList = json.orders.items.accountHolder.lastName
	}
	else if (sortBy == "TRANSACTION_TYPE"){
		originalList = json.orders.items.transactionType
	}
	else if (sortBy == "EXTERNAL_ORDER_ID"){
		originalList = json.orders.items.externalOrderNumber
	}
	else if (sortBy == "SUBMITTED_DATE"){
		originalList = json.orders.items.dateSubmitted
	}
	else if (sortBy == "REQUESTED_BY"){
		originalList = json.orders.items.requestedBy.lastName
	}

							

	// Copy the elements from original list to sorted list
	for(int i = 0; i &lt; originalList.size(); i++){
		sortedList[i] = originalList[i]
	}

	// The criteria to sort the list must be case insensitive. E.g.: there are model names starting with "i" instead of "I", like "iPhone"
	Collections.sort(sortedList, String.CASE_INSENSITIVE_ORDER)
	
	if(sortAscending.equals("false")){
		sortedList = sortedList.reverse()
	}

	log.info "originalList: " + originalList
	log.info "sortedList:   " + sortedList
	
	assert(sortedList.equals(originalList))
	

}





</script></con:config></con:testStep><con:testStep type="goto" name="ConditionLastCombination" id="62256c23-b7a7-4e3e-9bac-4a49f3b336d6"><con:settings/><con:config xsi:type="con:GotoStep" xmlns:xsi="http://www.w3.org/2001/XMLSchema-instance"><con:condition><con:name>ConditionLastCombination</con:name><con:type>XPATH</con:type><con:expression>declare namespace ns1='https://tngo-qa-mobproc-cmd.cloudhub.io/mobproc/v1.qa/orders';
not(exists(//ns1:Response[1]/ns1:orders[1]/ns1:_meta[1]/ns1:href[1][text() = "https://tngo-qa-mobproc-cmd.cloudhub.io/mobproc/v1.qa/orders?limit=10&amp;sortBy=REQUESTED_BY&amp;sortAscending=false&amp;offset=900"]))</con:expression><con:targetStep>SetSortingCombination</con:targetStep></con:condition></con:config></con:testStep><con:properties><con:property><con:name>Tenant</con:name><con:value>XX1</con:value></con:property><con:property><con:name>limit</con:name><con:value>10</con:value></con:property><con:property><con:name>offset</con:name><con:value>900</con:value></con:property><con:property><con:name>companyEmployeeId</con:name><con:value>Dudley.Doright2.XX1</con:value></con:property><con:property><con:name>AccessToken</con:name><con:value>ziFqmDsNKoWCXmGUtRfOSNoUFWG3NNltJ2Qn_XI_JNNeVWF9jSx2js6ecTLOjQl45WXHESRQC3wg3kQgzrkPYQ</con:value></con:property><con:property><con:name>RefreshToken</con:name><con:value>UkQxpKNlxbH-LcFVn0PankDgfE0tyUbAIdbMa20QC8FX3oxDmVuCJc0xRY565OUzcveJxWVhKLFw89I__OimAg</con:value></con:property><con:property><con:name>DeviceId</con:name><con:value>35433759</con:value></con:property><con:property><con:name>ServiceId</con:name><con:value>38457007</con:value></con:property><con:property><con:name>EmployeeId</con:name><con:value>28680044</con:value></con:property><con:property><con:name>DepartmentId</con:name><con:value>11569020350</con:value></con:property><con:property><con:name>LogoUrl</con:name><con:value>https://qa1cmd.tangoe.com/</con:value></con:property><con:property><con:name>client_id</con:name><con:value>3c276cecdc674aabb5456f54b605bbbf</con:value></con:property><con:property><con:name>client_secret</con:name><con:value>c513c4a67492405d95CE4DB4B40B73FF</con:value></con:property><con:property><con:name>URL</con:name><con:value>https://tngo-qa-mobproc-cmd.cloudhub.io/mobproc/v1.qa</con:value></con:property><con:property><con:name>transactionType</con:name><con:value>NEW_ACTIVATION</con:value></con:property><con:property><con:name>sortAscending</con:name><con:value>false</con:value></con:property><con:property><con:name>sortBy</con:name><con:value>REQUESTED_BY</con:value></con:property><con:property><con:name>regionId</con:name><con:value>70144640</con:value></con:property><con:property><con:name>LastHref</con:name><con:value>https://tngo-qa-mobproc-cmd.cloudhub.io/mobproc/v1.qa/catalog/accessories?transactionType=NEW_ACTIVATION&amp;offset=0&amp;sortBy=VENDOR&amp;region=70144640&amp;limit=100&amp;sortAscending=false</con:value></con:property><con:property><con:name>hrefUrl</con:name><con:value>https://tngo-qa-mobproc-cmd.cloudhub.io/mobproc/v1.qa/catalog/accessories?transactionType=NEW_ACTIVATION&amp;sortBy=VENDOR&amp;offset=0&amp;region=70144640&amp;limit=100&amp;sortAscending=false</con:value></con:property><con:property><con:name>ConditionUrl</con:name><con:value>https://tngo-qa-mobproc-cmd.cloudhub.io/mobproc/v1.qa/assets/devices?offset=0&amp;sortBy=DEPARTMENT&amp;limit=100&amp;sortAscending=false</con:value></con:property></con:properties><con:reportParameters/><con:breakPoints><con:testStepId>7b8f2d2b-0292-4873-ab56-fcbaa8ff99f1</con:testStepId><con:status>NONE</con:status><con:properties/></con:breakPoints><con:breakPoints><con:testStepId>66aca81c-be72-452b-ab66-5b341016b808</con:testStepId><con:status>NONE</con:status><con:properties/></con:breakPoints><con:breakPoints><con:testStepId>84bde778-87fe-4b16-955b-7296fde18e70</con:testStepId><con:status>NONE</con:status><con:properties/></con:breakPoints><con:breakPoints><con:testStepId>52fa8ca2-264a-461d-beaa-373b1826f5f9</con:testStepId><con:status>NONE</con:status><con:properties/></con:breakPoints><con:breakPoints><con:testStepId>bef3478a-b94d-4805-b9cd-c71b4479ad07</con:testStepId><con:status>NONE</con:status><con:properties/></con:breakPoints><con:breakPoints><con:testStepId>4541bed6-6863-4a97-acc5-26b850b688f5</con:testStepId><con:status>NONE</con:status><con:properties/></con:breakPoints><con:breakPoints><con:testStepId>2b617cd9-a3dd-4ee5-b7e0-6afcca9705f0</con:testStepId><con:status>NONE</con:status><con:properties/></con:breakPoints><con:breakPoints><con:testStepId>28470b07-84f1-4e30-b22c-0f12d23d7ac7</con:testStepId><con:status>NONE</con:status><con:properties/></con:breakPoints><con:breakPoints><con:testStepId>b4026905-d138-4daf-82b0-226ad70fa195</con:testStepId><con:status>NONE</con:status><con:properties/></con:breakPoints><con:breakPoints><con:testStepId>dfe27d40-b588-46fa-892e-222b048ffb2d</con:testStepId><con:status>NONE</con:status><con:properties/></con:breakPoints><con:breakPoints><con:testStepId>b8208c46-5d63-40f6-8b29-4b3b795d8d10</con:testStepId><con:status>NONE</con:status><con:properties/></con:breakPoints><con:breakPoints><con:testStepId>3c80d4df-d669-463d-b43f-52ed0d9fff41</con:testStepId><con:status>NONE</con:status><con:properties/></con:breakPoints><con:breakPoints><con:testStepId>0422a095-b9a3-4886-b590-287cfb65e3f7</con:testStepId><con:status>ENABLED</con:status><con:properties/></con:breakPoints><con:breakPoints><con:testStepId>62256c23-b7a7-4e3e-9bac-4a49f3b336d6</con:testStepId><con:status>NONE</con:status><con:properties/></con:breakPoints></con:testCase><con:properties/><con:reportParameters/></con:testSuite><con:requirements/><con:properties/><con:wssContainer/><con:databaseConnectionContainer/><con:oAuth2ProfileContainer/><con:reporting><con:reportTemplates/><con:xmlTemplates/><con:xmlTemplates/><con:parameters/><con:parameters/></con:reporting><con:reporting/><con:authRepository/><con:tags/></con:soapui-project>