<?xml version="1.0" encoding="UTF-8"?>
<con:soapui-project id="3bcd60fa-a6e4-44b0-a2ce-b3a53aa6bedd" activeEnvironment="Default environment" name="API_OrdersPostOrderAccessories" lastOpened="2016-05-03T14:52:33.525-03:00" soapui-version="6.0.0" xmlns:con="http://eviware.com/soapui/config"><con:settings/><con:interface xsi:type="con:RestService" id="b886f170-1b19-48a9-8d11-5594d1ea1599" wadlVersion="http://wadl.dev.java.net/2009/02" name="https://tg-mobility.cloudhub.io" type="rest" xmlns:xsi="http://www.w3.org/2001/XMLSchema-instance"><con:settings/><con:definitionCache type="TEXT" rootPart=""/><con:endpoints><con:endpoint>https://tg-mobility.cloudhub.io</con:endpoint></con:endpoints><con:resource name="catalog/devices" path="/catalog/devices" id="0fc0104d-d13b-456f-a481-5ee90c96bbfe"><con:settings/><con:parameters><con:parameter><con:name>X-TNGO-TENANT</con:name><con:value/><con:style>HEADER</con:style><con:default/><con:description xsi:nil="true"/></con:parameter><con:parameter><con:name>limit</con:name><con:value/><con:style>QUERY</con:style><con:default/><con:description xsi:nil="true"/></con:parameter><con:parameter><con:name>offset</con:name><con:value/><con:style>QUERY</con:style><con:default/><con:description xsi:nil="true"/></con:parameter><con:parameter><con:name>Authorization</con:name><con:value/><con:style>HEADER</con:style><con:default/><con:description xsi:nil="true"/></con:parameter><con:parameter><con:name>transactionType</con:name><con:value/><con:style>QUERY</con:style><con:default/><con:description xsi:nil="true"/></con:parameter><con:parameter><con:name>region</con:name><con:value/><con:style>QUERY</con:style><con:default/><con:description xsi:nil="true"/></con:parameter><con:parameter><con:name>sortAscending</con:name><con:value/><con:style>QUERY</con:style><con:default/><con:description xsi:nil="true"/></con:parameter><con:parameter><con:name>vendor</con:name><con:value/><con:style>QUERY</con:style><con:default/><con:description xsi:nil="true"/></con:parameter><con:parameter><con:name>service</con:name><con:value/><con:style>QUERY</con:style><con:default/><con:description xsi:nil="true"/></con:parameter><con:parameter><con:name>client_id</con:name><con:value/><con:style>HEADER</con:style><con:default/><con:description xsi:nil="true"/></con:parameter><con:parameter><con:name>client_secret</con:name><con:value/><con:style>HEADER</con:style><con:default/><con:description xsi:nil="true"/></con:parameter></con:parameters><con:method name="catalog/devices" id="bb8b5382-57df-4ef6-abc6-3bf828135b39" method="GET"><con:settings/><con:parameters/><con:representation type="FAULT"><con:mediaType>application/json</con:mediaType><con:status>403 400 500</con:status><con:params/><con:element xmlns:dev="https://tg-mobility.cloudhub.io/mobility/v1/catalog/devices">dev:Fault</con:element></con:representation><con:representation type="RESPONSE"><con:mediaType>application/json;charset=UTF-8</con:mediaType><con:status>200</con:status><con:params/><con:element xmlns:dev="https://tg-mobility.cloudhub.io/mobility/v1/catalog/devices">dev:Response</con:element></con:representation><con:request name="Request 1" id="ed03da9b-ee59-44d5-9b30-7a2f6dfd05da" mediaType="application/json"><con:settings><con:setting id="com.eviware.soapui.impl.wsdl.WsdlRequest@request-headers">&lt;xml-fragment/></con:setting></con:settings><con:endpoint>None</con:endpoint><con:request/><con:credentials><con:selectedAuthProfile>No Authorization</con:selectedAuthProfile><con:authType>No Authorization</con:authType></con:credentials><con:jmsConfig JMSDeliveryMode="PERSISTENT"/><con:parameters/><con:parameterOrder><con:entry>X-TNGO-TENANT</con:entry><con:entry>Authorization</con:entry><con:entry>client_id</con:entry><con:entry>client_secret</con:entry><con:entry>limit</con:entry><con:entry>offset</con:entry><con:entry>transactionType</con:entry><con:entry>region</con:entry><con:entry>vendor</con:entry><con:entry>service</con:entry><con:entry>sortAscending</con:entry></con:parameterOrder></con:request></con:method></con:resource><con:resource name="regions" path="/regions" id="3f3cdbcf-5148-404f-aba4-339244722cfa"><con:settings/><con:parameters><con:parameter><con:name>type</con:name><con:value/><con:style>QUERY</con:style><con:default/><con:description xsi:nil="true"/></con:parameter><con:parameter><con:name>X-TNGO-TENANT</con:name><con:value/><con:style>HEADER</con:style><con:default/><con:description xsi:nil="true"/></con:parameter><con:parameter><con:name>Authorization</con:name><con:value/><con:style>HEADER</con:style><con:default/><con:description xsi:nil="true"/></con:parameter><con:parameter><con:name>client_secret</con:name><con:value/><con:style>HEADER</con:style><con:default/><con:description xsi:nil="true"/></con:parameter><con:parameter><con:name>client_id</con:name><con:value/><con:style>HEADER</con:style><con:default/><con:description xsi:nil="true"/></con:parameter></con:parameters><con:method name="Method 1" id="a4b74e9e-0471-42b2-9d3f-02c613682f25" method="GET"><con:settings/><con:parameters/><con:representation type="FAULT"><con:mediaType>application/json</con:mediaType><con:status>403 400 500</con:status><con:params/><con:element xmlns:reg="https://tg-mobility.cloudhub.io/mobility/v1/regions">reg:Fault</con:element></con:representation><con:representation type="RESPONSE"><con:mediaType>application/json;charset=UTF-8</con:mediaType><con:status>200</con:status><con:params/><con:element xmlns:reg="https://tg-mobility.cloudhub.io/mobility/v1/regions">reg:Response</con:element></con:representation><con:representation type="RESPONSE"><con:mediaType xsi:nil="true"/><con:status>0</con:status><con:params/><con:element>data</con:element></con:representation><con:representation type="RESPONSE"><con:mediaType xsi:nil="true"/><con:status>0</con:status><con:params/><con:element>data</con:element></con:representation><con:request name="Request 1" id="15f49508-dd3b-420e-9eac-329ae8b5b36d" mediaType="application/json"><con:settings><con:setting id="com.eviware.soapui.impl.wsdl.WsdlRequest@request-headers">&lt;xml-fragment/></con:setting></con:settings><con:endpoint>None</con:endpoint><con:request/><con:credentials><con:selectedAuthProfile>No Authorization</con:selectedAuthProfile><con:authType>No Authorization</con:authType></con:credentials><con:jmsConfig JMSDeliveryMode="PERSISTENT"/><con:parameters/><con:parameterOrder><con:entry>X-TNGO-TENANT</con:entry><con:entry>Authorization</con:entry><con:entry>client_id</con:entry><con:entry>client_secret</con:entry><con:entry>type</con:entry></con:parameterOrder></con:request></con:method></con:resource><con:resource name="orders" path="/orders" id="9191930e-a9e2-4f54-a5c1-8ab4d7b0adf2"><con:settings/><con:parameters><con:parameter><con:name>X-TNGO-TENANT</con:name><con:value/><con:style>HEADER</con:style><con:default/><con:description xsi:nil="true"/></con:parameter><con:parameter><con:name>confirm</con:name><con:value/><con:style>QUERY</con:style><con:default/><con:description xsi:nil="true"/></con:parameter><con:parameter><con:name>Authorization</con:name><con:value/><con:style>HEADER</con:style><con:default/><con:description xsi:nil="true"/></con:parameter><con:parameter><con:name>X-TNGO-CONTEXT-COMPANYEMPLOYEEID</con:name><con:value/><con:style>HEADER</con:style><con:default/><con:description xsi:nil="true"/></con:parameter><con:parameter><con:name>client_id</con:name><con:value/><con:style>HEADER</con:style><con:default/><con:description xsi:nil="true"/></con:parameter><con:parameter><con:name>client_secret</con:name><con:value/><con:style>HEADER</con:style><con:default/><con:description xsi:nil="true"/></con:parameter></con:parameters><con:method name="Method 1" id="14b5105c-ec25-4274-bf4e-cf6f66b07497" method="POST"><con:settings/><con:parameters/><con:representation type="REQUEST"><con:mediaType>application/json</con:mediaType><con:params/></con:representation><con:representation type="RESPONSE"><con:mediaType>application/json;charset=UTF-8</con:mediaType><con:status>200</con:status><con:params/><con:element xmlns:ord="https://tg-mobility.cloudhub.io/mobility/v1/orders">ord:Response</con:element></con:representation><con:representation type="FAULT"><con:mediaType>application/json</con:mediaType><con:status>403 400 500</con:status><con:params/></con:representation><con:request name="Post" id="f1486f43-7447-4473-bc3a-233aac922618" mediaType="application/json" postQueryString="false"><con:settings><con:setting id="com.eviware.soapui.impl.wsdl.WsdlRequest@request-headers">&lt;xml-fragment/></con:setting></con:settings><con:endpoint>None</con:endpoint><con:request/><con:credentials><con:selectedAuthProfile>No Authorization</con:selectedAuthProfile><con:authType>No Authorization</con:authType></con:credentials><con:jmsConfig JMSDeliveryMode="PERSISTENT"/><con:parameters><entry key="confirm" value="true" xmlns="http://eviware.com/soapui/config"/></con:parameters><con:parameterOrder><con:entry>X-TNGO-CONTEXT-COMPANYEMPLOYEEID</con:entry><con:entry>X-TNGO-TENANT</con:entry><con:entry>Authorization</con:entry><con:entry>client_id</con:entry><con:entry>client_secret</con:entry><con:entry>confirm</con:entry></con:parameterOrder></con:request></con:method></con:resource><con:resource name="plans" path="/catalog/plans" id="91b283cc-3099-4072-9fdd-8dede4f0e428"><con:settings/><con:parameters><con:parameter><con:name>X-TNGO-TENANT</con:name><con:value/><con:style>HEADER</con:style><con:default/><con:description xsi:nil="true"/></con:parameter><con:parameter><con:name>limit</con:name><con:value/><con:style>QUERY</con:style><con:default/><con:description xsi:nil="true"/></con:parameter><con:parameter><con:name>offset</con:name><con:value/><con:style>QUERY</con:style><con:default/><con:description xsi:nil="true"/></con:parameter><con:parameter><con:name>Authorization</con:name><con:value/><con:style>HEADER</con:style><con:default/><con:description xsi:nil="true"/></con:parameter><con:parameter><con:name>transactionType</con:name><con:value/><con:style>QUERY</con:style><con:default/><con:description xsi:nil="true"/></con:parameter><con:parameter><con:name>sortAscending</con:name><con:value/><con:style>QUERY</con:style><con:default/><con:description xsi:nil="true"/></con:parameter><con:parameter><con:name>service</con:name><con:value/><con:style>QUERY</con:style><con:default/><con:description xsi:nil="true"/></con:parameter><con:parameter><con:name>region</con:name><con:value/><con:style>QUERY</con:style><con:default/><con:description xsi:nil="true"/></con:parameter><con:parameter><con:name>client_secret</con:name><con:value/><con:style>HEADER</con:style><con:default/><con:description xsi:nil="true"/></con:parameter><con:parameter><con:name>client_id</con:name><con:value/><con:style>HEADER</con:style><con:default/><con:description xsi:nil="true"/></con:parameter></con:parameters><con:method name="Method 1" id="8ad4cc6d-b0d7-4269-8083-7785709fd621" method="GET"><con:settings/><con:parameters/><con:representation type="FAULT"><con:mediaType>application/json</con:mediaType><con:status>403 400</con:status><con:params/></con:representation><con:representation type="RESPONSE"><con:mediaType>application/json;charset=UTF-8</con:mediaType><con:status>200</con:status><con:params/><con:element xmlns:plan="https://tg-mobility.cloudhub.io/mobility/v1/catalog/plans">plan:Response</con:element></con:representation><con:request name="Request 1" id="8920f5b2-4f3b-4368-9956-d734e5e30c11" mediaType="application/json"><con:settings><con:setting id="com.eviware.soapui.impl.wsdl.WsdlRequest@request-headers">&lt;xml-fragment/></con:setting></con:settings><con:endpoint>None</con:endpoint><con:request/><con:credentials><con:selectedAuthProfile>No Authorization</con:selectedAuthProfile><con:authType>No Authorization</con:authType></con:credentials><con:jmsConfig JMSDeliveryMode="PERSISTENT"/><con:parameters/><con:parameterOrder><con:entry>X-TNGO-TENANT</con:entry><con:entry>Authorization</con:entry><con:entry>client_id</con:entry><con:entry>client_secret</con:entry><con:entry>limit</con:entry><con:entry>offset</con:entry><con:entry>transactionType</con:entry><con:entry>service</con:entry><con:entry>region</con:entry><con:entry>sortAscending</con:entry></con:parameterOrder></con:request></con:method></con:resource></con:interface><con:interface xsi:type="con:RestService" id="c23fc7a0-a235-43be-8d95-7709c607d96a" wadlVersion="http://wadl.dev.java.net/2009/02" name="https://tngo-dev-mobproc-cmd.cloudhub.io" type="rest" xmlns:xsi="http://www.w3.org/2001/XMLSchema-instance"><con:settings/><con:definitionCache type="TEXT" rootPart=""/><con:endpoints><con:endpoint>https://tngo-dev-mobproc-cmd.cloudhub.io</con:endpoint></con:endpoints><con:resource name="Features" path="/catalog/features" id="6b9e522a-4a6a-4327-b3fb-721f73c4f39e"><con:settings/><con:parameters><con:parameter><con:name>sortAscending</con:name><con:value>true</con:value><con:style>QUERY</con:style><con:default>true</con:default><con:path xsi:nil="true"/><con:description xsi:nil="true"/></con:parameter><con:parameter><con:name>serviceNumber</con:name><con:value>7775551234</con:value><con:style>QUERY</con:style><con:default>7775551234</con:default><con:path xsi:nil="true"/><con:description xsi:nil="true"/></con:parameter><con:parameter><con:name>X-TNGO-TENANT</con:name><con:value/><con:style>HEADER</con:style><con:default/><con:description xsi:nil="true"/></con:parameter><con:parameter><con:name>Authorization</con:name><con:value/><con:style>HEADER</con:style><con:default/><con:description xsi:nil="true"/></con:parameter><con:parameter><con:name>client_id</con:name><con:value/><con:style>HEADER</con:style><con:default/><con:description xsi:nil="true"/></con:parameter><con:parameter><con:name>client_secret</con:name><con:value/><con:style>HEADER</con:style><con:default/><con:description xsi:nil="true"/></con:parameter></con:parameters><con:method name="Features" id="7537aa83-d7ed-4a76-a13e-6af051329004" method="GET"><con:settings/><con:parameters/><con:representation type="RESPONSE"><con:mediaType xsi:nil="true"/><con:status>0</con:status><con:params/><con:element>data</con:element></con:representation><con:representation type="RESPONSE"><con:mediaType xsi:nil="true"/><con:status>0</con:status><con:params/><con:element>data</con:element></con:representation><con:representation type="RESPONSE"><con:mediaType xsi:nil="true"/><con:status>0</con:status><con:params/><con:element>data</con:element></con:representation><con:representation type="RESPONSE"><con:mediaType xsi:nil="true"/><con:status>0</con:status><con:params/><con:element>data</con:element></con:representation><con:representation type="RESPONSE"><con:mediaType xsi:nil="true"/><con:status>0</con:status><con:params/><con:element>data</con:element></con:representation><con:representation type="RESPONSE"><con:mediaType xsi:nil="true"/><con:status>0</con:status><con:params/><con:element>data</con:element></con:representation><con:representation type="RESPONSE"><con:mediaType xsi:nil="true"/><con:status>0</con:status><con:params/><con:element>data</con:element></con:representation><con:representation type="RESPONSE"><con:mediaType>application/json;charset=UTF-8</con:mediaType><con:status>200</con:status><con:params/><con:element xmlns:feat="https://tngo-qa-mobproc.cloudhub.io/mobproc/v1.qa/catalog/features">feat:Response</con:element></con:representation><con:representation type="FAULT"><con:mediaType>application/json</con:mediaType><con:status>403</con:status><con:params/></con:representation><con:request name="Request 1" id="d7b8b1a0-2855-4b51-bc3e-3cd9c7845fa8" mediaType="application/json"><con:settings><con:setting id="com.eviware.soapui.impl.wsdl.WsdlRequest@request-headers">&lt;xml-fragment/></con:setting></con:settings><con:endpoint>None</con:endpoint><con:request/><con:credentials><con:selectedAuthProfile>No Authorization</con:selectedAuthProfile><con:authType>No Authorization</con:authType></con:credentials><con:jmsConfig JMSDeliveryMode="PERSISTENT"/><con:parameters>
  <con:entry key="serviceNumber" value=""/>
  <con:entry key="sortAscending" value=""/>
</con:parameters><con:parameterOrder><con:entry>X-TNGO-TENANT</con:entry><con:entry>Authorization</con:entry><con:entry>client_id</con:entry><con:entry>client_secret</con:entry><con:entry>serviceNumber</con:entry><con:entry>sortAscending</con:entry></con:parameterOrder></con:request></con:method></con:resource></con:interface><con:interface xsi:type="con:RestService" id="703d245e-b82f-44d5-997a-6eab699ed6ba" wadlVersion="http://wadl.dev.java.net/2009/02" name="/catalog/accessories" type="rest" xmlns:xsi="http://www.w3.org/2001/XMLSchema-instance"><con:settings/><con:definitionCache type="TEXT" rootPart=""/><con:endpoints><con:endpoint>https://tngo-dev-mobproc-cmd.cloudhub.io</con:endpoint></con:endpoints><con:resource name="Accessories" path="/catalog/accessories" id="0086bf14-83b2-42c2-a848-8a240338ec58"><con:settings/><con:parameters><con:parameter><con:name>transactionType</con:name><con:value>ORDER_ACCESSORIES</con:value><con:style>QUERY</con:style><con:default>ORDER_ACCESSORIES</con:default><con:path xsi:nil="true"/><con:description xsi:nil="true"/></con:parameter><con:parameter><con:name>service</con:name><con:value>38457027</con:value><con:style>QUERY</con:style><con:default>38457027</con:default><con:path xsi:nil="true"/><con:description xsi:nil="true"/></con:parameter><con:parameter><con:name>region</con:name><con:value>70144640</con:value><con:style>QUERY</con:style><con:default>70144640</con:default><con:path xsi:nil="true"/><con:description xsi:nil="true"/></con:parameter><con:parameter><con:name>sortAscending</con:name><con:value>false</con:value><con:style>QUERY</con:style><con:default>false</con:default><con:path xsi:nil="true"/><con:description xsi:nil="true"/></con:parameter><con:parameter><con:name>offset</con:name><con:value>0</con:value><con:style>QUERY</con:style><con:default>0</con:default><con:path xsi:nil="true"/><con:description xsi:nil="true"/></con:parameter><con:parameter><con:name>limit</con:name><con:value>10</con:value><con:style>QUERY</con:style><con:default>10</con:default><con:path xsi:nil="true"/><con:description xsi:nil="true"/></con:parameter><con:parameter><con:name>compatibleWithDeviceAsset</con:name><con:value>35433799</con:value><con:style>QUERY</con:style><con:default>35433799</con:default><con:path xsi:nil="true"/><con:description xsi:nil="true"/></con:parameter><con:parameter><con:name>X-TNGO-TENANT</con:name><con:value/><con:style>HEADER</con:style><con:default/><con:description xsi:nil="true"/></con:parameter><con:parameter><con:name>Authorization</con:name><con:value/><con:style>HEADER</con:style><con:default/><con:description xsi:nil="true"/></con:parameter><con:parameter><con:name>client_id</con:name><con:value/><con:style>HEADER</con:style><con:default/><con:description xsi:nil="true"/></con:parameter><con:parameter><con:name>client_secret</con:name><con:value/><con:style>HEADER</con:style><con:default/><con:description xsi:nil="true"/></con:parameter></con:parameters><con:method name="Accessories" id="247f8552-4f89-47f4-8e19-6732ebb17283" method="GET"><con:settings/><con:parameters/><con:representation type="RESPONSE"><con:mediaType>application/json;charset=UTF-8</con:mediaType><con:status>200</con:status><con:params/><con:element xmlns:acc="https://tngo-dev-mobproc-cmd.cloudhub.io/mobproc/v1.dev/catalog/accessories">acc:Response</con:element></con:representation><con:request name="Request 1" id="248c1cb0-0666-44f3-8bd8-65aa63792ae4" mediaType="application/json"><con:settings><con:setting id="com.eviware.soapui.impl.wsdl.WsdlRequest@request-headers">&lt;xml-fragment/></con:setting></con:settings><con:endpoint>None</con:endpoint><con:request/><con:credentials><con:selectedAuthProfile>No Authorization</con:selectedAuthProfile><con:authType>No Authorization</con:authType></con:credentials><con:jmsConfig JMSDeliveryMode="PERSISTENT"/><con:parameters>
  <con:entry key="transactionType" value=""/>
  <con:entry key="sortAscending" value=""/>
  <con:entry key="compatibleWithDeviceAsset" value=""/>
  <con:entry key="offset" value=""/>
  <con:entry key="service" value=""/>
  <con:entry key="limit" value=""/>
  <con:entry key="region" value=""/>
</con:parameters><con:parameterOrder><con:entry>X-TNGO-TENANT</con:entry><con:entry>Authorization</con:entry><con:entry>client_id</con:entry><con:entry>client_secret</con:entry><con:entry>transactionType</con:entry><con:entry>service</con:entry><con:entry>region</con:entry><con:entry>sortAscending</con:entry><con:entry>offset</con:entry><con:entry>limit</con:entry><con:entry>compatibleWithDeviceAsset</con:entry></con:parameterOrder></con:request></con:method></con:resource></con:interface><con:testSuite id="916295b2-23e0-49b6-930f-9d070d89f216" name="TS_OrderPostOrderAccessories"><con:settings/><con:runType>SEQUENTIAL</con:runType><con:testCase id="7481a53a-c430-4787-8a87-0ebe63944898" discardOkResults="true" failOnError="true" failTestCaseOnErrors="true" keepSession="false" name="TC_OrdersPostOrderAccessories" searchProperties="true" timeout="0" wsrmEnabled="false" wsrmVersion="1.0" wsrmAckTo="" amfAuthorisation="false" amfEndpoint="" amfLogin="" amfPassword=""><con:description/><con:settings/><con:testStep type="groovy" name="SetupPropertiesOrderPostOrderAccessories" id="4ab55a4f-09e6-4ef9-90fb-c405651ac298"><con:settings/><con:config><script>// /////////////////////////////////////////////
// This sets up all of the test case properties
// /////////////////////////////////////////////

def groovyUtils = new com.eviware.soapui.support.GroovyUtils( context ); 
def projectPath = groovyUtils.projectPath //gets the path of the project root

// this is sanity check with a simple call. all this does is verify a simple connection 
// to the external clases by logging a message in log window.
soapUIScripts.CommonMethods.StaticMethod(log) 

// setup test case properties stored in 'DudleyDorightDataActions' class.
soapUIScripts.DudleyDorightDataActions.SetupTestCaseProperties(log, testRunner) 

// read in token pair and put in test case properties.
// NOTE: token pair must be in same folder as project
//       token pair must be up to date (not expired)
assert(soapUIScripts.CommonMethods.ReadTokenPair(projectPath + "\\" + "TokenPair.txt", log, testRunner) == true)

/* Reads user Ids and assigns to test case properties. */
def UrlIdsFileName = projectPath + "\\" + "DudleyDoright.txt"
assert soapUIScripts.CommonMethods.ReadUserIdsURL(UrlIdsFileName, log, testRunner) == true

def userIdsFileName = projectPath + "\\" + "AnaUserData.txt"
assert soapUIScripts.CommonMethods.ReadUserIds(userIdsFileName, log, testRunner) == true


// Generate a new External Order Number
String externalOrderNumber = soapUIScripts.CommonMethods.GenerateExternalOrderNumber()

// Set up test case property values

testRunner.testCase.setPropertyValue("offset", "0")
testRunner.testCase.setPropertyValue("limit", "200")
testRunner.testCase.setPropertyValue("sortAscending", "true")
testRunner.testCase.setPropertyValue("extOrderNumber", externalOrderNumber)

def deviceId = testRunner.testCase.getPropertyValue("DeviceId")
def serviceId = testRunner.testCase.getPropertyValue("ServiceId")
def serviceNumber = testRunner.testCase.getPropertyValue("ServiceNumber")
def companyEmployeeId = testRunner.testCase.getPropertyValue("CompanyEmployeeId")

def instructions = "Please ship via FedEx"
def transactionType = "ORDER_ACCESSORIES"


/* Set up test case property values with quotes to be used on the POST Order Accessories request. */
testRunner.testCase.setPropertyValue("ExternalOrderNumber", "\"" + externalOrderNumber + "\"")
testRunner.testCase.setPropertyValue("ServiceIdRequest", "\"" + serviceId + "\"")
testRunner.testCase.setPropertyValue("ServiceNumberRequest", "\"" + serviceNumber + "\"")
testRunner.testCase.setPropertyValue("InstructionsRequest", "\"" + instructions  + "\"")
testRunner.testCase.setPropertyValue("transactionTypeRequest", "\"" + transactionType  + "\"")

/* Reads administrator Ids and assigns to test case properties. */
def adminInfoFileName = projectPath + "\\" + "AdministratorInformation.txt"
assert soapUIScripts.CommonMethods.ReadUserIds(adminInfoFileName, log, testRunner) == true

/* Set up context variables for the admin info that is read from file. */
context.AdminFirstName = testRunner.testCase.getPropertyValue("AdminFirstName")
context.AdminLastName = testRunner.testCase.getPropertyValue("AdminLastName")
context.AdminId = testRunner.testCase.getPropertyValue("AdminId")
context.AdminCompanyEmployeeId = testRunner.testCase.getPropertyValue("AdminCompanyEmployeeId")
context.AdminDepartmentName = testRunner.testCase.getPropertyValue("AdminDepartmentName")
context.AdminDepartmentId = testRunner.testCase.getPropertyValue("AdminDepartmentId")


log.info "External Order Number: " + externalOrderNumber 
log.info "deviceId: " + deviceId
log.info "serviceId: " + serviceId
log.info "companyEmployeeId: " + companyEmployeeId 
log.info "transactionType: " + transactionType


</script></con:config></con:testStep><con:testStep type="restrequest" name="RequestRegions" id="f00dc56e-8c0b-4655-8aca-e0f22a5e5bc0"><con:settings/><con:config service="https://tg-mobility.cloudhub.io" resourcePath="/regions" methodName="Method 1" xsi:type="con:RestRequestStep" xmlns:xsi="http://www.w3.org/2001/XMLSchema-instance"><con:restRequest name="RequestRegions" id="d97b582a-5fd4-4c7b-8de9-a03cb3e7b3c2" mediaType="application/json"><con:settings><con:setting id="com.eviware.soapui.impl.wsdl.WsdlRequest@request-headers">&lt;xml-fragment/></con:setting></con:settings><con:endpoint>${#TestCase#URL}</con:endpoint><con:request/><con:originalUri>https://tg-mobility.cloudhub.io/mobility/v1/regions</con:originalUri><con:assertion type="GroovyScriptAssertion" id="6fd63006-fc2d-40d1-b3a0-6066fc6ba654" name="Script Assertion"><con:configuration/></con:assertion><con:assertion type="Valid HTTP Status Codes" id="553342d4-204a-432f-9863-1c1a1539631f" name="Valid HTTP Status Codes"><con:settings/><con:configuration><codes>200</codes></con:configuration></con:assertion><con:credentials><con:selectedAuthProfile>No Authorization</con:selectedAuthProfile><con:authType>No Authorization</con:authType></con:credentials><con:jmsConfig JMSDeliveryMode="PERSISTENT"/><con:parameters>
  <con:entry key="Authorization" value="Bearer ${#TestCase#AccessToken}"/>
  <con:entry key="X-TNGO-TENANT" value="${#TestCase#Tenant}"/>
  <con:entry key="client_secret" value="${#TestCase#client_secret}"/>
  <con:entry key="type" value="ALL"/>
  <con:entry key="client_id" value="${#TestCase#client_Id}"/>
</con:parameters><con:parameterOrder><con:entry>X-TNGO-TENANT</con:entry><con:entry>Authorization</con:entry><con:entry>client_id</con:entry><con:entry>client_secret</con:entry><con:entry>type</con:entry></con:parameterOrder></con:restRequest></con:config></con:testStep><con:testStep type="groovy" name="ScriptFindRegion" id="ee4106dd-57ca-44a3-a68f-84f41a8c2acb"><con:settings/><con:config><script>// /////////////////////////////////////////////////////////////////////////////////////////////////////////////
// This gets the id for united states from the RequestRegions response and puts it into a test case property.
// /////////////////////////////////////////////////////////////////////////////////////////////////////////////

import groovy.json.JsonSlurper 
def groovyUtils = new com.eviware.soapui.support.GroovyUtils( context ); 
def testCase = context.testCase; 
def testStep = testCase.getTestStepByName("RequestRegions") 

// get response of last test step run.
def response = testStep.testRequest.messageExchange.response.responseContent
def slurper = new JsonSlurper()
def json = slurper.parseText response

def idList = []
def nameList = []
def typeList = []
boolean foundUS = false
def regionId =  ""


idList = json.regions.id // get list of region Ids
nameList = json.regions.name // get list of country name
typeList = json.regions.type // get list of type


try
{
	assert(idList.size() == nameList.size &amp;&amp; (nameList.size ==  typeList.size()))
}
catch (AssertionError e)
{
	log.info "ERROR: All lists in 'ScriptFindRegion' test step are not the same size."
	throw new RuntimeException("All lists in 'ScriptFindRegion' test step are not the same size.")
}

// we expect to find an ID for united states.
for(x = 0; x &lt; idList.size(); x++)
{
	if(nameList[x] == "United States" &amp;&amp; typeList[x] == "COUNTRY")
	{
		//log.info idList[x]	
		foundUS = true
		regionId = idList[x] 		
	}
}	

if(!foundUS) // if US region ID is not found, raise error.
{
	log.info "ERROR: region Id for 'United States' was not found in 'ScriptFindRegion' test step."
	throw new RuntimeException("region Id for 'United States' was not found in 'ScriptFindRegion' test step.")
}


// set test case property to hold the region id of united states. this variable will be used below.
testRunner.testCase.setPropertyValue("RegionId", regionId) 



</script></con:config></con:testStep><con:testStep type="restrequest" name="GetAccessories" id="3516f5e4-182e-468b-8065-77f85a600d2a"><con:settings/><con:config service="/catalog/accessories" resourcePath="/catalog/accessories" methodName="Accessories" xsi:type="con:RestRequestStep" xmlns:xsi="http://www.w3.org/2001/XMLSchema-instance"><con:restRequest name="GetAccessories" id="248c1cb0-0666-44f3-8bd8-65aa63792ae4" mediaType="application/json"><con:settings><con:setting id="com.eviware.soapui.impl.wsdl.WsdlRequest@request-headers">&lt;xml-fragment/></con:setting></con:settings><con:endpoint>${#TestCase#URL}</con:endpoint><con:request/><con:originalUri>https://tngo-dev-mobproc-cmd.cloudhub.io/mobproc/v1.dev/catalog/accessories</con:originalUri><con:assertion type="Valid HTTP Status Codes" id="83520fe1-cae1-436d-a3a8-467c50ffeebf" name="Valid HTTP Status Codes"><con:settings/><con:configuration><codes>200</codes></con:configuration></con:assertion><con:credentials><con:selectedAuthProfile>No Authorization</con:selectedAuthProfile><con:authType>No Authorization</con:authType></con:credentials><con:jmsConfig JMSDeliveryMode="PERSISTENT"/><con:parameters>
  <con:entry key="transactionType" value="${#TestCase#transactionType}"/>
  <con:entry key="Authorization" value="Bearer ${#TestCase#AccessToken}"/>
  <con:entry key="sortAscending" value="true"/>
  <con:entry key="compatibleWithDeviceAsset" value="${#TestCase#DeviceId}"/>
  <con:entry key="offset" value="${#TestCase#offset}"/>
  <con:entry key="service" value="${#TestCase#ServiceId}"/>
  <con:entry key="X-TNGO-TENANT" value="${#TestCase#Tenant}"/>
  <con:entry key="limit" value="${#TestCase#limit}"/>
  <con:entry key="client_secret" value="${#TestCase#client_secret}"/>
  <con:entry key="region" value="${#TestCase#regionId}"/>
  <con:entry key="client_id" value="${#TestCase#client_Id}"/>
</con:parameters><con:parameterOrder><con:entry>X-TNGO-TENANT</con:entry><con:entry>Authorization</con:entry><con:entry>client_id</con:entry><con:entry>client_secret</con:entry><con:entry>transactionType</con:entry><con:entry>service</con:entry><con:entry>region</con:entry><con:entry>offset</con:entry><con:entry>limit</con:entry><con:entry>compatibleWithDeviceAsset</con:entry><con:entry>sortAscending</con:entry></con:parameterOrder></con:restRequest></con:config></con:testStep><con:testStep type="groovy" name="SelectAccessories" id="cb4a8ca5-957f-4aaf-a570-a965ea962e50"><con:settings/><con:config><script>import groovy.json.JsonSlurper 
def groovyUtils = new com.eviware.soapui.support.GroovyUtils( context ); 

def testCase = context.testCase; 
def testStep = testCase.getTestStepByName("GetAccessories") 

// get response of last test step run.
def response = testStep.testRequest.messageExchange.response.responseContent
def slurper = new JsonSlurper()
def json = slurper.parseText response

// Define the ids of the accessories to be ordered 
def accessory1 = json.accessories.items[0].id
def accessory2 = json.accessories.items[1].id

// Set up test case properties to use on the 'Order POST Update Accessories'
testRunner.testCase.setPropertyValue("accessory1", "\"" + accessory1 + "\"")
testRunner.testCase.setPropertyValue("accessory2", "\"" + accessory2 + "\"")

log.info testRunner.testCase.getPropertyValue("accessory1")
log.info testRunner.testCase.getPropertyValue("accessory2")


// Set up context variables to use on the verification steps
context.Accessories1MetaHref = json.accessories.items[0]._meta.href
context.Accessories1Id = json.accessories.items[0].id
context.Accessories1Name = json.accessories.items[0].name
context.Accessories1ImageUrl = json.accessories.items[0].imageUrl
context.Accessories1PriceAmount = json.accessories.items[0].price.amount
context.Accessories1PriceCurrencyCode = json.accessories.items[0].price.currencyCode
context.Accessories1PriceRecurrence = json.accessories.items[0].price.recurrence
context.Accessories1VendorMetaHref = json.accessories.items[0].vendor._meta.href
context.Accessories1VendorId = json.accessories.items[0].vendor.id
context.Accessories1VendorName = json.accessories.items[0].vendor.name
context.Accessories1VendorLogoUrl = json.accessories.items[0].vendor.logoUrl
context.Accessories1ManufacturerMetaHref = json.accessories.items[0].manufacturer._meta.href
context.Accessories1ManufacturerId = json.accessories.items[0].manufacturer.id
context.Accessories1ManufacturerName = json.accessories.items[0].manufacturer.name
context.Accessories1ManufacturerLogoUrl = json.accessories.items[0].manufacturer.logoUrl

/*context.Accessories2Id = json.accessories.items[1].id
context.Accessories2Description = json.accessories.items[1].description
context.Accessories2Action = json.accessories.items[1].availableActions[0]
context.Accessories2PriceAmount = json.accessories.items[1].price.amount
context.Accessories2PriceCurrencyCode = json.accessories.items[1].price.currencyCode
context.Accessories2PriceRecurrence = json.accessories.items[1].price.recurrence
*/

def amount = json.accessories.items[0].price.amount  // + json.accessories.items[1].price.amount 
context.oneTimeAmount = amount

log.info "Total amount: " + amount




</script></con:config></con:testStep><con:testStep type="restrequest" name="OrderPostOrderAccessories" id="cabe838a-8039-40d9-b289-a616bae0b9a9"><con:settings/><con:config service="https://tg-mobility.cloudhub.io" resourcePath="/orders" methodName="Method 1" xsi:type="con:RestRequestStep" xmlns:xsi="http://www.w3.org/2001/XMLSchema-instance"><con:restRequest name="OrderPostOrderAccessories" id="80e4f0d8-0471-462a-96fd-f70db11ffa76" mediaType="application/json" postQueryString="false"><con:settings><con:setting id="com.eviware.soapui.impl.wsdl.WsdlRequest@request-headers">&lt;xml-fragment/></con:setting></con:settings><con:endpoint>${#TestCase#URL}</con:endpoint><con:request>{
  "orderRequest": {
    "externalOrderNumber": ${#TestCase#ExternalOrderNumber},
    "transactionType": ${#TestCase#transactionTypeRequest},
    "serviceId": ${#TestCase#ServiceIdRequest},
    "shoppingCart": {
      "accessoryIds": [${#TestCase#accessory1}]
    },
    "properties": [
      {
        "groupId": "MISCELLANEOUS",
        "fields": [
          {
            "id": "CONTACT_NUMBER",
            "type": "TEXT",
            "text": "123-555-4567"
          },
          {
            "id": "SERVICE_NUMBER",
            "type": "TEXT",
            "text": ${#TestCase#ServiceNumberRequest}
          },
          {
            "id": "ADDITIONAL_INSTRUCTIONS",
            "type": "TEXT",
            "text": ${#TestCase#InstructionsRequest}
          }
        ]
      }
    ],
    "shipTo": {
      "name": "AnaLaura Pace",
      "regionId": "70143764",
      "address": [
        {
          "id": "LINE_1",
          "value": "123 Main"
        },
        {
          "id": "CITY",
          "value": "Mendoza"
        },
        {
          "id": "POSTAL_CODE",
          "value": "938278"
        }
      ],
      "expedite": false
    }
  }
}</con:request><con:originalUri>https://tg-mobility.cloudhub.io/mobility/v1/orders</con:originalUri><con:assertion type="Valid HTTP Status Codes" id="59e0354b-d7bc-47da-afc8-15261428db38" name="Valid HTTP Status Codes"><con:settings/><con:configuration><codes>200</codes></con:configuration></con:assertion><con:assertion type="Simple NotContains" id="f3329cef-9c40-47db-bb65-5de4ea816150" name="Not Contains"><con:configuration><token>ERROR</token><ignoreCase>false</ignoreCase><useRegEx>false</useRegEx></con:configuration></con:assertion><con:credentials><con:selectedAuthProfile>No Authorization</con:selectedAuthProfile><con:authType>No Authorization</con:authType></con:credentials><con:jmsConfig JMSDeliveryMode="PERSISTENT"/><con:parameters>
  <con:entry key="confirm" value="true"/>
  <con:entry key="Authorization" value="Bearer ${#TestCase#AccessToken}"/>
  <con:entry key="X-TNGO-CONTEXT-COMPANYEMPLOYEEID" value="${#TestCase#CompanyEmployeeId}"/>
  <con:entry key="X-TNGO-TENANT" value=" ${#TestCase#Tenant} "/>
  <con:entry key="client_secret" value="${#TestCase#client_secret}"/>
  <con:entry key="client_id" value="${#TestCase#client_Id}"/>
</con:parameters><con:parameterOrder><con:entry>X-TNGO-TENANT</con:entry><con:entry>X-TNGO-CONTEXT-COMPANYEMPLOYEEID</con:entry><con:entry>Authorization</con:entry><con:entry>client_id</con:entry><con:entry>client_secret</con:entry><con:entry>confirm</con:entry></con:parameterOrder></con:restRequest></con:config></con:testStep><con:testStep type="groovy" name="VerifyJsonResponseOrderOrderAccessories" id="a963acd6-0497-4e4d-94fb-5b82f203c312"><con:settings/><con:config><script>import groovy.json.JsonSlurper 
def groovyUtils = new com.eviware.soapui.support.GroovyUtils( context ); 

def testCase = context.testCase; 
def testStep = testCase.getTestStepByName("OrderPostOrderAccessories") 

// get response of last test step run.
def response = testStep.testRequest.messageExchange.response.responseContent
def slurper = new JsonSlurper()
def json = slurper.parseText response


def employeeId = testRunner.testCase.getPropertyValue("EmployeeId")
def deviceId = testRunner.testCase.getPropertyValue("DeviceId")
def logoUrl = testRunner.testCase.getPropertyValue("LogoUrl")
def serviceNumber = testRunner.testCase.getPropertyValue("ServiceNumber")
def serviceId = testRunner.testCase.getPropertyValue("ServiceId")
def regionId = testRunner.testCase.getPropertyValue("RegionId")
def mainUrl = testRunner.testCase.getPropertyValue("URL")
def externalOrderNumber = testRunner.testCase.getPropertyValue("extOrderNumber")


/* Order POST Order Accessories - Confirmation = true */

/* Expected values */ 

String status = "SUCCESS"
String orderConfirmationTransactionType = testRunner.testCase.getPropertyValue("transactionType")
String orderConfirmationExternalOrderNumber = externalOrderNumber

/* Device */
String orderConfirmationDeviceAccessMethod = "CDMA"
String orderConfirmationDeviceCompanyAssetId = "13465"
String orderConfirmationDeviceId = deviceId
String orderConfirmationDeviceMacAddress = "223366"
String orderConfirmationDeviceManufacturerMetaHref = mainUrl + "/manufacturers/Samsung"
String orderConfirmationDeviceManufacturerId = "Samsung"
String orderConfirmationDeviceManufacturerLogoUrl = logoUrl + "manage/images/manufacturers/Samsung.gif"
String orderConfirmationDeviceManufacturerName = "Samsung"
String orderConfirmationDeviceModel = "Galaxy S4 (16GB) - Black Mist"
String orderConfirmationDeviceSerialNumberType = "IMEI"
String orderConfirmationDeviceSerialNumberValue = "132123123"
String orderConfirmationDeviceSimId = "78964651"
 
/* Service */
String orderConfirmationServiceId = serviceId
String orderConfirmationServiceMetaHref = mainUrl + "/assets/services/" + serviceId
String orderConfirmationServiceServiceNumber = serviceNumber
String orderConfirmationServiceStatus = "ACTIVE"
String orderConfirmationServiceContractDatesStart = "2016-03-18T05:00:00Z"
String orderConfirmationServiceContractDatesEnd = "2018-04-02T05:00:00Z"
String orderConfirmationServiceContractDatesActivated = "2016-03-18T05:00:00Z"
//String orderConfirmationServiceContractDatesDeactivated 
String orderConfirmationServiceContractDatesLastDeviceUpgrade = "2016-03-18T05:00:00Z"

/* Account Holder */
String orderConfirmationAccountHolderId = employeeId
String orderConfirmationAccountHolderMetaHref = mainUrl + "/employees/" + employeeId
String orderConfirmationAccountHolderCompanyEmployeeId = testRunner.testCase.getPropertyValue("CompanyEmployeeId")
String orderConfirmationAccountHolderFirstName = testRunner.testCase.getPropertyValue("FirstName")
String orderConfirmationAccountHolderLastName = testRunner.testCase.getPropertyValue("LastName")
String orderConfirmationAccountHolderOfficePhone = testRunner.testCase.getPropertyValue("OfficePhone")
String orderConfirmationAccountHolderStatus = "ACTIVE"
String orderConfirmationAccountHolderEmail = testRunner.testCase.getPropertyValue("Email")
String orderConfirmationAccountHolderDepartmentId = testRunner.testCase.getPropertyValue("DepartmentId")
String orderConfirmationAccountHolderDepartmentName = testRunner.testCase.getPropertyValue("DepartmentName")

/* Requested By */
String orderConfirmationRequestedById = context.AdminId
String orderConfirmationRequestedByMetaHref = mainUrl + "/employees/" + context.AdminId
String orderConfirmationRequestedByCompanyEmployeeId = context.AdminCompanyEmployeeId
String orderConfirmationRequestedByFirstName = context.AdminFirstName
String orderConfirmationRequestedByLastName = context.AdminLastName 
String orderConfirmationRequestedByStatus = "ACTIVE"
String orderConfirmationRequestedByEmail = "sn2.admin.xx1@example.com"
String orderConfirmationRequestedByOfficePhone = "781-883-4749"
String orderConfirmationRequestedByDepartmentId = context.AdminDepartmentId 
String orderConfirmationRequestedByDepartmentName = context.AdminDepartmentName

/* Shopping Cart */
String orderConfirmationShoppingCartQuantity = "0"
String orderConfirmationShoppingCartAccessoriesMetaHref = context.Accessories1MetaHref
String orderConfirmationShoppingCartAccessoriesId = context.Accessories1Id
String orderConfirmationShoppingCartAccessoriesName = context.Accessories1Name
// String orderConfirmationShoppingCartAccessoriesSku
String orderConfirmationShoppingCartAccessoriesImageUrl = context.Accessories1ImageUrl
String orderConfirmationShoppingCartAccessoriesPriceAmount = context.Accessories1PriceAmount
String orderConfirmationShoppingCartAccessoriesPriceCurrencyCode = context.Accessories1PriceCurrencyCode
String orderConfirmationShoppingCartAccessoriesPriceRecurrence = context.Accessories1PriceRecurrence
String orderConfirmationShoppingCartAccessoriesVendorMetaHref = context.Accessories1VendorMetaHref
String orderConfirmationShoppingCartAccessoriesVendorId = context.Accessories1VendorId
String orderConfirmationShoppingCartAccessoriesVendorName = context.Accessories1VendorName
String orderConfirmationShoppingCartAccessoriesVendorLogoUrl = context.Accessories1VendorLogoUrl
String orderConfirmationShoppingCartAccessoriesManufacturerMetaHref = context.Accessories1ManufacturerMetaHref
String orderConfirmationShoppingCartAccessoriesManufacturerId = context.Accessories1ManufacturerId
String orderConfirmationShoppingCartAccessoriesManufacturerName = context.Accessories1ManufacturerName
String orderConfirmationShoppingCartAccessoriesManufacturerLogoUrl =  context.Accessories1ManufacturerLogoUrl       

/* Cost Summary */ 
String orderConfirmationCostSummaryAmount = context.oneTimeAmount
String orderConfirmationCostSummaryCurrencyCode = "USD"
String orderConfirmationCostSummaryRecurrence = "ONETIME"

/* Properties */
String orderConfirmationPropertiesGroupId = "MISCELLANEOUS"

/* property 1 */
String orderConfirmationPropertiesFields1Id = "CONTACT_NUMBER"
String orderConfirmationPropertiesFields1Label = "Contact Phone Number"
String orderConfirmationPropertiesFields1Type = "TEXT"
String orderConfirmationPropertiesFields1Text = "123-555-4567"

/* property 2 */
String orderConfirmationPropertiesFields2Id = "SERVICE_NUMBER"
String orderConfirmationPropertiesFields2Label = "Service Number"
String orderConfirmationPropertiesFields2Type = "TEXT"
String orderConfirmationPropertiesFields2Text = serviceNumber

/* property 3 */
String orderConfirmationPropertiesFields3Id = "ADDITIONAL_INSTRUCTIONS"
String orderConfirmationPropertiesFields3Label = "Additional Instructions"
String orderConfirmationPropertiesFields3Type = "TEXT"
String orderConfirmationPropertiesFields3Text = testRunner.testCase.getPropertyValue("Instructions")

/* ShipTo */
String orderConfirmationShipToName = "AnaLaura Pace"

String orderConfirmationShipToRegionId = "70143764"
String orderConfirmationShipToRegionMetaHref = mainUrl + "/regions/" + orderConfirmationShipToRegionId
String orderConfirmationShipToRegionName = "Argentina"

String orderConfirmationShipToAddress1Id = "LINE_1"
String orderConfirmationShipToAddress1Label = "Address Line1"
String orderConfirmationShipToAddress1Value = "123 Main"

String orderConfirmationShipToAddress2Id = "CITY"
String orderConfirmationShipToAddress2Label = "City/Town/Locality"
String orderConfirmationShipToAddress2Value = "Mendoza"

String orderConfirmationShipToAddress3Id = "POSTAL_CODE"
String orderConfirmationShipToAddress3Label = "Postal Code"
String orderConfirmationShipToAddress3Value = "938278"

String orderConfirmationShipToExpedite = "false"




/* Verify Expected Values */

CompareItemsTwoStrings(json.status, status)
CompareItemsTwoStrings(json.orderConfirmation.transactionType, orderConfirmationTransactionType)
CompareItemsTwoStrings(json.orderConfirmation.externalOrderNumber, orderConfirmationExternalOrderNumber)

/* Device */
CompareItemsTwoStrings(json.orderConfirmation.device.accessMethod, orderConfirmationDeviceAccessMethod)
CompareItemsTwoStrings(json.orderConfirmation.device.companyAssetId, orderConfirmationDeviceCompanyAssetId)
CompareItemsTwoStrings(json.orderConfirmation.device.id, orderConfirmationDeviceId)
CompareItemsTwoStrings(json.orderConfirmation.device.macAddress, orderConfirmationDeviceMacAddress)
CompareItemsTwoStrings(json.orderConfirmation.device.manufacturer._meta.href, orderConfirmationDeviceManufacturerMetaHref)
CompareItemsTwoStrings(json.orderConfirmation.device.manufacturer.id, orderConfirmationDeviceManufacturerId)
CompareItemsTwoStrings(json.orderConfirmation.device.manufacturer.logoUrl, orderConfirmationDeviceManufacturerLogoUrl)
CompareItemsTwoStrings(json.orderConfirmation.device.manufacturer.name, orderConfirmationDeviceManufacturerName)
CompareItemsTwoStrings(json.orderConfirmation.device.model, orderConfirmationDeviceModel)
CompareItemsTwoStrings(json.orderConfirmation.device.serialNumber.type, orderConfirmationDeviceSerialNumberType)
CompareItemsTwoStrings(json.orderConfirmation.device.serialNumber.value, orderConfirmationDeviceSerialNumberValue)
CompareItemsTwoStrings(json.orderConfirmation.device.simId, orderConfirmationDeviceSimId)

/* Service */
CompareItemsTwoStrings(json.orderConfirmation.service._meta.href, orderConfirmationServiceMetaHref)
CompareItemsTwoStrings(json.orderConfirmation.service.id, orderConfirmationServiceId)
CompareItemsTwoStrings(json.orderConfirmation.service.serviceNumber, orderConfirmationServiceServiceNumber)
CompareItemsTwoStrings(json.orderConfirmation.service.status, orderConfirmationServiceStatus)
CompareItemsTwoStrings(json.orderConfirmation.service.contractDates.start, orderConfirmationServiceContractDatesStart)
CompareItemsTwoStrings(json.orderConfirmation.service.contractDates.end, orderConfirmationServiceContractDatesEnd)
CompareItemsTwoStrings(json.orderConfirmation.service.contractDates.activated, orderConfirmationServiceContractDatesActivated)
CompareItemsTwoStrings(json.orderConfirmation.service.contractDates.lastDeviceUpgrade, orderConfirmationServiceContractDatesLastDeviceUpgrade)

/* Account Holder */
CompareItemsTwoStrings(json.orderConfirmation.accountHolder._meta.href, orderConfirmationAccountHolderMetaHref)
CompareItemsTwoStrings(json.orderConfirmation.accountHolder.id, orderConfirmationAccountHolderId)
CompareItemsTwoStrings(json.orderConfirmation.accountHolder.companyEmployeeId, orderConfirmationAccountHolderCompanyEmployeeId)
CompareItemsTwoStrings(json.orderConfirmation.accountHolder.firstName, orderConfirmationAccountHolderFirstName)
CompareItemsTwoStrings(json.orderConfirmation.accountHolder.lastName, orderConfirmationAccountHolderLastName)
CompareItemsTwoStrings(json.orderConfirmation.accountHolder.officePhone, orderConfirmationAccountHolderOfficePhone)
CompareItemsTwoStrings(json.orderConfirmation.accountHolder.status, orderConfirmationAccountHolderStatus)
CompareItemsTwoStrings(json.orderConfirmation.accountHolder.email, orderConfirmationAccountHolderEmail)
CompareItemsTwoStrings(json.orderConfirmation.accountHolder.department.id, orderConfirmationAccountHolderDepartmentId)
CompareItemsTwoStrings(json.orderConfirmation.accountHolder.department.name, orderConfirmationAccountHolderDepartmentName)

/* Requested By */
CompareItemsTwoStrings(json.orderConfirmation.requestedBy._meta.href, orderConfirmationRequestedByMetaHref)
CompareItemsTwoStrings(json.orderConfirmation.requestedBy.id, orderConfirmationRequestedById)
CompareItemsTwoStrings(json.orderConfirmation.requestedBy.companyEmployeeId, orderConfirmationRequestedByCompanyEmployeeId)
CompareItemsTwoStrings(json.orderConfirmation.requestedBy.firstName, orderConfirmationRequestedByFirstName)
CompareItemsTwoStrings(json.orderConfirmation.requestedBy.lastName, orderConfirmationRequestedByLastName)
CompareItemsTwoStrings(json.orderConfirmation.requestedBy.status, orderConfirmationRequestedByStatus)
CompareItemsTwoStrings(json.orderConfirmation.requestedBy.email, orderConfirmationRequestedByEmail)
CompareItemsTwoStrings(json.orderConfirmation.requestedBy.officePhone, orderConfirmationRequestedByOfficePhone)
CompareItemsTwoStrings(json.orderConfirmation.requestedBy.department.id, orderConfirmationRequestedByDepartmentId)
CompareItemsTwoStrings(json.orderConfirmation.requestedBy.department.name, orderConfirmationRequestedByDepartmentName)

/* Shopping Cart */
CompareItemsTwoStrings(json.orderConfirmation.shoppingCart.quantity, orderConfirmationShoppingCartQuantity)

CompareItemsTwoStrings(json.orderConfirmation.shoppingCart.accessories[0]._meta.href, orderConfirmationShoppingCartAccessoriesMetaHref)
CompareItemsTwoStrings(json.orderConfirmation.shoppingCart.accessories[0].id, orderConfirmationShoppingCartAccessoriesId)
CompareItemsTwoStrings(json.orderConfirmation.shoppingCart.accessories[0].name, orderConfirmationShoppingCartAccessoriesName)
CompareItemsTwoStrings(json.orderConfirmation.shoppingCart.accessories[0].imageUrl, orderConfirmationShoppingCartAccessoriesImageUrl) 

CompareItemsTwoStrings(json.orderConfirmation.shoppingCart.accessories[0].manufacturer._meta.href, orderConfirmationShoppingCartAccessoriesManufacturerMetaHref)
CompareItemsTwoStrings(json.orderConfirmation.shoppingCart.accessories[0].manufacturer.id, orderConfirmationShoppingCartAccessoriesManufacturerId)
CompareItemsTwoStrings(json.orderConfirmation.shoppingCart.accessories[0].manufacturer.logoUrl, orderConfirmationShoppingCartAccessoriesManufacturerLogoUrl)
CompareItemsTwoStrings(json.orderConfirmation.shoppingCart.accessories[0].manufacturer.name, orderConfirmationShoppingCartAccessoriesManufacturerName)

CompareItemsTwoStrings(json.orderConfirmation.shoppingCart.accessories[0].price.amount, orderConfirmationShoppingCartAccessoriesPriceAmount)
CompareItemsTwoStrings(json.orderConfirmation.shoppingCart.accessories[0].price.currencyCode, orderConfirmationShoppingCartAccessoriesPriceCurrencyCode)
CompareItemsTwoStrings(json.orderConfirmation.shoppingCart.accessories[0].price.recurrence, orderConfirmationShoppingCartAccessoriesPriceRecurrence)

CompareItemsTwoStrings(json.orderConfirmation.shoppingCart.accessories[0].vendor._meta.href, orderConfirmationShoppingCartAccessoriesVendorMetaHref)
CompareItemsTwoStrings(json.orderConfirmation.shoppingCart.accessories[0].vendor.id, orderConfirmationShoppingCartAccessoriesVendorId)
CompareItemsTwoStrings(json.orderConfirmation.shoppingCart.accessories[0].vendor.logoUrl, orderConfirmationShoppingCartAccessoriesVendorLogoUrl)
CompareItemsTwoStrings(json.orderConfirmation.shoppingCart.accessories[0].vendor.name, orderConfirmationShoppingCartAccessoriesVendorName)

/* Cost Summary */ 
CompareItemsTwoStrings(json.orderConfirmation.costSummary[0].amount, orderConfirmationCostSummaryAmount)
CompareItemsTwoStrings(json.orderConfirmation.costSummary[0].currencyCode, orderConfirmationCostSummaryCurrencyCode)
CompareItemsTwoStrings(json.orderConfirmation.costSummary[0].recurrence, orderConfirmationCostSummaryRecurrence)

/* Properties */
CompareItemsTwoStrings(json.orderConfirmation.properties[0].groupId, orderConfirmationPropertiesGroupId)

CompareItemsTwoStrings(json.orderConfirmation.properties.fields[0].id[0], orderConfirmationPropertiesFields1Id)
CompareItemsTwoStrings(json.orderConfirmation.properties.fields[0].label[0], orderConfirmationPropertiesFields1Label)
CompareItemsTwoStrings(json.orderConfirmation.properties.fields[0].type[0], orderConfirmationPropertiesFields1Type)
CompareItemsTwoStrings(json.orderConfirmation.properties.fields[0].text[0], orderConfirmationPropertiesFields1Text)

CompareItemsTwoStrings(json.orderConfirmation.properties.fields[0].id[1], orderConfirmationPropertiesFields2Id)
CompareItemsTwoStrings(json.orderConfirmation.properties.fields[0].label[1], orderConfirmationPropertiesFields2Label)
CompareItemsTwoStrings(json.orderConfirmation.properties.fields[0].type[1], orderConfirmationPropertiesFields2Type)
CompareItemsTwoStrings(json.orderConfirmation.properties.fields[0].text[1], orderConfirmationPropertiesFields2Text)

CompareItemsTwoStrings(json.orderConfirmation.properties.fields[0].id[2], orderConfirmationPropertiesFields3Id)
CompareItemsTwoStrings(json.orderConfirmation.properties.fields[0].label[2], orderConfirmationPropertiesFields3Label)
CompareItemsTwoStrings(json.orderConfirmation.properties.fields[0].type[2], orderConfirmationPropertiesFields3Type)
CompareItemsTwoStrings(json.orderConfirmation.properties.fields[0].text[2], orderConfirmationPropertiesFields3Text)

/* Ship To */
CompareItemsTwoStrings(json.orderConfirmation.shipTo.name, orderConfirmationShipToName)
CompareItemsTwoStrings(json.orderConfirmation.shipTo.region._meta.href, orderConfirmationShipToRegionMetaHref)
CompareItemsTwoStrings(json.orderConfirmation.shipTo.region.id, orderConfirmationShipToRegionId)
CompareItemsTwoStrings(json.orderConfirmation.shipTo.region.name, orderConfirmationShipToRegionName)

CompareItemsTwoStrings(json.orderConfirmation.shipTo.address[0].id, orderConfirmationShipToAddress1Id)
CompareItemsTwoStrings(json.orderConfirmation.shipTo.address[0].label, orderConfirmationShipToAddress1Label)
CompareItemsTwoStrings(json.orderConfirmation.shipTo.address[0].value, orderConfirmationShipToAddress1Value)

CompareItemsTwoStrings(json.orderConfirmation.shipTo.address[1].id, orderConfirmationShipToAddress2Id)
CompareItemsTwoStrings(json.orderConfirmation.shipTo.address[1].label, orderConfirmationShipToAddress2Label)
CompareItemsTwoStrings(json.orderConfirmation.shipTo.address[1].value, orderConfirmationShipToAddress2Value)

CompareItemsTwoStrings(json.orderConfirmation.shipTo.address[2].id, orderConfirmationShipToAddress3Id)
CompareItemsTwoStrings(json.orderConfirmation.shipTo.address[2].label, orderConfirmationShipToAddress3Label)
CompareItemsTwoStrings(json.orderConfirmation.shipTo.address[2].value, orderConfirmationShipToAddress3Value)

CompareItemsTwoStrings(json.orderConfirmation.shipTo.expedite, orderConfirmationShipToExpedite)


/////////////////////////
///////  Methods  //////
////////////////////////

void CompareItemsTwoStrings(json, expectedValueString)
{
	String jsonString = json
	
	// this will show each compare being made - DEBUG ONLY 
	log.info "Json: " + jsonString + " Expected: " + expectedValueString 
	assert(jsonString == expectedValueString) 
	
}


// Used to truncate a value (price) that has a large amount of decimal digits.
String trunc(amount){
	String numString = amount.toString()
	double total = Double.parseDouble(numString)
	double rounded = total.trunc(2)
	return rounded.toString()
}

</script></con:config></con:testStep><con:testStep type="groovy" name="SetConfirmEmptyPostOrderAccessories" id="5f4f9a86-5f95-4721-afd6-e3cb73ea7621"><con:settings/><con:config><script>/* Set Confirm = 'empty' to have a new Order POST Upgrade (device) created. */

testRunner.testCase.setPropertyValue( "ConfirmState", "") 
</script></con:config></con:testStep><con:testStep type="restrequest" name="OrderPostOrderAccessoriesSubmit" id="73850207-6da4-4949-93fa-ff414cda93bb"><con:settings/><con:config service="https://tg-mobility.cloudhub.io" resourcePath="/orders" methodName="Method 1" xsi:type="con:RestRequestStep" xmlns:xsi="http://www.w3.org/2001/XMLSchema-instance"><con:restRequest name="OrderPostOrderAccessoriesSubmit" id="80e4f0d8-0471-462a-96fd-f70db11ffa76" mediaType="application/json" postQueryString="false"><con:settings><con:setting id="com.eviware.soapui.impl.wsdl.WsdlRequest@request-headers">&lt;xml-fragment/></con:setting></con:settings><con:endpoint>${#TestCase#URL}</con:endpoint><con:request>{
  "orderRequest": {
    "externalOrderNumber": ${#TestCase#ExternalOrderNumber},
    "transactionType": ${#TestCase#transactionTypeRequest},
    "serviceId": ${#TestCase#ServiceIdRequest},
    "shoppingCart": {
      "accessoryIds": [${#TestCase#accessory1}]
    },
    "properties": [
      {
        "groupId": "MISCELLANEOUS",
        "fields": [
          {
            "id": "CONTACT_NUMBER",
            "type": "TEXT",
            "text": "123-555-4567"
          },
          {
            "id": "SERVICE_NUMBER",
            "type": "TEXT",
            "text": ${#TestCase#ServiceNumberRequest}
          },
          {
            "id": "ADDITIONAL_INSTRUCTIONS",
            "type": "TEXT",
            "text": ${#TestCase#InstructionsRequest}
          }
        ]
      }
    ],
    "shipTo": {
      "name": "AnaLaura Pace",
      "regionId": "70143764",
      "address": [
        {
          "id": "LINE_1",
          "value": "123 Main"
        },
        {
          "id": "CITY",
          "value": "Mendoza"
        },
        {
          "id": "POSTAL_CODE",
          "value": "938278"
        }
      ],
      "expedite": false
    }
  }
}</con:request><con:originalUri>https://tg-mobility.cloudhub.io/mobility/v1/orders</con:originalUri><con:assertion type="Valid HTTP Status Codes" id="59e0354b-d7bc-47da-afc8-15261428db38" name="Valid HTTP Status Codes"><con:settings/><con:configuration><codes>200</codes></con:configuration></con:assertion><con:assertion type="Simple NotContains" id="f3329cef-9c40-47db-bb65-5de4ea816150" name="Not Contains"><con:configuration><token>ERROR</token><ignoreCase>false</ignoreCase><useRegEx>false</useRegEx></con:configuration></con:assertion><con:credentials><con:selectedAuthProfile>No Authorization</con:selectedAuthProfile><con:authType>No Authorization</con:authType></con:credentials><con:jmsConfig JMSDeliveryMode="PERSISTENT"/><con:parameters>
  <con:entry key="confirm" value="${#TestCase#ConfirmState}"/>
  <con:entry key="Authorization" value="Bearer ${#TestCase#AccessToken}"/>
  <con:entry key="X-TNGO-CONTEXT-COMPANYEMPLOYEEID" value="${#TestCase#CompanyEmployeeId}"/>
  <con:entry key="X-TNGO-TENANT" value=" ${#TestCase#Tenant} "/>
  <con:entry key="client_secret" value="${#TestCase#client_secret}"/>
  <con:entry key="client_id" value="${#TestCase#client_Id}"/>
</con:parameters><con:parameterOrder><con:entry>X-TNGO-TENANT</con:entry><con:entry>X-TNGO-CONTEXT-COMPANYEMPLOYEEID</con:entry><con:entry>Authorization</con:entry><con:entry>client_id</con:entry><con:entry>client_secret</con:entry><con:entry>confirm</con:entry></con:parameterOrder></con:restRequest></con:config></con:testStep><con:testStep type="groovy" name="VerifyJsonResponseSubmissionOrderAccessories" id="a0c3ac79-c808-4cb7-8b8f-612b6f43eb88"><con:settings/><con:config><script>import groovy.json.JsonSlurper 

import java.text.DateFormat;
import java.text.SimpleDateFormat;
import java.util.Date;

def groovyUtils = new com.eviware.soapui.support.GroovyUtils( context ); 

def testCase = context.testCase; 
def testStep = testCase.getTestStepByName("OrderPostOrderAccessoriesSubmit") 

// get response of last test step run.
def response = testStep.testRequest.messageExchange.response.responseContent
def slurper = new JsonSlurper()
def json = slurper.parseText response

def employeeId = testRunner.testCase.getPropertyValue("EmployeeId")
def companyEmployeeId = testRunner.testCase.getPropertyValue("CompanyEmployeeId")
def deviceId = testRunner.testCase.getPropertyValue("DeviceId")
def logoUrl = testRunner.testCase.getPropertyValue("LogoUrl")
def serviceNumber = testRunner.testCase.getPropertyValue("ServiceNumber")
def serviceId = testRunner.testCase.getPropertyValue("ServiceId")
def regionId = testRunner.testCase.getPropertyValue("RegionId")
def mainUrl = testRunner.testCase.getPropertyValue("URL")
def externalOrderNumber = testRunner.testCase.getPropertyValue("extOrderNumber")


/* Order POST Order Accessories - Submit Order */

/* Expected Values */

String orderMetaHref = mainUrl + "/orders/"
String orderDateSubmitted = getCurrentDate()
String orderOrderId = trimLeftFromHref(json.order._meta.href) 
String orderExternalOrderNumber = externalOrderNumber
String orderTransactionType = testRunner.testCase.getPropertyValue("transactionType")
String orderStatus = "ORDER_SUBMITTED"
String orderServiceNumber = serviceNumber
String status = "SUCCESS"

/* Account Holder */
String orderAccountHolderId = employeeId
String orderAccountHolderMetaHref = mainUrl + "/employees/" + employeeId
String orderAccountHolderCompanyEmployeeId = companyEmployeeId 
String orderAccountHolderFirstName = testRunner.testCase.getPropertyValue("FirstName")
String orderAccountHolderLastName = testRunner.testCase.getPropertyValue("LastName")
String orderAccountHolderOfficePhone = testRunner.testCase.getPropertyValue("OfficePhone")
String orderAccountHolderStatus = "ACTIVE"
String orderAccountHolderEmail = testRunner.testCase.getPropertyValue("Email")
String orderAccountHolderDepartmentId = testRunner.testCase.getPropertyValue("DepartmentId")
String orderAccountHolderDepartmentName = testRunner.testCase.getPropertyValue("DepartmentName")

/* Requested By */
String orderRequestedById = context.AdminId
String orderRequestedByMetaHref = mainUrl + "/employees/" + context.AdminId
String orderRequestedByCompanyEmployeeId = context.AdminCompanyEmployeeId
String orderRequestedByFirstName = context.AdminFirstName
String orderRequestedByLastName = context.AdminLastName
String orderRequestedByStatus = "ACTIVE"
String orderRequestedByEmail = "sn2.admin.xx1@example.com"
String orderRequestedByOfficePhone = "781-883-4749"
String orderRequestedByDepartmentId = context.AdminDepartmentId 
String orderRequestedByDepartmentName = context.AdminDepartmentName

/* Properties */
String orderPropertiesGroupId = "MISCELLANEOUS"

/* property 1 */
String orderPropertiesFields1Id = "CONTACT_NUMBER"
String orderPropertiesFields1Label = "Contact Phone Number"
String orderPropertiesFields1Type = "TEXT"
String orderPropertiesFields1Text = "123-555-4567"

/* property 2 */
String orderPropertiesFields2Id = "SERVICE_NUMBER"
String orderPropertiesFields2Label = "Service Number"
String orderPropertiesFields2Type = "TEXT"
String orderPropertiesFields2Text = serviceNumber

/* property 3 */
String orderPropertiesFields3Id = "ADDITIONAL_INSTRUCTIONS"
String orderPropertiesFields3Label = "Additional Instructions"
String orderPropertiesFields3Type = "TEXT"
String orderPropertiesFields3Text = testRunner.testCase.getPropertyValue("Instructions")

/* Order Segments*/
String orderOrderSegmentsItemsOrderSegmentId = (Integer.parseInt(orderOrderId) + 1)
String orderOrderSegmentsItemsMetaHrefHistory = mainUrl + "/orders/" + orderOrderId + "/history?orderSegment=" + orderOrderSegmentsItemsOrderSegmentId
String orderOrderSegmentsItemsMetaHrefShipments = mainUrl + "/orders/" + orderOrderId + "/shipments?orderSegment=" + orderOrderSegmentsItemsOrderSegmentId
String orderOrderSegmentsItemsStatus = "ORDER_SUBMITTED"

String orderOrderSegmentsItemsVendorId = context.Accessories1VendorId
String orderOrderSegmentsItemsVendorMetaHref = context.Accessories1VendorMetaHref
String orderOrderSegmentsItemsVendorName = context.Accessories1VendorName
String orderOrderSegmentsItemsVendorLogoUrl = context.Accessories1VendorLogoUrl

String orderOrderSegmentsItemsAccessories1Name = context.Accessories1Name
String orderOrderSegmentsItemsAccessories1ImageUrl = context.Accessories1ImageUrl
String orderOrderSegmentsItemsAccessories1PriceAmount = context.Accessories1PriceAmount
String orderOrderSegmentsItemsAccessories1PriceCurrencyCode = context.Accessories1PriceCurrencyCode
String orderOrderSegmentsItemsAccessories1PriceRecurrence = context.Accessories1PriceRecurrence
String orderOrderSegmentsItemsAccessories1ManufacturerMetaHref = context.Accessories1ManufacturerMetaHref
String orderOrderSegmentsItemsAccessories1ManufacturerId = context.Accessories1ManufacturerId 
String orderOrderSegmentsItemsAccessories1ManufacturerName = context.Accessories1ManufacturerName
String orderOrderSegmentsItemsAccessories1ManufacturerLogoUrl = context.Accessories1ManufacturerLogoUrl

/* ShipTo */
String orderShipToName = "AnaLaura Pace"

String orderShipToRegionId = "70143764"
String orderShipToRegionMetaHref = mainUrl + "/regions/" + orderShipToRegionId
String orderShipToRegionName = "Argentina"

String orderShipToAddress1Id = "LINE_1"
String orderShipToAddress1Label = "Address Line1"
String orderShipToAddress1Value = "123 Main"

String orderShipToAddress2Id = "CITY"
String orderShipToAddress2Label = "City/Town/Locality"
String orderShipToAddress2Value = "Mendoza"

String orderShipToAddress3Id = "POSTAL_CODE"
String orderShipToAddress3Label = "Postal Code"
String orderShipToAddress3Value = "938278"

String orderShipToExpedite = "false"




/* Verify Expected Values */

String jsonOrder_metaHref = TrimRightFromHref(json.order._meta.href)  //url without the last portion (order id)
CompareItemsTwoStrings(jsonOrder_metaHref, orderMetaHref)

String jsonDate = trimDate(json.order.dateSubmitted)
CompareItemsTwoStrings(jsonDate, orderDateSubmitted)

CompareItemsTwoStrings(json.status, status)
CompareItemsTwoStrings(json.order.transactionType, orderTransactionType)
CompareItemsTwoStrings(json.order.orderId, orderOrderId)
CompareItemsTwoStrings(json.order.serviceNumber, orderServiceNumber)
CompareItemsTwoStrings(json.order.status, orderStatus)
CompareItemsTwoStrings(json.order.externalOrderNumber, orderExternalOrderNumber)

/* Account Holder */
CompareItemsTwoStrings(json.order.accountHolder._meta.href, orderAccountHolderMetaHref)
CompareItemsTwoStrings(json.order.accountHolder.id, orderAccountHolderId)
CompareItemsTwoStrings(json.order.accountHolder.companyEmployeeId, orderAccountHolderCompanyEmployeeId)
CompareItemsTwoStrings(json.order.accountHolder.firstName, orderAccountHolderFirstName)
CompareItemsTwoStrings(json.order.accountHolder.lastName, orderAccountHolderLastName)
CompareItemsTwoStrings(json.order.accountHolder.officePhone, orderAccountHolderOfficePhone)
CompareItemsTwoStrings(json.order.accountHolder.status, orderAccountHolderStatus)
CompareItemsTwoStrings(json.order.accountHolder.email, orderAccountHolderEmail)
CompareItemsTwoStrings(json.order.accountHolder.department.id, orderAccountHolderDepartmentId)
CompareItemsTwoStrings(json.order.accountHolder.department.name, orderAccountHolderDepartmentName)

/* Requested By */
CompareItemsTwoStrings(json.order.requestedBy._meta.href, orderRequestedByMetaHref)
CompareItemsTwoStrings(json.order.requestedBy.id, orderRequestedById)
CompareItemsTwoStrings(json.order.requestedBy.companyEmployeeId, orderRequestedByCompanyEmployeeId)
CompareItemsTwoStrings(json.order.requestedBy.firstName, orderRequestedByFirstName)
CompareItemsTwoStrings(json.order.requestedBy.lastName, orderRequestedByLastName)
CompareItemsTwoStrings(json.order.requestedBy.status, orderRequestedByStatus)
CompareItemsTwoStrings(json.order.requestedBy.email, orderRequestedByEmail)
CompareItemsTwoStrings(json.order.requestedBy.officePhone, orderRequestedByOfficePhone)
CompareItemsTwoStrings(json.order.requestedBy.department.id, orderRequestedByDepartmentId)
CompareItemsTwoStrings(json.order.requestedBy.department.name, orderRequestedByDepartmentName)

/* Order Segments */
CompareItemsTwoStrings(json.order.orderSegments.items[0]._meta.hrefShipments, orderOrderSegmentsItemsMetaHrefShipments)
CompareItemsTwoStrings(json.order.orderSegments.items[0]._meta.hrefHistory, orderOrderSegmentsItemsMetaHrefHistory)
CompareItemsTwoStrings(json.order.orderSegments.items[0].orderSegmentId, orderOrderSegmentsItemsOrderSegmentId)
CompareItemsTwoStrings(json.order.orderSegments.items[0].status, orderOrderSegmentsItemsStatus)

CompareItemsTwoStrings(json.order.orderSegments.items[0].vendor._meta.href, orderOrderSegmentsItemsVendorMetaHref)
CompareItemsTwoStrings(json.order.orderSegments.items[0].vendor.id, orderOrderSegmentsItemsVendorId)
CompareItemsTwoStrings(json.order.orderSegments.items[0].vendor.name, orderOrderSegmentsItemsVendorName)
CompareItemsTwoStrings(json.order.orderSegments.items[0].vendor.logoUrl, orderOrderSegmentsItemsVendorLogoUrl)

CompareItemsTwoStrings(json.order.orderSegments.items[0].accessories[0].name, orderOrderSegmentsItemsAccessories1Name)
//CompareItemsTwoStrings(json.order.orderSegments.items[0].accessories[0].imageUrl, orderOrderSegmentsItemsAccessories1ImageUrl)

CompareItemsTwoStrings(json.order.orderSegments.items[0].accessories[0].price.amount, orderOrderSegmentsItemsAccessories1PriceAmount)
CompareItemsTwoStrings(json.order.orderSegments.items[0].accessories[0].price.currencyCode, orderOrderSegmentsItemsAccessories1PriceCurrencyCode)
CompareItemsTwoStrings(json.order.orderSegments.items[0].accessories[0].price.recurrence, orderOrderSegmentsItemsAccessories1PriceRecurrence)

CompareItemsTwoStrings(json.order.orderSegments.items[0].accessories[0].manufacturer._meta.href, orderOrderSegmentsItemsAccessories1ManufacturerMetaHref)
CompareItemsTwoStrings(json.order.orderSegments.items[0].accessories[0].manufacturer.id, orderOrderSegmentsItemsAccessories1ManufacturerId)
CompareItemsTwoStrings(json.order.orderSegments.items[0].accessories[0].manufacturer.name, orderOrderSegmentsItemsAccessories1ManufacturerName)
CompareItemsTwoStrings(json.order.orderSegments.items[0].accessories[0].manufacturer.logoUrl, orderOrderSegmentsItemsAccessories1ManufacturerLogoUrl)


/* Properties */
CompareItemsTwoStrings(json.order.properties[0].groupId, orderPropertiesGroupId)

CompareItemsTwoStrings(json.order.properties.fields[0].id[0], orderPropertiesFields1Id)
CompareItemsTwoStrings(json.order.properties.fields[0].label[0], orderPropertiesFields1Label)
CompareItemsTwoStrings(json.order.properties.fields[0].type[0], orderPropertiesFields1Type)
CompareItemsTwoStrings(json.order.properties.fields[0].text[0], orderPropertiesFields1Text)

CompareItemsTwoStrings(json.order.properties.fields[0].id[1], orderPropertiesFields2Id)
CompareItemsTwoStrings(json.order.properties.fields[0].label[1], orderPropertiesFields2Label)
CompareItemsTwoStrings(json.order.properties.fields[0].type[1], orderPropertiesFields2Type)
CompareItemsTwoStrings(json.order.properties.fields[0].text[1], orderPropertiesFields2Text)

CompareItemsTwoStrings(json.order.properties.fields[0].id[2], orderPropertiesFields3Id)
CompareItemsTwoStrings(json.order.properties.fields[0].label[2], orderPropertiesFields3Label)
CompareItemsTwoStrings(json.order.properties.fields[0].type[2], orderPropertiesFields3Type)
CompareItemsTwoStrings(json.order.properties.fields[0].text[2], orderPropertiesFields3Text)


/* Ship To */
CompareItemsTwoStrings(json.order.shipTo.name, orderShipToName)

CompareItemsTwoStrings(json.order.shipTo.region._meta.href, orderShipToRegionMetaHref)
CompareItemsTwoStrings(json.order.shipTo.region.id, orderShipToRegionId)
CompareItemsTwoStrings(json.order.shipTo.region.name, orderShipToRegionName)

CompareItemsTwoStrings(json.order.shipTo.address[0].id, orderShipToAddress1Id)
CompareItemsTwoStrings(json.order.shipTo.address[0].label, orderShipToAddress1Label)
CompareItemsTwoStrings(json.order.shipTo.address[0].value, orderShipToAddress1Value)

CompareItemsTwoStrings(json.order.shipTo.address[1].id, orderShipToAddress2Id)
CompareItemsTwoStrings(json.order.shipTo.address[1].label, orderShipToAddress2Label)
CompareItemsTwoStrings(json.order.shipTo.address[1].value, orderShipToAddress2Value)

CompareItemsTwoStrings(json.order.shipTo.address[2].id, orderShipToAddress3Id)
CompareItemsTwoStrings(json.order.shipTo.address[2].label, orderShipToAddress3Label)
CompareItemsTwoStrings(json.order.shipTo.address[2].value, orderShipToAddress3Value)

CompareItemsTwoStrings(json.order.shipTo.expedite, orderShipToExpedite)


/////////////////////////
///////  Methods  //////
////////////////////////


void CompareItemsTwoStrings(json, expectedValueString)
{
	String jsonString = json
	
	// this will show each compare being made - DEBUG ONLY 
	log.info "  JSON: " + jsonString + ", Expected value: " + expectedValueString 
	assert(jsonString == expectedValueString)
}

// this trims the rightmoast item from the href string pssed in and retuns it. the rightmost item is a number 
// example: "http://tg-mobility.cloudhub.io/mobility/v1/employees/28672245" - "28672245" is removed
// it also does a sanity check on the part that is trimmed off
String TrimRightFromHref(String tempStringHref)
{
	// create array to hold all parts that are separated by a "/".
	def allParts = []
	allParts = tempStringHref.split("/")
	// for (str in allParts) {log.info str} // show all string list - DEBUG
	
	// remove last element from string passed in and return
	def listSize = allParts.length
	String whatToRemove = allParts[listSize - 1]

	// make sure part to remove (rightmost item) is there and an interger
	assert whatToRemove.size() >= 1
	assert whatToRemove.isInteger()
	
	// String FinalString = tempStringHref.replaceAll(whatToRemove,"") - DEBUG to see final string
	return tempStringHref.replaceAll(whatToRemove,"")
}


String trimLeftFromHref(String strToTrim){
	//e.g. mainUrl + "/orders/8067054"
	def allParts = []
	allParts = strToTrim.split("/")
	def quantity = allParts.size()
	return allParts[quantity-1]
}

String getCurrentDate()
{
	//e.g. "2015-11-26T18:28:10Z"
	def date = new Date()
	sdf = new SimpleDateFormat("yyyy-MM-dd")
	return sdf.format(date)
}


String trimDate(String dateFromJson)
{
	//e.g. "2015-11-26T18:28:10Z"
	String date
	def allParts = []
	allParts = dateFromJson.split("T")
	return allParts[0]
}
</script></con:config></con:testStep><con:testStep type="restrequest" name="MakeFailOrderAccessoriesDuplicateOrderNumber" id="fe70c350-eb5f-4091-a830-61f93e9ce403"><con:settings/><con:config service="https://tg-mobility.cloudhub.io" resourcePath="/orders" methodName="Method 1" xsi:type="con:RestRequestStep" xmlns:xsi="http://www.w3.org/2001/XMLSchema-instance"><con:restRequest name="MakeFailOrderAccessoriesDuplicateOrderNumber" id="78225f30-ac27-4fc1-b283-2688b59cb02f" mediaType="application/json" postQueryString="false"><con:settings><con:setting id="com.eviware.soapui.impl.wsdl.WsdlRequest@request-headers">&lt;xml-fragment/></con:setting></con:settings><con:endpoint>${#TestCase#URL}</con:endpoint><con:request>{
  "orderRequest": {
    "externalOrderNumber": ${#TestCase#ExternalOrderNumber},
    "transactionType": ${#TestCase#transactionTypeRequest},
    "serviceId": ${#TestCase#ServiceIdRequest},
    "shoppingCart": {
      "accessoryIds": [${#TestCase#accessory1}]
    },
    "properties": [
      {
        "groupId": "MISCELLANEOUS",
        "fields": [
          {
            "id": "CONTACT_NUMBER",
            "type": "TEXT",
            "text": "123-555-4567"
          },
          {
            "id": "SERVICE_NUMBER",
            "type": "TEXT",
            "text": ${#TestCase#ServiceNumberRequest}
          },
          {
            "id": "ADDITIONAL_INSTRUCTIONS",
            "type": "TEXT",
            "text": ${#TestCase#InstructionsRequest}
          }
        ]
      }
    ],
    "shipTo": {
      "name": "AnaLaura Pace",
      "regionId": "70143764",
      "address": [
        {
          "id": "LINE_1",
          "value": "123 Main"
        },
        {
          "id": "CITY",
          "value": "Mendoza"
        },
        {
          "id": "POSTAL_CODE",
          "value": "938278"
        }
      ],
      "expedite": false
    }
  }
}</con:request><con:originalUri>http://tg-mobility.cloudhub.io/mobility/v1/assets/devices</con:originalUri><con:assertion type="Simple NotContains" id="0d069b25-5568-4c2e-be9b-1c6e8b88fc87" name="Not Contains"><con:configuration><token>TIMEOUT_EXCEEDED</token><ignoreCase>false</ignoreCase><useRegEx>false</useRegEx></con:configuration></con:assertion><con:assertion type="Valid HTTP Status Codes" id="dadd04f4-38a1-4105-b63c-49029375c2e6" name="Valid HTTP Status Codes - 200"><con:settings/><con:configuration><codes>200</codes></con:configuration></con:assertion><con:credentials><con:selectedAuthProfile>No Authorization</con:selectedAuthProfile><con:authType>No Authorization</con:authType></con:credentials><con:jmsConfig JMSDeliveryMode="PERSISTENT"/><con:jmsPropertyConfig/><con:parameters>
  <con:entry key="Authorization" value="Bearer ${#TestCase#AccessToken}"/>
  <con:entry key="confirm" value="true"/>
  <con:entry key="X-TNGO-CONTEXT-COMPANYEMPLOYEEID" value="${#TestCase#CompanyEmployeeId}"/>
  <con:entry key="X-TNGO-TENANT" value=" ${#TestCase#Tenant} "/>
  <con:entry key="companyEmployeeId" value="Dudley.Doright2.XX1"/>
  <con:entry key="client_secret" value="${#TestCase#client_secret}"/>
  <con:entry key="client_id" value="${#TestCase#client_Id}"/>
</con:parameters><con:parameterOrder><con:entry>X-TNGO-TENANT</con:entry><con:entry>X-TNGO-CONTEXT-COMPANYEMPLOYEEID</con:entry><con:entry>Authorization</con:entry><con:entry>client_id</con:entry><con:entry>client_secret</con:entry><con:entry>confirm</con:entry></con:parameterOrder></con:restRequest></con:config></con:testStep><con:testStep type="groovy" name="VerifyJsonResponseErrorDuplicateOrderNumber" id="5d94ac05-dd55-4e36-8738-aa6549b9ba88"><con:settings/><con:config><script>import groovy.json.JsonSlurper 

def groovyUtils = new com.eviware.soapui.support.GroovyUtils( context ); 

def testCase = context.testCase; 
def testStep = testCase.getTestStepByName("MakeFailOrderAccessoriesDuplicateOrderNumber") 

// get response of last test step run.
def response = testStep.testRequest.messageExchange.response.responseContent
def slurper = new JsonSlurper()
def json = slurper.parseText response


/* Expected values */ 
String status = "ERROR"
String errorsCode = "INVALID_VALUE"
String errorsSection = "OTHER"
String errorsMessage = "Error: Invalid ExternalOrderNumber."
String errorsDevMessage = "Error: Invalid ExternalOrderNumber."


/* Verify expected values for Error */
CompareItemsTwoStrings(json.status, status)
CompareItemsTwoStrings(json.errors[0].code, errorsCode)
CompareItemsTwoStrings(json.errors[0].section, errorsSection)
CompareItemsTwoStrings(json.errors[0].message, errorsMessage)
CompareItemsTwoStrings(json.errors[0].devMessage, errorsDevMessage)



void CompareItemsTwoStrings(json, expectedValueString)
{
	String jsonString = json
	
	// this will show each compare being made - DEBUG ONLY
	// log.info "Json: " + jsonString + " Expected: " + expectedValueString 
	assert(jsonString == expectedValueString) 

}

</script></con:config></con:testStep><con:testStep type="groovy" name="SetSvcIdEmptyOrderOrderAccessories" id="0ba6b7bd-dade-4cf8-b247-1caa42e0177f"><con:settings/><con:config><script>/* Set Service Number to " " so the request fails, and the expected values for error can be verified.  */

testRunner.testCase.setPropertyValue( "ServiceIdRequest", "\" \"")

// Generate a new External Order Number
String externalOrderNumber = soapUIScripts.CommonMethods.GenerateExternalOrderNumber()
testRunner.testCase.setPropertyValue( "ExternalOrderNumber", "\"" + externalOrderNumber + "\"")</script></con:config></con:testStep><con:testStep type="restrequest" name="MakeFailOrderOrderAccessories" id="c215f3af-2c3c-4fc6-9650-33f2af09b7c1"><con:settings/><con:config service="https://tg-mobility.cloudhub.io" resourcePath="/orders" methodName="Method 1" xsi:type="con:RestRequestStep" xmlns:xsi="http://www.w3.org/2001/XMLSchema-instance"><con:restRequest name="MakeFailOrderOrderAccessories" id="78225f30-ac27-4fc1-b283-2688b59cb02f" mediaType="application/json" postQueryString="false"><con:settings><con:setting id="com.eviware.soapui.impl.wsdl.WsdlRequest@request-headers">&lt;xml-fragment/></con:setting></con:settings><con:endpoint>${#TestCase#URL}</con:endpoint><con:request>{
  "orderRequest": {
    "externalOrderNumber": ${#TestCase#ExternalOrderNumber},
    "transactionType": ${#TestCase#transactionTypeRequest},
    "serviceId": ${#TestCase#ServiceIdRequest},
    "shoppingCart": {
      "accessoryIds": [${#TestCase#accessory1}]
    },
    "properties": [
      {
        "groupId": "MISCELLANEOUS",
        "fields": [
          {
            "id": "CONTACT_NUMBER",
            "type": "TEXT",
            "text": "123-555-4567"
          },
          {
            "id": "SERVICE_NUMBER",
            "type": "TEXT",
            "text": ${#TestCase#ServiceNumberRequest}
          },
          {
            "id": "ADDITIONAL_INSTRUCTIONS",
            "type": "TEXT",
            "text": ${#TestCase#InstructionsRequest}
          }
        ]
      }
    ],
    "shipTo": {
      "name": "AnaLaura Pace",
      "regionId": "70143764",
      "address": [
        {
          "id": "LINE_1",
          "value": "123 Main"
        },
        {
          "id": "CITY",
          "value": "Mendoza"
        },
        {
          "id": "POSTAL_CODE",
          "value": "938278"
        }
      ],
      "expedite": false
    }
  }
}</con:request><con:originalUri>http://tg-mobility.cloudhub.io/mobility/v1/assets/devices</con:originalUri><con:assertion type="Simple NotContains" id="0d069b25-5568-4c2e-be9b-1c6e8b88fc87" name="Not Contains"><con:configuration><token>TIMEOUT_EXCEEDED</token><ignoreCase>false</ignoreCase><useRegEx>false</useRegEx></con:configuration></con:assertion><con:assertion type="Valid HTTP Status Codes" id="dadd04f4-38a1-4105-b63c-49029375c2e6" name="Valid HTTP Status Codes - 200"><con:settings/><con:configuration><codes>200</codes></con:configuration></con:assertion><con:credentials><con:selectedAuthProfile>No Authorization</con:selectedAuthProfile><con:authType>No Authorization</con:authType></con:credentials><con:jmsConfig JMSDeliveryMode="PERSISTENT"/><con:jmsPropertyConfig/><con:parameters>
  <con:entry key="Authorization" value="Bearer ${#TestCase#AccessToken}"/>
  <con:entry key="confirm" value="true"/>
  <con:entry key="X-TNGO-CONTEXT-COMPANYEMPLOYEEID" value="${#TestCase#CompanyEmployeeId}"/>
  <con:entry key="X-TNGO-TENANT" value=" ${#TestCase#Tenant} "/>
  <con:entry key="companyEmployeeId" value="Dudley.Doright2.XX1"/>
  <con:entry key="client_secret" value="${#TestCase#client_secret}"/>
  <con:entry key="client_id" value="${#TestCase#client_Id}"/>
</con:parameters><con:parameterOrder><con:entry>X-TNGO-TENANT</con:entry><con:entry>X-TNGO-CONTEXT-COMPANYEMPLOYEEID</con:entry><con:entry>Authorization</con:entry><con:entry>client_id</con:entry><con:entry>client_secret</con:entry><con:entry>confirm</con:entry></con:parameterOrder></con:restRequest></con:config></con:testStep><con:testStep type="groovy" name="VerifyJsonResponseErrorOrderAccessories" id="e504aa3b-7906-4e5e-8479-23b559c7f49f"><con:settings/><con:config><script>import groovy.json.JsonSlurper 

def groovyUtils = new com.eviware.soapui.support.GroovyUtils( context ); 

def testCase = context.testCase; 
def testStep = testCase.getTestStepByName("MakeFailOrderOrderAccessories") 

// get response of last test step run.
def response = testStep.testRequest.messageExchange.response.responseContent
def slurper = new JsonSlurper()
def json = slurper.parseText response


/* Expected values */ 
String status = "ERROR"
String errorsCode = "INVALID_VALUE"
String errorsSection = "OTHER"
String errorsMessage = "Error: serviceId is required."
String errorsDevMessage = "Error: serviceId is required."


/* Verify expected values for Error */
CompareItemsTwoStrings(json.status, status)
CompareItemsTwoStrings(json.errors[0].code, errorsCode)
CompareItemsTwoStrings(json.errors[0].section, errorsSection)
CompareItemsTwoStrings(json.errors[0].message, errorsMessage)
CompareItemsTwoStrings(json.errors[0].devMessage, errorsDevMessage)



void CompareItemsTwoStrings(json, expectedValueString)
{
	String jsonString = json
	
	// this will show each compare being made - DEBUG ONLY
	// log.info "Json: " + jsonString + " Expected: " + expectedValueString 
	assert(jsonString == expectedValueString) 

}

</script></con:config></con:testStep><con:properties><con:property><con:name>Tenant</con:name><con:value>XX1</con:value></con:property><con:property><con:name>limit</con:name><con:value>200</con:value></con:property><con:property><con:name>offset</con:name><con:value>0</con:value></con:property><con:property><con:name>AccessToken</con:name><con:value>G3a6qAWkAOPIFUEusYyI0wEa-zZw1wFjsh2WQTjeVi9eVLxJifW-E6Btk7gV0Xu3ysxF8XuTy3Jyn2zd_Hlsxg</con:value></con:property><con:property><con:name>RefreshToken</con:name><con:value>rqrqcEHzO1It0Tda5ZQfkvP3DoS-WWwsi4d-sXTuFbYyquPSwS3wwhISRZI6bst9LPYjBazcrfVKV-OkrLo-7g</con:value></con:property><con:property><con:name>DepartmentId</con:name><con:value>48068836</con:value></con:property><con:property><con:name>LogoUrl</con:name><con:value>https://qa1cmd.tangoe.com/</con:value></con:property><con:property><con:name>companyEmployeeId</con:name><con:value>ana.pace.xx1</con:value></con:property><con:property><con:name>ExternalOrderNumber</con:name><con:value>"QAOrderNumber1462295796252"</con:value></con:property><con:property><con:name>ServiceId</con:name><con:value>38457027</con:value></con:property><con:property><con:name>EmployeeId</con:name><con:value>28680025</con:value></con:property><con:property><con:name>RegionIdRequest</con:name><con:value>70144640</con:value></con:property><con:property><con:name>DeviceId</con:name><con:value>35433799</con:value></con:property><con:property><con:name>RegionId</con:name><con:value>70144640</con:value></con:property><con:property><con:name>PlanId</con:name><con:value>"8673790035"</con:value></con:property><con:property><con:name>ServiceNumber</con:name><con:value>7775551234</con:value></con:property><con:property><con:name>Instructions</con:name><con:value>Please ship via FedEx</con:value></con:property><con:property><con:name>svcNumber</con:name><con:value>7775551234</con:value></con:property><con:property><con:name>svcId</con:name><con:value>38458668</con:value></con:property><con:property><con:name>extOrderNumber</con:name><con:value>QAOrderNumber1462295764167</con:value></con:property><con:property><con:name>NewDeviceId</con:name><con:value>"10649995224"</con:value></con:property><con:property><con:name>cmpEmployeeId</con:name><con:value>Dudley.Doright2.XX1</con:value></con:property><con:property><con:name>ConfirmState</con:name><con:value/></con:property><con:property><con:name>AdminFirstName</con:name><con:value>SN 2</con:value></con:property><con:property><con:name>AdminLastName</con:name><con:value>Admin</con:value></con:property><con:property><con:name>AdminId</con:name><con:value>28680024</con:value></con:property><con:property><con:name>AdminCompanyEmployeeId</con:name><con:value>sn2.admin.xx1</con:value></con:property><con:property><con:name>AdminDepartmentName</con:name><con:value>Unknown</con:value></con:property><con:property><con:name>AdminDepartmentId</con:name><con:value>48068836</con:value></con:property><con:property><con:name>NewPlanId</con:name><con:value>"11879220483"</con:value></con:property><con:property><con:name>NewPlanIdRequest</con:name><con:value>11879220483</con:value></con:property><con:property><con:name>sortAscending</con:name><con:value>true</con:value></con:property><con:property><con:name>FirstName</con:name><con:value>AnaLaura</con:value></con:property><con:property><con:name>LastName</con:name><con:value>Pace</con:value></con:property><con:property><con:name>Email</con:name><con:value>analaura@example.com</con:value></con:property><con:property><con:name>OfficePhone</con:name><con:value>123-555-4567</con:value></con:property><con:property><con:name>vendorId</con:name><con:value>98</con:value></con:property><con:property><con:name>deviceModelName</con:name><con:value>Samsung Galaxy S4 (16GB) - Black Mist</con:value></con:property><con:property><con:name>CatalogDeviceId</con:name><con:value>9194791812</con:value></con:property><con:property><con:name>CatalogDeviceIdRequest</con:name><con:value>"9194791812"</con:value></con:property><con:property><con:name>client_id</con:name><con:value>3c276cecdc674aabb5456f54b605bbbf</con:value></con:property><con:property><con:name>client_secret</con:name><con:value>c513c4a67492405d95CE4DB4B40B73FF</con:value></con:property><con:property><con:name>URL</con:name><con:value>https://tngo-qa-mobproc-cmd.cloudhub.io/mobproc/v1.qa</con:value></con:property><con:property><con:name>transactionType</con:name><con:value>ORDER_ACCESSORIES</con:value></con:property><con:property><con:name>comments</con:name><con:value>Testing - Update Features -</con:value></con:property><con:property><con:name>ServiceIdRequest</con:name><con:value>" "</con:value></con:property><con:property><con:name>ServiceNumberRequest</con:name><con:value>"7775551234"</con:value></con:property><con:property><con:name>InstructionsRequest</con:name><con:value>"Please ship via FedEx"</con:value></con:property><con:property><con:name>transactionTypeRequest</con:name><con:value>"ORDER_ACCESSORIES"</con:value></con:property><con:property><con:name>commentsRequest</con:name><con:value>"Testing - Update Features -"</con:value></con:property><con:property><con:name>featureAdd1</con:name><con:value>"767"</con:value></con:property><con:property><con:name>featureAdd2</con:name><con:value>"3320"</con:value></con:property><con:property><con:name>featureRemove1</con:name><con:value>"86"</con:value></con:property><con:property><con:name>featureRemove2</con:name><con:value>"88"</con:value></con:property><con:property><con:name>DepartmentName</con:name><con:value>Unknown</con:value></con:property><con:property><con:name>accessory1</con:name><con:value>"3628935898"</con:value></con:property><con:property><con:name>accessory2</con:name><con:value>"3628939021"</con:value></con:property></con:properties><con:reportParameters/><con:breakPoints><con:testStepId>0ef8d02e-2347-49c3-8906-c5d59149812e</con:testStepId><con:status>NONE</con:status><con:properties/></con:breakPoints><con:breakPoints><con:testStepId>9552bc28-737c-4bd4-911a-6d55147b3932</con:testStepId><con:status>NONE</con:status><con:properties/></con:breakPoints><con:breakPoints><con:testStepId>8e614401-7fab-49b6-ada8-0c2005f95ea6</con:testStepId><con:status>NONE</con:status><con:properties/></con:breakPoints><con:breakPoints><con:testStepId>bd9f9112-2cd4-4c7d-a678-65fd30a28796</con:testStepId><con:status>NONE</con:status><con:properties/></con:breakPoints><con:breakPoints><con:testStepId>fc259e2e-303b-4875-985b-f15056d01785</con:testStepId><con:status>NONE</con:status><con:properties/></con:breakPoints><con:breakPoints><con:testStepId>1308aa71-d26a-44c5-ad8f-4ae90c34bbdc</con:testStepId><con:status>NONE</con:status><con:properties/></con:breakPoints><con:breakPoints><con:testStepId>e602ca88-c294-4921-a35e-fb278129b8bb</con:testStepId><con:status>NONE</con:status><con:properties/></con:breakPoints><con:breakPoints><con:testStepId>7c08c5ea-9d71-483a-8674-2666c284a9df</con:testStepId><con:status>NONE</con:status><con:properties/></con:breakPoints><con:breakPoints><con:testStepId>fb33731e-1860-450a-baae-9accd2a635a8</con:testStepId><con:status>NONE</con:status><con:properties/></con:breakPoints><con:breakPoints><con:testStepId>7a653e5f-3eda-41af-8d15-e7edc7b29566</con:testStepId><con:status>NONE</con:status><con:properties/></con:breakPoints><con:breakPoints><con:testStepId>af6a7896-41c8-4d2b-8f4f-e3eb0b1aaeca</con:testStepId><con:status>NONE</con:status><con:properties/></con:breakPoints><con:breakPoints><con:testStepId>9135c590-0cfc-4387-94f1-fe3a209efa80</con:testStepId><con:status>NONE</con:status><con:properties/></con:breakPoints><con:breakPoints><con:testStepId>da62144b-9a2d-4ad0-a4a4-fdd4d9254c38</con:testStepId><con:status>NONE</con:status><con:properties/></con:breakPoints><con:breakPoints><con:testStepId>30f48f63-5c96-4afc-abd4-ec686ad73362</con:testStepId><con:status>NONE</con:status><con:properties/></con:breakPoints><con:breakPoints><con:testStepId>ef0d91ad-a707-42d6-8f53-05cd8080cfbb</con:testStepId><con:status>NONE</con:status><con:properties/></con:breakPoints><con:breakPoints><con:testStepId>94af8682-1394-499d-b2eb-5eecb2eccd65</con:testStepId><con:status>NONE</con:status><con:properties/></con:breakPoints><con:breakPoints><con:testStepId>254cd369-4755-4e20-8b93-14dafddb9bf1</con:testStepId><con:status>NONE</con:status><con:properties/></con:breakPoints><con:breakPoints><con:testStepId>f01b48f9-c2dc-467c-a4bc-d49a6e588e2e</con:testStepId><con:status>NONE</con:status><con:properties/></con:breakPoints><con:breakPoints><con:testStepId>74188487-2ee2-4e6a-b409-774793a5d7d5</con:testStepId><con:status>NONE</con:status><con:properties/></con:breakPoints><con:breakPoints><con:testStepId>f0da857d-dfbe-4c0a-93ee-89b1f4495419</con:testStepId><con:status>NONE</con:status><con:properties/></con:breakPoints><con:breakPoints><con:testStepId>a82bea55-ed2b-4605-b43f-b09327052564</con:testStepId><con:status>NONE</con:status><con:properties/></con:breakPoints><con:breakPoints><con:testStepId>483ef568-ef0b-41f5-b19d-f3715f9a1ded</con:testStepId><con:status>NONE</con:status><con:properties/></con:breakPoints><con:breakPoints><con:testStepId>9e530cd9-e9cf-43b7-8d6f-0f8eb50d883d</con:testStepId><con:status>NONE</con:status><con:properties/></con:breakPoints><con:breakPoints><con:testStepId>5abdfa02-463d-4677-ab91-c2c4fc0ddf43</con:testStepId><con:status>NONE</con:status><con:properties/></con:breakPoints><con:breakPoints><con:testStepId>bf6060dc-5b94-4b29-bc0f-191ef4096f79</con:testStepId><con:status>NONE</con:status><con:properties/></con:breakPoints><con:breakPoints><con:testStepId>dd6b489c-8b4f-4528-801b-1138a8f788ff</con:testStepId><con:status>NONE</con:status><con:properties/></con:breakPoints></con:testCase><con:properties/><con:reportParameters/></con:testSuite><con:requirements/><con:properties/><con:wssContainer/><con:databaseConnectionContainer/><con:oAuth2ProfileContainer/><con:reporting><con:reportTemplates/><con:xmlTemplates/><con:xmlTemplates/><con:parameters/><con:parameters/></con:reporting><con:reporting/><con:authRepository/><con:tags/></con:soapui-project>