<?xml version="1.0" encoding="UTF-8"?>
<con:soapui-project id="65f75dc2-a955-4478-a714-709582747396" activeEnvironment="Default environment" name="API_OrdersPostUpgrade-Device" resourceRoot="" soapui-version="6.0.0" lastOpened="2016-06-15T11:24:44.436-03:00" xmlns:con="http://eviware.com/soapui/config"><con:settings/><con:interface xsi:type="con:RestService" id="4e1dad64-f682-43e8-817d-9f8589a2a5e8" wadlVersion="http://wadl.dev.java.net/2009/02" name="https://tg-mobility.cloudhub.io" type="rest" xmlns:xsi="http://www.w3.org/2001/XMLSchema-instance"><con:settings/><con:definitionCache type="TEXT" rootPart=""/><con:endpoints><con:endpoint>https://tg-mobility.cloudhub.io</con:endpoint></con:endpoints><con:resource name="Devices" path="/catalog/devices" id="e1609f06-ce74-4a24-bd94-a16eefe38aab"><con:settings/><con:parameters><con:parameter><con:name>X-TNGO-TENANT</con:name><con:value/><con:style>HEADER</con:style><con:default/><con:description xsi:nil="true"/></con:parameter><con:parameter><con:name>limit</con:name><con:value/><con:style>QUERY</con:style><con:default/><con:description xsi:nil="true"/></con:parameter><con:parameter><con:name>offset</con:name><con:value/><con:style>QUERY</con:style><con:default/><con:description xsi:nil="true"/></con:parameter><con:parameter><con:name>Authorization</con:name><con:value/><con:style>HEADER</con:style><con:default/><con:description xsi:nil="true"/></con:parameter><con:parameter><con:name>transactionType</con:name><con:value/><con:style>QUERY</con:style><con:default/><con:description xsi:nil="true"/></con:parameter><con:parameter><con:name>region</con:name><con:value/><con:style>QUERY</con:style><con:default/><con:description xsi:nil="true"/></con:parameter><con:parameter><con:name>sortAscending</con:name><con:value/><con:style>QUERY</con:style><con:default/><con:description xsi:nil="true"/></con:parameter><con:parameter><con:name>client_id</con:name><con:value/><con:style>HEADER</con:style><con:default/><con:description xsi:nil="true"/></con:parameter><con:parameter><con:name>client_secret</con:name><con:value/><con:style>HEADER</con:style><con:default/><con:description xsi:nil="true"/></con:parameter><con:parameter><con:name>service</con:name><con:value/><con:style>QUERY</con:style><con:default/><con:description xsi:nil="true"/></con:parameter></con:parameters><con:method name="Devices" id="5711f3fc-fb55-4753-b004-e7372b634ba7" method="GET"><con:settings/><con:parameters/><con:representation type="FAULT"><con:mediaType>application/json</con:mediaType><con:status>403 400 500</con:status><con:params/><con:element xmlns:dev="https://tg-mobility.cloudhub.io/mobility/v1/catalog/devices">dev:Fault</con:element></con:representation><con:representation type="RESPONSE"><con:mediaType>application/json;charset=UTF-8</con:mediaType><con:status>200</con:status><con:params/><con:element xmlns:dev="https://tg-mobility.cloudhub.io/mobility/v1/catalog/devices">dev:Response</con:element></con:representation><con:request name="Request 1" id="9b1ea1b2-8afe-4599-8354-a7cab37ba257" mediaType="application/json"><con:settings><con:setting id="com.eviware.soapui.impl.wsdl.WsdlRequest@request-headers">&lt;xml-fragment/></con:setting></con:settings><con:endpoint>None</con:endpoint><con:request/><con:credentials><con:selectedAuthProfile>No Authorization</con:selectedAuthProfile><con:authType>No Authorization</con:authType></con:credentials><con:jmsConfig JMSDeliveryMode="PERSISTENT"/><con:parameters/><con:parameterOrder><con:entry>X-TNGO-TENANT</con:entry><con:entry>Authorization</con:entry><con:entry>client_id</con:entry><con:entry>client_secret</con:entry><con:entry>limit</con:entry><con:entry>offset</con:entry><con:entry>transactionType</con:entry><con:entry>region</con:entry><con:entry>service</con:entry><con:entry>sortAscending</con:entry></con:parameterOrder></con:request></con:method></con:resource><con:resource name="regions" path="/regions" id="8106cf1f-eb21-4b76-8959-32a9650438ce"><con:settings/><con:parameters><con:parameter><con:name>type</con:name><con:value/><con:style>QUERY</con:style><con:default/><con:description xsi:nil="true"/></con:parameter><con:parameter><con:name>X-TNGO-TENANT</con:name><con:value/><con:style>HEADER</con:style><con:default/><con:description xsi:nil="true"/></con:parameter><con:parameter><con:name>limit</con:name><con:value/><con:style>QUERY</con:style><con:default/><con:description xsi:nil="true"/></con:parameter><con:parameter><con:name>offset</con:name><con:value/><con:style>QUERY</con:style><con:default/><con:description xsi:nil="true"/></con:parameter><con:parameter><con:name>Authorization</con:name><con:value/><con:style>HEADER</con:style><con:default/><con:description xsi:nil="true"/></con:parameter><con:parameter><con:name>client_secret</con:name><con:value/><con:style>HEADER</con:style><con:default/><con:description xsi:nil="true"/></con:parameter><con:parameter><con:name>client_id</con:name><con:value/><con:style>HEADER</con:style><con:default/><con:description xsi:nil="true"/></con:parameter></con:parameters><con:method name="Method 1" id="16ba7001-6dac-4451-bdf7-a1174f71599b" method="GET"><con:settings/><con:parameters/><con:representation type="FAULT"><con:mediaType>application/json</con:mediaType><con:status>403 400 500</con:status><con:params/><con:element xmlns:reg="https://tg-mobility.cloudhub.io/mobility/v1/regions">reg:Fault</con:element></con:representation><con:representation type="RESPONSE"><con:mediaType>application/json;charset=UTF-8</con:mediaType><con:status>200</con:status><con:params/><con:element xmlns:reg="https://tg-mobility.cloudhub.io/mobility/v1/regions">reg:Response</con:element></con:representation><con:representation type="RESPONSE"><con:mediaType xsi:nil="true"/><con:status>0</con:status><con:params/><con:element>data</con:element></con:representation><con:representation type="RESPONSE"><con:mediaType xsi:nil="true"/><con:status>0</con:status><con:params/><con:element>data</con:element></con:representation><con:request name="Request 1" id="b6f73e00-b18b-452b-8abc-9f4ce4690533" mediaType="application/json"><con:settings><con:setting id="com.eviware.soapui.impl.wsdl.WsdlRequest@request-headers">&lt;xml-fragment/></con:setting></con:settings><con:endpoint>None</con:endpoint><con:request/><con:credentials><con:selectedAuthProfile>No Authorization</con:selectedAuthProfile><con:authType>No Authorization</con:authType></con:credentials><con:jmsConfig JMSDeliveryMode="PERSISTENT"/><con:parameters/><con:parameterOrder><con:entry>X-TNGO-TENANT</con:entry><con:entry>Authorization</con:entry><con:entry>client_id</con:entry><con:entry>client_secret</con:entry><con:entry>limit</con:entry><con:entry>offset</con:entry><con:entry>type</con:entry></con:parameterOrder></con:request></con:method></con:resource><con:resource name="orders" path="/orders" id="c02e393b-b5fe-4dfe-8fe7-b2e64fe9e8df"><con:settings/><con:parameters><con:parameter><con:name>X-TNGO-TENANT</con:name><con:value/><con:style>HEADER</con:style><con:default/><con:description xsi:nil="true"/></con:parameter><con:parameter><con:name>confirm</con:name><con:value/><con:style>QUERY</con:style><con:default/><con:description xsi:nil="true"/></con:parameter><con:parameter><con:name>Authorization</con:name><con:value/><con:style>HEADER</con:style><con:default/><con:description xsi:nil="true"/></con:parameter><con:parameter><con:name>X-TNGO-CONTEXT-COMPANYEMPLOYEEID</con:name><con:value/><con:style>HEADER</con:style><con:default/><con:description xsi:nil="true"/></con:parameter><con:parameter><con:name>client_id</con:name><con:value/><con:style>HEADER</con:style><con:default/><con:description xsi:nil="true"/></con:parameter><con:parameter><con:name>client_secret</con:name><con:value/><con:style>HEADER</con:style><con:default/><con:description xsi:nil="true"/></con:parameter></con:parameters><con:method name="Method 1" id="0fb4d91f-e744-4b26-a526-a9362e05d402" method="POST"><con:settings/><con:parameters/><con:representation type="REQUEST"><con:mediaType>application/json</con:mediaType><con:params/></con:representation><con:representation type="RESPONSE"><con:mediaType>application/json;charset=UTF-8</con:mediaType><con:status>200</con:status><con:params/><con:element xmlns:ord="https://tg-mobility.cloudhub.io/mobility/v1/orders">ord:Response</con:element></con:representation><con:representation type="FAULT"><con:mediaType>application/json</con:mediaType><con:status>403 400 500</con:status><con:params/></con:representation><con:representation type="RESPONSE"><con:mediaType xsi:nil="true"/><con:status>0</con:status><con:params/><con:element>data</con:element></con:representation><con:request name="Post" id="b826a03d-30ba-4b69-99e1-0eefbcf0fb56" mediaType="application/json" postQueryString="false"><con:settings><con:setting id="com.eviware.soapui.impl.wsdl.WsdlRequest@request-headers">&lt;xml-fragment/></con:setting></con:settings><con:endpoint>None</con:endpoint><con:request/><con:credentials><con:selectedAuthProfile>No Authorization</con:selectedAuthProfile><con:authType>No Authorization</con:authType></con:credentials><con:jmsConfig JMSDeliveryMode="PERSISTENT"/><con:parameters/><con:parameterOrder><con:entry>X-TNGO-CONTEXT-COMPANYEMPLOYEEID</con:entry><con:entry>X-TNGO-TENANT</con:entry><con:entry>Authorization</con:entry><con:entry>client_id</con:entry><con:entry>client_secret</con:entry><con:entry>confirm</con:entry></con:parameterOrder></con:request></con:method></con:resource><con:resource name="plans" path="/catalog/plans" id="f9504c18-522b-4af2-823d-2ffbbe8c7496"><con:settings/><con:parameters><con:parameter><con:name>X-TNGO-TENANT</con:name><con:value/><con:style>HEADER</con:style><con:default/><con:description xsi:nil="true"/></con:parameter><con:parameter><con:name>limit</con:name><con:value/><con:style>QUERY</con:style><con:default/><con:description xsi:nil="true"/></con:parameter><con:parameter><con:name>offset</con:name><con:value/><con:style>QUERY</con:style><con:default/><con:description xsi:nil="true"/></con:parameter><con:parameter><con:name>Authorization</con:name><con:value/><con:style>HEADER</con:style><con:default/><con:description xsi:nil="true"/></con:parameter><con:parameter><con:name>transactionType</con:name><con:value/><con:style>QUERY</con:style><con:default/><con:description xsi:nil="true"/></con:parameter><con:parameter><con:name>region</con:name><con:value/><con:style>QUERY</con:style><con:default/><con:description xsi:nil="true"/></con:parameter><con:parameter><con:name>sortAscending</con:name><con:value/><con:style>QUERY</con:style><con:default/><con:description xsi:nil="true"/></con:parameter><con:parameter><con:name>client_secret</con:name><con:value/><con:style>QUERY</con:style><con:default/><con:description xsi:nil="true"/></con:parameter><con:parameter><con:name>client_id</con:name><con:value/><con:style>QUERY</con:style><con:default/><con:description xsi:nil="true"/></con:parameter></con:parameters><con:method name="Method 1" id="4590dd29-add4-46d1-89ae-6fa539f36c35" method="GET"><con:settings/><con:parameters/><con:representation type="FAULT"><con:mediaType>application/json</con:mediaType><con:status>403</con:status><con:params/></con:representation><con:representation type="RESPONSE"><con:mediaType>application/json;charset=UTF-8</con:mediaType><con:status>200</con:status><con:params/><con:element xmlns:plan="https://tg-mobility.cloudhub.io/mobility/v1/catalog/plans">plan:Response</con:element></con:representation><con:request name="Request 1" id="84b2ec36-be40-4800-845e-1208d10c3615" mediaType="application/json"><con:settings><con:setting id="com.eviware.soapui.impl.wsdl.WsdlRequest@request-headers">&lt;xml-fragment/></con:setting></con:settings><con:endpoint>None</con:endpoint><con:request/><con:credentials><con:selectedAuthProfile>No Authorization</con:selectedAuthProfile><con:authType>No Authorization</con:authType></con:credentials><con:jmsConfig JMSDeliveryMode="PERSISTENT"/><con:parameters/><con:parameterOrder><con:entry>X-TNGO-TENANT</con:entry><con:entry>Authorization</con:entry><con:entry>client_id</con:entry><con:entry>client_secret</con:entry><con:entry>limit</con:entry><con:entry>offset</con:entry><con:entry>transactionType</con:entry><con:entry>region</con:entry><con:entry>sortAscending</con:entry></con:parameterOrder></con:request></con:method></con:resource></con:interface><con:testSuite id="6d360f14-178d-4c30-9bfb-f5300d7b579e" name="TS_OrderPostUpgrade-device"><con:settings/><con:runType>SEQUENTIAL</con:runType><con:testCase id="e73508e0-9e12-42dc-bd15-082de3a7c763" discardOkResults="true" failOnError="true" failTestCaseOnErrors="true" keepSession="false" name="TC_OrdersPostUpgrade-device" searchProperties="true" timeout="0" wsrmEnabled="false" wsrmVersion="1.0" wsrmAckTo="" amfAuthorisation="false" amfEndpoint="" amfLogin="" amfPassword=""><con:description>Bob Lichtenfels - Started 01/28/16

ScriptSetup - this does the standard setup.
RequestRegions - this makes a request for all the available regions. a regions is something like kuwait, united states, etc. 
ScriptFindRegion -this finds the region code/number for unites states in the reponse from "RequestRegions" and stores it in a test case variable.
RequestCatalogDevices - this makes a request to get all the available new_activation devices by passing in the region code/number for unites states. it picks a deviceID that is related to a Sprint device.
ScriptSetupPostOrderNewActivation - this takes the response of from RequestCatalogDevices and gets the deviceId for a sprint device and     ......
</con:description><con:settings/><con:testStep type="groovy" name="SetupPropertiesOrderPostUpgrade" id="92e084a7-e18b-4eec-88be-b928f7d18b93"><con:settings/><con:config><script>// /////////////////////////////////////////////
// This sets up all of the test case properties
// /////////////////////////////////////////////

def groovyUtils = new com.eviware.soapui.support.GroovyUtils( context ); 
def projectPath = groovyUtils.projectPath //gets the path of the project root

// this is sanity check with a simple call. all this does is verify a simple connection 
// to the external clases by logging a message in log window.
soapUIScripts.CommonMethods.StaticMethod(log) 

// setup test case properties stored in 'DudleyDorightDataActions' class.
soapUIScripts.DudleyDorightDataActions.SetupTestCaseProperties(log, testRunner) 

// read in token pair and put in test case properties.
// NOTE: token pair must be in same folder as project
//       token pair must be up to date (not expired)
assert(soapUIScripts.CommonMethods.ReadTokenPair(projectPath + "\\" + "TokenPair.txt", log, testRunner) == true)

/* Reads user Ids and assigns to test case properties. */
def userIdsFileName = projectPath + "\\" + "DudleyDoright.txt"
assert soapUIScripts.CommonMethods.ReadUserIdsURL(userIdsFileName, log, testRunner) == true

// Generate a new External Order Number
String externalOrderNumber = soapUIScripts.CommonMethods.GenerateExternalOrderNumber()
testRunner.testCase.setPropertyValue( "ExternalOrderNumber", "\"" + externalOrderNumber + "\"")

log.info "External Order Number: " + externalOrderNumber 

def svcId = testRunner.testCase.getPropertyValue("ServiceId")
// Add quotes to the service id read from file, so it can be used on the POST Deactivate request
def serviceId = "\"" + svcId + "\""  

testRunner.testCase.setPropertyValue( "ServiceIdRequest", serviceId)
testRunner.testCase.setPropertyValue( "ServiceNumber", "\"7818834749\"")
testRunner.testCase.setPropertyValue( "Instructions", "\"TEST BY USING Rest based API.\"")
testRunner.testCase.setPropertyValue( "CompanyEmployeeId", "\"Dudley.Doright2.XX1\"")

/* Service Number and Service Id with no quotes, to be used on step 'VerifyJsonResponseOrderSwapDevices'  */
testRunner.testCase.setPropertyValue( "svcNumber", "7818834749")
testRunner.testCase.setPropertyValue( "extOrderNumber", externalOrderNumber)
testRunner.testCase.setPropertyValue( "cmpEmployeeId", "Dudley.Doright2.XX1")


/* Reads administrator Ids and assigns to test case properties. */
def adminInfoFileName = projectPath + "\\" + "AdministratorInformation.txt"
assert soapUIScripts.CommonMethods.ReadUserIds(adminInfoFileName, log, testRunner) == true

/* Set up context variables for the admin info that is read from file. */
context.AdminFirstName = testRunner.testCase.getPropertyValue("AdminFirstName")
context.AdminLastName = testRunner.testCase.getPropertyValue("AdminLastName")
context.AdminId = testRunner.testCase.getPropertyValue("AdminId")
context.AdminCompanyEmployeeId = testRunner.testCase.getPropertyValue("AdminCompanyEmployeeId")
context.AdminDepartmentName = testRunner.testCase.getPropertyValue("AdminDepartmentName")
context.AdminDepartmentId = testRunner.testCase.getPropertyValue("AdminDepartmentId")

</script></con:config></con:testStep><con:testStep type="restrequest" name="RequestRegions" id="46121da5-c947-4781-a7b8-6a74053eb2f7"><con:settings/><con:config service="https://tg-mobility.cloudhub.io" resourcePath="/regions" methodName="Method 1" xsi:type="con:RestRequestStep" xmlns:xsi="http://www.w3.org/2001/XMLSchema-instance"><con:restRequest name="RequestRegions" id="d97b582a-5fd4-4c7b-8de9-a03cb3e7b3c2" mediaType="application/json"><con:settings><con:setting id="com.eviware.soapui.impl.wsdl.WsdlRequest@request-headers">&lt;xml-fragment/></con:setting></con:settings><con:endpoint>${#TestCase#URL}</con:endpoint><con:request/><con:originalUri>https://tg-mobility.cloudhub.io/mobility/v1/regions</con:originalUri><con:assertion type="GroovyScriptAssertion" id="6fd63006-fc2d-40d1-b3a0-6066fc6ba654" name="Script Assertion"><con:configuration/></con:assertion><con:assertion type="Valid HTTP Status Codes" id="553342d4-204a-432f-9863-1c1a1539631f" name="Valid HTTP Status Codes"><con:settings/><con:configuration><codes>200</codes></con:configuration></con:assertion><con:credentials><con:selectedAuthProfile>No Authorization</con:selectedAuthProfile><con:authType>No Authorization</con:authType></con:credentials><con:jmsConfig JMSDeliveryMode="PERSISTENT"/><con:parameters>
  <con:entry key="Authorization" value="Bearer ${#TestCase#AccessToken}"/>
  <con:entry key="offset" value="${#TestCase#offset}"/>
  <con:entry key="X-TNGO-TENANT" value="${#TestCase#Tenant}"/>
  <con:entry key="limit" value="${#TestCase#limit}"/>
  <con:entry key="client_secret" value="${#TestCase#client_secret}"/>
  <con:entry key="type" value="ALL"/>
  <con:entry key="client_id" value="${#TestCase#client_Id}"/>
</con:parameters><con:parameterOrder><con:entry>X-TNGO-TENANT</con:entry><con:entry>Authorization</con:entry><con:entry>client_id</con:entry><con:entry>client_secret</con:entry><con:entry>limit</con:entry><con:entry>offset</con:entry><con:entry>type</con:entry></con:parameterOrder></con:restRequest></con:config></con:testStep><con:testStep type="groovy" name="ScriptFindRegion" id="f950159a-be8a-485f-bd32-f3b354114126"><con:settings/><con:config><script>// /////////////////////////////////////////////////////////////////////////////////////////////////////////////
// This gets the id for united states from the RequestRegions response and puts it into a test case property.
// /////////////////////////////////////////////////////////////////////////////////////////////////////////////

import groovy.json.JsonSlurper 
def groovyUtils = new com.eviware.soapui.support.GroovyUtils( context ); 
def testCase = context.testCase; 
def testStep = testCase.getTestStepByName("RequestRegions") 

// get response of last test step run.
def response = testStep.testRequest.messageExchange.response.responseContent
def slurper = new JsonSlurper()
def json = slurper.parseText response

def idList = []
def nameList = []
def typeList = []
boolean foundUS = false
def regionId =  ""


idList = json.regions.id // get list of region Ids
nameList = json.regions.name // get list of country name
typeList = json.regions.type // get list of type


try
{
	assert(idList.size() == nameList.size &amp;&amp; (nameList.size ==  typeList.size()))
}
catch (AssertionError e)
{
	log.info "ERROR: All lists in 'ScriptFindRegion' test step are not the same size."
	throw new RuntimeException("All lists in 'ScriptFindRegion' test step are not the same size.")
}

// we expect to find an ID for united states.
for(x = 0; x &lt; idList.size(); x++)
{
	if(nameList[x] == "United States" &amp;&amp; typeList[x] == "COUNTRY")
	{
		//log.info idList[x]	
		foundUS = true
		regionId = idList[x] 		
	}
}	

if(!foundUS) // if US region ID is not found, raise error.
{
	log.info "ERROR: region Id for 'United States' was not found in 'ScriptFindRegion' test step."
	throw new RuntimeException("region Id for 'United States' was not found in 'ScriptFindRegion' test step.")
}


// set test case property to hold the region id of united states. this variable will be used below.
regionIdInsert = regionId as int

// this regionId is for inserting regionId into the Json post in "PostOrderNewActivation" request.
testRunner.testCase.setPropertyValue( "RegionId", "\"" +  regionIdInsert   +   "\"") 

// this regionId is for verifying response data.
testRunner.testCase.setPropertyValue( "RegionIdRequest", regionId)

</script></con:config></con:testStep><con:testStep type="restrequest" name="RequestCatalogDevices" id="350eaee9-f627-4954-b3c8-1c25b5a5fd04"><con:settings/><con:config service="https://tg-mobility.cloudhub.io" resourcePath="/catalog/devices" methodName="Devices" xsi:type="con:RestRequestStep" xmlns:xsi="http://www.w3.org/2001/XMLSchema-instance"><con:restRequest name="RequestCatalogDevices" id="36c23859-1dbf-472b-bbc4-80930605fd98" mediaType="application/json"><con:settings><con:setting id="com.eviware.soapui.impl.wsdl.WsdlRequest@request-headers">&lt;xml-fragment/></con:setting></con:settings><con:endpoint>${#TestCase#URL}</con:endpoint><con:request/><con:originalUri>https://tg-mobility.cloudhub.io/mobility/v1/catalog/devices</con:originalUri><con:assertion type="Valid HTTP Status Codes" id="3b362323-72f0-4b78-ad94-9aae7b065a71" name="Valid HTTP Status Codes"><con:settings/><con:configuration><codes>200</codes></con:configuration></con:assertion><con:credentials><con:selectedAuthProfile>No Authorization</con:selectedAuthProfile><con:authType>No Authorization</con:authType></con:credentials><con:jmsConfig JMSDeliveryMode="PERSISTENT"/><con:parameters>
  <con:entry key="Authorization" value="Bearer ${#TestCase#AccessToken}"/>
  <con:entry key="transactionType" value="UPGRADE"/>
  <con:entry key="sortAscending" value="false"/>
  <con:entry key="offset" value="${#TestCase#offset}"/>
  <con:entry key="service" value="${#TestCase#ServiceId}"/>
  <con:entry key="X-TNGO-TENANT" value="${#TestCase#Tenant}"/>
  <con:entry key="limit" value="${#TestCase#limit}"/>
  <con:entry key="client_secret" value="${#TestCase#client_secret}"/>
  <con:entry key="region" value="${#TestCase#RegionIdRequest}"/>
  <con:entry key="client_id" value="${#TestCase#client_Id}"/>
</con:parameters><con:parameterOrder><con:entry>X-TNGO-TENANT</con:entry><con:entry>Authorization</con:entry><con:entry>client_id</con:entry><con:entry>client_secret</con:entry><con:entry>limit</con:entry><con:entry>offset</con:entry><con:entry>transactionType</con:entry><con:entry>region</con:entry><con:entry>service</con:entry><con:entry>sortAscending</con:entry></con:parameterOrder></con:restRequest></con:config></con:testStep><con:testStep type="groovy" name="ScriptGetDeviceIdFromCatalogDevicesResponse" id="4df009b4-b024-41e0-94e8-9b22d73d19d3"><con:settings/><con:config><script>// /////////////////////////////////////////////////////////////////////////////////////////////////////////
// This finds all the Sprint devices in the "RequestCatalogDevices" test step response and then picks a 
// device ID from one of the devices found.
// It also sets up variables from the catalog/devices response. the variables are used in test step 
// "ScriptPostOrderNewActivationResponse"
// /////////////////////////////////////////////////////////////////////////////////////////////////////////

import groovy.json.JsonSlurper 
def groovyUtils = new com.eviware.soapui.support.GroovyUtils( context ); 
def testCase = context.testCase; 
def testStep = testCase.getTestStepByName("RequestCatalogDevices") 

// get response of last test step run.
def response = testStep.testRequest.messageExchange.response.responseContent
def slurper = new JsonSlurper()
def json = slurper.parseText response


/* For now, use the first device on the list */
int indexToUseInJson = 0

testRunner.testCase.setPropertyValue( "NewDeviceId", "\"" +   json.devices.items.id[indexToUseInJson]   + "\"")
testRunner.testCase.setPropertyValue( "DeviceIdRequest", json.devices.items.id[indexToUseInJson])
def deviceIdWithQuotes = testRunner.testCase.getPropertyValue( "NewDeviceId")
log.info "Selected Device Id with quotes = " + deviceIdWithQuotes
log.info "Selected Device Id = " + json.devices.items.id[indexToUseInJson]

String vendorId = json.devices.items[indexToUseInJson].vendor.id
testRunner.testCase.setPropertyValue( "VendorIdRequest", vendorId)

// Set up context variables to store device's info
context.CatalogDevicesMetaHref = json.devices.items._meta.href[indexToUseInJson]
context.CatalogDevicesId = json.devices.items.id[indexToUseInJson]
context.CatalogDevicesName = json.devices.items.name[indexToUseInJson]
context.CatalogDevicesImageUrl = json.devices.items.imageUrl[indexToUseInJson]
context.CatalogDevicesManufacturerLogoUrl = json.devices.items.manufacturer.logoUrl[indexToUseInJson]
context.CatalogDevicesManufacturerName = json.devices.items.manufacturer.name[indexToUseInJson]
context.CatalogDevicesManufacturerMetaHref = json.devices.items.manufacturer._meta.href[indexToUseInJson] 
context.CatalogDevicesManufacturerId = json.devices.items.manufacturer.id[indexToUseInJson] 
context.CatalogDevicesPriceAmount =  json.devices.items.price.amount[indexToUseInJson]
context.CatalogDevicesPriceCurrencyCode =  json.devices.items.price.currencyCode[indexToUseInJson]
context.CatalogDevicesPriceRecurrence = json.devices.items.price.recurrence[indexToUseInJson]
context.CatalogDeviceVendorId = json.devices.items.vendor.id[indexToUseInJson]
context.CatalogDeviceVendorLogoUrl = json.devices.items.vendor.logoUrl[indexToUseInJson]
context.CatalogDeviceVendorName = json.devices.items.vendor.name[indexToUseInJson]
context.CatalogDeviceVendorMetaHref = json.devices.items.vendor._meta.href[indexToUseInJson]

def devicePrice = json.devices.items.price.amount[indexToUseInJson]

// Variable 'context.onetimeAmount' will be used to compare the One Time Amount item on the Cost Summary section of the Order
context.onetimeAmount = devicePrice

//log.info "One time amount: " + context.onetimeAmount


</script></con:config></con:testStep><con:testStep type="restrequest" name="OrderPostUpgrade" id="75bd6154-2e1d-4365-8b11-ce1a08817da0"><con:settings/><con:config service="https://tg-mobility.cloudhub.io" resourcePath="/orders" methodName="Method 1" xsi:type="con:RestRequestStep" xmlns:xsi="http://www.w3.org/2001/XMLSchema-instance"><con:restRequest name="OrderPostUpgrade" id="80e4f0d8-0471-462a-96fd-f70db11ffa76" mediaType="application/json" postQueryString="false"><con:settings><con:setting id="com.eviware.soapui.impl.wsdl.WsdlRequest@request-headers">&lt;xml-fragment/></con:setting></con:settings><con:endpoint>${#TestCase#URL}</con:endpoint><con:request>{
  "orderRequest": {
    "externalOrderNumber": ${#TestCase#ExternalOrderNumber},
    "transactionType": "UPGRADE",
    "serviceId":${#TestCase#ServiceIdRequest},
    "regionId": ${#TestCase#RegionId},
    "postalCode": "01803",
    "shoppingCart": {      
      "deviceId": ${#TestCase#NewDeviceId}
    },
    "properties": [
      {
        "groupId": "MISCELLANEOUS",
        "fields": [
          {
            "id": "CONTACT_NUMBER",
            "type": "TEXT",
            "text": "2035559360"
          },
          {
            "id": "ADDITIONAL_INSTRUCTIONS",
            "type": "TEXT",
            "text": ${#TestCase#Instructions}
          },
          {
          	"id": "SERVICE_NUMBER",
          	"type": "TEXT",
          	"text": ${#TestCase#ServiceNumber}
          },
          {
      	    "id": "Reason",
            "type": "CHOICE",
            "choice": {
	      	"id": "20"
            }
          }
        ]
      }
    ],
    "shipTo": { 
      "name": "Peter Edwards",
      "regionId": "70144640",
      "address": [
        {
          "id": "LINE_1",
          "value": "35 Executive Blvd"
        },
        {
          "id": "CITY",
          "value": "Orange"
        },
        {
          "id": "STATE",
          "value": "CT"
        },
        {
          "id": "POSTAL_CODE",
          "value": "06477"
        }
      ],
      "expedite": true
    }
  }
}</con:request><con:originalUri>https://tg-mobility.cloudhub.io/mobility/v1/orders</con:originalUri><con:assertion type="Valid HTTP Status Codes" id="59e0354b-d7bc-47da-afc8-15261428db38" name="Valid HTTP Status Codes"><con:settings/><con:configuration><codes>200</codes></con:configuration></con:assertion><con:credentials><con:selectedAuthProfile>No Authorization</con:selectedAuthProfile><con:authType>No Authorization</con:authType></con:credentials><con:jmsConfig JMSDeliveryMode="PERSISTENT"/><con:parameters>
  <con:entry key="confirm" value="true"/>
  <con:entry key="Authorization" value="Bearer ${#TestCase#AccessToken}"/>
  <con:entry key="X-TNGO-CONTEXT-COMPANYEMPLOYEEID" value="${#TestCase#cmpEmployeeId}"/>
  <con:entry key="X-TNGO-TENANT" value="${#TestCase#Tenant}"/>
  <con:entry key="client_secret" value="${#TestCase#client_secret}"/>
  <con:entry key="client_id" value="${#TestCase#client_Id}"/>
</con:parameters><con:parameterOrder><con:entry>X-TNGO-CONTEXT-COMPANYEMPLOYEEID</con:entry><con:entry>X-TNGO-TENANT</con:entry><con:entry>Authorization</con:entry><con:entry>client_id</con:entry><con:entry>client_secret</con:entry><con:entry>confirm</con:entry></con:parameterOrder></con:restRequest></con:config></con:testStep><con:testStep type="groovy" name="VerifyJsonResponseOrderUpgrade" id="ef23c094-ac52-454d-92ca-c11b822ca513"><con:settings/><con:config><script>import groovy.json.JsonSlurper 
def groovyUtils = new com.eviware.soapui.support.GroovyUtils( context ); 

def testCase = context.testCase; 
def testStep = testCase.getTestStepByName("OrderPostUpgrade") 

// get response of last test step run.
def response = testStep.testRequest.messageExchange.response.responseContent
def slurper = new JsonSlurper()
def json = slurper.parseText response

def employeeId = testRunner.testCase.getPropertyValue("EmployeeId")
def companyEmployeeId = testRunner.testCase.getPropertyValue("cmpEmployeeId")
def departmentId = testRunner.testCase.getPropertyValue("DepartmentId")
def deviceId = testRunner.testCase.getPropertyValue("DeviceId")
def logoUrl = testRunner.testCase.getPropertyValue("LogoUrl")
def serviceNumber = testRunner.testCase.getPropertyValue("svcNumber")
def serviceId = testRunner.testCase.getPropertyValue("ServiceId")
def regionId = testRunner.testCase.getPropertyValue("RegionIdRequest")
def mainUrl = testRunner.testCase.getPropertyValue("URL")
def externalOrderNumber = testRunner.testCase.getPropertyValue("extOrderNumber")


/* Order POST Upgrade - Confirmation = true */

/* Expected values */ 

String status = "SUCCESS"
String orderConfirmationTransactionType = "UPGRADE"
String orderConfirmationPostalCode = "01803"
String orderConfirmationExternalOrderNumber = externalOrderNumber

/* Device */
String orderConfirmationDeviceId = deviceId
String orderConfirmationDeviceManufacturerMetaHref = mainUrl + "/manufacturers/Apple"
String orderConfirmationDeviceManufacturerId = "Apple"
String orderConfirmationDeviceManufacturerName = "Apple"
String orderConfirmationDeviceManufacturerLogoUrl = logoUrl + "manage/images/manufacturers/Apple.gif"
String orderConfirmationDeviceModel = "3G iPad 16GB"
String orderConfirmationDeviceSimId = "2345"
String orderConfirmationDeviceAccessMethod = "UNKNOWN"
String orderConfirmationDeviceMacAddress = "665544"
String orderConfirmationDeviceCompanyAssetId = "999888"
String orderConfirmationDeviceSerialNumberType = "CAP_CODE"
String orderConfirmationDeviceSerialNumberValue = "1234567891"

/* Service */
String orderConfirmationServiceId = serviceId
String orderConfirmationServiceMetaHref = mainUrl + "/assets/services/" + serviceId
String orderConfirmationServiceServiceNumber = serviceNumber
String orderConfirmationServiceStatus = "ACTIVE"
String orderConfirmationServiceContractDatesStart = "2016-09-28T05:00:00Z"
String orderConfirmationServiceContractDatesEnd = "2018-09-29T05:00:00Z"
String orderConfirmationServiceContractDatesActivated = "2016-09-29T05:00:00Z"
String orderConfirmationServiceContractDatesDeactivated = "2017-09-29T05:00:00Z"
String orderConfirmationServiceContractDatesLastDeviceUpgrade = "2016-09-27T05:00:00Z"
 
/* Region */
String orderConfirmationRegionId = regionId
String orderConfirmationRegionMetaHref = mainUrl + "/regions/" + orderConfirmationRegionId 
String orderConfirmationRegionName = "United States"

/* Account Holder */
String orderConfirmationAccountHolderId = employeeId
String orderConfirmationAccountHolderMetaHref = mainUrl + "/employees/" + employeeId
String orderConfirmationAccountHolderCompanyEmployeeId = companyEmployeeId 
String orderConfirmationAccountHolderFirstName = "Dudley"
String orderConfirmationAccountHolderLastName = "Doright"
String orderConfirmationAccountHolderOfficePhone = "(781) 883-4749"
String orderConfirmationAccountHolderStatus = "ACTIVE"
String orderConfirmationAccountHolderEmail = "Dudley.Doright@tangoe.com"
String orderConfirmationAccountHolderDepartmentId = departmentId
String orderConfirmationAccountHolderDepartmentName = "Marketing"

/* Requested By */
String orderConfirmationRequestedById = context.AdminId
String orderConfirmationRequestedByMetaHref = mainUrl + "/employees/" + context.AdminId
String orderConfirmationRequestedByCompanyEmployeeId = context.AdminCompanyEmployeeId
String orderConfirmationRequestedByFirstName = context.AdminFirstName
String orderConfirmationRequestedByLastName = context.AdminLastName 
String orderConfirmationRequestedByStatus = "ACTIVE"
String orderConfirmationRequestedByEmail = "sn2.admin.xx1@example.com"
String orderConfirmationRequestedByOfficePhone = "781-883-4749"
String orderConfirmationRequestedByDepartmentId = context.AdminDepartmentId 
String orderConfirmationRequestedByDepartmentName = context.AdminDepartmentName

/* Shopping Cart */
String orderConfirmationShoppingCartQuantity = "0"

String orderConfirmationShoppingCartDeviceMetaHref = context.CatalogDevicesMetaHref 
String orderConfirmationShoppingCartDeviceId = context.CatalogDevicesId 
String orderConfirmationShoppingCartDeviceName = context.CatalogDevicesName 
String orderConfirmationShoppingCartDeviceSku // has comment on spreadsheet: Not supported in CMD
String orderConfirmationShoppingCartDeviceImageUrl = context.CatalogDevicesImageUrl 

String orderConfirmationShoppingCartDevicePriceAmount = context.CatalogDevicesPriceAmount 
String orderConfirmationShoppingCartDevicePriceCurrencyCode = context.CatalogDevicesPriceCurrencyCode 
String orderConfirmationShoppingCartDevicePriceRecurrence = context.CatalogDevicesPriceRecurrence 

String orderConfirmationShoppingCartDeviceVendorMetaHref = context.CatalogDeviceVendorMetaHref 
String orderConfirmationShoppingCartDeviceVendorId = context.CatalogDeviceVendorId 
String orderConfirmationShoppingCartDeviceVendorName = context.CatalogDeviceVendorName 
String orderConfirmationShoppingCartDeviceVendorLogoUrl = context.CatalogDeviceVendorLogoUrl 

String orderConfirmationShoppingCartDeviceManufacturerMetaHref = context.CatalogDevicesManufacturerMetaHref 
String orderConfirmationShoppingCartDeviceManufacturerId = context.CatalogDevicesManufacturerId 
String orderConfirmationShoppingCartDeviceManufacturerName = context.CatalogDevicesManufacturerName 
String orderConfirmationShoppingCartDeviceManufacturerLogoUrl = context.CatalogDevicesManufacturerLogoUrl 


/* Cost Summary */ 
String orderConfirmationCostSummary1Amount = "649.99" // context.CatalogDevicesPriceAmount  --> defect 105773
String orderConfirmationCostSummary1CurrencyCode = "USD"
String orderConfirmationCostSummary1Recurrence = "ONETIME"

String orderConfirmationCostSummary2Amount = "0"
String orderConfirmationCostSummary2CurrencyCode = "USD"
String orderConfirmationCostSummary2Recurrence = "MONTHLY"

/* Properties */
String orderConfirmationPropertiesGroupId = "MISCELLANEOUS"

/* property 1 */
String orderConfirmationPropertiesFields1Id = "CONTACT_NUMBER"
String orderConfirmationPropertiesFields1Label = "Contact Phone Number"
String orderConfirmationPropertiesFields1Type = "TEXT"
String orderConfirmationPropertiesFields1Text = "2035559360"

/* property 2 */
String orderConfirmationPropertiesFields2Id = "ADDITIONAL_INSTRUCTIONS"
String orderConfirmationPropertiesFields2Label = "Additional Instructions"
String orderConfirmationPropertiesFields2Type = "TEXT"
String orderConfirmationPropertiesFields2Text = "TEST BY USING Rest based API."

/* property 3 */
String orderConfirmationPropertiesFields3Id = "SERVICE_NUMBER"
String orderConfirmationPropertiesFields3Label = "Service Number"
String orderConfirmationPropertiesFields3Type = "TEXT"
String orderConfirmationPropertiesFields3Text = serviceNumber

/* property 4 */
String orderConfirmationPropertiesFields4Id = "Reason"
String orderConfirmationPropertiesFields4Label = "Reason"
String orderConfirmationPropertiesFields4Type = "CHOICE"
String orderConfirmationPropertiesFields4Choices1Id = "20"
String orderConfirmationPropertiesFields4Choices1Label = "Device lost/stolen"

/* Ship To */
String orderConfirmationShipToName = "Peter Edwards"
String orderConfirmationShipToRegionId = "70144640"
String orderConfirmationShipToRegionMetaHref = mainUrl + "/regions/" + orderConfirmationShipToRegionId
String orderConfirmationShipToRegionName = "United States"

String orderConfirmationShipToAddress1Id = "LINE_1"
String orderConfirmationShipToAddress1Label = "Address Line1"
String orderConfirmationShipToAddress1Value = "35 Executive Blvd"

String orderConfirmationShipToAddress2Id = "CITY"
String orderConfirmationShipToAddress2Label = "City"
String orderConfirmationShipToAddress2Value = "Orange"

String orderConfirmationShipToAddress3Id = "STATE"
String orderConfirmationShipToAddress3Label = "State"
String orderConfirmationShipToAddress3Value = "CT"

String orderConfirmationShipToAddress4Id = "POSTAL_CODE"
String orderConfirmationShipToAddress4Label = "Zip Code"
String orderConfirmationShipToAddress4Value = "06477"

String orderConfirmationShipToExpedite = "true"



/* Verify Expected Values */
CompareItemsTwoStrings(json.status, status)
CompareItemsTwoStrings(json.orderConfirmation.transactionType, orderConfirmationTransactionType)
CompareItemsTwoStrings(json.orderConfirmation.externalOrderNumber, orderConfirmationExternalOrderNumber)

/* Device */
CompareItemsTwoStrings(json.orderConfirmation.device.id, orderConfirmationDeviceId)
CompareItemsTwoStrings(json.orderConfirmation.device.manufacturer._meta.href, orderConfirmationDeviceManufacturerMetaHref)
CompareItemsTwoStrings(json.orderConfirmation.device.manufacturer.id, orderConfirmationDeviceManufacturerId)
CompareItemsTwoStrings(json.orderConfirmation.device.manufacturer.name, orderConfirmationDeviceManufacturerName)
CompareItemsTwoStrings(json.orderConfirmation.device.manufacturer.logoUrl, orderConfirmationDeviceManufacturerLogoUrl)
CompareItemsTwoStrings(json.orderConfirmation.device.id, orderConfirmationDeviceId)
CompareItemsTwoStrings(json.orderConfirmation.device.model, orderConfirmationDeviceModel)
CompareItemsTwoStrings(json.orderConfirmation.device.simId, orderConfirmationDeviceSimId)
CompareItemsTwoStrings(json.orderConfirmation.device.accessMethod, orderConfirmationDeviceAccessMethod)
CompareItemsTwoStrings(json.orderConfirmation.device.macAddress, orderConfirmationDeviceMacAddress)
CompareItemsTwoStrings(json.orderConfirmation.device.companyAssetId, orderConfirmationDeviceCompanyAssetId)
CompareItemsTwoStrings(json.orderConfirmation.device.serialNumber.type, orderConfirmationDeviceSerialNumberType)
CompareItemsTwoStrings(json.orderConfirmation.device.serialNumber.value, orderConfirmationDeviceSerialNumberValue)

/* Service */
CompareItemsTwoStrings(json.orderConfirmation.service._meta.href, orderConfirmationServiceMetaHref)
CompareItemsTwoStrings(json.orderConfirmation.service.id, orderConfirmationServiceId)
CompareItemsTwoStrings(json.orderConfirmation.service.serviceNumber, orderConfirmationServiceServiceNumber)
CompareItemsTwoStrings(json.orderConfirmation.service.status, orderConfirmationServiceStatus)
CompareItemsTwoStrings(json.orderConfirmation.service.contractDates.start, orderConfirmationServiceContractDatesStart)
CompareItemsTwoStrings(json.orderConfirmation.service.contractDates.end, orderConfirmationServiceContractDatesEnd)
CompareItemsTwoStrings(json.orderConfirmation.service.contractDates.activated, orderConfirmationServiceContractDatesActivated)
CompareItemsTwoStrings(json.orderConfirmation.service.contractDates.lastDeviceUpgrade, orderConfirmationServiceContractDatesLastDeviceUpgrade)

/* Region */
CompareItemsTwoStrings(json.orderConfirmation.region._meta.href, orderConfirmationRegionMetaHref)
CompareItemsTwoStrings(json.orderConfirmation.region.id, orderConfirmationRegionId)
CompareItemsTwoStrings(json.orderConfirmation.region.name, orderConfirmationRegionName)
CompareItemsTwoStrings(json.orderConfirmation.postalCode, orderConfirmationPostalCode)

/* Account Holder */
CompareItemsTwoStrings(json.orderConfirmation.accountHolder._meta.href, orderConfirmationAccountHolderMetaHref)
CompareItemsTwoStrings(json.orderConfirmation.accountHolder.id, orderConfirmationAccountHolderId)
CompareItemsTwoStrings(json.orderConfirmation.accountHolder.companyEmployeeId, orderConfirmationAccountHolderCompanyEmployeeId)
CompareItemsTwoStrings(json.orderConfirmation.accountHolder.firstName, orderConfirmationAccountHolderFirstName)
CompareItemsTwoStrings(json.orderConfirmation.accountHolder.lastName, orderConfirmationAccountHolderLastName)
CompareItemsTwoStrings(json.orderConfirmation.accountHolder.officePhone, orderConfirmationAccountHolderOfficePhone)
CompareItemsTwoStrings(json.orderConfirmation.accountHolder.status, orderConfirmationAccountHolderStatus)
CompareItemsTwoStrings(json.orderConfirmation.accountHolder.email, orderConfirmationAccountHolderEmail)
CompareItemsTwoStrings(json.orderConfirmation.accountHolder.department.id, orderConfirmationAccountHolderDepartmentId)
CompareItemsTwoStrings(json.orderConfirmation.accountHolder.department.name, orderConfirmationAccountHolderDepartmentName)

/* Requested By */
CompareItemsTwoStrings(json.orderConfirmation.requestedBy._meta.href, orderConfirmationRequestedByMetaHref)
CompareItemsTwoStrings(json.orderConfirmation.requestedBy.id, orderConfirmationRequestedById)
CompareItemsTwoStrings(json.orderConfirmation.requestedBy.companyEmployeeId, orderConfirmationRequestedByCompanyEmployeeId)
CompareItemsTwoStrings(json.orderConfirmation.requestedBy.firstName, orderConfirmationRequestedByFirstName)
CompareItemsTwoStrings(json.orderConfirmation.requestedBy.lastName, orderConfirmationRequestedByLastName)
CompareItemsTwoStrings(json.orderConfirmation.requestedBy.status, orderConfirmationRequestedByStatus)
CompareItemsTwoStrings(json.orderConfirmation.requestedBy.email, orderConfirmationRequestedByEmail)
CompareItemsTwoStrings(json.orderConfirmation.requestedBy.officePhone, orderConfirmationRequestedByOfficePhone)
CompareItemsTwoStrings(json.orderConfirmation.requestedBy.department.id, orderConfirmationRequestedByDepartmentId)
CompareItemsTwoStrings(json.orderConfirmation.requestedBy.department.name, orderConfirmationRequestedByDepartmentName)

/* Shopping Cart */
CompareItemsTwoStrings(json.orderConfirmation.shoppingCart.quantity, orderConfirmationShoppingCartQuantity)
CompareItemsTwoStrings(json.orderConfirmation.shoppingCart.device._meta.href, orderConfirmationShoppingCartDeviceMetaHref)
CompareItemsTwoStrings(json.orderConfirmation.shoppingCart.device.id, orderConfirmationShoppingCartDeviceId)
CompareItemsTwoStrings(json.orderConfirmation.shoppingCart.device.name, orderConfirmationShoppingCartDeviceName)
//CompareItemsTwoStrings(json.orderConfirmation.shoppingCart.device.sku, orderConfirmationShoppingCartDeviceSku) // has comment on spreadsheet: Not supported in CMD
CompareItemsTwoStrings(json.orderConfirmation.shoppingCart.device.imageUrl, orderConfirmationShoppingCartDeviceImageUrl)
CompareItemsTwoStrings(json.orderConfirmation.shoppingCart.device.price.amount, orderConfirmationShoppingCartDevicePriceAmount)
CompareItemsTwoStrings(json.orderConfirmation.shoppingCart.device.price.currencyCode, orderConfirmationShoppingCartDevicePriceCurrencyCode)
CompareItemsTwoStrings(json.orderConfirmation.shoppingCart.device.price.recurrence, orderConfirmationShoppingCartDevicePriceRecurrence)
CompareItemsTwoStrings(json.orderConfirmation.shoppingCart.device.vendor._meta.href, orderConfirmationShoppingCartDeviceVendorMetaHref)
CompareItemsTwoStrings(json.orderConfirmation.shoppingCart.device.vendor.id, orderConfirmationShoppingCartDeviceVendorId)
CompareItemsTwoStrings(json.orderConfirmation.shoppingCart.device.vendor.name, orderConfirmationShoppingCartDeviceVendorName)
CompareItemsTwoStrings(json.orderConfirmation.shoppingCart.device.vendor.logoUrl, orderConfirmationShoppingCartDeviceVendorLogoUrl)
CompareItemsTwoStrings(json.orderConfirmation.shoppingCart.device.manufacturer._meta.href, orderConfirmationShoppingCartDeviceManufacturerMetaHref)
CompareItemsTwoStrings(json.orderConfirmation.shoppingCart.device.manufacturer.id, orderConfirmationShoppingCartDeviceManufacturerId)
CompareItemsTwoStrings(json.orderConfirmation.shoppingCart.device.manufacturer.name, orderConfirmationShoppingCartDeviceManufacturerName)
CompareItemsTwoStrings(json.orderConfirmation.shoppingCart.device.manufacturer.logoUrl, orderConfirmationShoppingCartDeviceManufacturerLogoUrl)

/* Cost Summary */ 
CompareItemsTwoStrings(json.orderConfirmation.costSummary[0].amount, orderConfirmationCostSummary1Amount)
CompareItemsTwoStrings(json.orderConfirmation.costSummary[0].currencyCode, orderConfirmationCostSummary1CurrencyCode)
CompareItemsTwoStrings(json.orderConfirmation.costSummary[0].recurrence, orderConfirmationCostSummary1Recurrence)

CompareItemsTwoStrings(json.orderConfirmation.costSummary[1].amount, orderConfirmationCostSummary2Amount)
CompareItemsTwoStrings(json.orderConfirmation.costSummary[1].currencyCode, orderConfirmationCostSummary2CurrencyCode)
CompareItemsTwoStrings(json.orderConfirmation.costSummary[1].recurrence, orderConfirmationCostSummary2Recurrence)

/* Properties */
CompareItemsTwoStrings(json.orderConfirmation.properties[0].groupId, orderConfirmationPropertiesGroupId)

CompareItemsTwoStrings(json.orderConfirmation.properties.fields[0].id[0], orderConfirmationPropertiesFields1Id)
CompareItemsTwoStrings(json.orderConfirmation.properties.fields[0].label[0], orderConfirmationPropertiesFields1Label)
CompareItemsTwoStrings(json.orderConfirmation.properties.fields[0].type[0], orderConfirmationPropertiesFields1Type)
CompareItemsTwoStrings(json.orderConfirmation.properties.fields[0].text[0], orderConfirmationPropertiesFields1Text)

CompareItemsTwoStrings(json.orderConfirmation.properties.fields[0].id[1], orderConfirmationPropertiesFields2Id)
CompareItemsTwoStrings(json.orderConfirmation.properties.fields[0].label[1], orderConfirmationPropertiesFields2Label)
CompareItemsTwoStrings(json.orderConfirmation.properties.fields[0].type[1], orderConfirmationPropertiesFields2Type)
CompareItemsTwoStrings(json.orderConfirmation.properties.fields[0].text[1], orderConfirmationPropertiesFields2Text)

CompareItemsTwoStrings(json.orderConfirmation.properties.fields[0].id[2], orderConfirmationPropertiesFields3Id)
CompareItemsTwoStrings(json.orderConfirmation.properties.fields[0].label[2], orderConfirmationPropertiesFields3Label)
CompareItemsTwoStrings(json.orderConfirmation.properties.fields[0].type[2], orderConfirmationPropertiesFields3Type)
CompareItemsTwoStrings(json.orderConfirmation.properties.fields[0].text[2], orderConfirmationPropertiesFields3Text)

CompareItemsTwoStrings(json.orderConfirmation.properties.fields[0].id[3], orderConfirmationPropertiesFields4Id)
CompareItemsTwoStrings(json.orderConfirmation.properties.fields[0].label[3], orderConfirmationPropertiesFields4Label)
CompareItemsTwoStrings(json.orderConfirmation.properties.fields[0].type[3], orderConfirmationPropertiesFields4Type)
CompareItemsTwoStrings(json.orderConfirmation.properties.fields[0].choice[3].id, orderConfirmationPropertiesFields4Choices1Id)
CompareItemsTwoStrings(json.orderConfirmation.properties.fields[0].choice[3].label, orderConfirmationPropertiesFields4Choices1Label)

/* Ship To */
CompareItemsTwoStrings(json.orderConfirmation.shipTo.name, orderConfirmationShipToName)
CompareItemsTwoStrings(json.orderConfirmation.shipTo.region._meta.href, orderConfirmationShipToRegionMetaHref)
CompareItemsTwoStrings(json.orderConfirmation.shipTo.region.id, orderConfirmationShipToRegionId)
CompareItemsTwoStrings(json.orderConfirmation.shipTo.region.name, orderConfirmationShipToRegionName)

CompareItemsTwoStrings(json.orderConfirmation.shipTo.address[0].id, orderConfirmationShipToAddress1Id)
CompareItemsTwoStrings(json.orderConfirmation.shipTo.address[0].label, orderConfirmationShipToAddress1Label)
CompareItemsTwoStrings(json.orderConfirmation.shipTo.address[0].value, orderConfirmationShipToAddress1Value)

CompareItemsTwoStrings(json.orderConfirmation.shipTo.address[1].id, orderConfirmationShipToAddress2Id)
CompareItemsTwoStrings(json.orderConfirmation.shipTo.address[1].label, orderConfirmationShipToAddress2Label)
CompareItemsTwoStrings(json.orderConfirmation.shipTo.address[1].value, orderConfirmationShipToAddress2Value)

CompareItemsTwoStrings(json.orderConfirmation.shipTo.address[2].id, orderConfirmationShipToAddress3Id)
CompareItemsTwoStrings(json.orderConfirmation.shipTo.address[2].label, orderConfirmationShipToAddress3Label)
CompareItemsTwoStrings(json.orderConfirmation.shipTo.address[2].value, orderConfirmationShipToAddress3Value)

CompareItemsTwoStrings(json.orderConfirmation.shipTo.address[3].id, orderConfirmationShipToAddress4Id)
CompareItemsTwoStrings(json.orderConfirmation.shipTo.address[3].label, orderConfirmationShipToAddress4Label)
CompareItemsTwoStrings(json.orderConfirmation.shipTo.address[3].value, orderConfirmationShipToAddress4Value)

CompareItemsTwoStrings(json.orderConfirmation.shipTo.expedite, orderConfirmationShipToExpedite)



void CompareItemsTwoStrings(json, expectedValueString)
{
	String jsonString = json
	
	// this will show each compare being made - DEBUG ONLY 
	//log.info "Json: " + jsonString + " Expected: " + expectedValueString 
	assert(jsonString == expectedValueString) 
	// this seems to remove the "{" and "}" from the json string.
}

</script></con:config></con:testStep><con:testStep type="groovy" name="SetConfirmEmptyPostUpgrade" id="af6a7896-41c8-4d2b-8f4f-e3eb0b1aaeca"><con:settings/><con:config><script>/* Set Confirm = 'empty' to have a new Order POST Upgrade (device) created. */

testRunner.testCase.setPropertyValue( "ConfirmState", "") 
</script></con:config></con:testStep><con:testStep type="restrequest" name="OrderPostUpgradeConfirmEmpty" id="7a653e5f-3eda-41af-8d15-e7edc7b29566"><con:settings/><con:config service="https://tg-mobility.cloudhub.io" resourcePath="/orders" methodName="Method 1" xsi:type="con:RestRequestStep" xmlns:xsi="http://www.w3.org/2001/XMLSchema-instance"><con:restRequest name="OrderPostUpgradeConfirmEmpty" id="80e4f0d8-0471-462a-96fd-f70db11ffa76" mediaType="application/json" postQueryString="false"><con:settings><con:setting id="com.eviware.soapui.impl.wsdl.WsdlRequest@request-headers">&lt;xml-fragment/></con:setting></con:settings><con:endpoint>${#TestCase#URL}</con:endpoint><con:request>{
  "orderRequest": {
    "externalOrderNumber": ${#TestCase#ExternalOrderNumber},
    "transactionType": "UPGRADE",
    "serviceId":${#TestCase#ServiceIdRequest},
    "regionId": ${#TestCase#RegionId},
    "postalCode": "01803",
    "shoppingCart": {      
      "deviceId": ${#TestCase#NewDeviceId}
    },
    "properties": [
      {
        "groupId": "MISCELLANEOUS",
        "fields": [
          {
            "id": "CONTACT_NUMBER",
            "type": "TEXT",
            "text": "2035559360"
          },
          {
            "id": "ADDITIONAL_INSTRUCTIONS",
            "type": "TEXT",
            "text": ${#TestCase#Instructions}
          },
          {
          	"id": "SERVICE_NUMBER",
          	"type": "TEXT",
          	"text": ${#TestCase#ServiceNumber}
          },
          {
      	    "id": "Reason",
            "type": "CHOICE",
            "choice": {
	      	"id": "20"
            }
          }
        ]
      }
    ],
    "shipTo": { 
      "name": "Peter Edwards",
      "regionId": "70144640",
      "address": [
        {
          "id": "LINE_1",
          "value": "35 Executive Blvd"
        },
        {
          "id": "CITY",
          "value": "Orange"
        },
        {
          "id": "STATE",
          "value": "CT"
        },
        {
          "id": "POSTAL_CODE",
          "value": "06477"
        }
      ],
      "expedite": true
    }
  }
}</con:request><con:originalUri>https://tg-mobility.cloudhub.io/mobility/v1/orders</con:originalUri><con:assertion type="Valid HTTP Status Codes" id="59e0354b-d7bc-47da-afc8-15261428db38" name="Valid HTTP Status Codes"><con:settings/><con:configuration><codes>200</codes></con:configuration></con:assertion><con:credentials><con:selectedAuthProfile>No Authorization</con:selectedAuthProfile><con:authType>No Authorization</con:authType></con:credentials><con:jmsConfig JMSDeliveryMode="PERSISTENT"/><con:parameters>
  <con:entry key="confirm" value="${#TestCase#ConfirmState}"/>
  <con:entry key="Authorization" value="Bearer ${#TestCase#AccessToken}"/>
  <con:entry key="X-TNGO-CONTEXT-COMPANYEMPLOYEEID" value="${#TestCase#cmpEmployeeId}"/>
  <con:entry key="X-TNGO-TENANT" value="${#TestCase#Tenant}"/>
  <con:entry key="client_secret" value="${#TestCase#client_secret}"/>
  <con:entry key="client_id" value="${#TestCase#client_Id}"/>
</con:parameters><con:parameterOrder><con:entry>X-TNGO-CONTEXT-COMPANYEMPLOYEEID</con:entry><con:entry>X-TNGO-TENANT</con:entry><con:entry>Authorization</con:entry><con:entry>client_id</con:entry><con:entry>client_secret</con:entry><con:entry>confirm</con:entry></con:parameterOrder></con:restRequest></con:config></con:testStep><con:testStep type="groovy" name="VerifyJsonResponseConfirmEmptyUpgrade" id="61b8256d-495d-416f-83d6-b2a853f11693"><con:settings/><con:config><script>import groovy.json.JsonSlurper 

import java.text.DateFormat;
import java.text.SimpleDateFormat;
import java.util.Date;

def groovyUtils = new com.eviware.soapui.support.GroovyUtils( context ); 

def testCase = context.testCase; 
def testStep = testCase.getTestStepByName("OrderPostUpgradeConfirmEmpty") 

// get response of last test step run.
def response = testStep.testRequest.messageExchange.response.responseContent
def slurper = new JsonSlurper()
def json = slurper.parseText response


def employeeId = testRunner.testCase.getPropertyValue("EmployeeId")
def companyEmployeeId = testRunner.testCase.getPropertyValue("cmpEmployeeId")
def departmentId = testRunner.testCase.getPropertyValue("DepartmentId")
def deviceId = testRunner.testCase.getPropertyValue("DeviceId")
def logoUrl = testRunner.testCase.getPropertyValue("LogoUrl")
def serviceNumber = testRunner.testCase.getPropertyValue("svcNumber")
def serviceId = testRunner.testCase.getPropertyValue("ServiceId")
def regionId = testRunner.testCase.getPropertyValue("RegionIdRequest")
def mainUrl = testRunner.testCase.getPropertyValue("URL")
def externalOrderNumber = testRunner.testCase.getPropertyValue("extOrderNumber")


/* Order POST Upgrade - Confirmation = false */

/* Expected Values */

String orderMetaHref = mainUrl + "/orders/"
String orderDateSubmitted = getCurrentDate()
String orderOrderId = trimLeftFromHref(json.order._meta.href) 
String orderExternalOrderNumber = externalOrderNumber
String orderTransactionType = "UPGRADE"
String orderStatus = "ORDER_SUBMITTED"
String orderServiceNumber = serviceNumber
String status = "SUCCESS"

/* Account Holder */
String orderAccountHolderId = employeeId
String orderAccountHolderMetaHref = mainUrl + "/employees/" + employeeId
String orderAccountHolderCompanyEmployeeId = companyEmployeeId 
String orderAccountHolderFirstName = "Dudley"
String orderAccountHolderLastName = "Doright"
String orderAccountHolderOfficePhone = "(781) 883-4749"
String orderAccountHolderStatus = "ACTIVE"
String orderAccountHolderEmail = "Dudley.Doright@tangoe.com"
String orderAccountHolderDepartmentId = departmentId
String orderAccountHolderDepartmentName = "Marketing"
	
/* Requested By */
String orderRequestedById = context.AdminId
String orderRequestedByMetaHref = mainUrl + "/employees/" + context.AdminId
String orderRequestedByCompanyEmployeeId = context.AdminCompanyEmployeeId
String orderRequestedByFirstName = context.AdminFirstName
String orderRequestedByLastName = context.AdminLastName
String orderRequestedByStatus = "ACTIVE"
String orderRequestedByEmail = "sn2.admin.xx1@example.com"
String orderRequestedByOfficePhone = "781-883-4749"
String orderRequestedByDepartmentId = context.AdminDepartmentId 
String orderRequestedByDepartmentName = context.AdminDepartmentName


/* Properties */
String orderPropertiesGroupId = "MISCELLANEOUS"

/* property 1 */
String orderPropertiesFields1Id = "CONTACT_NUMBER"
String orderPropertiesFields1Label = "Contact Phone Number"
String orderPropertiesFields1Type = "TEXT"
String orderPropertiesFields1Text = "2035559360"

/* property 2 */
String orderPropertiesFields2Id = "ADDITIONAL_INSTRUCTIONS"
String orderPropertiesFields2Label = "Additional Instructions"
String orderPropertiesFields2Type = "TEXT"
String orderPropertiesFields2Text = "TEST BY USING Rest based API."

/* property 3 */
String orderPropertiesFields3Id = "SERVICE_NUMBER"
String orderPropertiesFields3Label = "Service Number"
String orderPropertiesFields3Type = "TEXT"
String orderPropertiesFields3Text = serviceNumber

/* property 4 */
String orderPropertiesFields4Id = "Reason"
String orderPropertiesFields4Label = "Reason"
String orderPropertiesFields4Type = "CHOICE"
String orderPropertiesFields4Choices1Id = "20"
String orderPropertiesFields4Choices1Label = "Device lost/stolen"

/* Order Segments*/
String orderOrderSegmentsItemsOrderSegmentId = (Integer.parseInt(orderOrderId) + 1)
String orderOrderSegmentsItemsMetaHrefHistory = mainUrl + "/orders/" + orderOrderId + "/history?orderSegment=" + orderOrderSegmentsItemsOrderSegmentId
String orderOrderSegmentsItemsMetaHrefShipments = mainUrl + "/orders/" + orderOrderId + "/shipments?orderSegment=" + orderOrderSegmentsItemsOrderSegmentId
String orderOrderSegmentsItemsStatus = "ORDER_SUBMITTED"

String orderOrderSegmentsItemsVendorId = context.CatalogDeviceVendorId
String orderOrderSegmentsItemsVendorMetaHref = context.CatalogDeviceVendorMetaHref
String orderOrderSegmentsItemsVendorName = context.CatalogDeviceVendorName
String orderOrderSegmentsItemsVendorLogoUrl = context.CatalogDeviceVendorLogoUrl

String orderOrderSegmentsItemsDeviceName = context.CatalogDevicesName
String orderOrderSegmentsItemsDeviceImageUrl = context.CatalogDevicesImageUrl

String orderOrderSegmentsItemsDevicePriceAmount = "649.99" // context.CatalogDevicesPriceAmount  --> defect 105777
String orderOrderSegmentsItemsDevicePriceCurrencyCode = context.CatalogDevicesPriceCurrencyCode
String orderOrderSegmentsItemsDevicePriceRecurrence = context.CatalogDevicesPriceRecurrence

String orderOrderSegmentsItemsDeviceManufacturerMetaHref = context.CatalogDevicesManufacturerMetaHref
String orderOrderSegmentsItemsDeviceManufacturerId = context.CatalogDevicesManufacturerId
String orderOrderSegmentsItemsDeviceManufacturerName = context.CatalogDevicesManufacturerName
String orderOrderSegmentsItemsDeviceManufacturerLogoUrl = context.CatalogDevicesManufacturerLogoUrl

/* Ship To */
String orderShipToName = "Peter Edwards"
String orderShipToRegionId = regionId
String orderShipToRegionMetaHref = mainUrl + "/regions/" + orderShipToRegionId
String orderShipToRegionName = "United States"

String orderShipToAddress1Id = "LINE_1"
String orderShipToAddress1Label = "Address Line1"
String orderShipToAddress1Value = "35 Executive Blvd"

String orderShipToAddress2Id = "CITY"
String orderShipToAddress2Label = "City"
String orderShipToAddress2Value = "Orange"

String orderShipToAddress3Id = "STATE"
String orderShipToAddress3Label = "State"
String orderShipToAddress3Value = "CT"

String orderShipToAddress4Id = "POSTAL_CODE"
String orderShipToAddress4Label = "Zip Code"
String orderShipToAddress4Value = "06477"

String orderShipToExpedite = "true"




/* Verify Expected Values */

String jsonOrder_metaHref = TrimRightFromHref(json.order._meta.href)  //url without the last portion (order id)
CompareItemsTwoStrings(jsonOrder_metaHref, orderMetaHref)

String jsonDate = trimDate(json.order.dateSubmitted)
CompareItemsTwoStrings(jsonDate, orderDateSubmitted)

CompareItemsTwoStrings(json.status, status)
CompareItemsTwoStrings(json.order.transactionType, orderTransactionType)
CompareItemsTwoStrings(json.order.orderId, orderOrderId)
CompareItemsTwoStrings(json.order.serviceNumber, orderServiceNumber)
CompareItemsTwoStrings(json.order.externalOrderNumber, orderExternalOrderNumber)

/* Account Holder */
CompareItemsTwoStrings(json.order.accountHolder._meta.href, orderAccountHolderMetaHref)
CompareItemsTwoStrings(json.order.accountHolder.id, orderAccountHolderId)
CompareItemsTwoStrings(json.order.accountHolder.companyEmployeeId, orderAccountHolderCompanyEmployeeId)
CompareItemsTwoStrings(json.order.accountHolder.firstName, orderAccountHolderFirstName)
CompareItemsTwoStrings(json.order.accountHolder.lastName, orderAccountHolderLastName)
CompareItemsTwoStrings(json.order.accountHolder.officePhone, orderAccountHolderOfficePhone)
CompareItemsTwoStrings(json.order.accountHolder.status, orderAccountHolderStatus)
CompareItemsTwoStrings(json.order.accountHolder.email, orderAccountHolderEmail)
CompareItemsTwoStrings(json.order.accountHolder.department.id, orderAccountHolderDepartmentId)
CompareItemsTwoStrings(json.order.accountHolder.department.name, orderAccountHolderDepartmentName)

/* Requested By */
CompareItemsTwoStrings(json.order.requestedBy._meta.href, orderRequestedByMetaHref)
CompareItemsTwoStrings(json.order.requestedBy.id, orderRequestedById)
CompareItemsTwoStrings(json.order.requestedBy.companyEmployeeId, orderRequestedByCompanyEmployeeId)
CompareItemsTwoStrings(json.order.requestedBy.firstName, orderRequestedByFirstName)
CompareItemsTwoStrings(json.order.requestedBy.lastName, orderRequestedByLastName)
CompareItemsTwoStrings(json.order.requestedBy.status, orderRequestedByStatus)
CompareItemsTwoStrings(json.order.requestedBy.email, orderRequestedByEmail)
CompareItemsTwoStrings(json.order.requestedBy.officePhone, orderRequestedByOfficePhone)
CompareItemsTwoStrings(json.order.requestedBy.department.id, orderRequestedByDepartmentId)
CompareItemsTwoStrings(json.order.requestedBy.department.name, orderRequestedByDepartmentName)

/* Order Segments */
CompareItemsTwoStrings(json.order.orderSegments.items[0]._meta.hrefShipments, orderOrderSegmentsItemsMetaHrefShipments)
CompareItemsTwoStrings(json.order.orderSegments.items[0]._meta.hrefHistory, orderOrderSegmentsItemsMetaHrefHistory)
CompareItemsTwoStrings(json.order.orderSegments.items[0].orderSegmentId, orderOrderSegmentsItemsOrderSegmentId)
CompareItemsTwoStrings(json.order.orderSegments.items[0].status, orderOrderSegmentsItemsStatus)

CompareItemsTwoStrings(json.order.orderSegments.items[0].vendor._meta.href, orderOrderSegmentsItemsVendorMetaHref)
CompareItemsTwoStrings(json.order.orderSegments.items[0].vendor.id, orderOrderSegmentsItemsVendorId)
CompareItemsTwoStrings(json.order.orderSegments.items[0].vendor.name, orderOrderSegmentsItemsVendorName)
CompareItemsTwoStrings(json.order.orderSegments.items[0].vendor.logoUrl, orderOrderSegmentsItemsVendorLogoUrl)

CompareItemsTwoStrings(json.order.orderSegments.items[0].device.name, orderOrderSegmentsItemsDeviceName)
//CompareItemsTwoStrings(json.order.orderSegments.items[0].device.imageUrl, orderOrderSegmentsItemsDeviceImageUrl)

CompareItemsTwoStrings(json.order.orderSegments.items[0].device.price.amount, orderOrderSegmentsItemsDevicePriceAmount)
CompareItemsTwoStrings(json.order.orderSegments.items[0].device.price.currencyCode, orderOrderSegmentsItemsDevicePriceCurrencyCode)
CompareItemsTwoStrings(json.order.orderSegments.items[0].device.price.recurrence, orderOrderSegmentsItemsDevicePriceRecurrence)

CompareItemsTwoStrings(json.order.orderSegments.items[0].device.manufacturer._meta.href, orderOrderSegmentsItemsDeviceManufacturerMetaHref)
CompareItemsTwoStrings(json.order.orderSegments.items[0].device.manufacturer.id, orderOrderSegmentsItemsDeviceManufacturerId)
CompareItemsTwoStrings(json.order.orderSegments.items[0].device.manufacturer.name, orderOrderSegmentsItemsDeviceManufacturerName)
CompareItemsTwoStrings(json.order.orderSegments.items[0].device.manufacturer.logoUrl, orderOrderSegmentsItemsDeviceManufacturerLogoUrl)

/* Properties */
CompareItemsTwoStrings(json.order.properties[0].groupId, orderPropertiesGroupId)

CompareItemsTwoStrings(json.order.properties.fields[0].id[0], orderPropertiesFields1Id)
CompareItemsTwoStrings(json.order.properties.fields[0].label[0], orderPropertiesFields1Label)
CompareItemsTwoStrings(json.order.properties.fields[0].type[0], orderPropertiesFields1Type)
CompareItemsTwoStrings(json.order.properties.fields[0].text[0], orderPropertiesFields1Text)

CompareItemsTwoStrings(json.order.properties.fields[0].id[1], orderPropertiesFields2Id)
CompareItemsTwoStrings(json.order.properties.fields[0].label[1], orderPropertiesFields2Label)
CompareItemsTwoStrings(json.order.properties.fields[0].type[1], orderPropertiesFields2Type)
CompareItemsTwoStrings(json.order.properties.fields[0].text[1], orderPropertiesFields2Text)

CompareItemsTwoStrings(json.order.properties.fields[0].id[2], orderPropertiesFields3Id)
CompareItemsTwoStrings(json.order.properties.fields[0].label[2], orderPropertiesFields3Label)
CompareItemsTwoStrings(json.order.properties.fields[0].type[2], orderPropertiesFields3Type)
CompareItemsTwoStrings(json.order.properties.fields[0].text[2], orderPropertiesFields3Text)

CompareItemsTwoStrings(json.order.properties.fields[0].id[3], orderPropertiesFields4Id)
CompareItemsTwoStrings(json.order.properties.fields[0].label[3], orderPropertiesFields4Label)
CompareItemsTwoStrings(json.order.properties.fields[0].type[3], orderPropertiesFields4Type)
CompareItemsTwoStrings(json.order.properties.fields[0].choice[3].id, orderPropertiesFields4Choices1Id)
CompareItemsTwoStrings(json.order.properties.fields[0].choice[3].label, orderPropertiesFields4Choices1Label)


/* Ship To */
CompareItemsTwoStrings(json.order.shipTo.name, orderShipToName)
CompareItemsTwoStrings(json.order.shipTo.region._meta.href, orderShipToRegionMetaHref)
CompareItemsTwoStrings(json.order.shipTo.region.id, orderShipToRegionId)
CompareItemsTwoStrings(json.order.shipTo.region.name, orderShipToRegionName)

CompareItemsTwoStrings(json.order.shipTo.address[0].id, orderShipToAddress1Id)
CompareItemsTwoStrings(json.order.shipTo.address[0].label, orderShipToAddress1Label)
CompareItemsTwoStrings(json.order.shipTo.address[0].value, orderShipToAddress1Value)

CompareItemsTwoStrings(json.order.shipTo.address[1].id, orderShipToAddress2Id)
CompareItemsTwoStrings(json.order.shipTo.address[1].label, orderShipToAddress2Label)
CompareItemsTwoStrings(json.order.shipTo.address[1].value, orderShipToAddress2Value)

CompareItemsTwoStrings(json.order.shipTo.address[2].id, orderShipToAddress3Id)
CompareItemsTwoStrings(json.order.shipTo.address[2].label, orderShipToAddress3Label)
CompareItemsTwoStrings(json.order.shipTo.address[2].value, orderShipToAddress3Value)

CompareItemsTwoStrings(json.order.shipTo.address[3].id, orderShipToAddress4Id)
CompareItemsTwoStrings(json.order.shipTo.address[3].label, orderShipToAddress4Label)
CompareItemsTwoStrings(json.order.shipTo.address[3].value, orderShipToAddress4Value)

CompareItemsTwoStrings(json.order.shipTo.expedite, orderShipToExpedite)




void CompareItemsTwoStrings(json, expectedValueString)
{
	String jsonString = json
	
	// this will show each compare being made - DEBUG ONLY 
	// log.info "  JSON: " + jsonString + ", Expected value: " + expectedValueString 
	assert(jsonString == expectedValueString)
}

// this trims the rightmoast item from the href string pssed in and retuns it. the rightmost item is a number 
// example: "http://tg-mobility.cloudhub.io/mobility/v1/employees/28672245" - "28672245" is removed
// it also does a sanity check on the part that is trimmed off
String TrimRightFromHref(String tempStringHref)
{
	// create array to hold all parts that are separated by a "/".
	def allParts = []
	allParts = tempStringHref.split("/")
	// for (str in allParts) {log.info str} // show all string list - DEBUG
	
	// remove last element from string passed in and return
	def listSize = allParts.length
	String whatToRemove = allParts[listSize - 1]

	// make sure part to remove (rightmost item) is there and an interger
	assert whatToRemove.size() >= 1
	assert whatToRemove.isInteger()
	
	// String FinalString = tempStringHref.replaceAll(whatToRemove,"") - DEBUG to see final string
	return tempStringHref.replaceAll(whatToRemove,"")
}


String trimLeftFromHref(String strToTrim){
	//e.g. "https://tg-mobility.cloudhub.io/mobility/v1/orders/8067054"
	def allParts = []
	allParts = strToTrim.split("/")
	def quantity = allParts.size()
	return allParts[quantity-1]
}

String getCurrentDate()
{
	//e.g. "2015-11-26T18:28:10Z"
	def date = new Date()
	sdf = new SimpleDateFormat("yyyy-MM-dd")
	return sdf.format(date)
}


String trimDate(String dateFromJson)
{
	//e.g. "2015-11-26T18:28:10Z"
	String date
	def allParts = []
	allParts = dateFromJson.split("T")
	return allParts[0]
}
</script></con:config></con:testStep><con:testStep type="restrequest" name="MakeFailUpgradeDeviceDuplicateOrderNumber" id="8bf74bc3-7570-4fd7-8ec2-767079066a41"><con:settings/><con:config service="https://tg-mobility.cloudhub.io" resourcePath="/orders" methodName="Method 1" xsi:type="con:RestRequestStep" xmlns:xsi="http://www.w3.org/2001/XMLSchema-instance"><con:restRequest name="MakeFailUpgradeDeviceDuplicateOrderNumber" id="78225f30-ac27-4fc1-b283-2688b59cb02f" mediaType="application/json" postQueryString="false"><con:settings><con:setting id="com.eviware.soapui.impl.wsdl.WsdlRequest@request-headers">&lt;xml-fragment/></con:setting></con:settings><con:endpoint>${#TestCase#URL}</con:endpoint><con:request>{
  "orderRequest": {
    "externalOrderNumber": ${#TestCase#ExternalOrderNumber},
    "transactionType": "UPGRADE",
    "serviceId":${#TestCase#ServiceIdRequest},
    "regionId": ${#TestCase#RegionId},
    "postalCode": "01803",
    "shoppingCart": {      
      "deviceId": ${#TestCase#NewDeviceId}
    },
    "properties": [
      {
        "groupId": "MISCELLANEOUS",
        "fields": [
          {
            "id": "CONTACT_NUMBER",
            "type": "TEXT",
            "text": "2035559360"
          },
          {
            "id": "ADDITIONAL_INSTRUCTIONS",
            "type": "TEXT",
            "text": ${#TestCase#Instructions}
          },
          {
          	"id": "SERVICE_NUMBER",
          	"type": "TEXT",
          	"text": ${#TestCase#ServiceNumber}
          },
          {
      	    "id": "Reason",
            "type": "CHOICE",
            "choice": {
	      	"id": "20"
            }
          }
        ]
      }
    ],
    "shipTo": { 
      "name": "Peter Edwards",
      "regionId": "70144640",
      "address": [
        {
          "id": "LINE_1",
          "value": "35 Executive Blvd"
        },
        {
          "id": "CITY",
          "value": "Orange"
        },
        {
          "id": "STATE",
          "value": "CT"
        },
        {
          "id": "POSTAL_CODE",
          "value": "06477"
        }
      ],
      "expedite": true
    }
  }
}</con:request><con:originalUri>http://tg-mobility.cloudhub.io/mobility/v1/assets/devices</con:originalUri><con:assertion type="Simple NotContains" id="0d069b25-5568-4c2e-be9b-1c6e8b88fc87" name="Not Contains"><con:configuration><token>TIMEOUT_EXCEEDED</token><ignoreCase>false</ignoreCase><useRegEx>false</useRegEx></con:configuration></con:assertion><con:assertion type="Valid HTTP Status Codes" id="dadd04f4-38a1-4105-b63c-49029375c2e6" name="Valid HTTP Status Codes - 200"><con:settings/><con:configuration><codes>200</codes></con:configuration></con:assertion><con:credentials><con:selectedAuthProfile>No Authorization</con:selectedAuthProfile><con:authType>No Authorization</con:authType></con:credentials><con:jmsConfig JMSDeliveryMode="PERSISTENT"/><con:jmsPropertyConfig/><con:parameters>
  <con:entry key="Authorization" value="Bearer ${#TestCase#AccessToken}"/>
  <con:entry key="confirm" value="false"/>
  <con:entry key="X-TNGO-CONTEXT-COMPANYEMPLOYEEID" value="${#TestCase#cmpEmployeeId}"/>
  <con:entry key="X-TNGO-TENANT" value="${#TestCase#Tenant}"/>
  <con:entry key="companyEmployeeId" value="Dudley.Doright2.XX1"/>
  <con:entry key="client_secret" value="${#TestCase#client_secret}"/>
  <con:entry key="client_id" value="${#TestCase#client_Id}"/>
</con:parameters><con:parameterOrder><con:entry>X-TNGO-CONTEXT-COMPANYEMPLOYEEID</con:entry><con:entry>X-TNGO-TENANT</con:entry><con:entry>Authorization</con:entry><con:entry>client_id</con:entry><con:entry>client_secret</con:entry><con:entry>confirm</con:entry></con:parameterOrder></con:restRequest></con:config></con:testStep><con:testStep type="groovy" name="VerifyJsonResponseErrorDuplicateOrderNumber" id="8075aa0e-9bf0-4daa-9e39-1cc2c72142fc"><con:settings/><con:config><script>import groovy.json.JsonSlurper 

def groovyUtils = new com.eviware.soapui.support.GroovyUtils( context ); 

def testCase = context.testCase; 
def testStep = testCase.getTestStepByName("MakeFailUpgradeDeviceDuplicateOrderNumber") 

// get response of last test step run.
def response = testStep.testRequest.messageExchange.response.responseContent
def slurper = new JsonSlurper()
def json = slurper.parseText response


/* Expected values */ 
String status = "ERROR"
String errorsCode = "INVALID_VALUE"
String errorsSection = "OTHER"
String errorsMessage = "Error: Invalid ExternalOrderNumber."
String errorsDevMessage = "Error: Invalid ExternalOrderNumber."


/* Verify expected values for Error */
CompareItemsTwoStrings(json.status, status)
CompareItemsTwoStrings(json.errors[0].code, errorsCode)
CompareItemsTwoStrings(json.errors[0].section, errorsSection)
CompareItemsTwoStrings(json.errors[0].message, errorsMessage)
CompareItemsTwoStrings(json.errors[0].devMessage, errorsDevMessage)



void CompareItemsTwoStrings(json, expectedValueString)
{
	String jsonString = json
	
	// this will show each compare being made - DEBUG ONLY
	// log.info "Json: " + jsonString + " Expected: " + expectedValueString 
	assert(jsonString == expectedValueString) 

}

</script></con:config></con:testStep><con:testStep type="groovy" name="SetSvcNumberEmptyOrderUpgrade" id="9135c590-0cfc-4387-94f1-fe3a209efa80"><con:settings/><con:config><script>/* Set Service Number to " " so the request fails, and the expected values for error can be verified.  */

testRunner.testCase.setPropertyValue( "ServiceNumber", "\" \"")

// Generate a new External Order Number
String externalOrderNumber = soapUIScripts.CommonMethods.GenerateExternalOrderNumber()
testRunner.testCase.setPropertyValue( "ExternalOrderNumber", "\"" + externalOrderNumber + "\"")</script></con:config></con:testStep><con:testStep type="restrequest" name="MakeFailOrderUpgrade" id="da62144b-9a2d-4ad0-a4a4-fdd4d9254c38"><con:settings/><con:config service="https://tg-mobility.cloudhub.io" resourcePath="/orders" methodName="Method 1" xsi:type="con:RestRequestStep" xmlns:xsi="http://www.w3.org/2001/XMLSchema-instance"><con:restRequest name="MakeFailOrderUpgrade" id="78225f30-ac27-4fc1-b283-2688b59cb02f" mediaType="application/json" postQueryString="false"><con:settings><con:setting id="com.eviware.soapui.impl.wsdl.WsdlRequest@request-headers">&lt;xml-fragment/></con:setting></con:settings><con:endpoint>${#TestCase#URL}</con:endpoint><con:request>{
  "orderRequest": {
    "externalOrderNumber": ${#TestCase#ExternalOrderNumber},
    "transactionType": "UPGRADE",
    "serviceId":${#TestCase#ServiceIdRequest},
    "regionId": ${#TestCase#RegionId},
    "postalCode": "01803",
    "shoppingCart": {      
      "deviceId": ${#TestCase#NewDeviceId}
    },
    "properties": [
      {
        "groupId": "MISCELLANEOUS",
        "fields": [
          {
            "id": "CONTACT_NUMBER",
            "type": "TEXT",
            "text": "2035559360"
          },
          {
            "id": "ADDITIONAL_INSTRUCTIONS",
            "type": "TEXT",
            "text": ${#TestCase#Instructions}
          },
          {
          	"id": "SERVICE_NUMBER",
          	"type": "TEXT",
          	"text": ${#TestCase#ServiceNumber}
          },
          {
      	    "id": "Reason",
            "type": "CHOICE",
            "choice": {
	      	"id": "20"
            }
          }
        ]
      }
    ],
    "shipTo": { 
      "name": "Peter Edwards",
      "regionId": "70144640",
      "address": [
        {
          "id": "LINE_1",
          "value": "35 Executive Blvd"
        },
        {
          "id": "CITY",
          "value": "Orange"
        },
        {
          "id": "STATE",
          "value": "CT"
        },
        {
          "id": "POSTAL_CODE",
          "value": "06477"
        }
      ],
      "expedite": true
    }
  }
}</con:request><con:originalUri>http://tg-mobility.cloudhub.io/mobility/v1/assets/devices</con:originalUri><con:assertion type="Simple NotContains" id="0d069b25-5568-4c2e-be9b-1c6e8b88fc87" name="Not Contains"><con:configuration><token>TIMEOUT_EXCEEDED</token><ignoreCase>false</ignoreCase><useRegEx>false</useRegEx></con:configuration></con:assertion><con:assertion type="Valid HTTP Status Codes" id="dadd04f4-38a1-4105-b63c-49029375c2e6" name="Valid HTTP Status Codes - 200"><con:settings/><con:configuration><codes>200</codes></con:configuration></con:assertion><con:credentials><con:selectedAuthProfile>No Authorization</con:selectedAuthProfile><con:authType>No Authorization</con:authType></con:credentials><con:jmsConfig JMSDeliveryMode="PERSISTENT"/><con:jmsPropertyConfig/><con:parameters>
  <con:entry key="Authorization" value="Bearer ${#TestCase#AccessToken}"/>
  <con:entry key="confirm" value="false"/>
  <con:entry key="X-TNGO-CONTEXT-COMPANYEMPLOYEEID" value="${#TestCase#cmpEmployeeId}"/>
  <con:entry key="X-TNGO-TENANT" value="${#TestCase#Tenant}"/>
  <con:entry key="companyEmployeeId" value="Dudley.Doright2.XX1"/>
  <con:entry key="client_secret" value="${#TestCase#client_secret}"/>
  <con:entry key="client_id" value="${#TestCase#client_Id}"/>
</con:parameters><con:parameterOrder><con:entry>X-TNGO-CONTEXT-COMPANYEMPLOYEEID</con:entry><con:entry>X-TNGO-TENANT</con:entry><con:entry>Authorization</con:entry><con:entry>client_id</con:entry><con:entry>client_secret</con:entry><con:entry>confirm</con:entry></con:parameterOrder></con:restRequest></con:config></con:testStep><con:testStep type="groovy" name="VerifyJsonResponseErrorUpgrade" id="86432d10-01d3-4305-8477-9746f4ffbddd"><con:settings/><con:config><script>import groovy.json.JsonSlurper 

def groovyUtils = new com.eviware.soapui.support.GroovyUtils( context ); 

def testCase = context.testCase; 
def testStep = testCase.getTestStepByName("MakeFailOrderUpgrade") 

// get response of last test step run.
def response = testStep.testRequest.messageExchange.response.responseContent
def slurper = new JsonSlurper()
def json = slurper.parseText response


/* Expected values */ 
String status = "ERROR"
String errorsCode = "INVALID_VALUE"
String errorsSection = "OTHER"
String errorsMessage = "Error: Service number in order properties must match the service number in the order components."
String errorsDevMessage = "Error: Service number in order properties must match the service number in the order components."


/* Verify expected values for Error */
CompareItemsTwoStrings(json.status, status)
CompareItemsTwoStrings(json.errors[0].code, errorsCode)
CompareItemsTwoStrings(json.errors[0].section, errorsSection)
CompareItemsTwoStrings(json.errors[0].message, errorsMessage)
CompareItemsTwoStrings(json.errors[0].devMessage, errorsDevMessage)



void CompareItemsTwoStrings(json, expectedValueString)
{
	String jsonString = json
	
	// this will show each compare being made - DEBUG ONLY
	// log.info "Json: " + jsonString + " Expected: " + expectedValueString 
	assert(jsonString == expectedValueString) 

}

</script></con:config></con:testStep><con:properties><con:property><con:name>Tenant</con:name><con:value>XX1</con:value></con:property><con:property><con:name>limit</con:name><con:value>10</con:value></con:property><con:property><con:name>offset</con:name><con:value>0</con:value></con:property><con:property><con:name>AccessToken</con:name><con:value>ZH_HQlG6dd7x6ojsLQccuBI-l4Ypd5rJ_cMwmyS69Jn8DIZJbtgJUZ6UWS2YXo8MzKOItnzRFhIQvaOQp83nEQ</con:value></con:property><con:property><con:name>RefreshToken</con:name><con:value>CngsSvEEWOmRXoavQ9MPRZf6Ihj3j72S_3jSpJR1h9DjQ8aXvQg8bYqM2kA8uMHChk4RLW6GZuaLbjXYwNoTfg</con:value></con:property><con:property><con:name>DepartmentId</con:name><con:value>11569020350</con:value></con:property><con:property><con:name>LogoUrl</con:name><con:value>https://qa1cmd.tangoe.com/</con:value></con:property><con:property><con:name>companyEmployeeId</con:name><con:value>"Dudley.Doright2.XX1"</con:value></con:property><con:property><con:name>ExternalOrderNumber</con:name><con:value>"QAOrderNumber1465991791752"</con:value></con:property><con:property><con:name>ServiceId</con:name><con:value>38457007</con:value></con:property><con:property><con:name>EmployeeId</con:name><con:value>28680044</con:value></con:property><con:property><con:name>RegionIdRequest</con:name><con:value>70144640</con:value></con:property><con:property><con:name>DeviceId</con:name><con:value>35433759</con:value></con:property><con:property><con:name>RegionId</con:name><con:value>"70144640"</con:value></con:property><con:property><con:name>PlanId</con:name><con:value>"8673790035"</con:value></con:property><con:property><con:name>ServiceNumber</con:name><con:value>" "</con:value></con:property><con:property><con:name>Instructions</con:name><con:value>"TEST BY USING Rest based API."</con:value></con:property><con:property><con:name>svcNumber</con:name><con:value>7818834749</con:value></con:property><con:property><con:name>svcId</con:name><con:value>38457007</con:value></con:property><con:property><con:name>extOrderNumber</con:name><con:value>QAOrderNumber1465991760314</con:value></con:property><con:property><con:name>NewDeviceId</con:name><con:value>"11879893652"</con:value></con:property><con:property><con:name>cmpEmployeeId</con:name><con:value>Dudley.Doright2.XX1</con:value></con:property><con:property><con:name>ConfirmState</con:name><con:value/></con:property><con:property><con:name>AdminFirstName</con:name><con:value>SN 2</con:value></con:property><con:property><con:name>AdminLastName</con:name><con:value>Admin</con:value></con:property><con:property><con:name>AdminId</con:name><con:value>28680024</con:value></con:property><con:property><con:name>AdminCompanyEmployeeId</con:name><con:value>sn2.admin.xx1</con:value></con:property><con:property><con:name>AdminDepartmentName</con:name><con:value>Unknown</con:value></con:property><con:property><con:name>AdminDepartmentId</con:name><con:value>48068836</con:value></con:property><con:property><con:name>client_id</con:name><con:value>3c276cecdc674aabb5456f54b605bbbf</con:value></con:property><con:property><con:name>client_secret</con:name><con:value>c513c4a67492405d95CE4DB4B40B73FF</con:value></con:property><con:property><con:name>URL</con:name><con:value>https://tngo-qa-mobproc-cmd.cloudhub.io/mobproc/v1.qa</con:value></con:property><con:property><con:name>DeviceIdRequest</con:name><con:value>11879893652</con:value></con:property><con:property><con:name>VendorIdRequest</con:name><con:value>108</con:value></con:property><con:property><con:name>ServiceIdRequest</con:name><con:value>"38457007"</con:value></con:property></con:properties><con:reportParameters/><con:breakPoints><con:testStepId>0ef8d02e-2347-49c3-8906-c5d59149812e</con:testStepId><con:status>NONE</con:status><con:properties/></con:breakPoints><con:breakPoints><con:testStepId>9552bc28-737c-4bd4-911a-6d55147b3932</con:testStepId><con:status>NONE</con:status><con:properties/></con:breakPoints><con:breakPoints><con:testStepId>8e614401-7fab-49b6-ada8-0c2005f95ea6</con:testStepId><con:status>NONE</con:status><con:properties/></con:breakPoints><con:breakPoints><con:testStepId>bd9f9112-2cd4-4c7d-a678-65fd30a28796</con:testStepId><con:status>NONE</con:status><con:properties/></con:breakPoints><con:breakPoints><con:testStepId>fc259e2e-303b-4875-985b-f15056d01785</con:testStepId><con:status>NONE</con:status><con:properties/></con:breakPoints><con:breakPoints><con:testStepId>1308aa71-d26a-44c5-ad8f-4ae90c34bbdc</con:testStepId><con:status>NONE</con:status><con:properties/></con:breakPoints><con:breakPoints><con:testStepId>e602ca88-c294-4921-a35e-fb278129b8bb</con:testStepId><con:status>NONE</con:status><con:properties/></con:breakPoints><con:breakPoints><con:testStepId>7c08c5ea-9d71-483a-8674-2666c284a9df</con:testStepId><con:status>NONE</con:status><con:properties/></con:breakPoints><con:breakPoints><con:testStepId>fb33731e-1860-450a-baae-9accd2a635a8</con:testStepId><con:status>NONE</con:status><con:properties/></con:breakPoints><con:breakPoints><con:testStepId>7a653e5f-3eda-41af-8d15-e7edc7b29566</con:testStepId><con:status>NONE</con:status><con:properties/></con:breakPoints><con:breakPoints><con:testStepId>af6a7896-41c8-4d2b-8f4f-e3eb0b1aaeca</con:testStepId><con:status>NONE</con:status><con:properties/></con:breakPoints><con:breakPoints><con:testStepId>9135c590-0cfc-4387-94f1-fe3a209efa80</con:testStepId><con:status>NONE</con:status><con:properties/></con:breakPoints><con:breakPoints><con:testStepId>da62144b-9a2d-4ad0-a4a4-fdd4d9254c38</con:testStepId><con:status>NONE</con:status><con:properties/></con:breakPoints><con:breakPoints><con:testStepId>8bf74bc3-7570-4fd7-8ec2-767079066a41</con:testStepId><con:status>NONE</con:status><con:properties/></con:breakPoints><con:breakPoints><con:testStepId>8075aa0e-9bf0-4daa-9e39-1cc2c72142fc</con:testStepId><con:status>NONE</con:status><con:properties/></con:breakPoints></con:testCase><con:properties/><con:reportParameters/></con:testSuite><con:requirements/><con:properties/><con:wssContainer/><con:databaseConnectionContainer/><con:oAuth2ProfileContainer/><con:reporting><con:xmlTemplates/><con:parameters/></con:reporting><con:authRepository/><con:tags/></con:soapui-project>