<?xml version="1.0" encoding="UTF-8"?>
<con:soapui-project id="bb0f98cd-8db6-429b-ba68-3cbf24f8d47b" activeEnvironment="Default environment" name="API_OrdersPostUpdateFeatures" lastOpened="2016-05-09T13:58:02.018-03:00" soapui-version="6.0.0" xmlns:con="http://eviware.com/soapui/config"><con:settings/><con:interface xsi:type="con:RestService" id="c9356843-e341-45ba-b62c-0b25b46126b1" wadlVersion="http://wadl.dev.java.net/2009/02" name="https://tg-mobility.cloudhub.io" type="rest" xmlns:xsi="http://www.w3.org/2001/XMLSchema-instance"><con:settings/><con:definitionCache type="TEXT" rootPart=""/><con:endpoints><con:endpoint>https://tg-mobility.cloudhub.io</con:endpoint></con:endpoints><con:resource name="catalog/devices" path="/catalog/devices" id="7674d993-100b-497b-883a-27b0916384b7"><con:settings/><con:parameters><con:parameter><con:name>X-TNGO-TENANT</con:name><con:value/><con:style>HEADER</con:style><con:default/><con:description xsi:nil="true"/></con:parameter><con:parameter><con:name>limit</con:name><con:value/><con:style>QUERY</con:style><con:default/><con:description xsi:nil="true"/></con:parameter><con:parameter><con:name>offset</con:name><con:value/><con:style>QUERY</con:style><con:default/><con:description xsi:nil="true"/></con:parameter><con:parameter><con:name>Authorization</con:name><con:value/><con:style>HEADER</con:style><con:default/><con:description xsi:nil="true"/></con:parameter><con:parameter><con:name>transactionType</con:name><con:value/><con:style>QUERY</con:style><con:default/><con:description xsi:nil="true"/></con:parameter><con:parameter><con:name>region</con:name><con:value/><con:style>QUERY</con:style><con:default/><con:description xsi:nil="true"/></con:parameter><con:parameter><con:name>sortAscending</con:name><con:value/><con:style>QUERY</con:style><con:default/><con:description xsi:nil="true"/></con:parameter><con:parameter><con:name>vendor</con:name><con:value/><con:style>QUERY</con:style><con:default/><con:description xsi:nil="true"/></con:parameter><con:parameter><con:name>service</con:name><con:value/><con:style>QUERY</con:style><con:default/><con:description xsi:nil="true"/></con:parameter><con:parameter><con:name>client_id</con:name><con:value/><con:style>HEADER</con:style><con:default/><con:description xsi:nil="true"/></con:parameter><con:parameter><con:name>client_secret</con:name><con:value/><con:style>HEADER</con:style><con:default/><con:description xsi:nil="true"/></con:parameter></con:parameters><con:method name="catalog/devices" id="d413c6e5-adf8-4f69-a7a4-fcd3dde842bb" method="GET"><con:settings/><con:parameters/><con:representation type="FAULT"><con:mediaType>application/json</con:mediaType><con:status>403 400 500</con:status><con:params/><con:element xmlns:dev="https://tg-mobility.cloudhub.io/mobility/v1/catalog/devices">dev:Fault</con:element></con:representation><con:representation type="RESPONSE"><con:mediaType>application/json;charset=UTF-8</con:mediaType><con:status>200</con:status><con:params/><con:element xmlns:dev="https://tg-mobility.cloudhub.io/mobility/v1/catalog/devices">dev:Response</con:element></con:representation><con:request name="Request 1" id="9d220f58-7585-4b01-b28d-5b95ece466c4" mediaType="application/json"><con:settings><con:setting id="com.eviware.soapui.impl.wsdl.WsdlRequest@request-headers">&lt;xml-fragment/></con:setting></con:settings><con:endpoint>None</con:endpoint><con:request/><con:credentials><con:selectedAuthProfile>No Authorization</con:selectedAuthProfile><con:authType>No Authorization</con:authType></con:credentials><con:jmsConfig JMSDeliveryMode="PERSISTENT"/><con:parameters/><con:parameterOrder><con:entry>X-TNGO-TENANT</con:entry><con:entry>Authorization</con:entry><con:entry>client_id</con:entry><con:entry>client_secret</con:entry><con:entry>limit</con:entry><con:entry>offset</con:entry><con:entry>transactionType</con:entry><con:entry>region</con:entry><con:entry>vendor</con:entry><con:entry>service</con:entry><con:entry>sortAscending</con:entry></con:parameterOrder></con:request></con:method></con:resource><con:resource name="regions" path="/regions" id="f1136dec-9fff-4805-a58f-18c64c6a2da7"><con:settings/><con:parameters><con:parameter><con:name>type</con:name><con:value/><con:style>QUERY</con:style><con:default/><con:description xsi:nil="true"/></con:parameter><con:parameter><con:name>X-TNGO-TENANT</con:name><con:value/><con:style>HEADER</con:style><con:default/><con:description xsi:nil="true"/></con:parameter><con:parameter><con:name>Authorization</con:name><con:value/><con:style>HEADER</con:style><con:default/><con:description xsi:nil="true"/></con:parameter><con:parameter><con:name>client_secret</con:name><con:value/><con:style>HEADER</con:style><con:default/><con:description xsi:nil="true"/></con:parameter><con:parameter><con:name>client_id</con:name><con:value/><con:style>HEADER</con:style><con:default/><con:description xsi:nil="true"/></con:parameter></con:parameters><con:method name="Method 1" id="38d18e1e-cc60-4e99-85b5-97144bbd4083" method="GET"><con:settings/><con:parameters/><con:representation type="FAULT"><con:mediaType>application/json</con:mediaType><con:status>403 400 500</con:status><con:params/><con:element xmlns:reg="https://tg-mobility.cloudhub.io/mobility/v1/regions">reg:Fault</con:element></con:representation><con:representation type="RESPONSE"><con:mediaType>application/json;charset=UTF-8</con:mediaType><con:status>200</con:status><con:params/><con:element xmlns:reg="https://tg-mobility.cloudhub.io/mobility/v1/regions">reg:Response</con:element></con:representation><con:representation type="RESPONSE"><con:mediaType xsi:nil="true"/><con:status>0</con:status><con:params/><con:element>data</con:element></con:representation><con:representation type="RESPONSE"><con:mediaType xsi:nil="true"/><con:status>0</con:status><con:params/><con:element>data</con:element></con:representation><con:request name="Request 1" id="ecf73209-2258-48c5-b844-68251b32b869" mediaType="application/json"><con:settings><con:setting id="com.eviware.soapui.impl.wsdl.WsdlRequest@request-headers">&lt;xml-fragment/></con:setting></con:settings><con:endpoint>None</con:endpoint><con:request/><con:credentials><con:selectedAuthProfile>No Authorization</con:selectedAuthProfile><con:authType>No Authorization</con:authType></con:credentials><con:jmsConfig JMSDeliveryMode="PERSISTENT"/><con:parameters/><con:parameterOrder><con:entry>X-TNGO-TENANT</con:entry><con:entry>Authorization</con:entry><con:entry>client_id</con:entry><con:entry>client_secret</con:entry><con:entry>type</con:entry></con:parameterOrder></con:request></con:method></con:resource><con:resource name="orders" path="/orders" id="df7554d6-0d33-4500-90c5-e768d2544574"><con:settings/><con:parameters><con:parameter><con:name>X-TNGO-TENANT</con:name><con:value/><con:style>HEADER</con:style><con:default/><con:description xsi:nil="true"/></con:parameter><con:parameter><con:name>confirm</con:name><con:value/><con:style>QUERY</con:style><con:default/><con:description xsi:nil="true"/></con:parameter><con:parameter><con:name>Authorization</con:name><con:value/><con:style>HEADER</con:style><con:default/><con:description xsi:nil="true"/></con:parameter><con:parameter><con:name>X-TNGO-CONTEXT-COMPANYEMPLOYEEID</con:name><con:value/><con:style>HEADER</con:style><con:default/><con:description xsi:nil="true"/></con:parameter><con:parameter><con:name>client_id</con:name><con:value/><con:style>HEADER</con:style><con:default/><con:description xsi:nil="true"/></con:parameter><con:parameter><con:name>client_secret</con:name><con:value/><con:style>HEADER</con:style><con:default/><con:description xsi:nil="true"/></con:parameter></con:parameters><con:method name="Method 1" id="efc760bd-19f2-441b-80e0-e0e5edde3688" method="POST"><con:settings/><con:parameters/><con:representation type="REQUEST"><con:mediaType>application/json</con:mediaType><con:params/></con:representation><con:representation type="RESPONSE"><con:mediaType>application/json;charset=UTF-8</con:mediaType><con:status>200</con:status><con:params/><con:element xmlns:ord="https://tg-mobility.cloudhub.io/mobility/v1/orders">ord:Response</con:element></con:representation><con:representation type="FAULT"><con:mediaType>application/json</con:mediaType><con:status>403 400 500</con:status><con:params/></con:representation><con:request name="Post" id="d3d4117b-3f44-4b19-8f2a-455909e11afa" mediaType="application/json" postQueryString="false"><con:settings><con:setting id="com.eviware.soapui.impl.wsdl.WsdlRequest@request-headers">&lt;xml-fragment/></con:setting></con:settings><con:endpoint>None</con:endpoint><con:request/><con:credentials><con:selectedAuthProfile>No Authorization</con:selectedAuthProfile><con:authType>No Authorization</con:authType></con:credentials><con:jmsConfig JMSDeliveryMode="PERSISTENT"/><con:parameters><entry key="confirm" value="true" xmlns="http://eviware.com/soapui/config"/></con:parameters><con:parameterOrder><con:entry>X-TNGO-CONTEXT-COMPANYEMPLOYEEID</con:entry><con:entry>X-TNGO-TENANT</con:entry><con:entry>Authorization</con:entry><con:entry>client_id</con:entry><con:entry>client_secret</con:entry><con:entry>confirm</con:entry></con:parameterOrder></con:request></con:method></con:resource><con:resource name="plans" path="/catalog/plans" id="1ca7c51a-0969-498b-8573-70b242c24a80"><con:settings/><con:parameters><con:parameter><con:name>X-TNGO-TENANT</con:name><con:value/><con:style>HEADER</con:style><con:default/><con:description xsi:nil="true"/></con:parameter><con:parameter><con:name>limit</con:name><con:value/><con:style>QUERY</con:style><con:default/><con:description xsi:nil="true"/></con:parameter><con:parameter><con:name>offset</con:name><con:value/><con:style>QUERY</con:style><con:default/><con:description xsi:nil="true"/></con:parameter><con:parameter><con:name>Authorization</con:name><con:value/><con:style>HEADER</con:style><con:default/><con:description xsi:nil="true"/></con:parameter><con:parameter><con:name>transactionType</con:name><con:value/><con:style>QUERY</con:style><con:default/><con:description xsi:nil="true"/></con:parameter><con:parameter><con:name>sortAscending</con:name><con:value/><con:style>QUERY</con:style><con:default/><con:description xsi:nil="true"/></con:parameter><con:parameter><con:name>service</con:name><con:value/><con:style>QUERY</con:style><con:default/><con:description xsi:nil="true"/></con:parameter><con:parameter><con:name>region</con:name><con:value/><con:style>QUERY</con:style><con:default/><con:description xsi:nil="true"/></con:parameter><con:parameter><con:name>client_secret</con:name><con:value/><con:style>HEADER</con:style><con:default/><con:description xsi:nil="true"/></con:parameter><con:parameter><con:name>client_id</con:name><con:value/><con:style>HEADER</con:style><con:default/><con:description xsi:nil="true"/></con:parameter></con:parameters><con:method name="Method 1" id="c452a567-fd3f-4080-a08b-868463d2fca3" method="GET"><con:settings/><con:parameters/><con:representation type="FAULT"><con:mediaType>application/json</con:mediaType><con:status>403 400</con:status><con:params/></con:representation><con:representation type="RESPONSE"><con:mediaType>application/json;charset=UTF-8</con:mediaType><con:status>200</con:status><con:params/><con:element xmlns:plan="https://tg-mobility.cloudhub.io/mobility/v1/catalog/plans">plan:Response</con:element></con:representation><con:request name="Request 1" id="03e8b1bb-95c9-49cd-ac6c-f15f48b37f81" mediaType="application/json"><con:settings><con:setting id="com.eviware.soapui.impl.wsdl.WsdlRequest@request-headers">&lt;xml-fragment/></con:setting></con:settings><con:endpoint>None</con:endpoint><con:request/><con:credentials><con:selectedAuthProfile>No Authorization</con:selectedAuthProfile><con:authType>No Authorization</con:authType></con:credentials><con:jmsConfig JMSDeliveryMode="PERSISTENT"/><con:parameters/><con:parameterOrder><con:entry>X-TNGO-TENANT</con:entry><con:entry>Authorization</con:entry><con:entry>client_id</con:entry><con:entry>client_secret</con:entry><con:entry>limit</con:entry><con:entry>offset</con:entry><con:entry>transactionType</con:entry><con:entry>service</con:entry><con:entry>region</con:entry><con:entry>sortAscending</con:entry></con:parameterOrder></con:request></con:method></con:resource></con:interface><con:interface xsi:type="con:RestService" id="83c108d4-ed0f-404a-a1d2-d19baf6f85d2" wadlVersion="http://wadl.dev.java.net/2009/02" name="https://tg-mobility.cloudhub.io" type="rest" xmlns:xsi="http://www.w3.org/2001/XMLSchema-instance"><con:settings/><con:definitionCache type="TEXT" rootPart=""/><con:endpoints><con:endpoint>https://tg-mobility.cloudhub.io</con:endpoint></con:endpoints><con:resource name="/assets/devices/id" path="/assets/devices/{id}" id="67804adc-80ae-4e1b-9985-3a864896627d"><con:settings/><con:parameters><con:parameter><con:name>id</con:name><con:value>id</con:value><con:style>TEMPLATE</con:style><con:default>id</con:default><con:path xsi:nil="true"/><con:description xsi:nil="true"/></con:parameter><con:parameter><con:name>X-TNGO-TENANT</con:name><con:value/><con:style>HEADER</con:style><con:default/><con:description xsi:nil="true"/></con:parameter><con:parameter><con:name>Authorization</con:name><con:value/><con:style>HEADER</con:style><con:default/><con:description xsi:nil="true"/></con:parameter><con:parameter><con:name>client_id</con:name><con:value/><con:style>HEADER</con:style><con:default/><con:description xsi:nil="true"/></con:parameter><con:parameter><con:name>client_secret</con:name><con:value/><con:style>HEADER</con:style><con:default/><con:description xsi:nil="true"/></con:parameter></con:parameters><con:method name="/assets/devices/id" id="ad8d1e0c-29aa-4a3e-8c20-dd1f83d44ac5" method="GET"><con:settings/><con:parameters/><con:representation type="RESPONSE"><con:mediaType>application/json;charset=UTF-8</con:mediaType><con:status>200</con:status><con:params/><con:element xmlns:ns="https://tg-mobility.cloudhub.io/mobility/v1/assets/devices/35433860">ns:Response</con:element></con:representation><con:request name="Request 1" id="2a515af1-03b1-454b-94f6-badea36eff11" mediaType="application/json"><con:settings><con:setting id="com.eviware.soapui.impl.wsdl.WsdlRequest@request-headers">&lt;xml-fragment/></con:setting></con:settings><con:endpoint>None</con:endpoint><con:request/><con:credentials><con:selectedAuthProfile>No Authorization</con:selectedAuthProfile><con:authType>No Authorization</con:authType></con:credentials><con:jmsConfig JMSDeliveryMode="PERSISTENT"/><con:parameters><entry key="id" value="" xmlns="http://eviware.com/soapui/config"/></con:parameters><con:parameterOrder><con:entry>X-TNGO-TENANT</con:entry><con:entry>Authorization</con:entry><con:entry>client_id</con:entry><con:entry>client_secret</con:entry><con:entry>id</con:entry></con:parameterOrder></con:request></con:method></con:resource></con:interface><con:interface xsi:type="con:RestService" id="5f2b153e-f82f-41d2-b488-72d459409313" wadlVersion="http://wadl.dev.java.net/2009/02" name="https://tngo-dev-mobproc-cmd.cloudhub.io" type="rest" xmlns:xsi="http://www.w3.org/2001/XMLSchema-instance"><con:settings/><con:definitionCache type="TEXT" rootPart=""/><con:endpoints><con:endpoint>https://tngo-dev-mobproc-cmd.cloudhub.io</con:endpoint></con:endpoints><con:resource name="Features" path="/catalog/features" id="469a5085-0cbd-497c-a29e-82c8dd5a6c7e"><con:settings/><con:parameters><con:parameter><con:name>sortAscending</con:name><con:value>true</con:value><con:style>QUERY</con:style><con:default>true</con:default><con:path xsi:nil="true"/><con:description xsi:nil="true"/></con:parameter><con:parameter><con:name>serviceNumber</con:name><con:value>7775551234</con:value><con:style>QUERY</con:style><con:default>7775551234</con:default><con:path xsi:nil="true"/><con:description xsi:nil="true"/></con:parameter><con:parameter><con:name>X-TNGO-TENANT</con:name><con:value/><con:style>HEADER</con:style><con:default/><con:description xsi:nil="true"/></con:parameter><con:parameter><con:name>Authorization</con:name><con:value/><con:style>HEADER</con:style><con:default/><con:description xsi:nil="true"/></con:parameter><con:parameter><con:name>client_id</con:name><con:value/><con:style>HEADER</con:style><con:default/><con:description xsi:nil="true"/></con:parameter><con:parameter><con:name>client_secret</con:name><con:value/><con:style>HEADER</con:style><con:default/><con:description xsi:nil="true"/></con:parameter></con:parameters><con:method name="Features" id="12fe1d6f-900c-4bea-94cd-859307eb969f" method="GET"><con:settings/><con:parameters/><con:representation type="RESPONSE"><con:mediaType xsi:nil="true"/><con:status>0</con:status><con:params/><con:element>data</con:element></con:representation><con:representation type="RESPONSE"><con:mediaType xsi:nil="true"/><con:status>0</con:status><con:params/><con:element>data</con:element></con:representation><con:representation type="RESPONSE"><con:mediaType xsi:nil="true"/><con:status>0</con:status><con:params/><con:element>data</con:element></con:representation><con:representation type="RESPONSE"><con:mediaType xsi:nil="true"/><con:status>0</con:status><con:params/><con:element>data</con:element></con:representation><con:representation type="RESPONSE"><con:mediaType xsi:nil="true"/><con:status>0</con:status><con:params/><con:element>data</con:element></con:representation><con:representation type="RESPONSE"><con:mediaType xsi:nil="true"/><con:status>0</con:status><con:params/><con:element>data</con:element></con:representation><con:representation type="RESPONSE"><con:mediaType xsi:nil="true"/><con:status>0</con:status><con:params/><con:element>data</con:element></con:representation><con:representation type="RESPONSE"><con:mediaType>application/json;charset=UTF-8</con:mediaType><con:status>200</con:status><con:params/><con:element xmlns:feat="https://tngo-qa-mobproc.cloudhub.io/mobproc/v1.qa/catalog/features">feat:Response</con:element></con:representation><con:representation type="FAULT"><con:mediaType>application/json</con:mediaType><con:status>403</con:status><con:params/></con:representation><con:request name="Request 1" id="77a32dbc-4b63-4daa-a79f-741ad187d595" mediaType="application/json"><con:settings><con:setting id="com.eviware.soapui.impl.wsdl.WsdlRequest@request-headers">&lt;xml-fragment/></con:setting></con:settings><con:endpoint>None</con:endpoint><con:request/><con:credentials><con:selectedAuthProfile>No Authorization</con:selectedAuthProfile><con:authType>No Authorization</con:authType></con:credentials><con:jmsConfig JMSDeliveryMode="PERSISTENT"/><con:parameters>
  <con:entry key="serviceNumber" value=""/>
  <con:entry key="sortAscending" value=""/>
</con:parameters><con:parameterOrder><con:entry>X-TNGO-TENANT</con:entry><con:entry>Authorization</con:entry><con:entry>client_id</con:entry><con:entry>client_secret</con:entry><con:entry>serviceNumber</con:entry><con:entry>sortAscending</con:entry></con:parameterOrder></con:request></con:method></con:resource></con:interface><con:testSuite id="b206d71c-6a5d-4d9e-97b1-582d2aeddf08" name="TS_OrderPostUpdateFeatures"><con:settings/><con:runType>SEQUENTIAL</con:runType><con:testCase id="2eed1050-c204-437d-a09b-ded1956cb4c4" discardOkResults="true" failOnError="true" failTestCaseOnErrors="true" keepSession="false" name="TC_OrdersPostUpdateFeatures" searchProperties="true" timeout="0" wsrmEnabled="false" wsrmVersion="1.0" wsrmAckTo="" amfAuthorisation="false" amfEndpoint="" amfLogin="" amfPassword=""><con:description/><con:settings/><con:testStep type="groovy" name="SetupPropertiesOrderPostUpdateFeatures" id="80e72050-0931-442e-ac03-5e0702f5dfa0"><con:settings/><con:config><script>// /////////////////////////////////////////////
// This sets up all of the test case properties
// /////////////////////////////////////////////

def groovyUtils = new com.eviware.soapui.support.GroovyUtils( context ); 
def projectPath = groovyUtils.projectPath //gets the path of the project root

// this is sanity check with a simple call. all this does is verify a simple connection 
// to the external clases by logging a message in log window.
soapUIScripts.CommonMethods.StaticMethod(log) 

// setup test case properties stored in 'DudleyDorightDataActions' class.
soapUIScripts.DudleyDorightDataActions.SetupTestCaseProperties(log, testRunner) 

// read in token pair and put in test case properties.
// NOTE: token pair must be in same folder as project
//       token pair must be up to date (not expired)
assert(soapUIScripts.CommonMethods.ReadTokenPair(projectPath + "\\" + "TokenPair.txt", log, testRunner) == true)

/* Reads user Ids and assigns to test case properties. */
def UrlIdsFileName = projectPath + "\\" + "DudleyDoright.txt"
assert soapUIScripts.CommonMethods.ReadUserIdsURL(UrlIdsFileName, log, testRunner) == true

def userIdsFileName = projectPath + "\\" + "AnaUserData.txt"
assert soapUIScripts.CommonMethods.ReadUserIds(userIdsFileName, log, testRunner) == true


// Set up offset and limit for requests
testRunner.testCase.setPropertyValue("offset", "0")
testRunner.testCase.setPropertyValue("limit", "200")
testRunner.testCase.setPropertyValue("sortAscending", "true")

// Generate a new External Order Number
String externalOrderNumber = soapUIScripts.CommonMethods.GenerateExternalOrderNumber()


def deviceId = testRunner.testCase.getPropertyValue("DeviceId")
def serviceId = testRunner.testCase.getPropertyValue("ServiceId")
def serviceNumber = testRunner.testCase.getPropertyValue("ServiceNumber")
def companyEmployeeId = testRunner.testCase.getPropertyValue("CompanyEmployeeId")
def instructions = "Testing - Additional Instructions"
def transactionType = "UPDATE_FEATURES"
def comments = "Testing - Update Features -"

testRunner.testCase.setPropertyValue("extOrderNumber", externalOrderNumber)
testRunner.testCase.setPropertyValue("Instructions", instructions)
testRunner.testCase.setPropertyValue("transactionType", transactionType)
testRunner.testCase.setPropertyValue("comments", comments)


// Add quotes to variables that will be used on the POST Update Features request's body.

def serviceIdBodyReq = "\"" + serviceId + "\""  
def serviceNumberBodyReq = "\"" + serviceNumber + "\""  
def instructionsBodyReq = "\"" + instructions  + "\""
def transactionTypeBodyReq =  "\"" + transactionType  + "\""
def commentsBodyReq =  "\"" + comments  + "\""


/* Set up test case property values with quotes to be used on the body request. */
testRunner.testCase.setPropertyValue( "ExternalOrderNumber", "\"" + externalOrderNumber + "\"")
testRunner.testCase.setPropertyValue( "ServiceIdRequest", serviceIdBodyReq)
testRunner.testCase.setPropertyValue( "ServiceNumberRequest", serviceNumberBodyReq)
testRunner.testCase.setPropertyValue( "InstructionsRequest", instructionsBodyReq)
testRunner.testCase.setPropertyValue( "transactionTypeRequest", transactionTypeBodyReq)
testRunner.testCase.setPropertyValue( "commentsRequest", commentsBodyReq)


/* Reads administrator Ids and assigns to test case properties. */
def adminInfoFileName = projectPath + "\\" + "AdministratorInformation.txt"
assert soapUIScripts.CommonMethods.ReadUserIds(adminInfoFileName, log, testRunner) == true

/* Set up context variables for the admin info that is read from file. */
context.AdminFirstName = testRunner.testCase.getPropertyValue("AdminFirstName")
context.AdminLastName = testRunner.testCase.getPropertyValue("AdminLastName")
context.AdminId = testRunner.testCase.getPropertyValue("AdminId")
context.AdminCompanyEmployeeId = testRunner.testCase.getPropertyValue("AdminCompanyEmployeeId")
context.AdminDepartmentName = testRunner.testCase.getPropertyValue("AdminDepartmentName")
context.AdminDepartmentId = testRunner.testCase.getPropertyValue("AdminDepartmentId")


log.info "External Order Number: " + externalOrderNumber 
log.info "deviceId: " + deviceId
log.info "serviceId: " + serviceId
log.info "serviceIdBodyReq: " + serviceIdBodyReq
log.info "serviceNumberBodyReq: " + serviceNumberBodyReq
log.info "companyEmployeeId: " + companyEmployeeId 

</script></con:config></con:testStep><con:testStep type="restrequest" name="RequestRegions" id="a82bea55-ed2b-4605-b43f-b09327052564"><con:settings/><con:config service="https://tg-mobility.cloudhub.io" resourcePath="/regions" methodName="Method 1" xsi:type="con:RestRequestStep" xmlns:xsi="http://www.w3.org/2001/XMLSchema-instance"><con:restRequest name="RequestRegions" id="d97b582a-5fd4-4c7b-8de9-a03cb3e7b3c2" mediaType="application/json"><con:settings><con:setting id="com.eviware.soapui.impl.wsdl.WsdlRequest@request-headers">&lt;xml-fragment/></con:setting></con:settings><con:endpoint>${#TestCase#URL}</con:endpoint><con:request/><con:originalUri>https://tg-mobility.cloudhub.io/mobility/v1/regions</con:originalUri><con:assertion type="GroovyScriptAssertion" id="6fd63006-fc2d-40d1-b3a0-6066fc6ba654" name="Script Assertion"><con:configuration/></con:assertion><con:assertion type="Valid HTTP Status Codes" id="553342d4-204a-432f-9863-1c1a1539631f" name="Valid HTTP Status Codes"><con:settings/><con:configuration><codes>200</codes></con:configuration></con:assertion><con:credentials><con:selectedAuthProfile>No Authorization</con:selectedAuthProfile><con:authType>No Authorization</con:authType></con:credentials><con:jmsConfig JMSDeliveryMode="PERSISTENT"/><con:parameters>
  <con:entry key="Authorization" value="Bearer ${#TestCase#AccessToken}"/>
  <con:entry key="X-TNGO-TENANT" value="${#TestCase#Tenant}"/>
  <con:entry key="client_secret" value="${#TestCase#client_secret}"/>
  <con:entry key="type" value="ALL"/>
  <con:entry key="client_id" value="${#TestCase#client_Id}"/>
</con:parameters><con:parameterOrder><con:entry>X-TNGO-TENANT</con:entry><con:entry>Authorization</con:entry><con:entry>client_id</con:entry><con:entry>client_secret</con:entry><con:entry>type</con:entry></con:parameterOrder></con:restRequest></con:config></con:testStep><con:testStep type="groovy" name="ScriptFindRegion" id="483ef568-ef0b-41f5-b19d-f3715f9a1ded"><con:settings/><con:config><script>// /////////////////////////////////////////////////////////////////////////////////////////////////////////////
// This gets the id for united states from the RequestRegions response and puts it into a test case property.
// /////////////////////////////////////////////////////////////////////////////////////////////////////////////

import groovy.json.JsonSlurper 
def groovyUtils = new com.eviware.soapui.support.GroovyUtils( context ); 
def testCase = context.testCase; 
def testStep = testCase.getTestStepByName("RequestRegions") 

// get response of last test step run.
def response = testStep.testRequest.messageExchange.response.responseContent
def slurper = new JsonSlurper()
def json = slurper.parseText response

def idList = []
def nameList = []
def typeList = []
boolean foundUS = false
def regionId =  ""


idList = json.regions.id // get list of region Ids
nameList = json.regions.name // get list of country name
typeList = json.regions.type // get list of type


try
{
	assert(idList.size() == nameList.size &amp;&amp; (nameList.size ==  typeList.size()))
}
catch (AssertionError e)
{
	log.info "ERROR: All lists in 'ScriptFindRegion' test step are not the same size."
	throw new RuntimeException("All lists in 'ScriptFindRegion' test step are not the same size.")
}

// we expect to find an ID for united states.
for(x = 0; x &lt; idList.size(); x++)
{
	if(nameList[x] == "United States" &amp;&amp; typeList[x] == "COUNTRY")
	{
		//log.info idList[x]	
		foundUS = true
		regionId = idList[x] 		
	}
}	

if(!foundUS) // if US region ID is not found, raise error.
{
	log.info "ERROR: region Id for 'United States' was not found in 'ScriptFindRegion' test step."
	throw new RuntimeException("region Id for 'United States' was not found in 'ScriptFindRegion' test step.")
}


// set test case property to hold the region id of united states. this variable will be used below.
testRunner.testCase.setPropertyValue("RegionId", regionId) 



</script></con:config></con:testStep><con:testStep type="restrequest" name="GetFeaturesForEmployeeService" id="74188487-2ee2-4e6a-b409-774793a5d7d5"><con:settings/><con:config service="https://tngo-dev-mobproc-cmd.cloudhub.io" resourcePath="/catalog/features" methodName="Features" xsi:type="con:RestRequestStep" xmlns:xsi="http://www.w3.org/2001/XMLSchema-instance"><con:restRequest name="GetFeaturesForEmployeeService" id="77a32dbc-4b63-4daa-a79f-741ad187d595" mediaType="application/json"><con:settings><con:setting id="com.eviware.soapui.impl.wsdl.WsdlRequest@request-headers">&lt;xml-fragment/></con:setting></con:settings><con:endpoint>${#TestCase#URL}</con:endpoint><con:request/><con:originalUri>https://tngo-qa-mobproc.cloudhub.io/mobproc/v1.qa/catalog/features</con:originalUri><con:assertion type="Valid HTTP Status Codes" id="fb876ca8-cd81-47bc-b8e5-d51d5dd88c2f" name="Valid HTTP Status Codes"><con:settings/><con:configuration><codes>200</codes></con:configuration></con:assertion><con:credentials><con:selectedAuthProfile>No Authorization</con:selectedAuthProfile><con:authType>No Authorization</con:authType></con:credentials><con:jmsConfig JMSDeliveryMode="PERSISTENT"/><con:parameters>
  <con:entry key="Authorization" value="Bearer ${#TestCase#AccessToken}"/>
  <con:entry key="serviceNumber" value="${#TestCase#ServiceNumber}"/>
  <con:entry key="sortAscending" value="${#TestCase#sortAscending}"/>
  <con:entry key="X-TNGO-TENANT" value="${#TestCase#Tenant}"/>
  <con:entry key="client_secret" value="${#TestCase#client_secret}"/>
  <con:entry key="client_id" value=" ${#TestCase#client_Id}"/>
</con:parameters><con:parameterOrder><con:entry>X-TNGO-TENANT</con:entry><con:entry>Authorization</con:entry><con:entry>client_id</con:entry><con:entry>client_secret</con:entry><con:entry>serviceNumber</con:entry><con:entry>sortAscending</con:entry></con:parameterOrder></con:restRequest></con:config></con:testStep><con:testStep type="groovy" name="SelectFeatures" id="f0da857d-dfbe-4c0a-93ee-89b1f4495419"><con:settings/><con:config><script>import groovy.json.JsonSlurper 
def groovyUtils = new com.eviware.soapui.support.GroovyUtils( context ); 

def testCase = context.testCase; 
def testStep = testCase.getTestStepByName("GetFeaturesForEmployeeService") 

// get response of last test step run.
def response = testStep.testRequest.messageExchange.response.responseContent
def slurper = new JsonSlurper()
def json = slurper.parseText response

// Define the ids of the features to be added to the user's plan
def featureAdd1 = json.features.items[0].id
def featureAdd2 = json.features.items[1].id

// Define the ids of the features to be removed from the user's plan
def featureRemove1 = json.features.items[12].id
def featureRemove2 = json.features.items[13].id

// Set up test case properties to use on the 'Order POST Update Features'
testRunner.testCase.setPropertyValue("featureAdd1", "\"" + featureAdd1 + "\"")
testRunner.testCase.setPropertyValue("featureAdd2", "\"" + featureAdd2 + "\"")
testRunner.testCase.setPropertyValue("featureRemove1", "\"" + featureRemove1 + "\"")
testRunner.testCase.setPropertyValue("featureRemove2", "\"" + featureRemove2 + "\"")

// Set up context variables to use on the verification steps
context.Features1Id = json.features.items[0].id
context.Features1Description = json.features.items[0].description
context.Features1Action = json.features.items[0].availableActions[0]
context.Features1PriceAmount = json.features.items[0].price.amount
context.Features1PriceCurrencyCode = json.features.items[0].price.currencyCode
context.Features1PriceRecurrence = json.features.items[0].price.recurrence

context.Features2Id = json.features.items[1].id
context.Features2Description = json.features.items[1].description
context.Features2Action = json.features.items[1].availableActions[0]
context.Features2PriceAmount = json.features.items[1].price.amount
context.Features2PriceCurrencyCode = json.features.items[1].price.currencyCode
context.Features2PriceRecurrence = json.features.items[1].price.recurrence

context.Features3Id = json.features.items[12].id
context.Features3Description = json.features.items[12].description
context.Features3Action = json.features.items[12].availableActions[1]
context.Features3PriceAmount = json.features.items[12].price.amount
context.Features3PriceCurrencyCode = json.features.items[12].price.currencyCode
context.Features3PriceRecurrence = json.features.items[12].price.recurrence

context.Features4Id = json.features.items[13].id
context.Features4Description = json.features.items[13].description
context.Features4Action = json.features.items[13].availableActions[1]
context.Features4PriceAmount = json.features.items[13].price.amount
context.Features4PriceCurrencyCode = json.features.items[13].price.currencyCode
context.Features4PriceRecurrence = json.features.items[13].price.recurrence

def amount = json.features.items[0].price.amount + json.features.items[1].price.amount - json.features.items[12].price.amount - json.features.items[13].price.amount
context.monthlyAmount = amount

log.info "Total amount: " + amount




</script></con:config></con:testStep><con:testStep type="restrequest" name="OrderPostUpdateFeatures" id="7f3aa179-4d72-479a-a419-8e57d69f0a22"><con:settings/><con:config service="https://tg-mobility.cloudhub.io" resourcePath="/orders" methodName="Method 1" xsi:type="con:RestRequestStep" xmlns:xsi="http://www.w3.org/2001/XMLSchema-instance"><con:restRequest name="OrderPostUpdateFeatures" id="80e4f0d8-0471-462a-96fd-f70db11ffa76" mediaType="application/json" postQueryString="false"><con:settings><con:setting id="com.eviware.soapui.impl.wsdl.WsdlRequest@request-headers">&lt;xml-fragment/></con:setting></con:settings><con:endpoint>${#TestCase#URL}</con:endpoint><con:request>{
  "orderRequest": {
    "externalOrderNumber": ${#TestCase#ExternalOrderNumber},
    "transactionType": ${#TestCase#transactionTypeRequest},
    "serviceId": ${#TestCase#ServiceIdRequest},
    "shoppingCart": {      
      "features": [
        {
          "id": ${#TestCase#featureAdd1},
          "action": "ADD"
        },
        {
          "id": ${#TestCase#featureAdd2},
          "action": "ADD"
        },
        {
          "id": ${#TestCase#featureRemove1},
          "action": "REMOVE"
        },
        {
          "id": ${#TestCase#featureRemove2},
          "action": "REMOVE"
        }
      ],
      "featureRequestComment": ${#TestCase#commentsRequest}
    },
    "properties": [
      {
        "groupId": "MISCELLANEOUS",
        "fields": [
          {
            "id": "CONTACT_NUMBER",
            "type": "TEXT",
            "text": "2035559360"
          },
          {
             "id": "SERVICE_NUMBER",
             "type": "TEXT",
             "text": ${#TestCase#ServiceNumberRequest}
          },
          {
            "id": "ADDITIONAL_INSTRUCTIONS",
            "type": "TEXT",
            "text": ${#TestCase#InstructionsRequest}
          }
        ]
      }
    ]
  }
}</con:request><con:originalUri>https://tg-mobility.cloudhub.io/mobility/v1/orders</con:originalUri><con:assertion type="Valid HTTP Status Codes" id="59e0354b-d7bc-47da-afc8-15261428db38" name="Valid HTTP Status Codes"><con:settings/><con:configuration><codes>200</codes></con:configuration></con:assertion><con:assertion type="Simple NotContains" id="f3329cef-9c40-47db-bb65-5de4ea816150" name="Not Contains"><con:configuration><token>ERROR</token><ignoreCase>false</ignoreCase><useRegEx>false</useRegEx></con:configuration></con:assertion><con:credentials><con:selectedAuthProfile>No Authorization</con:selectedAuthProfile><con:authType>No Authorization</con:authType></con:credentials><con:jmsConfig JMSDeliveryMode="PERSISTENT"/><con:parameters>
  <con:entry key="confirm" value="true"/>
  <con:entry key="Authorization" value="Bearer ${#TestCase#AccessToken}"/>
  <con:entry key="X-TNGO-CONTEXT-COMPANYEMPLOYEEID" value="${#TestCase#CompanyEmployeeId}"/>
  <con:entry key="X-TNGO-TENANT" value=" ${#TestCase#Tenant} "/>
  <con:entry key="client_secret" value="${#TestCase#client_secret}"/>
  <con:entry key="client_id" value="${#TestCase#client_Id}"/>
</con:parameters><con:parameterOrder><con:entry>X-TNGO-TENANT</con:entry><con:entry>X-TNGO-CONTEXT-COMPANYEMPLOYEEID</con:entry><con:entry>Authorization</con:entry><con:entry>client_id</con:entry><con:entry>client_secret</con:entry><con:entry>confirm</con:entry></con:parameterOrder></con:restRequest></con:config></con:testStep><con:testStep type="groovy" name="VerifyJsonResponseOrderUpdateFeatures" id="7ce3fcc2-864d-43f7-80f4-b8608ad8e642"><con:settings/><con:config><script>import groovy.json.JsonSlurper 
def groovyUtils = new com.eviware.soapui.support.GroovyUtils( context ); 

def testCase = context.testCase; 
def testStep = testCase.getTestStepByName("OrderPostUpdateFeatures") 

// get response of last test step run.
def response = testStep.testRequest.messageExchange.response.responseContent
def slurper = new JsonSlurper()
def json = slurper.parseText response

def employeeId = testRunner.testCase.getPropertyValue("EmployeeId")
def companyEmployeeId = testRunner.testCase.getPropertyValue("CompanyEmployeeId")
def departmentId = testRunner.testCase.getPropertyValue("DepartmentId")
def departmentName = testRunner.testCase.getPropertyValue("DepartmentName")
def deviceId = testRunner.testCase.getPropertyValue("DeviceId")
def logoUrl = testRunner.testCase.getPropertyValue("LogoUrl")
def serviceNumber = testRunner.testCase.getPropertyValue("ServiceNumber")
def serviceId = testRunner.testCase.getPropertyValue("ServiceId")
def regionId = testRunner.testCase.getPropertyValue("RegionId")
def mainUrl = testRunner.testCase.getPropertyValue("URL")
def externalOrderNumber = testRunner.testCase.getPropertyValue("extOrderNumber")


/* Order POST Update Features - Confirmation = true */

/* Expected values */ 

String status = "SUCCESS"
String orderConfirmationTransactionType = testRunner.testCase.getPropertyValue("transactionType")
String orderConfirmationExternalOrderNumber = externalOrderNumber

/* Device */
String orderConfirmationDeviceId = deviceId
String orderConfirmationDeviceManufacturerMetaHref = mainUrl + "/manufacturers/Samsung"
String orderConfirmationDeviceManufacturerId = "Samsung"
String orderConfirmationDeviceManufacturerName = "Samsung"
String orderConfirmationDeviceManufacturerLogoUrl = logoUrl + "manage/images/manufacturers/Samsung.gif"
String orderConfirmationDeviceModel = "Galaxy S4 (16GB) - Black Mist"
String orderConfirmationDeviceSimId = "78964651"
String orderConfirmationDeviceAccessMethod = "CDMA"
String orderConfirmationDeviceMacAddress = "223366"
String orderConfirmationDeviceCompanyAssetId = "13465"
String orderConfirmationDeviceSerialNumberType = "IMEI"
String orderConfirmationDeviceSerialNumberValue = "132123123"

/* Service */
String orderConfirmationServiceId = serviceId
String orderConfirmationServiceMetaHref = mainUrl + "/assets/services/" + serviceId
String orderConfirmationServiceServiceNumber = serviceNumber
String orderConfirmationServiceStatus = "ACTIVE"
String orderConfirmationServiceContractDatesStart = "2016-03-18T05:00:00Z"
String orderConfirmationServiceContractDatesEnd = "2018-04-02T05:00:00Z"
String orderConfirmationServiceContractDatesActivated = "2016-03-18T05:00:00Z"
//String orderConfirmationServiceContractDatesDeactivated 
String orderConfirmationServiceContractDatesLastDeviceUpgrade = "2016-03-18T05:00:00Z"
 
/* Region */
String orderConfirmationRegionId = regionId
String orderConfirmationRegionMetaHref = mainUrl + "/regions/" + orderConfirmationRegionId 
String orderConfirmationRegionName = "United States"

/* Account Holder */
String orderConfirmationAccountHolderId = employeeId
String orderConfirmationAccountHolderMetaHref = mainUrl + "/employees/" + employeeId
String orderConfirmationAccountHolderCompanyEmployeeId = companyEmployeeId 
String orderConfirmationAccountHolderFirstName = testRunner.testCase.getPropertyValue("FirstName")
String orderConfirmationAccountHolderLastName = testRunner.testCase.getPropertyValue("LastName")
String orderConfirmationAccountHolderOfficePhone = testRunner.testCase.getPropertyValue("OfficePhone")
String orderConfirmationAccountHolderStatus = "ACTIVE"
String orderConfirmationAccountHolderEmail = testRunner.testCase.getPropertyValue("Email")
String orderConfirmationAccountHolderDepartmentId = departmentId
String orderConfirmationAccountHolderDepartmentName = departmentName

/* Requested By */
String orderConfirmationRequestedById = context.AdminId
String orderConfirmationRequestedByMetaHref = mainUrl + "/employees/" + context.AdminId
String orderConfirmationRequestedByCompanyEmployeeId = context.AdminCompanyEmployeeId
String orderConfirmationRequestedByFirstName = context.AdminFirstName
String orderConfirmationRequestedByLastName = context.AdminLastName 
String orderConfirmationRequestedByStatus = "ACTIVE"
String orderConfirmationRequestedByEmail = "sn2.admin.xx1@example.com"
String orderConfirmationRequestedByOfficePhone = "781-883-4749"
String orderConfirmationRequestedByDepartmentId = context.AdminDepartmentId 
String orderConfirmationRequestedByDepartmentName = context.AdminDepartmentName

/* Shopping Cart */
String orderConfirmationShoppingCartQuantity = "0"

String orderConfirmationShoppingCartFeatures1Id = context.Features1Id
String orderConfirmationShoppingCartFeatures1Description = context.Features1Description
String orderConfirmationShoppingCartFeatures1Action = context.Features1Action
String orderConfirmationShoppingCartFeatures1PriceAmount = context.Features1PriceAmount
String orderConfirmationShoppingCartFeatures1PriceCurrencyCode = context.Features1PriceCurrencyCode
String orderConfirmationShoppingCartFeatures1PriceRecurrence = context.Features1PriceRecurrence

String orderConfirmationShoppingCartFeatures2Id = context.Features2Id
String orderConfirmationShoppingCartFeatures2Description = context.Features2Description
String orderConfirmationShoppingCartFeatures2Action = context.Features2Action
String orderConfirmationShoppingCartFeatures2PriceAmount = context.Features2PriceAmount
String orderConfirmationShoppingCartFeatures2PriceCurrencyCode = context.Features2PriceCurrencyCode
String orderConfirmationShoppingCartFeatures2PriceRecurrence = context.Features2PriceRecurrence

String orderConfirmationShoppingCartFeatures3Id = context.Features3Id
String orderConfirmationShoppingCartFeatures3Description = context.Features3Description
String orderConfirmationShoppingCartFeatures3Action = context.Features3Action
String orderConfirmationShoppingCartFeatures3PriceAmount = context.Features3PriceAmount
String orderConfirmationShoppingCartFeatures3PriceCurrencyCode = context.Features3PriceCurrencyCode
String orderConfirmationShoppingCartFeatures3PriceRecurrence = context.Features3PriceRecurrence

String orderConfirmationShoppingCartFeatures4Id = context.Features4Id
String orderConfirmationShoppingCartFeatures4Description = context.Features4Description
String orderConfirmationShoppingCartFeatures4Action = context.Features4Action
String orderConfirmationShoppingCartFeatures4PriceAmount = context.Features4PriceAmount
String orderConfirmationShoppingCartFeatures4PriceCurrencyCode = context.Features4PriceCurrencyCode
String orderConfirmationShoppingCartFeatures4PriceRecurrence = context.Features4PriceRecurrence

String orderConfirmationShoppingCartFeaturesRequestComment = testRunner.testCase.getPropertyValue("comments")  //missing on spreadsheet
        

/* Cost Summary */ 
String orderConfirmationCostSummary1Amount = "0"
String orderConfirmationCostSummary1CurrencyCode = "USD"
String orderConfirmationCostSummary1Recurrence = "ONETIME"

String orderConfirmationCostSummary2Amount = context.monthlyAmount
String orderConfirmationCostSummary2CurrencyCode = "USD"
String orderConfirmationCostSummary2Recurrence = "MONTHLY"


/* Properties */
String orderConfirmationPropertiesGroupId = "MISCELLANEOUS"

/* property 1 */
String orderConfirmationPropertiesFields1Id = "CONTACT_NUMBER"
String orderConfirmationPropertiesFields1Label = "Contact Phone Number"
String orderConfirmationPropertiesFields1Type = "TEXT"
String orderConfirmationPropertiesFields1Text = "2035559360"

/* property 2 */
String orderConfirmationPropertiesFields2Id = "SERVICE_NUMBER"
String orderConfirmationPropertiesFields2Label = "Service Number"
String orderConfirmationPropertiesFields2Type = "TEXT"
String orderConfirmationPropertiesFields2Text = serviceNumber

/* property 3 */
String orderConfirmationPropertiesFields3Id = "ADDITIONAL_INSTRUCTIONS"
String orderConfirmationPropertiesFields3Label = "Additional Instructions"
String orderConfirmationPropertiesFields3Type = "TEXT"
String orderConfirmationPropertiesFields3Text = testRunner.testCase.getPropertyValue("Instructions")



/* Verify Expected Values */
CompareItemsTwoStrings(json.status, status)
CompareItemsTwoStrings(json.orderConfirmation.transactionType, orderConfirmationTransactionType)
CompareItemsTwoStrings(json.orderConfirmation.externalOrderNumber, orderConfirmationExternalOrderNumber)
// Verify that External Order Number contains string "QAOrderNumber"
//String jsonExtOrderNumber = json.orderConfirmation.externalOrderNumber
//assert(jsonExtOrderNumber.contains("QAOrderNumber"))


/* Device */
CompareItemsTwoStrings(json.orderConfirmation.device.manufacturer._meta.href, orderConfirmationDeviceManufacturerMetaHref)
CompareItemsTwoStrings(json.orderConfirmation.device.manufacturer.id, orderConfirmationDeviceManufacturerId)
CompareItemsTwoStrings(json.orderConfirmation.device.manufacturer.name, orderConfirmationDeviceManufacturerName)
CompareItemsTwoStrings(json.orderConfirmation.device.manufacturer.logoUrl, orderConfirmationDeviceManufacturerLogoUrl)
CompareItemsTwoStrings(json.orderConfirmation.device.id, orderConfirmationDeviceId)
CompareItemsTwoStrings(json.orderConfirmation.device.model, orderConfirmationDeviceModel)
CompareItemsTwoStrings(json.orderConfirmation.device.simId, orderConfirmationDeviceSimId)
CompareItemsTwoStrings(json.orderConfirmation.device.accessMethod, orderConfirmationDeviceAccessMethod)
CompareItemsTwoStrings(json.orderConfirmation.device.macAddress, orderConfirmationDeviceMacAddress)
CompareItemsTwoStrings(json.orderConfirmation.device.companyAssetId, orderConfirmationDeviceCompanyAssetId)
CompareItemsTwoStrings(json.orderConfirmation.device.serialNumber.type, orderConfirmationDeviceSerialNumberType)
CompareItemsTwoStrings(json.orderConfirmation.device.serialNumber.value, orderConfirmationDeviceSerialNumberValue)

/* Service */
CompareItemsTwoStrings(json.orderConfirmation.service._meta.href, orderConfirmationServiceMetaHref)
CompareItemsTwoStrings(json.orderConfirmation.service.id, orderConfirmationServiceId)
CompareItemsTwoStrings(json.orderConfirmation.service.serviceNumber, orderConfirmationServiceServiceNumber)
CompareItemsTwoStrings(json.orderConfirmation.service.status, orderConfirmationServiceStatus)
CompareItemsTwoStrings(json.orderConfirmation.service.contractDates.start, orderConfirmationServiceContractDatesStart)
CompareItemsTwoStrings(json.orderConfirmation.service.contractDates.end, orderConfirmationServiceContractDatesEnd)
CompareItemsTwoStrings(json.orderConfirmation.service.contractDates.activated, orderConfirmationServiceContractDatesActivated)
CompareItemsTwoStrings(json.orderConfirmation.service.contractDates.lastDeviceUpgrade, orderConfirmationServiceContractDatesLastDeviceUpgrade)

/* Region */
CompareItemsTwoStrings(json.orderConfirmation.region._meta.href, orderConfirmationRegionMetaHref)
CompareItemsTwoStrings(json.orderConfirmation.region.id, orderConfirmationRegionId)
CompareItemsTwoStrings(json.orderConfirmation.region.name, orderConfirmationRegionName)

/* Account Holder */
CompareItemsTwoStrings(json.orderConfirmation.accountHolder._meta.href, orderConfirmationAccountHolderMetaHref)
CompareItemsTwoStrings(json.orderConfirmation.accountHolder.id, orderConfirmationAccountHolderId)
CompareItemsTwoStrings(json.orderConfirmation.accountHolder.companyEmployeeId, orderConfirmationAccountHolderCompanyEmployeeId)
CompareItemsTwoStrings(json.orderConfirmation.accountHolder.firstName, orderConfirmationAccountHolderFirstName)
CompareItemsTwoStrings(json.orderConfirmation.accountHolder.lastName, orderConfirmationAccountHolderLastName)
CompareItemsTwoStrings(json.orderConfirmation.accountHolder.officePhone, orderConfirmationAccountHolderOfficePhone)
CompareItemsTwoStrings(json.orderConfirmation.accountHolder.status, orderConfirmationAccountHolderStatus)
CompareItemsTwoStrings(json.orderConfirmation.accountHolder.email, orderConfirmationAccountHolderEmail)
CompareItemsTwoStrings(json.orderConfirmation.accountHolder.department.id, orderConfirmationAccountHolderDepartmentId)
CompareItemsTwoStrings(json.orderConfirmation.accountHolder.department.name, orderConfirmationAccountHolderDepartmentName)

/* Requested By */
CompareItemsTwoStrings(json.orderConfirmation.requestedBy._meta.href, orderConfirmationRequestedByMetaHref)
CompareItemsTwoStrings(json.orderConfirmation.requestedBy.id, orderConfirmationRequestedById)
CompareItemsTwoStrings(json.orderConfirmation.requestedBy.companyEmployeeId, orderConfirmationRequestedByCompanyEmployeeId)
CompareItemsTwoStrings(json.orderConfirmation.requestedBy.firstName, orderConfirmationRequestedByFirstName)
CompareItemsTwoStrings(json.orderConfirmation.requestedBy.lastName, orderConfirmationRequestedByLastName)
CompareItemsTwoStrings(json.orderConfirmation.requestedBy.status, orderConfirmationRequestedByStatus)
CompareItemsTwoStrings(json.orderConfirmation.requestedBy.email, orderConfirmationRequestedByEmail)
CompareItemsTwoStrings(json.orderConfirmation.requestedBy.officePhone, orderConfirmationRequestedByOfficePhone)
CompareItemsTwoStrings(json.orderConfirmation.requestedBy.department.id, orderConfirmationRequestedByDepartmentId)
CompareItemsTwoStrings(json.orderConfirmation.requestedBy.department.name, orderConfirmationRequestedByDepartmentName)

/* Shopping Cart */
CompareItemsTwoStrings(json.orderConfirmation.shoppingCart.quantity, orderConfirmationShoppingCartQuantity)

CompareItemsTwoStrings(json.orderConfirmation.shoppingCart.features[0].id, orderConfirmationShoppingCartFeatures1Id)
CompareItemsTwoStrings(json.orderConfirmation.shoppingCart.features[0].description, orderConfirmationShoppingCartFeatures1Description)
CompareItemsTwoStrings(json.orderConfirmation.shoppingCart.features[0].action, orderConfirmationShoppingCartFeatures1Action)
CompareItemsTwoStrings(json.orderConfirmation.shoppingCart.features[0].price.amount, orderConfirmationShoppingCartFeatures1PriceAmount)
CompareItemsTwoStrings(json.orderConfirmation.shoppingCart.features[0].price.currencyCode, orderConfirmationShoppingCartFeatures1PriceCurrencyCode)
CompareItemsTwoStrings(json.orderConfirmation.shoppingCart.features[0].price.recurrence, orderConfirmationShoppingCartFeatures1PriceRecurrence)

CompareItemsTwoStrings(json.orderConfirmation.shoppingCart.features[1].id, orderConfirmationShoppingCartFeatures2Id)
CompareItemsTwoStrings(json.orderConfirmation.shoppingCart.features[1].description, orderConfirmationShoppingCartFeatures2Description)
CompareItemsTwoStrings(json.orderConfirmation.shoppingCart.features[1].action, orderConfirmationShoppingCartFeatures2Action)
CompareItemsTwoStrings(json.orderConfirmation.shoppingCart.features[1].price.amount, orderConfirmationShoppingCartFeatures2PriceAmount)
CompareItemsTwoStrings(json.orderConfirmation.shoppingCart.features[1].price.currencyCode, orderConfirmationShoppingCartFeatures2PriceCurrencyCode)
CompareItemsTwoStrings(json.orderConfirmation.shoppingCart.features[1].price.recurrence, orderConfirmationShoppingCartFeatures2PriceRecurrence)
 
CompareItemsTwoStrings(json.orderConfirmation.shoppingCart.features[2].id, orderConfirmationShoppingCartFeatures3Id)
CompareItemsTwoStrings(json.orderConfirmation.shoppingCart.features[2].description, orderConfirmationShoppingCartFeatures3Description)
CompareItemsTwoStrings(json.orderConfirmation.shoppingCart.features[2].action, orderConfirmationShoppingCartFeatures3Action)
CompareItemsTwoStrings(json.orderConfirmation.shoppingCart.features[2].price.amount, orderConfirmationShoppingCartFeatures3PriceAmount)
CompareItemsTwoStrings(json.orderConfirmation.shoppingCart.features[2].price.currencyCode, orderConfirmationShoppingCartFeatures3PriceCurrencyCode)
CompareItemsTwoStrings(json.orderConfirmation.shoppingCart.features[2].price.recurrence, orderConfirmationShoppingCartFeatures3PriceRecurrence)

CompareItemsTwoStrings(json.orderConfirmation.shoppingCart.features[3].id, orderConfirmationShoppingCartFeatures4Id)
CompareItemsTwoStrings(json.orderConfirmation.shoppingCart.features[3].description, orderConfirmationShoppingCartFeatures4Description)
CompareItemsTwoStrings(json.orderConfirmation.shoppingCart.features[3].action, orderConfirmationShoppingCartFeatures4Action)
CompareItemsTwoStrings(json.orderConfirmation.shoppingCart.features[3].price.amount, orderConfirmationShoppingCartFeatures4PriceAmount)
CompareItemsTwoStrings(json.orderConfirmation.shoppingCart.features[3].price.currencyCode, orderConfirmationShoppingCartFeatures4PriceCurrencyCode)
CompareItemsTwoStrings(json.orderConfirmation.shoppingCart.features[3].price.recurrence, orderConfirmationShoppingCartFeatures4PriceRecurrence)
 
CompareItemsTwoStrings(json.orderConfirmation.shoppingCart.featureRequestComment, orderConfirmationShoppingCartFeaturesRequestComment)

/* Cost Summary */ 
CompareItemsTwoStrings(json.orderConfirmation.costSummary[0].amount, orderConfirmationCostSummary1Amount)
CompareItemsTwoStrings(json.orderConfirmation.costSummary[0].currencyCode, orderConfirmationCostSummary1CurrencyCode)
CompareItemsTwoStrings(json.orderConfirmation.costSummary[0].recurrence, orderConfirmationCostSummary1Recurrence)

CompareItemsTwoStrings(trunc(json.orderConfirmation.costSummary[1].amount), orderConfirmationCostSummary2Amount)
CompareItemsTwoStrings(json.orderConfirmation.costSummary[1].currencyCode, orderConfirmationCostSummary2CurrencyCode)
CompareItemsTwoStrings(json.orderConfirmation.costSummary[1].recurrence, orderConfirmationCostSummary2Recurrence)

/* Properties */
CompareItemsTwoStrings(json.orderConfirmation.properties[0].groupId, orderConfirmationPropertiesGroupId)

CompareItemsTwoStrings(json.orderConfirmation.properties.fields[0].id[0], orderConfirmationPropertiesFields1Id)
CompareItemsTwoStrings(json.orderConfirmation.properties.fields[0].label[0], orderConfirmationPropertiesFields1Label)
CompareItemsTwoStrings(json.orderConfirmation.properties.fields[0].type[0], orderConfirmationPropertiesFields1Type)
CompareItemsTwoStrings(json.orderConfirmation.properties.fields[0].text[0], orderConfirmationPropertiesFields1Text)

CompareItemsTwoStrings(json.orderConfirmation.properties.fields[0].id[1], orderConfirmationPropertiesFields2Id)
CompareItemsTwoStrings(json.orderConfirmation.properties.fields[0].label[1], orderConfirmationPropertiesFields2Label)
CompareItemsTwoStrings(json.orderConfirmation.properties.fields[0].type[1], orderConfirmationPropertiesFields2Type)
CompareItemsTwoStrings(json.orderConfirmation.properties.fields[0].text[1], orderConfirmationPropertiesFields2Text)

CompareItemsTwoStrings(json.orderConfirmation.properties.fields[0].id[2], orderConfirmationPropertiesFields3Id)
CompareItemsTwoStrings(json.orderConfirmation.properties.fields[0].label[2], orderConfirmationPropertiesFields3Label)
CompareItemsTwoStrings(json.orderConfirmation.properties.fields[0].type[2], orderConfirmationPropertiesFields3Type)
CompareItemsTwoStrings(json.orderConfirmation.properties.fields[0].text[2], orderConfirmationPropertiesFields3Text)




void CompareItemsTwoStrings(json, expectedValueString)
{
	String jsonString = json
	
	// this will show each compare being made - DEBUG ONLY 
	log.info "Json: " + jsonString + " Expected: " + expectedValueString 
	assert(jsonString == expectedValueString) 
	
}


// Used to truncate a value (price) that has a large amount of decimal digits.
String trunc(amount){
	String numString = amount.toString()
	double total = Double.parseDouble(numString)
	double rounded = total.trunc(2)
	return rounded.toString()
}

</script></con:config></con:testStep><con:testStep type="groovy" name="SetConfirmEmptyPostUpgradeService" id="ba6dd90b-938f-4a34-a5d7-2070289883b1"><con:settings/><con:config><script>/* Set Confirm = 'empty' to have a new Order POST Upgrade (device) created. */

testRunner.testCase.setPropertyValue( "ConfirmState", "") 
</script></con:config></con:testStep><con:testStep type="restrequest" name="OrderPostUpdateFeaturesConfirmEmpty" id="9e530cd9-e9cf-43b7-8d6f-0f8eb50d883d"><con:settings/><con:config service="https://tg-mobility.cloudhub.io" resourcePath="/orders" methodName="Method 1" xsi:type="con:RestRequestStep" xmlns:xsi="http://www.w3.org/2001/XMLSchema-instance"><con:restRequest name="OrderPostUpdateFeaturesConfirmEmpty" id="80e4f0d8-0471-462a-96fd-f70db11ffa76" mediaType="application/json" postQueryString="false"><con:settings><con:setting id="com.eviware.soapui.impl.wsdl.WsdlRequest@request-headers">&lt;xml-fragment/></con:setting></con:settings><con:endpoint>${#TestCase#URL}</con:endpoint><con:request>{
  "orderRequest": {
    "externalOrderNumber": ${#TestCase#ExternalOrderNumber},
    "transactionType": ${#TestCase#transactionTypeRequest},
    "serviceId": ${#TestCase#ServiceIdRequest},
    "shoppingCart": {      
      "features": [
        {
          "id": ${#TestCase#featureAdd1},
          "action": "ADD"
        },
        {
          "id": ${#TestCase#featureAdd2},
          "action": "ADD"
        },
        {
          "id": ${#TestCase#featureRemove1},
          "action": "REMOVE"
        },
        {
          "id": ${#TestCase#featureRemove2},
          "action": "REMOVE"
        }
      ],
      "featureRequestComment": ${#TestCase#commentsRequest}
    },
    "properties": [
      {
        "groupId": "MISCELLANEOUS",
        "fields": [
          {
            "id": "CONTACT_NUMBER",
            "type": "TEXT",
            "text": "2035559360"
          },
          {
             "id": "SERVICE_NUMBER",
             "type": "TEXT",
             "text": ${#TestCase#ServiceNumberRequest}
          },
          {
            "id": "ADDITIONAL_INSTRUCTIONS",
            "type": "TEXT",
            "text": ${#TestCase#InstructionsRequest}
          }
        ]
      }
    ]
  }
}</con:request><con:originalUri>https://tg-mobility.cloudhub.io/mobility/v1/orders</con:originalUri><con:assertion type="Valid HTTP Status Codes" id="59e0354b-d7bc-47da-afc8-15261428db38" name="Valid HTTP Status Codes"><con:settings/><con:configuration><codes>200</codes></con:configuration></con:assertion><con:assertion type="Simple NotContains" id="f3329cef-9c40-47db-bb65-5de4ea816150" name="Not Contains"><con:configuration><token>ERROR</token><ignoreCase>false</ignoreCase><useRegEx>false</useRegEx></con:configuration></con:assertion><con:credentials><con:selectedAuthProfile>No Authorization</con:selectedAuthProfile><con:authType>No Authorization</con:authType></con:credentials><con:jmsConfig JMSDeliveryMode="PERSISTENT"/><con:parameters>
  <con:entry key="confirm" value="${#TestCase#ConfirmState}"/>
  <con:entry key="Authorization" value="Bearer ${#TestCase#AccessToken}"/>
  <con:entry key="X-TNGO-CONTEXT-COMPANYEMPLOYEEID" value="${#TestCase#CompanyEmployeeId}"/>
  <con:entry key="X-TNGO-TENANT" value=" ${#TestCase#Tenant} "/>
  <con:entry key="client_secret" value="${#TestCase#client_secret}"/>
  <con:entry key="client_id" value="${#TestCase#client_Id}"/>
</con:parameters><con:parameterOrder><con:entry>X-TNGO-TENANT</con:entry><con:entry>X-TNGO-CONTEXT-COMPANYEMPLOYEEID</con:entry><con:entry>Authorization</con:entry><con:entry>client_id</con:entry><con:entry>client_secret</con:entry><con:entry>confirm</con:entry></con:parameterOrder></con:restRequest></con:config></con:testStep><con:testStep type="groovy" name="VerifyJsonResponseConfirmEmptyUpdateFeatures" id="ecfda541-d079-413e-85a4-488c429604bd"><con:settings/><con:config><script>import groovy.json.JsonSlurper 

import java.text.DateFormat;
import java.text.SimpleDateFormat;
import java.util.Date;

def groovyUtils = new com.eviware.soapui.support.GroovyUtils( context ); 

def testCase = context.testCase; 
def testStep = testCase.getTestStepByName("OrderPostUpdateFeaturesConfirmEmpty") 

// get response of last test step run.
def response = testStep.testRequest.messageExchange.response.responseContent
def slurper = new JsonSlurper()
def json = slurper.parseText response

def employeeId = testRunner.testCase.getPropertyValue("EmployeeId")
def companyEmployeeId = testRunner.testCase.getPropertyValue("CompanyEmployeeId")
def departmentId = testRunner.testCase.getPropertyValue("DepartmentId")
def departmentName = testRunner.testCase.getPropertyValue("DepartmentName")
def deviceId = testRunner.testCase.getPropertyValue("DeviceId")
def logoUrl = testRunner.testCase.getPropertyValue("LogoUrl")
def serviceNumber = testRunner.testCase.getPropertyValue("ServiceNumber")
def serviceId = testRunner.testCase.getPropertyValue("ServiceId")
def regionId = testRunner.testCase.getPropertyValue("RegionId")
def mainUrl = testRunner.testCase.getPropertyValue("URL")
def externalOrderNumber = testRunner.testCase.getPropertyValue("extOrderNumber")


/* Order POST Update Features - Confirmation = false */

/* Expected Values */

String orderMetaHref = mainUrl + "/orders/"
String orderDateSubmitted = getCurrentDate()
String orderOrderId = trimLeftFromHref(json.order._meta.href) 
String orderExternalOrderNumber = externalOrderNumber
String orderTransactionType = testRunner.testCase.getPropertyValue("transactionType")
String orderStatus = "ORDER_SUBMITTED"
String orderServiceNumber = serviceNumber
String status = "SUCCESS"

/* Account Holder */
String orderAccountHolderId = employeeId
String orderAccountHolderMetaHref = mainUrl + "/employees/" + employeeId
String orderAccountHolderCompanyEmployeeId = companyEmployeeId 
String orderAccountHolderFirstName = testRunner.testCase.getPropertyValue("FirstName")
String orderAccountHolderLastName = testRunner.testCase.getPropertyValue("LastName")
String orderAccountHolderOfficePhone = testRunner.testCase.getPropertyValue("OfficePhone")
String orderAccountHolderStatus = "ACTIVE"
String orderAccountHolderEmail = testRunner.testCase.getPropertyValue("Email")
String orderAccountHolderDepartmentId = departmentId
String orderAccountHolderDepartmentName = departmentName

/* Requested By */
String orderRequestedById = context.AdminId
String orderRequestedByMetaHref = mainUrl + "/employees/" + context.AdminId
String orderRequestedByCompanyEmployeeId = context.AdminCompanyEmployeeId
String orderRequestedByFirstName = context.AdminFirstName
String orderRequestedByLastName = context.AdminLastName
String orderRequestedByStatus = "ACTIVE"
String orderRequestedByEmail = "sn2.admin.xx1@example.com"
String orderRequestedByOfficePhone = "781-883-4749"
String orderRequestedByDepartmentId = context.AdminDepartmentId 
String orderRequestedByDepartmentName = context.AdminDepartmentName

/* Properties */
String orderPropertiesGroupId = "MISCELLANEOUS"

/* property 1 */
String orderPropertiesFields1Id = "CONTACT_NUMBER"
String orderPropertiesFields1Label = "Contact Phone Number"
String orderPropertiesFields1Type = "TEXT"
String orderPropertiesFields1Text = "2035559360"

/* property 2 */
String orderPropertiesFields2Id = "SERVICE_NUMBER"
String orderPropertiesFields2Label = "Service Number"
String orderPropertiesFields2Type = "TEXT"
String orderPropertiesFields2Text = serviceNumber

/* property 3 */
String orderPropertiesFields3Id = "ADDITIONAL_INSTRUCTIONS"
String orderPropertiesFields3Label = "Additional Instructions"
String orderPropertiesFields3Type = "TEXT"
String orderPropertiesFields3Text = testRunner.testCase.getPropertyValue("Instructions")

/* Order Segments*/
String orderOrderSegmentsItemsOrderSegmentId = (Integer.parseInt(orderOrderId) + 1)
String orderOrderSegmentsItemsMetaHrefHistory = mainUrl + "/orders/" + orderOrderId + "/history?orderSegment=" + orderOrderSegmentsItemsOrderSegmentId
String orderOrderSegmentsItemsMetaHrefShipments = mainUrl + "/orders/" + orderOrderId + "/shipments?orderSegment=" + orderOrderSegmentsItemsOrderSegmentId
String orderOrderSegmentsItemsStatus = "ORDER_SUBMITTED"

String orderOrderSegmentsItemsVendorId = "98"
String orderOrderSegmentsItemsVendorMetaHref = mainUrl + "/vendors/" + orderOrderSegmentsItemsVendorId
String orderOrderSegmentsItemsVendorName = "Verizon Wireless"
String orderOrderSegmentsItemsVendorLogoUrl = logoUrl + "manage/images/carrier/logo_VER.gif"

String orderOrderSegmentsItemsFeatures1Id = context.Features1Id
String orderOrderSegmentsItemsFeatures1Description = context.Features1Description
String orderOrderSegmentsItemsFeatures1Action = context.Features1Action
String orderOrderSegmentsItemsFeatures1PriceAmount = context.Features1PriceAmount
String orderOrderSegmentsItemsFeatures1PriceCurrencyCode = context.Features1PriceCurrencyCode
String orderOrderSegmentsItemsFeatures1PriceRecurrence = context.Features1PriceRecurrence

String orderOrderSegmentsItemsFeatures2Id = context.Features2Id
String orderOrderSegmentsItemsFeatures2Description = context.Features2Description
String orderOrderSegmentsItemsFeatures2Action = context.Features2Action
String orderOrderSegmentsItemsFeatures2PriceAmount = context.Features2PriceAmount
String orderOrderSegmentsItemsFeatures2PriceCurrencyCode = context.Features2PriceCurrencyCode
String orderOrderSegmentsItemsFeatures2PriceRecurrence = context.Features2PriceRecurrence

String orderOrderSegmentsItemsFeatures3Id = context.Features3Id
String orderOrderSegmentsItemsFeatures3Description = context.Features3Description
String orderOrderSegmentsItemsFeatures3Action = context.Features3Action
String orderOrderSegmentsItemsFeatures3PriceAmount = "-" + context.Features3PriceAmount
String orderOrderSegmentsItemsFeatures3PriceCurrencyCode = context.Features3PriceCurrencyCode
String orderOrderSegmentsItemsFeatures3PriceRecurrence = context.Features3PriceRecurrence

String orderOrderSegmentsItemsFeatures4Id = context.Features4Id
String orderOrderSegmentsItemsFeatures4Description = context.Features4Description
String orderOrderSegmentsItemsFeatures4Action = context.Features4Action
String orderOrderSegmentsItemsFeatures4PriceAmount = "-" + context.Features4PriceAmount
String orderOrderSegmentsItemsFeatures4PriceCurrencyCode = context.Features4PriceCurrencyCode
String orderOrderSegmentsItemsFeatures4PriceRecurrence = context.Features4PriceRecurrence




/* Verify Expected Values */

String jsonOrder_metaHref = TrimRightFromHref(json.order._meta.href)  //url without the last portion (order id)
CompareItemsTwoStrings(jsonOrder_metaHref, orderMetaHref)

String jsonDate = trimDate(json.order.dateSubmitted)
CompareItemsTwoStrings(jsonDate, orderDateSubmitted)

CompareItemsTwoStrings(json.status, status)
CompareItemsTwoStrings(json.order.transactionType, orderTransactionType)
CompareItemsTwoStrings(json.order.orderId, orderOrderId)
CompareItemsTwoStrings(json.order.serviceNumber, orderServiceNumber)
CompareItemsTwoStrings(json.order.status, orderStatus)
CompareItemsTwoStrings(json.order.externalOrderNumber, orderExternalOrderNumber)
// Verify that External Order Number contains string "QAOrderNumber"
//String jsonExtOrderNumber = json.order.externalOrderNumber
//assert(jsonExtOrderNumber.contains("QAOrderNumber"))


/* Account Holder */
CompareItemsTwoStrings(json.order.accountHolder._meta.href, orderAccountHolderMetaHref)
CompareItemsTwoStrings(json.order.accountHolder.id, orderAccountHolderId)
CompareItemsTwoStrings(json.order.accountHolder.companyEmployeeId, orderAccountHolderCompanyEmployeeId)
CompareItemsTwoStrings(json.order.accountHolder.firstName, orderAccountHolderFirstName)
CompareItemsTwoStrings(json.order.accountHolder.lastName, orderAccountHolderLastName)
CompareItemsTwoStrings(json.order.accountHolder.officePhone, orderAccountHolderOfficePhone)
CompareItemsTwoStrings(json.order.accountHolder.status, orderAccountHolderStatus)
CompareItemsTwoStrings(json.order.accountHolder.email, orderAccountHolderEmail)
CompareItemsTwoStrings(json.order.accountHolder.department.id, orderAccountHolderDepartmentId)
CompareItemsTwoStrings(json.order.accountHolder.department.name, orderAccountHolderDepartmentName)

/* Requested By */
CompareItemsTwoStrings(json.order.requestedBy._meta.href, orderRequestedByMetaHref)
CompareItemsTwoStrings(json.order.requestedBy.id, orderRequestedById)
CompareItemsTwoStrings(json.order.requestedBy.companyEmployeeId, orderRequestedByCompanyEmployeeId)
CompareItemsTwoStrings(json.order.requestedBy.firstName, orderRequestedByFirstName)
CompareItemsTwoStrings(json.order.requestedBy.lastName, orderRequestedByLastName)
CompareItemsTwoStrings(json.order.requestedBy.status, orderRequestedByStatus)
CompareItemsTwoStrings(json.order.requestedBy.email, orderRequestedByEmail)
CompareItemsTwoStrings(json.order.requestedBy.officePhone, orderRequestedByOfficePhone)
CompareItemsTwoStrings(json.order.requestedBy.department.id, orderRequestedByDepartmentId)
CompareItemsTwoStrings(json.order.requestedBy.department.name, orderRequestedByDepartmentName)

/* Order Segments */
CompareItemsTwoStrings(json.order.orderSegments.items[0]._meta.hrefShipments, orderOrderSegmentsItemsMetaHrefShipments)
CompareItemsTwoStrings(json.order.orderSegments.items[0]._meta.hrefHistory, orderOrderSegmentsItemsMetaHrefHistory)
CompareItemsTwoStrings(json.order.orderSegments.items[0].orderSegmentId, orderOrderSegmentsItemsOrderSegmentId)
CompareItemsTwoStrings(json.order.orderSegments.items[0].status, orderOrderSegmentsItemsStatus)

CompareItemsTwoStrings(json.order.orderSegments.items[0].vendor._meta.href, orderOrderSegmentsItemsVendorMetaHref)
CompareItemsTwoStrings(json.order.orderSegments.items[0].vendor.id, orderOrderSegmentsItemsVendorId)
CompareItemsTwoStrings(json.order.orderSegments.items[0].vendor.name, orderOrderSegmentsItemsVendorName)
CompareItemsTwoStrings(json.order.orderSegments.items[0].vendor.logoUrl, orderOrderSegmentsItemsVendorLogoUrl)

CompareItemsTwoStrings(json.order.orderSegments.items[0].features[0].id, orderOrderSegmentsItemsFeatures1Id)
CompareItemsTwoStrings(json.order.orderSegments.items[0].features[0].description, orderOrderSegmentsItemsFeatures1Description)
CompareItemsTwoStrings(json.order.orderSegments.items[0].features[0].action, orderOrderSegmentsItemsFeatures1Action)
CompareItemsTwoStrings(json.order.orderSegments.items[0].features[0].price.amount, orderOrderSegmentsItemsFeatures1PriceAmount)
CompareItemsTwoStrings(json.order.orderSegments.items[0].features[0].price.currencyCode, orderOrderSegmentsItemsFeatures1PriceCurrencyCode)
CompareItemsTwoStrings(json.order.orderSegments.items[0].features[0].price.recurrence, orderOrderSegmentsItemsFeatures1PriceRecurrence)

CompareItemsTwoStrings(json.order.orderSegments.items[0].features[1].id, orderOrderSegmentsItemsFeatures2Id)
CompareItemsTwoStrings(json.order.orderSegments.items[0].features[1].description, orderOrderSegmentsItemsFeatures2Description)
CompareItemsTwoStrings(json.order.orderSegments.items[0].features[1].action, orderOrderSegmentsItemsFeatures2Action)
CompareItemsTwoStrings(json.order.orderSegments.items[0].features[1].price.amount, orderOrderSegmentsItemsFeatures2PriceAmount)
CompareItemsTwoStrings(json.order.orderSegments.items[0].features[1].price.currencyCode, orderOrderSegmentsItemsFeatures2PriceCurrencyCode)
CompareItemsTwoStrings(json.order.orderSegments.items[0].features[1].price.recurrence, orderOrderSegmentsItemsFeatures2PriceRecurrence)

CompareItemsTwoStrings(json.order.orderSegments.items[0].features[2].id, orderOrderSegmentsItemsFeatures3Id)
CompareItemsTwoStrings(json.order.orderSegments.items[0].features[2].description, orderOrderSegmentsItemsFeatures3Description)
CompareItemsTwoStrings(json.order.orderSegments.items[0].features[2].action, orderOrderSegmentsItemsFeatures3Action)
CompareItemsTwoStrings(json.order.orderSegments.items[0].features[2].price.amount, orderOrderSegmentsItemsFeatures3PriceAmount)
CompareItemsTwoStrings(json.order.orderSegments.items[0].features[2].price.currencyCode, orderOrderSegmentsItemsFeatures3PriceCurrencyCode)
CompareItemsTwoStrings(json.order.orderSegments.items[0].features[2].price.recurrence, orderOrderSegmentsItemsFeatures3PriceRecurrence)

CompareItemsTwoStrings(json.order.orderSegments.items[0].features[3].id, orderOrderSegmentsItemsFeatures4Id)
CompareItemsTwoStrings(json.order.orderSegments.items[0].features[3].description, orderOrderSegmentsItemsFeatures4Description)
CompareItemsTwoStrings(json.order.orderSegments.items[0].features[3].action, orderOrderSegmentsItemsFeatures4Action)
CompareItemsTwoStrings(json.order.orderSegments.items[0].features[3].price.amount, orderOrderSegmentsItemsFeatures4PriceAmount)
CompareItemsTwoStrings(json.order.orderSegments.items[0].features[3].price.currencyCode, orderOrderSegmentsItemsFeatures4PriceCurrencyCode)
CompareItemsTwoStrings(json.order.orderSegments.items[0].features[3].price.recurrence, orderOrderSegmentsItemsFeatures4PriceRecurrence)

/* Properties */
CompareItemsTwoStrings(json.order.properties[0].groupId, orderPropertiesGroupId)

CompareItemsTwoStrings(json.order.properties.fields[0].id[0], orderPropertiesFields1Id)
CompareItemsTwoStrings(json.order.properties.fields[0].label[0], orderPropertiesFields1Label)
CompareItemsTwoStrings(json.order.properties.fields[0].type[0], orderPropertiesFields1Type)
CompareItemsTwoStrings(json.order.properties.fields[0].text[0], orderPropertiesFields1Text)

CompareItemsTwoStrings(json.order.properties.fields[0].id[1], orderPropertiesFields2Id)
CompareItemsTwoStrings(json.order.properties.fields[0].label[1], orderPropertiesFields2Label)
CompareItemsTwoStrings(json.order.properties.fields[0].type[1], orderPropertiesFields2Type)
CompareItemsTwoStrings(json.order.properties.fields[0].text[1], orderPropertiesFields2Text)

CompareItemsTwoStrings(json.order.properties.fields[0].id[2], orderPropertiesFields3Id)
CompareItemsTwoStrings(json.order.properties.fields[0].label[2], orderPropertiesFields3Label)
CompareItemsTwoStrings(json.order.properties.fields[0].type[2], orderPropertiesFields3Type)
CompareItemsTwoStrings(json.order.properties.fields[0].text[2], orderPropertiesFields3Text)





void CompareItemsTwoStrings(json, expectedValueString)
{
	String jsonString = json
	
	// this will show each compare being made - DEBUG ONLY 
	log.info "  JSON: " + jsonString + ", Expected value: " + expectedValueString 
	assert(jsonString == expectedValueString)
}

// this trims the rightmoast item from the href string pssed in and retuns it. the rightmost item is a number 
// example: "http://tg-mobility.cloudhub.io/mobility/v1/employees/28672245" - "28672245" is removed
// it also does a sanity check on the part that is trimmed off
String TrimRightFromHref(String tempStringHref)
{
	// create array to hold all parts that are separated by a "/".
	def allParts = []
	allParts = tempStringHref.split("/")
	// for (str in allParts) {log.info str} // show all string list - DEBUG
	
	// remove last element from string passed in and return
	def listSize = allParts.length
	String whatToRemove = allParts[listSize - 1]

	// make sure part to remove (rightmost item) is there and an interger
	assert whatToRemove.size() >= 1
	assert whatToRemove.isInteger()
	
	// String FinalString = tempStringHref.replaceAll(whatToRemove,"") - DEBUG to see final string
	return tempStringHref.replaceAll(whatToRemove,"")
}


String trimLeftFromHref(String strToTrim){
	//e.g. mainUrl + "/orders/8067054"
	def allParts = []
	allParts = strToTrim.split("/")
	def quantity = allParts.size()
	return allParts[quantity-1]
}

String getCurrentDate()
{
	//e.g. "2015-11-26T18:28:10Z"
	def date = new Date()
	sdf = new SimpleDateFormat("yyyy-MM-dd")
	return sdf.format(date)
}


String trimDate(String dateFromJson)
{
	//e.g. "2015-11-26T18:28:10Z"
	String date
	def allParts = []
	allParts = dateFromJson.split("T")
	return allParts[0]
}
</script></con:config></con:testStep><con:testStep type="restrequest" name="MakeFailUpdateFeaturesDuplicateOrderNumber" id="5abdfa02-463d-4677-ab91-c2c4fc0ddf43"><con:settings/><con:config service="https://tg-mobility.cloudhub.io" resourcePath="/orders" methodName="Method 1" xsi:type="con:RestRequestStep" xmlns:xsi="http://www.w3.org/2001/XMLSchema-instance"><con:restRequest name="MakeFailUpdateFeaturesDuplicateOrderNumber" id="78225f30-ac27-4fc1-b283-2688b59cb02f" mediaType="application/json" postQueryString="false"><con:settings><con:setting id="com.eviware.soapui.impl.wsdl.WsdlRequest@request-headers">&lt;xml-fragment/></con:setting></con:settings><con:endpoint>${#TestCase#URL}</con:endpoint><con:request>{
  "orderRequest": {
    "externalOrderNumber": ${#TestCase#ExternalOrderNumber},
    "transactionType": ${#TestCase#transactionTypeRequest},
    "serviceId": ${#TestCase#ServiceIdRequest},
    "shoppingCart": {      
      "features": [
        {
          "id": ${#TestCase#featureAdd1},
          "action": "ADD"
        },
        {
          "id": ${#TestCase#featureAdd2},
          "action": "ADD"
        },
        {
          "id": ${#TestCase#featureRemove1},
          "action": "REMOVE"
        },
        {
          "id": ${#TestCase#featureRemove2},
          "action": "REMOVE"
        }
      ],
      "featureRequestComment": ${#TestCase#commentsRequest}
    },
    "properties": [
      {
        "groupId": "MISCELLANEOUS",
        "fields": [
          {
            "id": "CONTACT_NUMBER",
            "type": "TEXT",
            "text": "2035559360"
          },
          {
             "id": "SERVICE_NUMBER",
             "type": "TEXT",
             "text": ${#TestCase#ServiceNumberRequest}
          },
          {
            "id": "ADDITIONAL_INSTRUCTIONS",
            "type": "TEXT",
            "text": ${#TestCase#InstructionsRequest}
          }
        ]
      }
    ]
  }
}</con:request><con:originalUri>http://tg-mobility.cloudhub.io/mobility/v1/assets/devices</con:originalUri><con:assertion type="Simple NotContains" id="0d069b25-5568-4c2e-be9b-1c6e8b88fc87" name="Not Contains"><con:configuration><token>TIMEOUT_EXCEEDED</token><ignoreCase>false</ignoreCase><useRegEx>false</useRegEx></con:configuration></con:assertion><con:assertion type="Valid HTTP Status Codes" id="dadd04f4-38a1-4105-b63c-49029375c2e6" name="Valid HTTP Status Codes - 200"><con:settings/><con:configuration><codes>200</codes></con:configuration></con:assertion><con:credentials><con:selectedAuthProfile>No Authorization</con:selectedAuthProfile><con:authType>No Authorization</con:authType></con:credentials><con:jmsConfig JMSDeliveryMode="PERSISTENT"/><con:jmsPropertyConfig/><con:parameters>
  <con:entry key="Authorization" value="Bearer ${#TestCase#AccessToken}"/>
  <con:entry key="confirm" value="true"/>
  <con:entry key="X-TNGO-CONTEXT-COMPANYEMPLOYEEID" value="${#TestCase#CompanyEmployeeId}"/>
  <con:entry key="X-TNGO-TENANT" value=" ${#TestCase#Tenant} "/>
  <con:entry key="companyEmployeeId" value="Dudley.Doright2.XX1"/>
  <con:entry key="client_secret" value="${#TestCase#client_secret}"/>
  <con:entry key="client_id" value="${#TestCase#client_Id}"/>
</con:parameters><con:parameterOrder><con:entry>X-TNGO-TENANT</con:entry><con:entry>X-TNGO-CONTEXT-COMPANYEMPLOYEEID</con:entry><con:entry>Authorization</con:entry><con:entry>client_id</con:entry><con:entry>client_secret</con:entry><con:entry>confirm</con:entry></con:parameterOrder></con:restRequest></con:config></con:testStep><con:testStep type="groovy" name="VerifyJsonResponseErrorDuplicateOrderNumber" id="bf6060dc-5b94-4b29-bc0f-191ef4096f79"><con:settings/><con:config><script>import groovy.json.JsonSlurper 

def groovyUtils = new com.eviware.soapui.support.GroovyUtils( context ); 

def testCase = context.testCase; 
def testStep = testCase.getTestStepByName("MakeFailUpdateFeaturesDuplicateOrderNumber") 

// get response of last test step run.
def response = testStep.testRequest.messageExchange.response.responseContent
def slurper = new JsonSlurper()
def json = slurper.parseText response


/* Expected values */ 
String status = "ERROR"
String errorsCode = "INVALID_VALUE"
String errorsSection = "OTHER"
String errorsMessage = "Error: Invalid ExternalOrderNumber."
String errorsDevMessage = "Error: Invalid ExternalOrderNumber."


/* Verify expected values for Error */
CompareItemsTwoStrings(json.status, status)
CompareItemsTwoStrings(json.errors[0].code, errorsCode)
CompareItemsTwoStrings(json.errors[0].section, errorsSection)
CompareItemsTwoStrings(json.errors[0].message, errorsMessage)
CompareItemsTwoStrings(json.errors[0].devMessage, errorsDevMessage)



void CompareItemsTwoStrings(json, expectedValueString)
{
	String jsonString = json
	
	// this will show each compare being made - DEBUG ONLY
	// log.info "Json: " + jsonString + " Expected: " + expectedValueString 
	assert(jsonString == expectedValueString) 

}

</script></con:config></con:testStep><con:testStep type="groovy" name="SetSvcIdEmptyOrderUpdateFeatures" id="94026167-6a35-444b-a40e-a9c27b021035"><con:settings/><con:config><script>/* Set Service Number to " " so the request fails, and the expected values for error can be verified.  */

testRunner.testCase.setPropertyValue( "ServiceIdRequest", "\" \"")

// Generate a new External Order Number
String externalOrderNumber = soapUIScripts.CommonMethods.GenerateExternalOrderNumber()
testRunner.testCase.setPropertyValue( "ExternalOrderNumber", "\"" + externalOrderNumber + "\"")</script></con:config></con:testStep><con:testStep type="restrequest" name="MakeFailOrderUpdateFeatures" id="42441672-11d8-4f95-bc35-067b13aaa76f"><con:settings/><con:config service="https://tg-mobility.cloudhub.io" resourcePath="/orders" methodName="Method 1" xsi:type="con:RestRequestStep" xmlns:xsi="http://www.w3.org/2001/XMLSchema-instance"><con:restRequest name="MakeFailOrderUpdateFeatures" id="78225f30-ac27-4fc1-b283-2688b59cb02f" mediaType="application/json" postQueryString="false"><con:settings><con:setting id="com.eviware.soapui.impl.wsdl.WsdlRequest@request-headers">&lt;xml-fragment/></con:setting></con:settings><con:endpoint>${#TestCase#URL}</con:endpoint><con:request>{
  "orderRequest": {
    "externalOrderNumber": ${#TestCase#ExternalOrderNumber},
    "transactionType": ${#TestCase#transactionTypeRequest},
    "serviceId": ${#TestCase#ServiceIdRequest},
    "shoppingCart": {      
      "features": [
        {
          "id": ${#TestCase#featureAdd1},
          "action": "ADD"
        },
        {
          "id": ${#TestCase#featureAdd2},
          "action": "ADD"
        },
        {
          "id": ${#TestCase#featureRemove1},
          "action": "REMOVE"
        },
        {
          "id": ${#TestCase#featureRemove2},
          "action": "REMOVE"
        }
      ],
      "featureRequestComment": ${#TestCase#commentsRequest}
    },
    "properties": [
      {
        "groupId": "MISCELLANEOUS",
        "fields": [
          {
            "id": "CONTACT_NUMBER",
            "type": "TEXT",
            "text": "2035559360"
          },
          {
             "id": "SERVICE_NUMBER",
             "type": "TEXT",
             "text": ${#TestCase#ServiceNumberRequest}
          },
          {
            "id": "ADDITIONAL_INSTRUCTIONS",
            "type": "TEXT",
            "text": ${#TestCase#InstructionsRequest}
          }
        ]
      }
    ]
  }
}</con:request><con:originalUri>http://tg-mobility.cloudhub.io/mobility/v1/assets/devices</con:originalUri><con:assertion type="Simple NotContains" id="0d069b25-5568-4c2e-be9b-1c6e8b88fc87" name="Not Contains"><con:configuration><token>TIMEOUT_EXCEEDED</token><ignoreCase>false</ignoreCase><useRegEx>false</useRegEx></con:configuration></con:assertion><con:assertion type="Valid HTTP Status Codes" id="dadd04f4-38a1-4105-b63c-49029375c2e6" name="Valid HTTP Status Codes - 200"><con:settings/><con:configuration><codes>200</codes></con:configuration></con:assertion><con:credentials><con:selectedAuthProfile>No Authorization</con:selectedAuthProfile><con:authType>No Authorization</con:authType></con:credentials><con:jmsConfig JMSDeliveryMode="PERSISTENT"/><con:jmsPropertyConfig/><con:parameters>
  <con:entry key="Authorization" value="Bearer ${#TestCase#AccessToken}"/>
  <con:entry key="confirm" value="true"/>
  <con:entry key="X-TNGO-CONTEXT-COMPANYEMPLOYEEID" value="${#TestCase#CompanyEmployeeId}"/>
  <con:entry key="X-TNGO-TENANT" value=" ${#TestCase#Tenant} "/>
  <con:entry key="companyEmployeeId" value="Dudley.Doright2.XX1"/>
  <con:entry key="client_secret" value="${#TestCase#client_secret}"/>
  <con:entry key="client_id" value="${#TestCase#client_Id}"/>
</con:parameters><con:parameterOrder><con:entry>X-TNGO-TENANT</con:entry><con:entry>X-TNGO-CONTEXT-COMPANYEMPLOYEEID</con:entry><con:entry>Authorization</con:entry><con:entry>client_id</con:entry><con:entry>client_secret</con:entry><con:entry>confirm</con:entry></con:parameterOrder></con:restRequest></con:config></con:testStep><con:testStep type="groovy" name="VerifyJsonResponseErrorUpdateFeatures" id="d033aa2c-0fc5-49ae-a7e4-7c2441c11dfa"><con:settings/><con:config><script>import groovy.json.JsonSlurper 

def groovyUtils = new com.eviware.soapui.support.GroovyUtils( context ); 

def testCase = context.testCase; 
def testStep = testCase.getTestStepByName("MakeFailOrderUpdateFeatures") 

// get response of last test step run.
def response = testStep.testRequest.messageExchange.response.responseContent
def slurper = new JsonSlurper()
def json = slurper.parseText response


/* Expected values */ 
String status = "ERROR"
String errorsCode = "INVALID_VALUE"
String errorsSection = "OTHER"
String errorsMessage = "Error: serviceId is required."
String errorsDevMessage = "Error: serviceId is required."


/* Verify expected values for Error */
CompareItemsTwoStrings(json.status, status)
CompareItemsTwoStrings(json.errors[0].code, errorsCode)
CompareItemsTwoStrings(json.errors[0].section, errorsSection)
CompareItemsTwoStrings(json.errors[0].message, errorsMessage)
CompareItemsTwoStrings(json.errors[0].devMessage, errorsDevMessage)



void CompareItemsTwoStrings(json, expectedValueString)
{
	String jsonString = json
	
	// this will show each compare being made - DEBUG ONLY
	// log.info "Json: " + jsonString + " Expected: " + expectedValueString 
	assert(jsonString == expectedValueString) 

}

</script></con:config></con:testStep><con:properties><con:property><con:name>Tenant</con:name><con:value>XX1</con:value></con:property><con:property><con:name>limit</con:name><con:value>200</con:value></con:property><con:property><con:name>offset</con:name><con:value>0</con:value></con:property><con:property><con:name>AccessToken</con:name><con:value>en-EYrg8un-Tytmhg3D_ZhJgX9LUD-f7JIJU-WaP0cAOipLVC9oCwianfnH_dUXQPQKdeCsVfOKLH0DcQUk75A</con:value></con:property><con:property><con:name>RefreshToken</con:name><con:value>qn55Y10cZ8p48jhFhRHR17caEb3I9BT8vDDJpuGG5N8c_N3DRRk1r8qF6Yw05ZEDDv8HlvA2fo_mRtJkXbPVjw</con:value></con:property><con:property><con:name>DepartmentId</con:name><con:value>11569020385</con:value></con:property><con:property><con:name>LogoUrl</con:name><con:value>https://qa1cmd.tangoe.com/</con:value></con:property><con:property><con:name>companyEmployeeId</con:name><con:value>ana.pace.xx1</con:value></con:property><con:property><con:name>ExternalOrderNumber</con:name><con:value>"QAOrderNumber1462809397099"</con:value></con:property><con:property><con:name>ServiceId</con:name><con:value>38457027</con:value></con:property><con:property><con:name>EmployeeId</con:name><con:value>28680025</con:value></con:property><con:property><con:name>RegionIdRequest</con:name><con:value>70144640</con:value></con:property><con:property><con:name>DeviceId</con:name><con:value>35433799</con:value></con:property><con:property><con:name>RegionId</con:name><con:value>70144640</con:value></con:property><con:property><con:name>PlanId</con:name><con:value>"8673790035"</con:value></con:property><con:property><con:name>ServiceNumber</con:name><con:value>7775551234</con:value></con:property><con:property><con:name>Instructions</con:name><con:value>Testing - Additional Instructions</con:value></con:property><con:property><con:name>svcNumber</con:name><con:value>7775551234</con:value></con:property><con:property><con:name>svcId</con:name><con:value>38458668</con:value></con:property><con:property><con:name>extOrderNumber</con:name><con:value>QAOrderNumber1462809351074</con:value></con:property><con:property><con:name>NewDeviceId</con:name><con:value>"10649995224"</con:value></con:property><con:property><con:name>cmpEmployeeId</con:name><con:value>Dudley.Doright2.XX1</con:value></con:property><con:property><con:name>ConfirmState</con:name><con:value/></con:property><con:property><con:name>AdminFirstName</con:name><con:value>SN 2</con:value></con:property><con:property><con:name>AdminLastName</con:name><con:value>Admin</con:value></con:property><con:property><con:name>AdminId</con:name><con:value>28680024</con:value></con:property><con:property><con:name>AdminCompanyEmployeeId</con:name><con:value>sn2.admin.xx1</con:value></con:property><con:property><con:name>AdminDepartmentName</con:name><con:value>Unknown</con:value></con:property><con:property><con:name>AdminDepartmentId</con:name><con:value>48068836</con:value></con:property><con:property><con:name>NewPlanId</con:name><con:value>"11879220483"</con:value></con:property><con:property><con:name>NewPlanIdRequest</con:name><con:value>11879220483</con:value></con:property><con:property><con:name>sortAscending</con:name><con:value>true</con:value></con:property><con:property><con:name>FirstName</con:name><con:value>AnaLaura</con:value></con:property><con:property><con:name>LastName</con:name><con:value>Pace</con:value></con:property><con:property><con:name>Email</con:name><con:value>analaura@example.com</con:value></con:property><con:property><con:name>OfficePhone</con:name><con:value>123-555-4567</con:value></con:property><con:property><con:name>vendorId</con:name><con:value>98</con:value></con:property><con:property><con:name>deviceModelName</con:name><con:value>Samsung Galaxy S4 (16GB) - Black Mist</con:value></con:property><con:property><con:name>CatalogDeviceId</con:name><con:value>9194791812</con:value></con:property><con:property><con:name>CatalogDeviceIdRequest</con:name><con:value>"9194791812"</con:value></con:property><con:property><con:name>client_id</con:name><con:value>3c276cecdc674aabb5456f54b605bbbf</con:value></con:property><con:property><con:name>client_secret</con:name><con:value>c513c4a67492405d95CE4DB4B40B73FF</con:value></con:property><con:property><con:name>URL</con:name><con:value>https://tngo-qa-mobproc-cmd.cloudhub.io/mobproc/v1.qa</con:value></con:property><con:property><con:name>transactionType</con:name><con:value>UPDATE_FEATURES</con:value></con:property><con:property><con:name>comments</con:name><con:value>Testing - Update Features -</con:value></con:property><con:property><con:name>ServiceIdRequest</con:name><con:value>" "</con:value></con:property><con:property><con:name>ServiceNumberRequest</con:name><con:value>"7775551234"</con:value></con:property><con:property><con:name>InstructionsRequest</con:name><con:value>"Testing - Additional Instructions"</con:value></con:property><con:property><con:name>transactionTypeRequest</con:name><con:value>"UPDATE_FEATURES"</con:value></con:property><con:property><con:name>commentsRequest</con:name><con:value>"Testing - Update Features -"</con:value></con:property><con:property><con:name>featureAdd1</con:name><con:value>"767"</con:value></con:property><con:property><con:name>featureAdd2</con:name><con:value>"3320"</con:value></con:property><con:property><con:name>featureRemove1</con:name><con:value>"86"</con:value></con:property><con:property><con:name>featureRemove2</con:name><con:value>"88"</con:value></con:property><con:property><con:name>DepartmentName</con:name><con:value>Development</con:value></con:property><con:property><con:name>DeviceId2</con:name><con:value>35433999</con:value></con:property><con:property><con:name>ServiceId2</con:name><con:value>38457187</con:value></con:property><con:property><con:name>ServiceNumber2</con:name><con:value>7774561111</con:value></con:property><con:property><con:name>DeviceId3</con:name><con:value>35433839</con:value></con:property><con:property><con:name>ServiceId3</con:name><con:value>38457047</con:value></con:property><con:property><con:name>ServiceNumber3</con:name><con:value>7774567890</con:value></con:property></con:properties><con:reportParameters/><con:breakPoints><con:testStepId>0ef8d02e-2347-49c3-8906-c5d59149812e</con:testStepId><con:status>NONE</con:status><con:properties/></con:breakPoints><con:breakPoints><con:testStepId>9552bc28-737c-4bd4-911a-6d55147b3932</con:testStepId><con:status>NONE</con:status><con:properties/></con:breakPoints><con:breakPoints><con:testStepId>8e614401-7fab-49b6-ada8-0c2005f95ea6</con:testStepId><con:status>NONE</con:status><con:properties/></con:breakPoints><con:breakPoints><con:testStepId>bd9f9112-2cd4-4c7d-a678-65fd30a28796</con:testStepId><con:status>NONE</con:status><con:properties/></con:breakPoints><con:breakPoints><con:testStepId>fc259e2e-303b-4875-985b-f15056d01785</con:testStepId><con:status>NONE</con:status><con:properties/></con:breakPoints><con:breakPoints><con:testStepId>1308aa71-d26a-44c5-ad8f-4ae90c34bbdc</con:testStepId><con:status>NONE</con:status><con:properties/></con:breakPoints><con:breakPoints><con:testStepId>e602ca88-c294-4921-a35e-fb278129b8bb</con:testStepId><con:status>NONE</con:status><con:properties/></con:breakPoints><con:breakPoints><con:testStepId>7c08c5ea-9d71-483a-8674-2666c284a9df</con:testStepId><con:status>NONE</con:status><con:properties/></con:breakPoints><con:breakPoints><con:testStepId>fb33731e-1860-450a-baae-9accd2a635a8</con:testStepId><con:status>NONE</con:status><con:properties/></con:breakPoints><con:breakPoints><con:testStepId>7a653e5f-3eda-41af-8d15-e7edc7b29566</con:testStepId><con:status>NONE</con:status><con:properties/></con:breakPoints><con:breakPoints><con:testStepId>af6a7896-41c8-4d2b-8f4f-e3eb0b1aaeca</con:testStepId><con:status>NONE</con:status><con:properties/></con:breakPoints><con:breakPoints><con:testStepId>9135c590-0cfc-4387-94f1-fe3a209efa80</con:testStepId><con:status>NONE</con:status><con:properties/></con:breakPoints><con:breakPoints><con:testStepId>da62144b-9a2d-4ad0-a4a4-fdd4d9254c38</con:testStepId><con:status>NONE</con:status><con:properties/></con:breakPoints><con:breakPoints><con:testStepId>30f48f63-5c96-4afc-abd4-ec686ad73362</con:testStepId><con:status>NONE</con:status><con:properties/></con:breakPoints><con:breakPoints><con:testStepId>ef0d91ad-a707-42d6-8f53-05cd8080cfbb</con:testStepId><con:status>NONE</con:status><con:properties/></con:breakPoints><con:breakPoints><con:testStepId>94af8682-1394-499d-b2eb-5eecb2eccd65</con:testStepId><con:status>NONE</con:status><con:properties/></con:breakPoints><con:breakPoints><con:testStepId>254cd369-4755-4e20-8b93-14dafddb9bf1</con:testStepId><con:status>NONE</con:status><con:properties/></con:breakPoints><con:breakPoints><con:testStepId>f01b48f9-c2dc-467c-a4bc-d49a6e588e2e</con:testStepId><con:status>NONE</con:status><con:properties/></con:breakPoints><con:breakPoints><con:testStepId>74188487-2ee2-4e6a-b409-774793a5d7d5</con:testStepId><con:status>NONE</con:status><con:properties/></con:breakPoints><con:breakPoints><con:testStepId>f0da857d-dfbe-4c0a-93ee-89b1f4495419</con:testStepId><con:status>NONE</con:status><con:properties/></con:breakPoints><con:breakPoints><con:testStepId>a82bea55-ed2b-4605-b43f-b09327052564</con:testStepId><con:status>NONE</con:status><con:properties/></con:breakPoints><con:breakPoints><con:testStepId>483ef568-ef0b-41f5-b19d-f3715f9a1ded</con:testStepId><con:status>NONE</con:status><con:properties/></con:breakPoints><con:breakPoints><con:testStepId>9e530cd9-e9cf-43b7-8d6f-0f8eb50d883d</con:testStepId><con:status>NONE</con:status><con:properties/></con:breakPoints><con:breakPoints><con:testStepId>5abdfa02-463d-4677-ab91-c2c4fc0ddf43</con:testStepId><con:status>NONE</con:status><con:properties/></con:breakPoints><con:breakPoints><con:testStepId>bf6060dc-5b94-4b29-bc0f-191ef4096f79</con:testStepId><con:status>NONE</con:status><con:properties/></con:breakPoints></con:testCase><con:properties/><con:reportParameters/></con:testSuite><con:requirements/><con:properties/><con:wssContainer/><con:databaseConnectionContainer/><con:oAuth2ProfileContainer/><con:reporting><con:reportTemplates/><con:xmlTemplates/><con:xmlTemplates/><con:parameters/><con:parameters/></con:reporting><con:reporting/><con:authRepository/><con:tags/></con:soapui-project>