<?xml version="1.0" encoding="UTF-8"?>
<con:soapui-project id="f140ae72-6bab-4ff3-846a-06a94f3fb0d3" created="2.1.0" activeEnvironment="Default environment" name="API_GetKeyAUTOMATE!" resourceRoot="" updated="2.1.0 20170726-1100" abortOnError="false" runType="SEQUENTIAL" soapui-version="5.2.1" xmlns:con="http://eviware.com/soapui/config"><con:settings/><con:interface xsi:type="con:RestService" id="149d4d03-3eda-41ac-b3cc-a07c76160ab5" wadlVersion="http://wadl.dev.java.net/2009/02" name="http://a.com" type="rest" xmlns:xsi="http://www.w3.org/2001/XMLSchema-instance"><con:settings/><con:definitionCache type="TEXT" rootPart=""/><con:endpoints><con:endpoint>http://a.com</con:endpoint></con:endpoints><con:resource name="" path="/platformservice/api/v1/applications" id="e797655c-ad00-475c-9c29-65305f150231"><con:settings/><con:parameters><con:parameter><con:name>pageSize</con:name><con:value/><con:style>QUERY</con:style><con:default/><con:description xsi:nil="true"/></con:parameter><con:parameter><con:name>Authorization</con:name><con:value/><con:style>HEADER</con:style><con:default/><con:description xsi:nil="true"/></con:parameter></con:parameters><con:method name="" id="68183bf7-f394-4d75-87cb-60ebf300fbfd" method="GET"><con:settings/><con:parameters/><con:representation type="RESPONSE"><con:mediaType>application/json;charset=UTF-8</con:mediaType><con:status>200</con:status><con:params/><con:element xmlns:app="http://dc2devrmapp44.prod.tangoe.com/applications">app:Response</con:element></con:representation><con:representation type="FAULT"><con:mediaType>application/json;charset=UTF-8</con:mediaType><con:status>500</con:status><con:params/><con:element xmlns:app="http://dc2devrmapp44.prod.tangoe.com/applications">app:Fault</con:element></con:representation><con:request name="Request 1" id="77b72721-8023-4015-aec3-1eb0fecebb8a" mediaType="application/json"><con:settings/><con:endpoint>http://a.com</con:endpoint><con:request/><con:credentials><con:selectedAuthProfile>No Authorization</con:selectedAuthProfile><con:authType>No Authorization</con:authType></con:credentials><con:jmsConfig JMSDeliveryMode="PERSISTENT"/><con:parameters/><con:parameterOrder><con:entry>pageSize</con:entry><con:entry>Authorization</con:entry></con:parameterOrder></con:request></con:method></con:resource></con:interface><con:interface xsi:type="con:RestService" id="e1e25a32-b432-4dea-a6a7-f6f99b8b9dfa" wadlVersion="http://wadl.dev.java.net/2009/02" name="http://a.com 1" type="rest" xmlns:xsi="http://www.w3.org/2001/XMLSchema-instance"><con:settings/><con:definitionCache type="TEXT" rootPart=""/><con:endpoints><con:endpoint>http://a.com</con:endpoint></con:endpoints><con:resource name="" path="/platformservice/api/v1/applications/{key}" id="8109c3f5-d0de-4374-810e-9640685bccec"><con:settings/><con:parameters><con:parameter><con:name>key</con:name><con:value/><con:style>TEMPLATE</con:style><con:default/><con:description xsi:nil="true"/></con:parameter><con:parameter><con:name>Authorization</con:name><con:value/><con:style>HEADER</con:style><con:default/><con:description xsi:nil="true"/></con:parameter></con:parameters><con:method name="" id="0c973f9f-a5c9-412b-8c1f-abcf7b1df058" method="GET"><con:settings/><con:parameters/><con:representation type="FAULT"><con:mediaType>application/json;charset=UTF-8</con:mediaType><con:status>404</con:status><con:params/><con:element xmlns:ns="http://dc2devrmapp44.prod.tangoe.com/applications/33">ns:Fault</con:element></con:representation><con:representation type="RESPONSE"><con:mediaType>application/json;charset=UTF-8</con:mediaType><con:status>200</con:status><con:params/><con:element xmlns:ns="http://dc2devrmapp44.prod.tangoe.com/applications/33">ns:Response</con:element></con:representation><con:request name="GetAppByKey" id="8015f6bf-435a-4d8e-96bf-5f58ffaf1cab" mediaType="application/json"><con:settings><con:setting id="com.eviware.soapui.impl.wsdl.WsdlRequest@request-headers">&lt;xml-fragment/></con:setting></con:settings><con:endpoint>http://a.com</con:endpoint><con:request/><con:credentials><con:selectedAuthProfile>No Authorization</con:selectedAuthProfile><con:authType>No Authorization</con:authType></con:credentials><con:jmsConfig JMSDeliveryMode="PERSISTENT"/><con:parameters><entry key="key" value="33" xmlns="http://eviware.com/soapui/config"/></con:parameters><con:parameterOrder><con:entry>key</con:entry><con:entry>Authorization</con:entry></con:parameterOrder></con:request></con:method></con:resource></con:interface><con:testSuite id="79c23fbc-31e3-4c91-a588-aa118f03bfc5" name="TestSuite 1"><con:settings/><con:savedRecentRuns>1</con:savedRecentRuns><con:runType>SEQUENTIAL</con:runType><con:testCase id="32c7f064-9245-4b5a-a126-b46a190dbf9c" discardOkResults="true" failOnError="true" failTestCaseOnErrors="true" keepSession="false" name="TestCase 1" searchProperties="true" timeout="0" maxResults="0"><con:settings/><con:savedRecentRuns>1</con:savedRecentRuns><con:testStep type="groovy" name="SetupToken" id="c2c93790-db97-492a-8783-7216cfc7aa0f"><con:settings/><con:config><script>// *** ADDED DECEMBER 26 -- TRYING SECURITY TOKEN ***  
// *** JANUARY 3 -- ADDING READING URL (HOSTNAME) FROM FILE ***

def groovyUtils = new com.eviware.soapui.support.GroovyUtils( context ); 

String projectPath = groovyUtils.projectPath //gets the path of the project root
String fileNameToken = projectPath + "\\tokenGenerated.txt"
String fileNameURL = projectPath + "\\platformServiceHostName.txt"

readDataFromFile(fileNameToken, log, testRunner)
readDataFromFile(fileNameURL, log, testRunner)

// read in each line of token pair file and send to SetupTestSuiteVariables method for creating token pair file.
static boolean readDataFromFile(fileName, log, testRunner)
{
	try
	{
		new File(fileName).eachLine 
		{ 
			line ->	
			//log.info line
			setupTestSuiteVariables(line ,log, testRunner)
		}
	}
	catch (all)
	{
		log.info "    File read failed in readDataFromFile method."
		return false
	}
	return true
}

// put token into test suite property if line contains one of the tokens.
static void setupTestSuiteVariables(inputLine, log, testRunner)
{
	def strArray = []
	strArray = inputLine.split("=")
	
	// log.info strArray[1]
	
	if (inputLine.contains("Token"))
	{  
		testRunner.testCase.setPropertyValue("Token",strArray[1])
		log.info "  Token: " + testRunner.testCase.getPropertyValue("Token")		
	
	} else if (inputLine.contains("URL"))
	{
		testRunner.testCase.setPropertyValue("URL",strArray[1])
		log.info "  Hostname URL: " + testRunner.testCase.getPropertyValue("URL")	
	}
	
}
</script></con:config></con:testStep><con:testStep type="restrequest" name="GetApplications" id="b065a805-7e57-41f2-92a9-3c3835e68eae"><con:settings/><con:config service="http://a.com" resourcePath="/platformservice/api/v1/applications" methodName="" xsi:type="con:RestRequestStep" xmlns:xsi="http://www.w3.org/2001/XMLSchema-instance"><con:restRequest name="GetApplications" id="77b72721-8023-4015-aec3-1eb0fecebb8a" mediaType="application/json"><con:settings><con:setting id="com.eviware.soapui.impl.wsdl.WsdlRequest@request-headers">&lt;xml-fragment/></con:setting></con:settings><con:endpoint>${#TestCase#URL}</con:endpoint><con:request/><con:originalUri>http://dc2devrmapp44.prod.tangoe.com/applications</con:originalUri><con:credentials><con:selectedAuthProfile>Inherit From Parent</con:selectedAuthProfile><con:authType>No Authorization</con:authType></con:credentials><con:jmsConfig JMSDeliveryMode="PERSISTENT"/><con:parameters>
  <con:entry key="Authorization" value="Bearer ${#TestCase#Token}"/>
  <con:entry key="pageSize" value="300"/>
</con:parameters><con:parameterOrder><con:entry>pageSize</con:entry><con:entry>Authorization</con:entry></con:parameterOrder></con:restRequest></con:config></con:testStep><con:testStep type="groovy" name="StoreSomeAppObjects" id="d1226699-9719-4db5-a2a1-cca4039d9057"><con:settings/><con:config><script>import groovy.json.JsonSlurper
def groovyUtils = new com.eviware.soapui.support.GroovyUtils( context ); 
def testCase = context.testCase; 
def testStep = testCase.getTestStepByName("GetApplications");  
def response = testStep.testRequest.messageExchange.response.responseContent;
def slurper = new JsonSlurper();
def json = slurper.parseText response;

keyNamesList = json.applications.key // get list of key names from previous request

int listSize = keyNamesList.size() 


int index = (Math.abs(new Random().nextInt() % listSize) + 1) - 1 // get random index to use

testRunner.testCase.setPropertyValue("Key1", json.applications[index].key) 			
testRunner.testCase.setPropertyValue("name1", json.applications[index].name) 			
testRunner.testCase.setPropertyValue("description1", json.applications[index].description) 			
testRunner.testCase.setPropertyValue("enabled1", json.applications[index].enabled as String)

// log.info testRunner.testCase.getPropertyValue("Key1") 


index = (Math.abs(new Random().nextInt() % listSize) + 1) - 1 // get random index to use

testRunner.testCase.setPropertyValue("Key2", json.applications[index].key) 			
testRunner.testCase.setPropertyValue("name2", json.applications[index].name) 			
testRunner.testCase.setPropertyValue("description2", json.applications[index].description) 			
testRunner.testCase.setPropertyValue("enabled2", json.applications[index].enabled as String)

index = (Math.abs(new Random().nextInt() % listSize) + 1) - 1 // get random index to use

testRunner.testCase.setPropertyValue("Key3", json.applications[index].key) 			
testRunner.testCase.setPropertyValue("name3", json.applications[index].name) 			
testRunner.testCase.setPropertyValue("description3", json.applications[index].description) 			
testRunner.testCase.setPropertyValue("enabled3", json.applications[index].enabled as String)

// //////////////////////////////////////
// 			helper
// //////////////////////////////////////
void ShowAppItems(int index)
{
	log.info json.applications[index].key
	log.info json.applications[index].name
	log.info json.applications[index].description
	log.info json.applications[index].enabled
}
</script></con:config></con:testStep><con:testStep type="groovy" name="VerifyGetAppByKeyTests" id="0b5f10a7-e64e-4148-92b7-646a5fd9ffc7"><con:settings/><con:config><script>import groovy.json.JsonSlurper
groovyUtils = new com.eviware.soapui.support.GroovyUtils( context ); 
String keyToGet = "";

// //////////////////////////////////////////////////////////
// do a get on the first key in the test case properties.
// //////////////////////////////////////////////////////////
log.info "--- Verifying first call to 'GetAppByKey' ---"

// get key to search on and setup key in 'GetAppByKey' request.
keyToGet =  testRunner.testCase.getPropertyValue("Key1") 	
testRunner.testCase.setPropertyValue("AppKeyToTest", keyToGet)

// run
SetupGetAppKeyForRun()
testStep.run(testRunner, testStepContext); 

// get response
response = testStep.testRequest.messageExchange.response.responseContent;
slurper = new JsonSlurper();
json = slurper.parseText response;

assert(json.key.equals(testRunner.testCase.getPropertyValue("Key1")))
assert(json.name.equals(testRunner.testCase.getPropertyValue("name1")))
assert(json.description.equals(testRunner.testCase.getPropertyValue("description1")))
assert((json.enabled as String).equals(testRunner.testCase.getPropertyValue("enabled1")))
log.info "--- First call to 'GetAppByKey' complete. ---"

// //////////////////////////////////////////////////////////
// do a get on the second key in the test case properties.
// //////////////////////////////////////////////////////////
log.info "--- Verifying second call to 'GetAppByKey' ---"

// get key to search on and setup key in 'GetAppByKey' request.
keyToGet =  testRunner.testCase.getPropertyValue("Key2") 	
testRunner.testCase.setPropertyValue("AppKeyToTest", keyToGet) 

// run
SetupGetAppKeyForRun()
testStep.run(testRunner, testStepContext); 

// get response
response = testStep.testRequest.messageExchange.response.responseContent;
slurper = new JsonSlurper();
json = slurper.parseText response;

assert(json.key.equals(testRunner.testCase.getPropertyValue("Key2")))
assert(json.name.equals(testRunner.testCase.getPropertyValue("name2")))
assert(json.description.equals(testRunner.testCase.getPropertyValue("description2")))
assert((json.enabled as String).equals(testRunner.testCase.getPropertyValue("enabled2")))
log.info "--- Second call to 'GetAppByKey' complete. ---"

// //////////////////////////////////////////////////////////
// do a get on the third key in the test case properties.
// //////////////////////////////////////////////////////////
log.info "--- Verifying third call to 'GetAppByKey' ---"

// get key to search on and setup key in 'GetAppByKey' request.
keyToGet =  testRunner.testCase.getPropertyValue("Key3") 	
testRunner.testCase.setPropertyValue("AppKeyToTest", keyToGet)	

// run
SetupGetAppKeyForRun()
testStep.run(testRunner, testStepContext); 

// get response
response = testStep.testRequest.messageExchange.response.responseContent;
slurper = new JsonSlurper();
json = slurper.parseText response;

assert(json.key.equals(testRunner.testCase.getPropertyValue("Key3")))
assert(json.name.equals(testRunner.testCase.getPropertyValue("name3")))
assert(json.description.equals(testRunner.testCase.getPropertyValue("description3")))
assert((json.enabled as String).equals(testRunner.testCase.getPropertyValue("enabled3")))
log.info "--- Third call to 'GetAppByKey' complete. ---"
log.info ""

// /////////////////////////////////////////////////
// 				helpers
// /////////////////////////////////////////////////
// setup so 'PutByAppKey' request can be run
void SetupGetAppKeyForRun()
{
	// setup to call post new app.
	testCase = context.testCase; 
	testStep = testCase.getTestStepByName("GetAppByKey");  
	testRunner = new com.eviware.soapui.impl.wsdl.testcase.WsdlTestCaseRunner(testCase, null); 
	testStepContext = new com.eviware.soapui.impl.wsdl.testcase.WsdlTestRunContext(testStep); 
}

// setup so 'GetApps' request can be run
void SetupGetAppsForRun()
{
	// setup to call post new app.
	testCase = context.testCase; 
	testStep = testCase.getTestStepByName("GetApps");  
	testRunner = new com.eviware.soapui.impl.wsdl.testcase.WsdlTestCaseRunner(testCase, null); 
	testStepContext = new com.eviware.soapui.impl.wsdl.testcase.WsdlTestRunContext(testStep); 
}</script></con:config></con:testStep><con:testStep type="restrequest" name="GetAppByKey" id="7cbfee7b-0b77-45c7-b20f-403b8e817492" disabled="true"><con:settings/><con:config service="http://a.com 1" resourcePath="/platformservice/api/v1/applications/{key}" methodName="" xsi:type="con:RestRequestStep" xmlns:xsi="http://www.w3.org/2001/XMLSchema-instance"><con:restRequest name="GetAppByKey" id="8015f6bf-435a-4d8e-96bf-5f58ffaf1cab" mediaType="application/json"><con:settings><con:setting id="com.eviware.soapui.impl.wsdl.WsdlRequest@request-headers">&lt;xml-fragment/></con:setting></con:settings><con:endpoint>${#TestCase#URL}</con:endpoint><con:request/><con:originalUri>http://dc2devrmapp44.prod.tangoe.com/applications/33</con:originalUri><con:credentials><con:selectedAuthProfile>Inherit From Parent</con:selectedAuthProfile><con:authType>No Authorization</con:authType></con:credentials><con:jmsConfig JMSDeliveryMode="PERSISTENT"/><con:parameters>
  <con:entry key="Authorization" value="Bearer ${#TestCase#Token}"/>
  <con:entry key="key" value="${#TestCase#AppKeyToTest}"/>
</con:parameters><con:parameterOrder><con:entry>key</con:entry><con:entry>Authorization</con:entry></con:parameterOrder></con:restRequest></con:config></con:testStep><con:testStep type="groovy" name="VerifyErrorOnBadKey" id="3e139d24-f7a1-44cd-bb5b-831c44367b2e"><con:settings/><con:config><script>import groovy.json.JsonSlurper
groovyUtils = new com.eviware.soapui.support.GroovyUtils(context); 

String badKey = "ThisXIsXBadKey"

log.info " --- Verifying bad app key. --- "

// set test case propety AppKey to bad key.
testRunner.testCase.setPropertyValue("AppKeyToTest", badKey)

// run the request on the bad app key.
SetupGetAppKeyForRun()
testStep.run(testRunner, testStepContext); 

// get response
response = testStep.testRequest.messageExchange.response.responseContent;
slurper = new JsonSlurper();
json = slurper.parseText response;

// //////////////////////////////////////////////////////////////////////////
// 					verify error codes
// //////////////////////////////////////////////////////////////////////////

assert(json.errorCode.equals("PLATFORM_SERVICE_APPLICATION_NOT_FOUND"))

assert(json.message.equals("Could not find application with key: " + badKey))

// status code
String temp = json.statusCode
assert(temp.equals("404"))

// timestamp
Calendar now = Calendar.getInstance();

String timeStamp = json.timestamp
tempArray = timeStamp.split("T")[0].split("-")

assert(tempArray[0].equals(now.get(Calendar.YEAR) as String))
assert(tempArray[1].equals(NeedLeadingZero(now.get(Calendar.MONTH) + 1)))
assert(tempArray[2].equals(NeedLeadingZero(now.get(Calendar.DATE))))

log.info " --- Verifying bad app key complete. --- "
log.info ""



// /////////////////////////////////////////////////
// 				helpers
// /////////////////////////////////////////////////
// setup so 'PutByAppKey' request can be run
void SetupGetAppKeyForRun()
{
	// setup to call post new app.
	testCase = context.testCase; 
	testStep = testCase.getTestStepByName("GetAppByKey");  
	testRunner = new com.eviware.soapui.impl.wsdl.testcase.WsdlTestCaseRunner(testCase, null); 
	testStepContext = new com.eviware.soapui.impl.wsdl.testcase.WsdlTestRunContext(testStep); 
}

// setup so 'GetApps' request can be run
void SetupGetAppsForRun()
{
	// setup to call post new app.
	testCase = context.testCase; 
	testStep = testCase.getTestStepByName("GetApps");  
	testRunner = new com.eviware.soapui.impl.wsdl.testcase.WsdlTestCaseRunner(testCase, null); 
	testStepContext = new com.eviware.soapui.impl.wsdl.testcase.WsdlTestRunContext(testStep); 
}

// //////////////////////////////
//		helper
// //////////////////////////////

// if item passed in has size one add a leading zero.
String NeedLeadingZero(def item)
{
	String strIn = item
	
	if(strIn.length() == 1)
	{
		return "0" + strIn
	}
	else
	{
		return strIn
	}
}
</script></con:config></con:testStep><con:properties><con:property><con:name>Key1</con:name><con:value>CMD</con:value></con:property><con:property><con:name>name1</con:name><con:value>ABB</con:value></con:property><con:property><con:name>description1</con:name><con:value>up</con:value></con:property><con:property><con:name>enabled1</con:name><con:value>true</con:value></con:property><con:property><con:name>Key2</con:name><con:value>APP_NEW</con:value></con:property><con:property><con:name>name2</con:name><con:value>Test App</con:value></con:property><con:property><con:name>description2</con:name><con:value>Test App for new API resource - Tenants</con:value></con:property><con:property><con:name>enabled2</con:name><con:value>true</con:value></con:property><con:property><con:name>Key3</con:name><con:value>ANA_APP1</con:value></con:property><con:property><con:name>name3</con:name><con:value>Ana Name</con:value></con:property><con:property><con:name>description3</con:name><con:value xmlns:xsi="http://www.w3.org/2001/XMLSchema-instance">ana Description</con:value></con:property><con:property><con:name>enabled3</con:name><con:value>true</con:value></con:property><con:property><con:name>AppKeyToTest</con:name><con:value>ThisXIsXBadKey</con:value></con:property><con:property><con:name>Token</con:name><con:value>eyJhbGciOiJIUzUxMiJ9.eyJzdWIiOiJhZG1pbiIsImF1dGgiOiJST0xFX0FETUlOLFJPTEVfVVNFUiIsImV4cCI6MTUxODM2ODA3M30.K5OvKHH1IPaaJlOF7eysEhFskJTrZ1xFI9dRks3E-jvKEt3fQG-8LIY-k2LRx_qc8kaCAWExwVh35uJAIs15Dw</con:value></con:property><con:property><con:name>URL</con:name><con:value>http://dc1testrmapp03.prod.tangoe.com:4070</con:value></con:property></con:properties><con:reportParameters/><con:breakPoints><con:testStepId>d1226699-9719-4db5-a2a1-cca4039d9057</con:testStepId><con:status>NONE</con:status><con:properties/></con:breakPoints><con:breakPoints><con:testStepId>0b5f10a7-e64e-4148-92b7-646a5fd9ffc7</con:testStepId><con:status>NONE</con:status><con:properties/></con:breakPoints><con:breakPoints><con:testStepId>3e139d24-f7a1-44cd-bb5b-831c44367b2e</con:testStepId><con:status>NONE</con:status><con:properties/></con:breakPoints></con:testCase><con:properties/><con:reportParameters/></con:testSuite><con:requirements/><con:properties/><con:wssContainer/><con:databaseConnectionContainer/><con:oAuth2ProfileContainer/><con:oAuth1ProfileContainer/><con:reporting><con:reportTemplates/><con:xmlTemplates/><con:xmlTemplates/><con:parameters/><con:parameters/></con:reporting><con:reporting/><con:authRepository/><con:tags/></con:soapui-project>