<?xml version="1.0" encoding="UTF-8"?>
<con:soapui-project id="a17d2c4b-7c21-48f2-b6b6-e52aae15e04f" activeEnvironment="Default environment" name="API_SortingOrdersDetail" lastOpened="2017-08-22T14:45:51.390-04:00" soapui-version="6.0.0" resourceRoot="" updated="2.3.0 2018-03-06T16:28:42Z" encryptionMode="Not encrypted" xmlns:con="http://eviware.com/soapui/config">
  <con:settings/>
  <con:interface xsi:type="con:RestService" id="3bce0bbf-f77b-40bb-98b4-8c790796b58b" wadlVersion="http://wadl.dev.java.net/2009/02" name="Orders" type="rest" xmlns:xsi="http://www.w3.org/2001/XMLSchema-instance">
    <con:settings/>
    
    <con:definitionCache type="TEXT" rootPart=""/><con:endpoints>
      <con:endpoint>https://tngo-qa-mobproc-cmd.cloudhub.io</con:endpoint>
    </con:endpoints>
    <con:resource name="Orders" path="/orders" id="3090f0a4-76f3-4919-acad-e77bdef89365">
      <con:settings/>
      <con:parameters>
        <con:parameter>
          <con:name>sortBy</con:name>
          <con:value>ORDER_ID</con:value>
          <con:style>QUERY</con:style>
          <con:default>ORDER_ID</con:default>
          <con:path xsi:nil="true"/>
          <con:description xsi:nil="true"/>
        </con:parameter>
        <con:parameter>
          <con:name>offset</con:name>
          <con:value>0</con:value>
          <con:style>QUERY</con:style>
          <con:default>0</con:default>
          <con:path xsi:nil="true"/>
          <con:description xsi:nil="true"/>
        </con:parameter>
        <con:parameter>
          <con:name>limit</con:name>
          <con:value>100</con:value>
          <con:style>QUERY</con:style>
          <con:default>100</con:default>
          <con:path xsi:nil="true"/>
          <con:description xsi:nil="true"/>
        </con:parameter>
        <con:parameter>
          <con:name>sortAscending</con:name>
          <con:value>true</con:value>
          <con:style>QUERY</con:style>
          <con:default>true</con:default>
          <con:path xsi:nil="true"/>
          <con:description xsi:nil="true"/>
        </con:parameter>
        <con:parameter>
          <con:name>X-TNGO-TENANT</con:name>
          <con:value/>
          <con:style>HEADER</con:style>
          <con:default/>
          <con:description xsi:nil="true"/>
        </con:parameter>
        <con:parameter>
          <con:name>Authorization</con:name>
          <con:value/>
          <con:style>HEADER</con:style>
          <con:default/>
          <con:description xsi:nil="true"/>
        </con:parameter>
        <con:parameter>
          <con:name>client_id</con:name>
          <con:value/>
          <con:style>HEADER</con:style>
          <con:default/>
          <con:description xsi:nil="true"/>
        </con:parameter>
        <con:parameter>
          <con:name>client_secret</con:name>
          <con:value/>
          <con:style>HEADER</con:style>
          <con:default/>
          <con:description xsi:nil="true"/>
        </con:parameter>
        <con:parameter>
          <con:name>dateTimeUpdated</con:name>
          <con:value/>
          <con:style>QUERY</con:style>
          <con:default/>
          <con:description xsi:nil="true"/>
        </con:parameter>
      </con:parameters>
      <con:method name="Orders" id="569b944f-0a61-4328-a866-050abf31b689" method="GET">
        <con:settings/>
        <con:parameters/>
        <con:representation type="RESPONSE">
          <con:mediaType>application/json;charset=UTF-8</con:mediaType>
          <con:status>200</con:status>
          <con:params/>
          <con:element xmlns:ord="https://tngo-qa-mobproc-cmd.cloudhub.io/mobproc/v1.qa/orders">ord:Response</con:element>
        </con:representation>
        <con:representation type="FAULT">
          <con:mediaType>application/json</con:mediaType>
          <con:status>500</con:status>
          <con:params/>
        </con:representation>
        <con:request name="Request 1" id="cd31bd53-48ff-465c-b4a4-268e11b1f43a" mediaType="application/json">
          <con:settings>
            <con:setting id="com.eviware.soapui.impl.wsdl.WsdlRequest@request-headers">&lt;xml-fragment/></con:setting>
          </con:settings>
          <con:endpoint>None</con:endpoint>
          <con:request/>
          <con:credentials>
            <con:selectedAuthProfile>No Authorization</con:selectedAuthProfile>
            <con:authType>No Authorization</con:authType>
          </con:credentials>
          <con:jmsConfig JMSDeliveryMode="PERSISTENT"/>
          <con:parameters>
            <con:entry key="sortAscending" value=""/>
            <con:entry key="offset" value=""/>
            <con:entry key="limit" value=""/>
            <con:entry key="sortBy" value=""/>
          </con:parameters>
          <con:parameterOrder>
            <con:entry>X-TNGO-TENANT</con:entry>
            <con:entry>Authorization</con:entry>
            <con:entry>client_id</con:entry>
            <con:entry>client_secret</con:entry>
            <con:entry>sortBy</con:entry>
            <con:entry>offset</con:entry>
            <con:entry>limit</con:entry>
            <con:entry>sortAscending</con:entry>
            <con:entry>dateTimeUpdated</con:entry>
          </con:parameterOrder>
        </con:request>
      </con:method>
    </con:resource>
  </con:interface>
  <con:testSuite id="4f8648bd-66b5-438c-ac0f-331107357837" name="TestSuiteOrdersSorting">
    <con:settings/>
    <con:runType>SEQUENTIAL</con:runType>
    <con:testCase id="fcb1a69e-0b9a-4aa1-b724-b1098444de3a" discardOkResults="true" failOnError="true" failTestCaseOnErrors="true" keepSession="false" name="TestCaseSortingOrders" searchProperties="true">
      <con:settings/>
      <con:savedRecentRuns>1</con:savedRecentRuns><con:testStep type="groovy" name="ScriptSetupOrders" id="6d22f795-f83d-4838-a5df-395610e9a10c">
        <con:settings/>
        <con:config>
          <script>// /////////////////////////////////////////////
// This sets up all of the test case properties
// /////////////////////////////////////////////

def groovyUtils = new com.eviware.soapui.support.GroovyUtils( context ); 
def projectPath = groovyUtils.projectPath //gets the path of the project root

// this is sanity check with a simple call. all this does is verify a simple connection 
// to the external clases by logging a message in log window.
soapUIScripts.CommonMethods.StaticMethod(log) 

// setup test case properties stored in 'DudleyDorightDataActions' class.
soapUIScripts.DudleyDorightDataActions.SetupTestCaseProperties(log, testRunner) 

// read in token pair and put in test case properties.
// NOTE: token pair must be in same folder as project
//       token pair must be up to date (not expired)
assert(soapUIScripts.CommonMethods.ReadTokenPair(projectPath + "\\" + "TokenPair.txt", log, testRunner) == true)

// read user Ids and assign to test case properties 
def userIdsFileName = projectPath + "\\" + "DudleyDoright.txt"
assert soapUIScripts.CommonMethods.ReadUserIdsURL(userIdsFileName, log, testRunner) == true

def userIdsFileName2 = projectPath + "\\" + "AnaUserData.txt"
assert soapUIScripts.CommonMethods.ReadUserIdsURL(userIdsFileName2, log, testRunner) == true


testRunner.testCase.setPropertyValue("dateTimeUpdated", "2017-06-10T12:00:00Z")

log.info "  ** Sort ORDERS ** "</script>
        </con:config>
      </con:testStep>
      <con:testStep type="restrequest" name="GetOrders" id="2ed49357-11e5-469c-9436-0893b8da40b0">
        <con:settings/>
        <con:config service="Orders" resourcePath="/orders" methodName="Orders" xsi:type="con:RestRequestStep" xmlns:xsi="http://www.w3.org/2001/XMLSchema-instance">
          <con:restRequest name="GetOrders" id="07ab1121-ffdb-4aca-9fda-e4832a70486d" mediaType="application/json">
            <con:settings>
              <con:setting id="com.eviware.soapui.impl.wsdl.WsdlRequest@request-headers">&lt;xml-fragment/></con:setting>
            </con:settings>
            <con:endpoint>${#TestCase#URL}</con:endpoint>
            <con:request/>
            <con:originalUri>https://tngo-qa-mobproc-cmd.cloudhub.io/mobproc/v1.qa/orders</con:originalUri>
            <con:assertion type="Valid HTTP Status Codes" id="4fae8324-e7ef-48e4-a8e7-5689d8d713d3" name="Valid HTTP Status Codes">
              <con:settings/>
              <con:configuration>
                <codes>200</codes>
              </con:configuration>
            </con:assertion>
            <con:credentials>
              <con:selectedAuthProfile>No Authorization</con:selectedAuthProfile>
              <con:authType>No Authorization</con:authType>
            </con:credentials>
            <con:jmsConfig JMSDeliveryMode="PERSISTENT"/>
            <con:parameters>
              <con:entry key="Authorization" value="Bearer ${#TestCase#AccessToken}"/>
              <con:entry key="sortAscending" value="${#TestCase#sortAscending}"/>
              <con:entry key="offset" value="${#TestCase#offset}"/>
              <con:entry key="X-TNGO-TENANT" value="${#TestCase#Tenant}"/>
              <con:entry key="dateTimeUpdated" value="${#TestCase#dateTimeUpdated}"/>
              <con:entry key="limit" value="${#TestCase#limit}"/>
              <con:entry key="sortBy" value="${#TestCase#sortBy}"/>
              <con:entry key="client_secret" value="${#TestCase#clientSecret}"/>
              <con:entry key="client_id" value="${#TestCase#clientId}"/>
            </con:parameters>
            <con:parameterOrder>
              <con:entry>X-TNGO-TENANT</con:entry>
              <con:entry>Authorization</con:entry>
              <con:entry>client_id</con:entry>
              <con:entry>client_secret</con:entry>
              <con:entry>offset</con:entry>
              <con:entry>limit</con:entry>
              <con:entry>sortAscending</con:entry>
              <con:entry>sortBy</con:entry>
              <con:entry>dateTimeUpdated</con:entry>
            </con:parameterOrder>
          </con:restRequest>
        </con:config>
      </con:testStep>
      <con:testStep type="groovy" name="BuildListOfAllOrdersObjects" id="902c81c2-662d-4d8b-804e-1048916bdf62">
        <con:settings/>
        <con:config>
          <script><![CDATA[import groovy.json.JsonSlurper 
def groovyUtils = new com.eviware.soapui.support.GroovyUtils( context ); 
def testCase = context.testCase; 
def testStep = testCase.getTestStepByName("GetOrders") 

def alert = com.eviware.soapui.support.UISupport;

testRunner = new com.eviware.soapui.impl.wsdl.testcase.WsdlTestCaseRunner(testCase, null); 
testStepContext = new com.eviware.soapui.impl.wsdl.testcase.WsdlTestRunContext(testStep); 


def response = testStep.testRequest.messageExchange.response.responseContent
def slurper = new JsonSlurper()
def json = slurper.parseText response

//log.info "Total Count = " + json.orders._meta.totalCountcontext.listOfOrderObjects

int totalCount = json.orders._meta.totalCount as int
int offset = 0
int limit = 50

int numFullLoops = (json.orders._meta.totalCount as int)/limit
int numLeftoverItems = totalCount - (numFullLoops * limit)

log.info "Total Count = " + totalCount
log.info "Starting Offset = " + offset
log.info "Limit = " + limit
log.info "Number of blocks that have full limit size = " + numFullLoops
log.info "Number leftover items and end = " + numLeftoverItems


context.listOfOrderObjects = []

int outputCounter = 0

for(int x = 0; x < numFullLoops ; x++)
{
	// run and get response
	testRunner.testCase.setPropertyValue("offset", offset as String)
	testRunner.testCase.setPropertyValue("limit", limit as String)

	//alert.showInfoMessage("Redy to run with offset = " + offset);
	log.info "Starting to run request with offset = " + offset
	
	testStep.run(testRunner, testStepContext);
	response = testStep.testRequest.messageExchange.response.responseContent
	json = slurper.parseText response

	log.info "Add response items to object list"

	for(int y = 0; y < limit; y++)
	{
		tempOne = json.orders.items[y].orderId
		tempTwo = json.orders.items[y].externalOrderNumber
		tempThree = json.orders.items[y].accountHolder.id
		tempFour = json.orders.items[y].requestedBy.id
		tempFive = json.orders.items[y].vendor.id
		tempSix = json.orders.items[y].transactionType
		context.listOfOrderObjects.add(new soapUIScripts.CommonMethods.OrderObject(tempOne, tempTwo, tempThree, tempFour, tempFive, tempSix))	
	}

	log.info "Current offset " + offset + " completed."
	
	offset += limit
}

if(numLeftoverItems == 0)
{
	return
}

// offset has been set to start at the last block that is smaller than all of the other blocks in thge for loop above

// run and get response 
testRunner.testCase.setPropertyValue("offset", offset as String)
testRunner.testCase.setPropertyValue("limit", limit as String)

//alert.showInfoMessage("Redy to run with offset = " + offset);
log.info "Starting to run with offset = " + offset

testStep.run(testRunner, testStepContext);
response = testStep.testRequest.messageExchange.response.responseContent
json = slurper.parseText response

int n = 0

log.info "Add final items to object list"

for(int k = offset; k < totalCount; k++)
{
	tempOne = json.orders.items[n].orderId
	tempTwo = json.orders.items[n].externalOrderNumber
	tempThree = json.orders.items[n].accountHolder.id
	tempFour = json.orders.items[n].requestedBy.id
	tempFive = json.orders.items[n].vendor.id
	tempSix = json.orders.items[n].transactionType
	context.listOfOrderObjects.add(new soapUIScripts.CommonMethods.OrderObject(tempOne, tempTwo, tempThree, tempFour, tempFive, tempSix))	
	n++
}

log.info "Log order objects to a file"

def filename = "C:\\SoapUi_Projects\\_API_2017_SFE_15041\\Hacking_XX1\\OrdersObjects.txt"
def file = new File(filename)
def w = file.newWriter() 


for (soapUIScripts.CommonMethods.OrderObject obj : context.listOfOrderObjects)
{
	w << outputCounter + "\r\n"
	w << "orderId: " + obj.orderId + "\r\n"
	w << "externOrderNumber: " + obj.externalOrderNumber + "\r\n"
	w << "accountHolderId: " + obj.accountHolderId + "\r\n"
	w << "requestedById: " + obj.requestedById + "\r\n"
	w << "vendorId: " + obj.vendorId + "\r\n"
	w << "transactionType: " + obj.transactionType + "\r\n"
	outputCounter++
}

w.close()
	
return]]></script>
        </con:config>
      </con:testStep>
      <con:testStep type="datasource" name="DataSource" id="b24d96fe-f160-4e83-88f0-311eb5244d86">
        <con:settings/>
        <con:config xsi:type="con:DataSourceStep" xmlns:xsi="http://www.w3.org/2001/XMLSchema-instance">
          <con:dataSource type="Grid">
            <con:configuration><check><![CDATA[<xml-fragment><con:entry xmlns:con="http://eviware.com/soapui/config">true</con:entry><con:entry xmlns:con="http://eviware.com/soapui/config">true</con:entry><con:entry xmlns:con="http://eviware.com/soapui/config">true</con:entry><con:entry xmlns:con="http://eviware.com/soapui/config">true</con:entry><con:entry xmlns:con="http://eviware.com/soapui/config">true</con:entry><con:entry xmlns:con="http://eviware.com/soapui/config">true</con:entry><con:entry xmlns:con="http://eviware.com/soapui/config">true</con:entry><con:entry xmlns:con="http://eviware.com/soapui/config">true</con:entry><con:entry xmlns:con="http://eviware.com/soapui/config">true</con:entry><con:entry xmlns:con="http://eviware.com/soapui/config">true</con:entry><con:entry xmlns:con="http://eviware.com/soapui/config">true</con:entry><con:entry xmlns:con="http://eviware.com/soapui/config">true</con:entry><con:entry xmlns:con="http://eviware.com/soapui/config">true</con:entry><con:entry xmlns:con="http://eviware.com/soapui/config">true</con:entry><con:entry xmlns:con="http://eviware.com/soapui/config">true</con:entry><con:entry xmlns:con="http://eviware.com/soapui/config">true</con:entry></xml-fragment>]]></check><row><![CDATA[<xml-fragment><con:entry xmlns:con="http://eviware.com/soapui/config">ORDER_ID</con:entry><con:entry xmlns:con="http://eviware.com/soapui/config">true</con:entry><con:entry xmlns:con="http://eviware.com/soapui/config"/></xml-fragment>]]></row><row><![CDATA[<xml-fragment><con:entry xmlns:con="http://eviware.com/soapui/config">STATUS</con:entry><con:entry xmlns:con="http://eviware.com/soapui/config">true</con:entry><con:entry xmlns:con="http://eviware.com/soapui/config"/></xml-fragment>]]></row><row><![CDATA[<xml-fragment><con:entry xmlns:con="http://eviware.com/soapui/config">ACCOUNT_HOLDER</con:entry><con:entry xmlns:con="http://eviware.com/soapui/config">true</con:entry><con:entry xmlns:con="http://eviware.com/soapui/config"/></xml-fragment>]]></row><row><![CDATA[<xml-fragment><con:entry xmlns:con="http://eviware.com/soapui/config">TRANSACTION_TYPE</con:entry><con:entry xmlns:con="http://eviware.com/soapui/config">true</con:entry><con:entry xmlns:con="http://eviware.com/soapui/config"/></xml-fragment>]]></row><row><![CDATA[<xml-fragment><con:entry xmlns:con="http://eviware.com/soapui/config">EXTERNAL_ORDER_ID</con:entry><con:entry xmlns:con="http://eviware.com/soapui/config">true</con:entry><con:entry xmlns:con="http://eviware.com/soapui/config"/></xml-fragment>]]></row><row><![CDATA[<xml-fragment><con:entry xmlns:con="http://eviware.com/soapui/config">SUBMITTED_DATE</con:entry><con:entry xmlns:con="http://eviware.com/soapui/config">true</con:entry><con:entry xmlns:con="http://eviware.com/soapui/config"/></xml-fragment>]]></row><row><![CDATA[<xml-fragment><con:entry xmlns:con="http://eviware.com/soapui/config">REQUESTED_BY</con:entry><con:entry xmlns:con="http://eviware.com/soapui/config">true</con:entry><con:entry xmlns:con="http://eviware.com/soapui/config"/></xml-fragment>]]></row><row><![CDATA[<xml-fragment><con:entry xmlns:con="http://eviware.com/soapui/config">UPDATED_DATE</con:entry><con:entry xmlns:con="http://eviware.com/soapui/config">true</con:entry><con:entry xmlns:con="http://eviware.com/soapui/config"/></xml-fragment>]]></row><row><![CDATA[<xml-fragment><con:entry xmlns:con="http://eviware.com/soapui/config">ORDER_ID</con:entry><con:entry xmlns:con="http://eviware.com/soapui/config">false</con:entry><con:entry xmlns:con="http://eviware.com/soapui/config"/></xml-fragment>]]></row><row><![CDATA[<xml-fragment><con:entry xmlns:con="http://eviware.com/soapui/config">STATUS</con:entry><con:entry xmlns:con="http://eviware.com/soapui/config">false</con:entry><con:entry xmlns:con="http://eviware.com/soapui/config"/></xml-fragment>]]></row><row><![CDATA[<xml-fragment><con:entry xmlns:con="http://eviware.com/soapui/config">ACCOUNT_HOLDER</con:entry><con:entry xmlns:con="http://eviware.com/soapui/config">false</con:entry><con:entry xmlns:con="http://eviware.com/soapui/config"/></xml-fragment>]]></row><row><![CDATA[<xml-fragment><con:entry xmlns:con="http://eviware.com/soapui/config">TRANSACTION_TYPE</con:entry><con:entry xmlns:con="http://eviware.com/soapui/config">false</con:entry><con:entry xmlns:con="http://eviware.com/soapui/config"/></xml-fragment>]]></row><row><![CDATA[<xml-fragment><con:entry xmlns:con="http://eviware.com/soapui/config">EXTERNAL_ORDER_ID</con:entry><con:entry xmlns:con="http://eviware.com/soapui/config">false</con:entry><con:entry xmlns:con="http://eviware.com/soapui/config"/></xml-fragment>]]></row><row><![CDATA[<xml-fragment><con:entry xmlns:con="http://eviware.com/soapui/config">SUBMITTED_DATE</con:entry><con:entry xmlns:con="http://eviware.com/soapui/config">false</con:entry><con:entry xmlns:con="http://eviware.com/soapui/config"/></xml-fragment>]]></row><row><![CDATA[<xml-fragment><con:entry xmlns:con="http://eviware.com/soapui/config">REQUESTED_BY</con:entry><con:entry xmlns:con="http://eviware.com/soapui/config">false</con:entry><con:entry xmlns:con="http://eviware.com/soapui/config"/></xml-fragment>]]></row><row><![CDATA[<xml-fragment><con:entry xmlns:con="http://eviware.com/soapui/config">UPDATED_DATE</con:entry><con:entry xmlns:con="http://eviware.com/soapui/config">false</con:entry><con:entry xmlns:con="http://eviware.com/soapui/config"/></xml-fragment>]]></row><recognizeAsPlainText>true</recognizeAsPlainText></con:configuration>
          </con:dataSource>
          <con:property>sortBy</con:property>
          <con:property>sortAscending</con:property>
          <con:completeLastOperation>true</con:completeLastOperation>
          <con:restartOnRun>true</con:restartOnRun>
        </con:config>
      </con:testStep>
      <con:testStep type="groovy" name="GetTotalCountOrders" id="e141ab19-a984-467e-bfb5-b19b1f21f294">
        <con:settings/>
        <con:config>
          <script>import groovy.json.JsonSlurper 

def groovyUtils = new com.eviware.soapui.support.GroovyUtils( context ); 
def testCase = context.testCase; 
def testStep = testCase.getTestStepByName("GetOrders") 
def dataSource = testCase.getTestStepByName("DataSource")

//  need for external call.
testRunner = new com.eviware.soapui.impl.wsdl.testcase.WsdlTestCaseRunner(testCase, null); 
testStepContext = new com.eviware.soapui.impl.wsdl.testcase.WsdlTestRunContext(testStep); 

// get response of last test step run.
def response = testStep.testRequest.messageExchange.response.responseContent
def slurper = new JsonSlurper()
def json = slurper.parseText response


int totalCountOrders = json.orders._meta.totalCount
int amountOrdersToSort = 50

String offset = "0"
String limit = amountOrdersToSort.toString()

def sortAscending = dataSource.getPropertyValue("sortAscending")

if (sortAscending.equals("true") &amp;&amp; totalCountOrders > amountOrdersToSort) {
	offset = (totalCountOrders - amountOrdersToSort).toString()
	
}

// E.g. totalCount = 200 &amp;&amp; amountOrdersToSort = 50 --> offset = 150

testRunner.testCase.setPropertyValue("offset", offset)
testRunner.testCase.setPropertyValue("limit", limit)


log.info "  **  Total Count Orders: " + totalCountOrders
log.info "  **  Offset: " + offset
log.info "  **  Limit: " + limit</script>
        </con:config>
      </con:testStep>
      <con:testStep type="restrequest" name="GetOrdersSorted" id="027796d2-ba32-47a3-a5be-c538c80abad6">
        <con:settings/>
        <con:config service="Orders" resourcePath="/orders" methodName="Orders" xsi:type="con:RestRequestStep" xmlns:xsi="http://www.w3.org/2001/XMLSchema-instance">
          <con:restRequest name="GetOrdersSorted" id="07ab1121-ffdb-4aca-9fda-e4832a70486d" mediaType="application/json">
            <con:settings>
              <con:setting id="com.eviware.soapui.impl.wsdl.WsdlRequest@request-headers">&lt;xml-fragment/></con:setting>
            </con:settings>
            <con:endpoint>${#TestCase#URL}</con:endpoint>
            <con:request/>
            <con:originalUri>https://tngo-qa-mobproc-cmd.cloudhub.io/mobproc/v1.qa/orders</con:originalUri>
            <con:assertion type="Valid HTTP Status Codes" id="4fae8324-e7ef-48e4-a8e7-5689d8d713d3" name="Valid HTTP Status Codes">
              <con:settings/>
              <con:configuration>
                <codes>200</codes>
              </con:configuration>
            </con:assertion>
            <con:credentials>
              <con:selectedAuthProfile>No Authorization</con:selectedAuthProfile>
              <con:authType>No Authorization</con:authType>
            </con:credentials>
            <con:jmsConfig JMSDeliveryMode="PERSISTENT"/>
            <con:parameters>
              <con:entry key="Authorization" value="Bearer ${#TestCase#AccessToken}"/>
              <con:entry key="sortAscending" value="${DataSource#sortAscending}"/>
              <con:entry key="offset" value="${#TestCase#offset}"/>
              <con:entry key="X-TNGO-TENANT" value="${#TestCase#Tenant}"/>
              <con:entry key="dateTimeUpdated" value="${#TestCase#dateTimeUpdated}"/>
              <con:entry key="limit" value="${#TestCase#limit}"/>
              <con:entry key="sortBy" value="${DataSource#sortBy}"/>
              <con:entry key="client_secret" value="${#TestCase#clientSecret}"/>
              <con:entry key="client_id" value="${#TestCase#clientId}"/>
            </con:parameters>
            <con:parameterOrder>
              <con:entry>X-TNGO-TENANT</con:entry>
              <con:entry>Authorization</con:entry>
              <con:entry>client_id</con:entry>
              <con:entry>client_secret</con:entry>
              <con:entry>offset</con:entry>
              <con:entry>limit</con:entry>
              <con:entry>sortAscending</con:entry>
              <con:entry>sortBy</con:entry>
              <con:entry>dateTimeUpdated</con:entry>
            </con:parameterOrder>
          </con:restRequest>
        </con:config>
      </con:testStep>
      <con:testStep type="groovy" name="VerifyOrdersSorting" id="e8810a5c-46c9-4062-95e1-5c31e24993c7">
        <con:settings/>
        <con:config>
          <script>import groovy.json.JsonSlurper 

def groovyUtils = new com.eviware.soapui.support.GroovyUtils( context ); 
def testCase = context.testCase; 
def testStep = testCase.getTestStepByName("GetOrdersSorted") 
def dataSource = testCase.getTestStepByName("DataSource")

//  need for external call.
testRunner = new com.eviware.soapui.impl.wsdl.testcase.WsdlTestCaseRunner(testCase, null); 
testStepContext = new com.eviware.soapui.impl.wsdl.testcase.WsdlTestRunContext(testStep); 

// get response of last test step run.
def response = testStep.testRequest.messageExchange.response.responseContent
def slurper = new JsonSlurper()
def json = slurper.parseText response


def sortAscending = dataSource.getPropertyValue("sortAscending")
def sortBy = dataSource.getPropertyValue("sortBy")

log.info "  **  Sort by = " + sortBy + ", Sort Ascending = " + sortAscending


VerifyOrderSortAscending(json, sortAscending, sortBy)


/*log.info "transaction types: " + json.orders.items.transactionType
log.info "order id: " + json.orders.items.orderId
log.info "status: " + json.orders.items.status
log.info "account holder: " + json.orders.items.accountHolder.lastName
log.info "transaction types: " + json.orders.items.transactionType
log.info "ext order number: " + json.orders.items.externalOrderNumber
log.info "date submitted: " + json.orders.items.dateSubmitted
log.info "requested by: " + json.orders.items.requestedBy.lastName
log.info "updated date: " + json.orders.items.updated
*/


/* Methods */

void VerifyOrderSortAscending(json, sortAscending, sortBy){

	def originalList = []
	def sortedList = []

	
	if (sortBy == "ORDER_ID"){
		originalList = json.orders.items.orderId
	}
	else if (sortBy == "STATUS"){
		originalList = json.orders.items.status
	}
	else if (sortBy == "ACCOUNT_HOLDER"){
		originalList = json.orders.items.accountHolder.lastName
	}
	else if (sortBy == "TRANSACTION_TYPE"){
		originalList = json.orders.items.transactionType
	}
	else if (sortBy == "EXTERNAL_ORDER_ID"){
		originalList = json.orders.items.externalOrderNumber
	}
	else if (sortBy == "SUBMITTED_DATE"){
		originalList = json.orders.items.dateSubmitted
	}
	else if (sortBy == "REQUESTED_BY"){
		originalList = json.orders.items.requestedBy.lastName
	}
	else if (sortBy == "UPDATED_DATE"){
		originalList = json.orders.items.updated	
	}
							

	// Copy the elements from original list to sorted list
	for(int i = 0; i &lt; originalList.size(); i++){
		
		if (sortBy == "ORDER_ID") {
			sortedList[i] = Integer.parseInt(originalList[i])
			originalList[i] = Integer.parseInt(originalList[i])
		} else {
			sortedList[i] = originalList[i] 	
		}
		
	}

	

	// The criteria to sort the list must be case insensitive. E.g.: there are model names starting with "i" instead of "I", like "iPhone"
	//Collections.sort(sortedList, String.CASE_INSENSITIVE_ORDER)  &lt;-- it failed for sortBy ACCOUNT_HOLDER, replaced by line below
	try {
		Collections.sort(sortedList)	
	} catch (NullPointerException e) {
		log.info "  **  There are NULL values for " + sortBy

		
		// Remove null values
		def originalListWithoutNulls = []
		def sortedListWithoutNulls = []

		int indexNotNull = 0
		
		for(int i = 0; i &lt; originalList.size(); i++){
		
			if (originalList[i] != null) {
	
				if (sortBy == "ORDER_ID") {
					sortedList[i] = Integer.parseInt(originalList[i])
					originalList[i] = Integer.parseInt(originalList[i])
				} else {
					sortedListWithoutNulls[indexNotNull] = originalList[i] 	
					originalListWithoutNulls[indexNotNull] = originalList[i]
				}
	
				indexNotNull++
			}
		
		}

		sortedList = sortedListWithoutNulls
		Collections.sort(sortedList)
		
		originalList = originalListWithoutNulls
		
	}
	

	
	if(sortAscending.equals("false")){
		sortedList = sortedList.reverse()
	}

	log.info "  **  Original List: " + originalList
	log.info "  **  Sorted List:   " + sortedList
	
	assert(sortedList.equals(originalList))
	

}</script>
        </con:config>
      </con:testStep>
      <con:testStep type="groovy" name="VerifyOrdersSortingWithObjects" id="df0646c2-bb0e-4eed-8cd3-ef003baa74a8">
        <con:settings/>
        <con:config><script>// ///////////////////////////////////////////////////////////////////////////////////////////////////////
// this is where to get order info from 'GetOrdersSorted' response.
// ///////////////////////////////////////////////////////////////////////////////////////////////////////
import groovy.json.JsonSlurper 

def groovyUtils = new com.eviware.soapui.support.GroovyUtils( context ); 
def testCase = context.testCase; 
def testStep = testCase.getTestStepByName("GetOrdersSorted") 

// get response of last test step run.
def response = testStep.testRequest.messageExchange.response.responseContent
def slurper = new JsonSlurper()
def json = slurper.parseText response

log.info "Start VerifyWithObjects"

for(int x = 0; x &lt; 50; x++)
{
	//assert((json.orders.items[x].externalOrderNumber).equals(FindExternalOrderNumnberByOrderId(json.orders.items[x].orderId)))
	//assert((json.orders.items[x].accountHolder.id).equals(FindAccountHolderByOrderId(json.orders.items[x].orderId)))

	//assert((json.orders.items[x].accountHolder.id).equals(FindItemByOrderId(json.orders.items[x].orderId, "accountHolderId")))
	//assert((json.orders.items[x].externalOrderNumber).equals(FindItemByOrderId(json.orders.items[x].orderId, "externalOrderNumber")))
	//assert((json.orders.items[x].requestedBy.id).equals(FindItemByOrderId(json.orders.items[x].orderId, "requestedById")))
	//assert((json.orders.items[x].vendor.id).equals(FindItemByOrderId(json.orders.items[x].orderId, "vendorId")))

	soapUIScripts.CommonMethods.OrderObject obj = FindObjectByOrderId(json.orders.items[x].orderId)
	assert((json.orders.items[x].accountHolder.id).equals(obj.accountHolderId))
	assert((json.orders.items[x].externalOrderNumber).equals(obj.externalOrderNumber))


	//log.info "from Obj " + obj.vendorId


	//log.info json.orders.items[x].vendor.id
	//log.info FindItemByOrderId(json.orders.items[x].orderId, "vendorId")
}

/*
String FindItemByOrderId(String Id, String item)
{
	int x = 0
	
	for(soapUIScripts.CommonMethods.OrderObject obj : context.listOfOrderObjects)
	{
		if(obj.orderId.equals(Id))
		{
			if(item.equals("externalOrderNumber"))
			{
				return obj.externalOrderNumber
			}
			else if(item.equals("accountHolderId"))
			{
				return obj.accountHolderId
			}
			else if(item.equals("requestedById"))
			{
				return obj.requestedById
			}
			else if(item.equals("vendorId"))
			{
				return obj.vendorId
			}
			else
			{
				throw new RuntimeException("Fail in 'VerifyWithObjects' groovy script. Method 'FindExternalOrderNumnberByOrderId' did not find a return value.") 
			}
		}
	}	
	

}
*/

// bladd
soapUIScripts.CommonMethods.OrderObject FindObjectByOrderId(String orderId)
{
	for(soapUIScripts.CommonMethods.OrderObject obj : context.listOfOrderObjects)
	{
		if(obj.orderId.equals(orderId))
		{
			return obj
		}
	}
	throw new RuntimeException("Fail in 'VerifyWithObjects' groovy script. Method 'FindObjectByOrderId' did not find a return value.") 
}

/*
// this is given an orderId. it finds the corresponding externalOrderNumber that goes with the orderId.
String FindExternalOrderNumnberByOrderId(String Id)
{
	for(soapUIScripts.CommonMethods.OrderObject obj : context.listOfOrderObjects)
	{
		if(obj.orderId.equals(Id))
		{
			return obj.externalOrderNumber
		}
	}	
	
	throw new RuntimeException("Fail in 'VerifyWithObjects' groovy script. Method 'FindExternalOrderNumnberByOrderId' did not find a return value.") 
}

// this is given an orderId. it finds the corresponding accountHolderId that goes with the orderId.
String FindAccountHolderByOrderId(String Id)
{
	for(soapUIScripts.CommonMethods.OrderObject obj : context.listOfOrderObjects)
	{
		if(obj.orderId.equals(Id))
		{
			return obj.accountHolderId
		}
	}	
	
	throw new RuntimeException("Fail in 'VerifyWithObjects' groovy script. Method 'FindAccountHolderByOrderId' did not find a return value.") 
}
*/



log.info "VerifyWithObjects Done"</script></con:config>
      </con:testStep>
      <con:testStep type="datasourceloop" name="DataSource Loop" id="51b02dfa-3f66-468b-b723-64ee129a24e0">
        <con:settings/>
        <con:config>
          <dataSourceStep>DataSource</dataSourceStep>
          <targetStep>GetTotalCountOrders</targetStep>
        </con:config>
      </con:testStep>
      <con:properties>
        <con:property>
          <con:name>Tenant</con:name>
          <con:value>XX1</con:value>
        </con:property>
        <con:property>
          <con:name>limit</con:name>
          <con:value>50</con:value>
        </con:property>
        <con:property>
          <con:name>offset</con:name>
          <con:value>0</con:value>
        </con:property>
        <con:property>
          <con:name>companyEmployeeId</con:name>
          <con:value>ana.pace.xx1</con:value>
        </con:property>
        <con:property>
          <con:name>AccessToken</con:name>
          <con:value>6G5Iydg88iprNlumMxRSxmA7joU6</con:value>
        </con:property>
        <con:property>
          <con:name>RefreshToken</con:name>
          <con:value>wRfnEBRD0ZwDyrG4CLM3jgO8x5bh9tGMSvdUgzov5y</con:value>
        </con:property>
        <con:property>
          <con:name>DeviceId</con:name>
          <con:value>37948380</con:value>
        </con:property>
        <con:property>
          <con:name>ServiceId</con:name>
          <con:value>41741083</con:value>
        </con:property>
        <con:property>
          <con:name>EmployeeId</con:name>
          <con:value>28691388</con:value>
        </con:property>
        <con:property>
          <con:name>DepartmentId</con:name>
          <con:value>11569020385</con:value>
        </con:property>
        <con:property>
          <con:name>LogoUrl</con:name>
          <con:value>https://qa1cmd.tangoe.com/</con:value>
        </con:property>
        <con:property>
          <con:name>client_id</con:name>
          <con:value>3c276cecdc674aabb5456f54b605bbbf</con:value>
        </con:property>
        <con:property>
          <con:name>client_secret</con:name>
          <con:value>c513c4a67492405d95CE4DB4B40B73FF</con:value>
        </con:property>
        <con:property>
          <con:name>URL</con:name>
          <con:value>https://tngo-qa-mobproc.cloudhub.io/mobproc/v1.qa</con:value>
        </con:property>
        <con:property>
          <con:name>transactionType</con:name>
          <con:value>NEW_ACTIVATION</con:value>
        </con:property>
        <con:property>
          <con:name>sortAscending</con:name>
          <con:value>false</con:value>
        </con:property>
        <con:property>
          <con:name>sortBy</con:name>
          <con:value>REQUESTED_BY</con:value>
        </con:property>
        <con:property>
          <con:name>regionId</con:name>
          <con:value>70144640</con:value>
        </con:property>
        <con:property>
          <con:name>LastHref</con:name>
          <con:value>https://tngo-qa-mobproc-cmd.cloudhub.io/mobproc/v1.qa/catalog/accessories?transactionType=NEW_ACTIVATION&amp;offset=0&amp;sortBy=VENDOR&amp;region=70144640&amp;limit=100&amp;sortAscending=false</con:value>
        </con:property>
        <con:property>
          <con:name>hrefUrl</con:name>
          <con:value>https://tngo-qa-mobproc-cmd.cloudhub.io/mobproc/v1.qa/catalog/accessories?transactionType=NEW_ACTIVATION&amp;sortBy=VENDOR&amp;offset=0&amp;region=70144640&amp;limit=100&amp;sortAscending=false</con:value>
        </con:property>
        <con:property>
          <con:name>ConditionUrl</con:name>
          <con:value>https://tngo-qa-mobproc-cmd.cloudhub.io/mobproc/v1.qa/assets/devices?offset=0&amp;sortBy=DEPARTMENT&amp;limit=100&amp;sortAscending=false</con:value>
        </con:property>
        <con:property>
          <con:name>clientID</con:name>
          <con:value>392d0283466b4e00be8e8b8062db5f9f</con:value>
        </con:property>
        <con:property>
          <con:name>clientSecret</con:name>
          <con:value>3c684c3220e740ef92E7177A32AE978D</con:value>
        </con:property>
        <con:property>
          <con:name>dateTimeUpdated</con:name>
          <con:value>2017-06-10T12:00:00Z</con:value>
        </con:property>
        <con:property>
          <con:name>FirstName</con:name>
          <con:value>AnaLaura</con:value>
        </con:property>
        <con:property>
          <con:name>LastName</con:name>
          <con:value>Pace</con:value>
        </con:property>
        <con:property>
          <con:name>DepartmentName</con:name>
          <con:value>Development</con:value>
        </con:property>
        <con:property>
          <con:name>OfficePhone</con:name>
          <con:value>5169999876</con:value>
        </con:property>
        <con:property>
          <con:name>Email</con:name>
          <con:value>ana@test.com</con:value>
        </con:property>
        <con:property>
          <con:name>ServiceNumber</con:name>
          <con:value>3213693699</con:value>
        </con:property>
        <con:property>
          <con:name>DeviceId2</con:name>
          <con:value>37948382</con:value>
        </con:property>
        <con:property>
          <con:name>ServiceId2</con:name>
          <con:value>41741085</con:value>
        </con:property>
        <con:property>
          <con:name>ServiceNumber2</con:name>
          <con:value>1472582588</con:value>
        </con:property>
        <con:property>
          <con:name>DeviceId3</con:name>
          <con:value>37948381</con:value>
        </con:property>
        <con:property>
          <con:name>ServiceId3</con:name>
          <con:value>41741084</con:value>
        </con:property>
        <con:property>
          <con:name>ServiceNumber3</con:name>
          <con:value>2581471477</con:value>
        </con:property>
        <con:property>
          <con:name>DeviceId4</con:name>
          <con:value>null</con:value>
        </con:property>
        <con:property>
          <con:name>ServiceId4</con:name>
          <con:value>null</con:value>
        </con:property>
        <con:property>
          <con:name>ServiceNumber4</con:name>
          <con:value>null</con:value>
        </con:property>
      <con:property><con:name>Vendor1</con:name><con:value>Verizon Wireless</con:value></con:property><con:property><con:name>Vendor2</con:name><con:value>Sprint</con:value></con:property><con:property><con:name>Vendor3</con:name><con:value>AT&amp;T Mobility</con:value></con:property><con:property><con:name>Vendor4</con:name><con:value>null</con:value></con:property></con:properties>
      <con:reportParameters/>
      <con:breakPoints>
        <con:testStepId>7b8f2d2b-0292-4873-ab56-fcbaa8ff99f1</con:testStepId>
        <con:status>NONE</con:status>
        <con:properties/>
      </con:breakPoints>
      <con:breakPoints>
        <con:testStepId>66aca81c-be72-452b-ab66-5b341016b808</con:testStepId>
        <con:status>NONE</con:status>
        <con:properties/>
      </con:breakPoints>
      <con:breakPoints>
        <con:testStepId>84bde778-87fe-4b16-955b-7296fde18e70</con:testStepId>
        <con:status>NONE</con:status>
        <con:properties/>
      </con:breakPoints>
      <con:breakPoints>
        <con:testStepId>52fa8ca2-264a-461d-beaa-373b1826f5f9</con:testStepId>
        <con:status>NONE</con:status>
        <con:properties/>
      </con:breakPoints>
      <con:breakPoints>
        <con:testStepId>bef3478a-b94d-4805-b9cd-c71b4479ad07</con:testStepId>
        <con:status>NONE</con:status>
        <con:properties/>
      </con:breakPoints>
      <con:breakPoints>
        <con:testStepId>4541bed6-6863-4a97-acc5-26b850b688f5</con:testStepId>
        <con:status>NONE</con:status>
        <con:properties/>
      </con:breakPoints>
      <con:breakPoints>
        <con:testStepId>2b617cd9-a3dd-4ee5-b7e0-6afcca9705f0</con:testStepId>
        <con:status>NONE</con:status>
        <con:properties/>
      </con:breakPoints>
      <con:breakPoints>
        <con:testStepId>28470b07-84f1-4e30-b22c-0f12d23d7ac7</con:testStepId>
        <con:status>NONE</con:status>
        <con:properties/>
      </con:breakPoints>
      <con:breakPoints>
        <con:testStepId>b4026905-d138-4daf-82b0-226ad70fa195</con:testStepId>
        <con:status>NONE</con:status>
        <con:properties/>
      </con:breakPoints>
      <con:breakPoints>
        <con:testStepId>dfe27d40-b588-46fa-892e-222b048ffb2d</con:testStepId>
        <con:status>NONE</con:status>
        <con:properties/>
      </con:breakPoints>
      <con:breakPoints>
        <con:testStepId>b8208c46-5d63-40f6-8b29-4b3b795d8d10</con:testStepId>
        <con:status>NONE</con:status>
        <con:properties/>
      </con:breakPoints>
      <con:breakPoints>
        <con:testStepId>3c80d4df-d669-463d-b43f-52ed0d9fff41</con:testStepId>
        <con:status>NONE</con:status>
        <con:properties/>
      </con:breakPoints>
      <con:breakPoints>
        <con:testStepId>0422a095-b9a3-4886-b590-287cfb65e3f7</con:testStepId>
        <con:status>ENABLED</con:status>
        <con:properties/>
      </con:breakPoints>
      <con:breakPoints>
        <con:testStepId>62256c23-b7a7-4e3e-9bac-4a49f3b336d6</con:testStepId>
        <con:status>NONE</con:status>
        <con:properties/>
      </con:breakPoints>
      <con:breakPoints>
        <con:testStepId>d4004d4b-ce1c-4026-b227-caa3f861a649</con:testStepId>
        <con:status>NONE</con:status>
        <con:properties/>
      </con:breakPoints>
      <con:breakPoints>
        <con:testStepId>e8810a5c-46c9-4062-95e1-5c31e24993c7</con:testStepId>
        <con:status>NONE</con:status>
        <con:properties/>
      </con:breakPoints>
      <con:breakPoints>
        <con:testStepId>2ed49357-11e5-469c-9436-0893b8da40b0</con:testStepId>
        <con:status>NONE</con:status>
        <con:properties/>
      </con:breakPoints>
      <con:breakPoints>
        <con:testStepId>e141ab19-a984-467e-bfb5-b19b1f21f294</con:testStepId>
        <con:status>NONE</con:status>
        <con:properties/>
      </con:breakPoints>
      <con:breakPoints>
        <con:testStepId>902c81c2-662d-4d8b-804e-1048916bdf62</con:testStepId>
        <con:status>NONE</con:status>
        <con:properties/>
      </con:breakPoints>
    </con:testCase>
    <con:properties/>
    <con:reportParameters/>
  </con:testSuite>
  <con:savedRecentRuns>1</con:savedRecentRuns><con:requirements/>
  <con:properties/>
  <con:wssContainer/>
  <con:databaseConnectionContainer/>
  <con:jmsConnectionContainer/>
  <con:oAuth2ProfileContainer/>
  <con:oAuth1ProfileContainer/>
  <con:reporting>
    <con:xmlTemplates/>
    <con:parameters/>
  </con:reporting>
  <con:authRepository/>
  <con:tags/>
</con:soapui-project>