<?xml version="1.0" encoding="UTF-8"?>
<con:soapui-project id="958fb295-a807-455e-8f8d-40a7e59ea4dd" activeEnvironment="Default environment" name="API_SortingVendorsDetails" lastOpened="2017-08-24T15:12:46.072-03:00" soapui-version="6.0.0" updated="2.2.0 2017-11-28T12:17:25Z" xmlns:con="http://eviware.com/soapui/config">
  <con:settings/>
  <con:interface xsi:type="con:RestService" id="799a0c51-d6cd-45bb-9479-5bd851002361" wadlVersion="http://wadl.dev.java.net/2009/02" name="/vendors" type="rest" xmlns:xsi="http://www.w3.org/2001/XMLSchema-instance">
    <con:settings/>
    <con:definitionCache type="TEXT" rootPart=""/>
    <con:endpoints>
      <con:endpoint>https://tg-mobility.cloudhub.io</con:endpoint>
    </con:endpoints>
    <con:resource name="Vendors" path="/vendors" id="de590721-0bcb-43c6-a995-9666c6e7186e">
      <con:settings/>
      <con:parameters>
        <con:parameter>
          <con:name>sortAscending</con:name>
          <con:value>true</con:value>
          <con:style>QUERY</con:style>
          <con:default>true</con:default>
          <con:path xsi:nil="true"/>
          <con:description xsi:nil="true"/>
        </con:parameter>
        <con:parameter>
          <con:name>region</con:name>
          <con:value>70144640</con:value>
          <con:style>QUERY</con:style>
          <con:default>70144640</con:default>
          <con:path xsi:nil="true"/>
          <con:description xsi:nil="true"/>
        </con:parameter>
        <con:parameter>
          <con:name>Authorization</con:name>
          <con:value/>
          <con:style>HEADER</con:style>
          <con:default/>
          <con:description xsi:nil="true"/>
        </con:parameter>
        <con:parameter>
          <con:name>X-TNGO-TENANT</con:name>
          <con:value/>
          <con:style>HEADER</con:style>
          <con:default/>
          <con:description xsi:nil="true"/>
        </con:parameter>
        <con:parameter>
          <con:name>client_secret</con:name>
          <con:value/>
          <con:style>HEADER</con:style>
          <con:default/>
          <con:description xsi:nil="true"/>
        </con:parameter>
        <con:parameter>
          <con:name>client_id</con:name>
          <con:value/>
          <con:style>HEADER</con:style>
          <con:default/>
          <con:description xsi:nil="true"/>
        </con:parameter>
        <con:parameter>
          <con:name>sortBy</con:name>
          <con:value/>
          <con:style>QUERY</con:style>
          <con:default/>
          <con:description xsi:nil="true"/>
        </con:parameter>
        <con:parameter>
          <con:name>type</con:name>
          <con:value/>
          <con:style>QUERY</con:style>
          <con:default/>
          <con:description xsi:nil="true"/>
        </con:parameter>
      </con:parameters>
      <con:method name="Vendors" id="dd06eb93-14de-428b-9d0b-f7115624374b" method="GET">
        <con:settings/>
        <con:parameters/>
        <con:representation type="RESPONSE">
          <con:mediaType>application/json;charset=UTF-8</con:mediaType>
          <con:status>200</con:status>
          <con:params/>
          <con:element xmlns:ven="https://tg-mobility.cloudhub.io/mobility/v1/vendors">ven:Response</con:element>
        </con:representation>
        <con:representation type="FAULT">
          <con:mediaType>application/json</con:mediaType>
          <con:status>403</con:status>
          <con:params/>
          <con:element xmlns:ven="https://tg-mobility.cloudhub.io/mobility/v1/vendors">ven:Fault</con:element>
        </con:representation>
        <con:request name="Request 1" id="b7545bbc-9991-474a-8b3b-0656fd86c7b1" mediaType="application/json">
          <con:settings>
            <con:setting id="com.eviware.soapui.impl.wsdl.WsdlRequest@request-headers">&lt;xml-fragment/></con:setting>
          </con:settings>
          <con:endpoint>None</con:endpoint>
          <con:request/>
          <con:credentials>
            <con:selectedAuthProfile>No Authorization</con:selectedAuthProfile>
            <con:authType>No Authorization</con:authType>
          </con:credentials>
          <con:jmsConfig JMSDeliveryMode="PERSISTENT"/>
          <con:parameters>
            <con:entry key="sortAscending" value=""/>
            <con:entry key="region" value=""/>
          </con:parameters>
          <con:parameterOrder>
            <con:entry>X-TNGO-TENANT</con:entry>
            <con:entry>Authorization</con:entry>
            <con:entry>client_secret</con:entry>
            <con:entry>client_id</con:entry>
            <con:entry>region</con:entry>
            <con:entry>sortAscending</con:entry>
            <con:entry>sortBy</con:entry>
            <con:entry>type</con:entry>
          </con:parameterOrder>
        </con:request>
      </con:method>
    </con:resource>
  </con:interface>
  <con:testSuite id="021cb330-cf0c-43af-85db-10aa0c8e9dba" name="TestSuiteVendorsSorting">
    <con:settings/>
    <con:runType>SEQUENTIAL</con:runType>
    <con:testCase id="d0d8c5a8-30ea-42cd-a7f3-e6d1e0929170" discardOkResults="true" failOnError="true" failTestCaseOnErrors="true" keepSession="false" name="TestCaseSortingVendors" searchProperties="true">
      <con:settings/>
      <con:testStep type="groovy" name="ScriptSetupCatalogVendors" id="c870dbed-2819-4675-856d-978ffb7a4944">
        <con:settings/>
        <con:config>
          <script>// /////////////////////////////////////////////
// This sets up all of the test case properties
// /////////////////////////////////////////////

def groovyUtils = new com.eviware.soapui.support.GroovyUtils( context ); 
def projectPath = groovyUtils.projectPath //gets the path of the project root

// this is sanity check with a simple call. all this does is verify a simple connection 
// to the external clases by logging a message in log window.
soapUIScripts.CommonMethods.StaticMethod(log) 

// setup test case properties stored in 'DudleyDorightDataActions' class.
soapUIScripts.DudleyDorightDataActions.SetupTestCaseProperties(log, testRunner) 

// read in token pair and put in test case properties.
// NOTE: token pair must be in same folder as project
//       token pair must be up to date (not expired)
assert(soapUIScripts.CommonMethods.ReadTokenPair(projectPath + "\\" + "TokenPair.txt", log, testRunner) == true)

// read user Ids and assign to test case properties 
def userIdsFileName = projectPath + "\\" + "DudleyDoright.txt"
assert soapUIScripts.CommonMethods.ReadUserIdsURL(userIdsFileName, log, testRunner) == true

context.offset = 0
context.limit = 100

testRunner.testCase.setPropertyValue("offset", context.offset.toString())
testRunner.testCase.setPropertyValue("limit", context.limit.toString())

testRunner.testCase.setPropertyValue("regionId", "70144640")
testRunner.testCase.setPropertyValue("type", "ALL")


log.info "  ** Sort VENDORS ** "</script>
        </con:config>
      </con:testStep>
      <con:testStep type="datasource" name="DataSource" id="61baad00-1c1d-44ee-afbd-4da01f53995f">
        <con:settings/>
        <con:config xsi:type="con:DataSourceStep" xmlns:xsi="http://www.w3.org/2001/XMLSchema-instance">
          <con:dataSource type="Grid">
            <con:configuration>
              <check><![CDATA[<xml-fragment><con:entry xmlns:con="http://eviware.com/soapui/config">true</con:entry><con:entry xmlns:con="http://eviware.com/soapui/config">true</con:entry></xml-fragment>]]></check>
              <row><![CDATA[<xml-fragment><con:entry xmlns:con="http://eviware.com/soapui/config">true</con:entry><con:entry xmlns:con="http://eviware.com/soapui/config">NAME</con:entry><con:entry xmlns:con="http://eviware.com/soapui/config"/></xml-fragment>]]></row>
              <row><![CDATA[<xml-fragment><con:entry xmlns:con="http://eviware.com/soapui/config">false</con:entry><con:entry xmlns:con="http://eviware.com/soapui/config">NAME</con:entry><con:entry xmlns:con="http://eviware.com/soapui/config"/></xml-fragment>]]></row>
            </con:configuration>
          </con:dataSource>
          <con:property>sortAscending</con:property>
          <con:property>sortBy</con:property>
          <con:restartOnRun>true</con:restartOnRun>
        </con:config>
      </con:testStep>
      <con:testStep type="restrequest" name="GetVendorsSorted" id="69231033-ec69-46f5-9230-35f7a62f6140">
        <con:settings/>
        <con:config service="/vendors" resourcePath="/vendors" methodName="Vendors" xsi:type="con:RestRequestStep" xmlns:xsi="http://www.w3.org/2001/XMLSchema-instance">
          <con:restRequest name="GetVendorsSorted" id="3b89668f-b311-43db-9228-c88760116d5d" mediaType="application/json">
            <con:settings>
              <con:setting id="com.eviware.soapui.impl.wsdl.WsdlRequest@request-headers">&lt;xml-fragment/></con:setting>
            </con:settings>
            <con:endpoint>${#TestCase#URL}</con:endpoint>
            <con:request/>
            <con:originalUri>https://tg-mobility.cloudhub.io/mobility/v1/vendors</con:originalUri>
            <con:assertion type="Valid HTTP Status Codes" id="adcc6efd-2994-45a6-8bed-f08a2563d8d8" name="Valid HTTP Status Codes">
              <con:settings/>
              <con:configuration>
                <codes>200</codes>
              </con:configuration>
            </con:assertion>
            <con:credentials>
              <con:selectedAuthProfile>No Authorization</con:selectedAuthProfile>
              <con:authType>No Authorization</con:authType>
            </con:credentials>
            <con:jmsConfig JMSDeliveryMode="PERSISTENT"/>
            <con:parameters>
              <con:entry key="Authorization" value="Bearer ${#TestCase#AccessToken}"/>
              <con:entry key="sortAscending" value="${DataSource#sortAscending}"/>
              <con:entry key="X-TNGO-TENANT" value="${#TestCase#Tenant}"/>
              <con:entry key="sortBy" value="${DataSource#sortBy}"/>
              <con:entry key="client_secret" value="${#TestCase#clientSecret}"/>
              <con:entry key="region" value="${#TestCase#regionId}"/>
              <con:entry key="type" value="${#TestCase#type}"/>
              <con:entry key="client_id" value="${#TestCase#clientId}"/>
            </con:parameters>
            <con:parameterOrder>
              <con:entry>X-TNGO-TENANT</con:entry>
              <con:entry>Authorization</con:entry>
              <con:entry>client_secret</con:entry>
              <con:entry>client_id</con:entry>
              <con:entry>region</con:entry>
              <con:entry>type</con:entry>
              <con:entry>sortAscending</con:entry>
              <con:entry>sortBy</con:entry>
            </con:parameterOrder>
          </con:restRequest>
        </con:config>
      </con:testStep>
      <con:testStep type="groovy" name="BuildListOfAllVendorsObjects" id="7a8c31ff-2345-4141-99f7-f0db1ecdcee2">
        <con:settings/>
        <con:config>
          <script><![CDATA[import groovy.json.JsonSlurper 
def groovyUtils = new com.eviware.soapui.support.GroovyUtils( context ); 
def testCase = context.testCase; 
def testStep = testCase.getTestStepByName("GetVendorsSorted") 

def alert = com.eviware.soapui.support.UISupport;

testRunner = new com.eviware.soapui.impl.wsdl.testcase.WsdlTestCaseRunner(testCase, null); 
testStepContext = new com.eviware.soapui.impl.wsdl.testcase.WsdlTestRunContext(testStep); 


def response = testStep.testRequest.messageExchange.response.responseContent
def slurper = new JsonSlurper()
def json = slurper.parseText response



int totalCount = json.vendors._meta.totalCount as int
context.totalCount = totalCount


log.info "Total Count = " + totalCount


context.listOfVendorsObjects = []

int outputCounter = 0


// run and get response
	
testStep.run(testRunner, testStepContext);
response = testStep.testRequest.messageExchange.response.responseContent
json = slurper.parseText response

log.info "Add response items to object list"

for(int i = 0; i < totalCount; i++)
{
	def tempOne = json.vendors.items[i].id
	def tempTwo = json.vendors.items[i].logoUrl
	def tempThree = json.vendors.items[i].name
	def tempFour = json.vendors.items[i].region.id
				
	context.listOfVendorsObjects.add(new soapUIScripts.CommonMethods.VendorObject(tempOne, tempTwo, tempThree, tempFour))	
}



log.info "Log vendor objects to a file"

def filename = "C:\\SoapUi_Projects\\_API_2017_SFE_15041\\Hacking_XX1\\VendorsObjects.txt"
def file = new File(filename)
def w = file.newWriter() 


for (soapUIScripts.CommonMethods.VendorObject obj : context.listOfVendorsObjects)
{
	w << outputCounter + "\r\n"
	w << "vendorId: " + obj.vendorId + "\r\n"
	w << "logoUrl: " + obj.logoUrl + "\r\n"
	w << "name: " + obj.name + "\r\n"
	w << "regionId: " + obj.regionId + "\r\n"
	outputCounter++
}

w.close()
	
return]]></script>
        </con:config>
      </con:testStep>
      <con:testStep type="groovy" name="VerifyVendorsSorting" id="16b73129-7995-4502-9cab-4344952ef7ea">
        <con:settings/>
        <con:config>
          <script>import groovy.json.JsonSlurper 

def groovyUtils = new com.eviware.soapui.support.GroovyUtils( context ); 
def testCase = context.testCase; 
def testStep = testCase.getTestStepByName("GetVendorsSorted") 
def dataSource = testCase.getTestStepByName("DataSource")

//  need for external call.
testRunner = new com.eviware.soapui.impl.wsdl.testcase.WsdlTestCaseRunner(testCase, null); 
testStepContext = new com.eviware.soapui.impl.wsdl.testcase.WsdlTestRunContext(testStep); 

// get response of last test step run.
def response = testStep.testRequest.messageExchange.response.responseContent
def slurper = new JsonSlurper()
def json = slurper.parseText response


def sortAscending = dataSource.getPropertyValue("sortAscending")
def sortBy = dataSource.getPropertyValue("sortBy")

log.info "sortBy: " + sortBy
log.info "sortAscending = " + sortAscending


VerifyOrderSortAscending(json, sortAscending, sortBy)




/* Methods */

void VerifyOrderSortAscending(json, sortAscending, sortBy){

	def originalList = []
	def sortedList = []

	
	if (sortBy == "NAME"){
		originalList = json.vendors.items.name
	}
	
	// Copy the elements from original list to sorted list
	for(int i = 0; i &lt; originalList.size(); i++){
		sortedList[i] = originalList[i]
	}
	
	sortedList = sortedList.sort()
	
	if(sortAscending.equals("false")){
		sortedList = sortedList.reverse()
	}

	//log.info "originalList: " + originalList
	//log.info "sortedList:   " + sortedList
	
	assert(sortedList.equals(originalList))

}</script>
        </con:config>
      </con:testStep>
      <con:testStep type="groovy" name="VerifyVendorsSortingWithObjects" id="90ef865f-4031-41da-95f7-ba84bc2c9353">
        <con:settings/>
        <con:config>
          <script>// ///////////////////////////////////////////////////////////////////////////////////////////////////////
// this is where to get order info from 'GetOrdersSorted' response.
// ///////////////////////////////////////////////////////////////////////////////////////////////////////
import groovy.json.JsonSlurper 

def groovyUtils = new com.eviware.soapui.support.GroovyUtils( context ); 
def testCase = context.testCase; 
def testStep = testCase.getTestStepByName("GetVendorsSorted") 

// get response of last test step run.
def response = testStep.testRequest.messageExchange.response.responseContent
def slurper = new JsonSlurper()
def json = slurper.parseText response

log.info "Start VerifyWithObjects"

for(int i = 0; i &lt; context.totalCount; i++)
{
	soapUIScripts.CommonMethods.VendorObject obj = FindObjectByVendorId(json.vendors.items[i].id)
	assert((json.vendors.items[i].name).equals(obj.name))
	assert((json.vendors.items[i].logoUrl).equals(obj.logoUrl))
	assert((json.vendors.items[i].region.id).equals(obj.regionId))

}

/*
String FindItemByOrderId(String Id, String item)
{
	int x = 0
	
	for(soapUIScripts.CommonMethods.VendorObject obj : context.listOfVendorObjects)
	{
		if(obj.orderId.equals(Id))
		{
			if(item.equals("externalOrderNumber"))
			{
				return obj.externalOrderNumber
			}
			else if(item.equals("accountHolderId"))
			{
				return obj.accountHolderId
			}
			else if(item.equals("requestedById"))
			{
				return obj.requestedById
			}
			else if(item.equals("vendorId"))
			{
				return obj.vendorId
			}
			else
			{
				throw new RuntimeException("Fail in 'VerifyWithObjects' groovy script. Method 'FindExternalOrderNumnberByOrderId' did not find a return value.") 
			}
		}
	}	
	

}
*/

// bladd
soapUIScripts.CommonMethods.VendorObject FindObjectByVendorId(String vendorId)
{
	for(soapUIScripts.CommonMethods.VendorObject obj : context.listOfVendorsObjects)
	{
		if(obj.vendorId.equals(vendorId))
		{
			return obj
		}
	}
	throw new RuntimeException("Fail in 'VerifyWithObjects' groovy script. Method 'FindObjectByVendorId' did not find a return value.") 
}

/*
// this is given an orderId. it finds the corresponding externalOrderNumber that goes with the orderId.
String FindExternalOrderNumnberByOrderId(String Id)
{
	for(soapUIScripts.CommonMethods.VendorObject obj : context.listOfVendorObjects)
	{
		if(obj.orderId.equals(Id))
		{
			return obj.externalOrderNumber
		}
	}	
	
	throw new RuntimeException("Fail in 'VerifyWithObjects' groovy script. Method 'FindExternalOrderNumnberByOrderId' did not find a return value.") 
}

// this is given an orderId. it finds the corresponding accountHolderId that goes with the orderId.
String FindAccountHolderByOrderId(String Id)
{
	for(soapUIScripts.CommonMethods.VendorObject obj : context.listOfVendorObjects)
	{
		if(obj.orderId.equals(Id))
		{
			return obj.accountHolderId
		}
	}	
	
	throw new RuntimeException("Fail in 'VerifyWithObjects' groovy script. Method 'FindAccountHolderByOrderId' did not find a return value.") 
}
*/



log.info "VerifyWithObjects Done"</script>
        </con:config>
      </con:testStep>
      <con:testStep type="datasourceloop" name="DataSource Loop" id="003b87c0-c048-4f40-8992-dab0bf0142cb">
        <con:settings/>
        <con:config>
          <dataSourceStep>DataSource</dataSourceStep>
          <targetStep>GetVendorsSorted</targetStep>
        </con:config>
      </con:testStep>
      <con:properties>
        <con:property>
          <con:name>Tenant</con:name>
          <con:value>XX1</con:value>
        </con:property>
        <con:property>
          <con:name>limit</con:name>
          <con:value>100</con:value>
        </con:property>
        <con:property>
          <con:name>offset</con:name>
          <con:value>0</con:value>
        </con:property>
        <con:property>
          <con:name>companyEmployeeId</con:name>
          <con:value>Dudley.Doright2.XX1</con:value>
        </con:property>
        <con:property>
          <con:name>AccessToken</con:name>
          <con:value>fZP2yTWdiBf3zZAcCt88Vj6hMmwJ</con:value>
        </con:property>
        <con:property>
          <con:name>RefreshToken</con:name>
          <con:value>FMBTJagpNUpqGuOd4wwwhlH6bTg6A8WwnSLqvSu73f</con:value>
        </con:property>
        <con:property>
          <con:name>DeviceId</con:name>
          <con:value>36819015</con:value>
        </con:property>
        <con:property>
          <con:name>ServiceId</con:name>
          <con:value>39968735</con:value>
        </con:property>
        <con:property>
          <con:name>EmployeeId</con:name>
          <con:value>28720153</con:value>
        </con:property>
        <con:property>
          <con:name>DepartmentId</con:name>
          <con:value>11569020350</con:value>
        </con:property>
        <con:property>
          <con:name>LogoUrl</con:name>
          <con:value>https://qa1cmd.tangoe.com/</con:value>
        </con:property>
        <con:property>
          <con:name>client_id</con:name>
          <con:value>3c276cecdc674aabb5456f54b605bbbf</con:value>
        </con:property>
        <con:property>
          <con:name>client_secret</con:name>
          <con:value>c513c4a67492405d95CE4DB4B40B73FF</con:value>
        </con:property>
        <con:property>
          <con:name>URL</con:name>
          <con:value>https://tngo-qa-mobproc.cloudhub.io/mobproc/v1.qa</con:value>
        </con:property>
        <con:property>
          <con:name>transactionType</con:name>
          <con:value>NEW_ACTIVATION</con:value>
        </con:property>
        <con:property>
          <con:name>sortAscending</con:name>
          <con:value>false</con:value>
        </con:property>
        <con:property>
          <con:name>sortBy</con:name>
          <con:value>NAME</con:value>
        </con:property>
        <con:property>
          <con:name>regionId</con:name>
          <con:value>70144640</con:value>
        </con:property>
        <con:property>
          <con:name>LastHref</con:name>
          <con:value>https://tngo-qa-mobproc-cmd.cloudhub.io/mobproc/v1.qa/catalog/accessories?transactionType=NEW_ACTIVATION&amp;offset=0&amp;sortBy=VENDOR&amp;region=70144640&amp;limit=100&amp;sortAscending=false</con:value>
        </con:property>
        <con:property>
          <con:name>hrefUrl</con:name>
          <con:value>https://tngo-qa-mobproc-cmd.cloudhub.io/mobproc/v1.qa/catalog/accessories?transactionType=NEW_ACTIVATION&amp;sortBy=VENDOR&amp;offset=0&amp;region=70144640&amp;limit=100&amp;sortAscending=false</con:value>
        </con:property>
        <con:property>
          <con:name>type</con:name>
          <con:value>ALL</con:value>
        </con:property>
        <con:property>
          <con:name>clientID</con:name>
          <con:value>676ff94144f4400e9227c89937c1ade4</con:value>
        </con:property>
        <con:property>
          <con:name>clientSecret</con:name>
          <con:value>71f90d2437ee4a41A992931F17AC9AEC</con:value>
        </con:property>
      </con:properties>
      <con:reportParameters/>
      <con:breakPoints>
        <con:testStepId>7b8f2d2b-0292-4873-ab56-fcbaa8ff99f1</con:testStepId>
        <con:status>NONE</con:status>
        <con:properties/>
      </con:breakPoints>
      <con:breakPoints>
        <con:testStepId>66aca81c-be72-452b-ab66-5b341016b808</con:testStepId>
        <con:status>NONE</con:status>
        <con:properties/>
      </con:breakPoints>
      <con:breakPoints>
        <con:testStepId>84bde778-87fe-4b16-955b-7296fde18e70</con:testStepId>
        <con:status>NONE</con:status>
        <con:properties/>
      </con:breakPoints>
      <con:breakPoints>
        <con:testStepId>52fa8ca2-264a-461d-beaa-373b1826f5f9</con:testStepId>
        <con:status>NONE</con:status>
        <con:properties/>
      </con:breakPoints>
      <con:breakPoints>
        <con:testStepId>bef3478a-b94d-4805-b9cd-c71b4479ad07</con:testStepId>
        <con:status>NONE</con:status>
        <con:properties/>
      </con:breakPoints>
      <con:breakPoints>
        <con:testStepId>4541bed6-6863-4a97-acc5-26b850b688f5</con:testStepId>
        <con:status>NONE</con:status>
        <con:properties/>
      </con:breakPoints>
      <con:breakPoints>
        <con:testStepId>f4be664c-d864-4e6e-b58f-35c844ed792b</con:testStepId>
        <con:status>NONE</con:status>
        <con:properties/>
      </con:breakPoints>
      <con:breakPoints>
        <con:testStepId>988cc5e1-427c-41be-a89d-eae4cefae83a</con:testStepId>
        <con:status>NONE</con:status>
        <con:properties/>
      </con:breakPoints>
      <con:breakPoints>
        <con:testStepId>16b73129-7995-4502-9cab-4344952ef7ea</con:testStepId>
        <con:status>NONE</con:status>
        <con:properties/>
      </con:breakPoints>
      <con:breakPoints>
        <con:testStepId>7a8c31ff-2345-4141-99f7-f0db1ecdcee2</con:testStepId>
        <con:status>NONE</con:status>
        <con:properties/>
      </con:breakPoints>
      <con:breakPoints>
        <con:testStepId>90ef865f-4031-41da-95f7-ba84bc2c9353</con:testStepId>
        <con:status>NONE</con:status>
        <con:properties/>
      </con:breakPoints>
    </con:testCase>
    <con:properties/>
    <con:reportParameters/>
  </con:testSuite>
  <con:requirements/>
  <con:properties/>
  <con:wssContainer/>
  <con:databaseConnectionContainer/>
  <con:jmsConnectionContainer/>
  <con:oAuth2ProfileContainer/>
  <con:oAuth1ProfileContainer/>
  <con:reporting>
    <con:xmlTemplates/>
    <con:parameters/>
  </con:reporting>
  <con:authRepository/>
  <con:tags/>
</con:soapui-project>
