<?xml version="1.0" encoding="UTF-8"?>
<con:soapui-project id="4291c42c-8ae4-4563-8ef3-0f70c5465b01" activeEnvironment="Default environment" name="API_SortingCatalogDevices" lastOpened="2017-10-23T12:37:11.849-03:00" soapui-version="6.0.0" updated="2.2.0 2017-11-28T12:17:25Z" xmlns:con="http://eviware.com/soapui/config">
  <con:settings/>
  <con:interface xsi:type="con:RestService" id="70886b65-2208-44cd-b3a6-52ef515c1968" wadlVersion="http://wadl.dev.java.net/2009/02" name="/catalog/devices" type="rest" xmlns:xsi="http://www.w3.org/2001/XMLSchema-instance">
    <con:settings/>
    <con:definitionCache type="TEXT" rootPart=""/>
    <con:endpoints>
      <con:endpoint>https://tg-mobility.cloudhub.io</con:endpoint>
    </con:endpoints>
    <con:resource name="Devices" path="/catalog/devices" id="ced46302-a571-4332-b4f4-e3d89da402c6">
      <con:settings/>
      <con:parameters>
        <con:parameter>
          <con:name>X-TNGO-TENANT</con:name>
          <con:value/>
          <con:style>HEADER</con:style>
          <con:default/>
          <con:description xsi:nil="true"/>
        </con:parameter>
        <con:parameter>
          <con:name>Authorization</con:name>
          <con:value/>
          <con:style>HEADER</con:style>
          <con:default/>
          <con:description xsi:nil="true"/>
        </con:parameter>
        <con:parameter>
          <con:name>vendor</con:name>
          <con:style>QUERY</con:style>
        </con:parameter>
        <con:parameter>
          <con:name>transactionType</con:name>
          <con:style>QUERY</con:style>
        </con:parameter>
        <con:parameter>
          <con:name>region</con:name>
          <con:style>QUERY</con:style>
        </con:parameter>
        <con:parameter>
          <con:name>sortAscending</con:name>
          <con:style>QUERY</con:style>
        </con:parameter>
        <con:parameter>
          <con:name>offset</con:name>
          <con:style>QUERY</con:style>
        </con:parameter>
        <con:parameter>
          <con:name>limit</con:name>
          <con:style>QUERY</con:style>
        </con:parameter>
        <con:parameter>
          <con:name>client_id</con:name>
          <con:value/>
          <con:style>HEADER</con:style>
          <con:default/>
          <con:description xsi:nil="true"/>
        </con:parameter>
        <con:parameter>
          <con:name>client_secret</con:name>
          <con:value/>
          <con:style>HEADER</con:style>
          <con:default/>
          <con:description xsi:nil="true"/>
        </con:parameter>
        <con:parameter>
          <con:name>compatibleWithPlan</con:name>
          <con:value/>
          <con:style>QUERY</con:style>
          <con:default/>
          <con:description xsi:nil="true"/>
        </con:parameter>
        <con:parameter>
          <con:name>manufacturer</con:name>
          <con:value/>
          <con:style>QUERY</con:style>
          <con:default/>
          <con:description xsi:nil="true"/>
        </con:parameter>
        <con:parameter>
          <con:name>postalCode</con:name>
          <con:value/>
          <con:style>QUERY</con:style>
          <con:default/>
          <con:description xsi:nil="true"/>
        </con:parameter>
        <con:parameter>
          <con:name>service</con:name>
          <con:value/>
          <con:style>QUERY</con:style>
          <con:default/>
          <con:description xsi:nil="true"/>
        </con:parameter>
        <con:parameter>
          <con:name>sortBy</con:name>
          <con:style>QUERY</con:style>
        </con:parameter>
      </con:parameters>
      <con:method name="Devices" id="4ab39b1d-df2e-49a3-bc29-05a37af986c8" method="GET">
        <con:settings/>
        <con:parameters/>
        <con:representation type="RESPONSE">
          <con:mediaType>application/json;charset=UTF-8</con:mediaType>
          <con:status>200</con:status>
          <con:params/>
          <con:element xmlns:dev="https://tg-mobility.cloudhub.io/mobility/v1/catalog/devices">dev:Response</con:element>
        </con:representation>
        <con:representation type="FAULT">
          <con:mediaType xsi:nil="true"/>
          <con:status>404</con:status>
          <con:params/>
          <con:element>data</con:element>
        </con:representation>
        <con:representation type="FAULT">
          <con:mediaType xsi:nil="true"/>
          <con:status>404</con:status>
          <con:params/>
          <con:element>data</con:element>
        </con:representation>
        <con:representation type="FAULT">
          <con:mediaType xsi:nil="true"/>
          <con:status>404</con:status>
          <con:params/>
          <con:element>data</con:element>
        </con:representation>
        <con:representation type="FAULT">
          <con:mediaType>application/json</con:mediaType>
          <con:status>403 400</con:status>
          <con:params/>
        </con:representation>
        <con:request name="Request 1" id="0f316267-e4a2-4b16-a409-50a748cbed36" mediaType="application/json">
          <con:settings>
            <con:setting id="com.eviware.soapui.impl.wsdl.WsdlRequest@request-headers">&lt;xml-fragment/></con:setting>
          </con:settings>
          <con:endpoint>None</con:endpoint>
          <con:request/>
          <con:credentials>
            <con:selectedAuthProfile>No Authorization</con:selectedAuthProfile>
            <con:authType>No Authorization</con:authType>
          </con:credentials>
          <con:jmsConfig JMSDeliveryMode="PERSISTENT"/>
          <con:parameters/>
          <con:parameterOrder>
            <con:entry>X-TNGO-TENANT</con:entry>
            <con:entry>Authorization</con:entry>
            <con:entry>client_id</con:entry>
            <con:entry>client_secret</con:entry>
            <con:entry>transactionType</con:entry>
            <con:entry>offset</con:entry>
            <con:entry>limit</con:entry>
            <con:entry>region</con:entry>
            <con:entry>sortAscending</con:entry>
            <con:entry>vendor</con:entry>
            <con:entry>compatibleWithPlan</con:entry>
            <con:entry>manufacturer</con:entry>
            <con:entry>postalCode</con:entry>
            <con:entry>service</con:entry>
            <con:entry>sortBy</con:entry>
          </con:parameterOrder>
        </con:request>
      </con:method>
    </con:resource>
  </con:interface>
  <con:testSuite id="f6eb8c13-e8f2-4734-b6de-567df81d72ef" name="TestSuiteCatalogDevices">
    <con:settings/>
    <con:runType>SEQUENTIAL</con:runType>
    <con:testCase id="52c9fb0e-d956-4ef1-9b8d-493e9f960c06" discardOkResults="true" failOnError="true" failTestCaseOnErrors="true" keepSession="false" name="TestCaseSortingDevices" searchProperties="true">
      <con:settings/>
      <con:savedRecentRuns>1</con:savedRecentRuns>
      <con:testStep type="groovy" name="ScriptSetupCatalogDevices" id="a16c537a-cf3e-4d1b-9de9-5c012ad5b67f">
        <con:settings/>
        <con:config>
          <script>// /////////////////////////////////////////////
// This sets up all of the test case properties
// /////////////////////////////////////////////

def groovyUtils = new com.eviware.soapui.support.GroovyUtils( context ); 
def projectPath = groovyUtils.projectPath //gets the path of the project root

// this is sanity check with a simple call. all this does is verify a simple connection 
// to the external clases by logging a message in log window.
soapUIScripts.CommonMethods.StaticMethod(log) 

// setup test case properties stored in 'DudleyDorightDataActions' class.
soapUIScripts.DudleyDorightDataActions.SetupTestCaseProperties(log, testRunner) 

// read in token pair and put in test case properties.
// NOTE: token pair must be in same folder as project
//       token pair must be up to date (not expired)
assert(soapUIScripts.CommonMethods.ReadTokenPair(projectPath + "\\" + "TokenPair.txt", log, testRunner) == true)

// read user Ids and assign to test case properties 
def userIdsFileName = projectPath + "\\" + "DudleyDoright.txt"
assert soapUIScripts.CommonMethods.ReadUserIdsURL(userIdsFileName, log, testRunner) == true

context.offset = 0
context.limit = 100

testRunner.testCase.setPropertyValue("offset", context.offset.toString())
testRunner.testCase.setPropertyValue("limit", context.limit.toString())
testRunner.testCase.setPropertyValue("transactionType", "NEW_ACTIVATION")
testRunner.testCase.setPropertyValue("regionId", "70144640")


log.info "  ** Sort DEVICES ** "</script>
        </con:config>
      </con:testStep>
      <con:testStep type="datasource" name="DataSource" id="0ca30d9e-c9fa-43fb-8eb3-a5e66e6bce1a">
        <con:settings/>
        <con:config xsi:type="con:DataSourceStep" xmlns:xsi="http://www.w3.org/2001/XMLSchema-instance">
          <con:dataSource type="Grid">
            <con:configuration>
              <check><![CDATA[<xml-fragment><con:entry xmlns:con="http://eviware.com/soapui/config">true</con:entry><con:entry xmlns:con="http://eviware.com/soapui/config">true</con:entry><con:entry xmlns:con="http://eviware.com/soapui/config">true</con:entry><con:entry xmlns:con="http://eviware.com/soapui/config">true</con:entry></xml-fragment>]]></check>
              <row><![CDATA[<xml-fragment><con:entry xmlns:con="http://eviware.com/soapui/config">true</con:entry><con:entry xmlns:con="http://eviware.com/soapui/config">NAME</con:entry><con:entry xmlns:con="http://eviware.com/soapui/config"/></xml-fragment>]]></row>
              <row><![CDATA[<xml-fragment><con:entry xmlns:con="http://eviware.com/soapui/config">true</con:entry><con:entry xmlns:con="http://eviware.com/soapui/config">VENDOR</con:entry><con:entry xmlns:con="http://eviware.com/soapui/config"/></xml-fragment>]]></row>
              <row><![CDATA[<xml-fragment><con:entry xmlns:con="http://eviware.com/soapui/config">false</con:entry><con:entry xmlns:con="http://eviware.com/soapui/config">NAME</con:entry><con:entry xmlns:con="http://eviware.com/soapui/config"/></xml-fragment>]]></row>
              <row><![CDATA[<xml-fragment><con:entry xmlns:con="http://eviware.com/soapui/config">false</con:entry><con:entry xmlns:con="http://eviware.com/soapui/config">VENDOR</con:entry><con:entry xmlns:con="http://eviware.com/soapui/config"/></xml-fragment>]]></row>
            </con:configuration>
          </con:dataSource>
          <con:property>sortAscending</con:property>
          <con:property>sortBy</con:property>
          <con:restartOnRun>true</con:restartOnRun>
        </con:config>
      </con:testStep>
      <con:testStep type="restrequest" name="GetDevicesSorted" id="f783582d-78ac-44da-af8f-0c50b18f056c">
        <con:settings/>
        <con:config service="/catalog/devices" methodName="Devices" resourcePath="/catalog/devices" xsi:type="con:RestRequestStep" xmlns:xsi="http://www.w3.org/2001/XMLSchema-instance">
          <con:restRequest name="GetDevicesSorted" id="c888430b-a749-439e-b5ff-70c09d871062" mediaType="application/json">
            <con:settings>
              <con:setting id="com.eviware.soapui.impl.wsdl.WsdlRequest@request-headers">&lt;xml-fragment/></con:setting>
            </con:settings>
            <con:encoding>UTF-8</con:encoding>
            <con:endpoint>${#TestCase#URL}</con:endpoint>
            <con:request/>
            <con:originalUri>https://tg-mobility.cloudhub.io/mobility/v1/catalog/devices</con:originalUri>
            <con:assertion type="Valid HTTP Status Codes" id="542612c5-4bb8-46c4-93de-b3d4c8cac190" name="Valid HTTP Status Codes">
              <con:settings/>
              <con:configuration>
                <codes>200</codes>
              </con:configuration>
            </con:assertion>
            <con:credentials>
              <con:selectedAuthProfile>No Authorization</con:selectedAuthProfile>
              <con:authType>No Authorization</con:authType>
            </con:credentials>
            <con:jmsConfig JMSDeliveryMode="PERSISTENT"/>
            <con:parameters>
              <con:entry key="offset" value="${#TestCase#offset}"/>
              <con:entry key="X-TNGO-TENANT" value="${#TestCase#Tenant}"/>
              <con:entry key="postalCode" value=""/>
              <con:entry key="client_id" value="${#TestCase#clientId}"/>
              <con:entry key="manufacturer" value=""/>
              <con:entry key="Authorization" value="Bearer ${#TestCase#AccessToken}"/>
              <con:entry key="transactionType" value="${#TestCase#transactionType}"/>
              <con:entry key="sortAscending" value="${DataSource#sortAscending}"/>
              <con:entry key="service" value=""/>
              <con:entry key="limit" value="${#TestCase#limit}"/>
              <con:entry key="sortBy" value="${DataSource#sortBy}"/>
              <con:entry key="client_secret" value="${#TestCase#clientSecret}"/>
              <con:entry key="region" value="${#TestCase#regionId}"/>
              <con:entry key="compatibleWithPlan" value=""/>
            </con:parameters>
            <con:parameterOrder>
              <con:entry>X-TNGO-TENANT</con:entry>
              <con:entry>Authorization</con:entry>
              <con:entry>client_id</con:entry>
              <con:entry>client_secret</con:entry>
              <con:entry>transactionType</con:entry>
              <con:entry>region</con:entry>
              <con:entry>offset</con:entry>
              <con:entry>limit</con:entry>
              <con:entry>compatibleWithPlan</con:entry>
              <con:entry>manufacturer</con:entry>
              <con:entry>postalCode</con:entry>
              <con:entry>service</con:entry>
              <con:entry>vendor</con:entry>
              <con:entry>sortAscending</con:entry>
              <con:entry>sortBy</con:entry>
            </con:parameterOrder>
          </con:restRequest>
        </con:config>
      </con:testStep>
      <con:testStep type="groovy" name="VerifyDevicesSorting" id="f52f7c39-4a42-45c9-a3ce-41a7e26f594a">
        <con:settings/>
        <con:config>
          <script>import groovy.json.JsonSlurper 

def groovyUtils = new com.eviware.soapui.support.GroovyUtils( context ); 
def testCase = context.testCase; 
def testStep = testCase.getTestStepByName("GetDevicesSorted") 
def dataSource = testCase.getTestStepByName("DataSource")


//  need for external call.
testRunner = new com.eviware.soapui.impl.wsdl.testcase.WsdlTestCaseRunner(testCase, null); 
testStepContext = new com.eviware.soapui.impl.wsdl.testcase.WsdlTestRunContext(testStep); 

// get response of last test step run.
def response = testStep.testRequest.messageExchange.response.responseContent
def slurper = new JsonSlurper()
def json = slurper.parseText response


def sortAscending = dataSource.getPropertyValue("sortAscending")
def sortBy = dataSource.getPropertyValue("sortBy")

log.info "sortBy: " + sortBy
log.info "sortAscending: " + sortAscending


VerifyOrderSortAscending(json, sortAscending, sortBy)



/* Methods */

void VerifyOrderSortAscending(json, sortAscending, sortBy){

	def originalList = []
	def sortedList = []

	
	if (sortBy == "NAME"){
		originalList = json.devices.items.name
	}
	else if (sortBy == "VENDOR"){
		originalList = json.devices.items.vendor.name
	}
	
	
	// Copy the elements from original list to sorted list
	for(int i = 0; i &lt; originalList.size(); i++){
		sortedList[i] = originalList[i]
	}
	
	sortedList = sortedList.sort()
	
	if(sortAscending.equals("false")){
		sortedList = sortedList.reverse()
	}

	//log.info "originalList: " + originalList
	//log.info "sortedList:   " + sortedList
	
	assert(sortedList.equals(originalList))
	
}</script>
        </con:config>
      </con:testStep>
      <con:testStep type="datasourceloop" name="DataSource Loop" id="247abca8-987d-4218-9362-ec3611d99f78">
        <con:settings/>
        <con:config>
          <dataSourceStep>DataSource</dataSourceStep>
          <targetStep>GetDevicesSorted</targetStep>
        </con:config>
      </con:testStep>
      <con:properties>
        <con:property>
          <con:name>Tenant</con:name>
          <con:value>XX1</con:value>
        </con:property>
        <con:property>
          <con:name>limit</con:name>
          <con:value>100</con:value>
        </con:property>
        <con:property>
          <con:name>offset</con:name>
          <con:value>0</con:value>
        </con:property>
        <con:property>
          <con:name>companyEmployeeId</con:name>
          <con:value>Dudley.Doright2.XX1</con:value>
        </con:property>
        <con:property>
          <con:name>AccessToken</con:name>
          <con:value>OMVjlae8I8CK59V0R3rnNL5VT7l8</con:value>
        </con:property>
        <con:property>
          <con:name>RefreshToken</con:name>
          <con:value>T6cK69Ggp1O1K5gBmPLAObMmyeVXfhEQTqOHhfeQsQ</con:value>
        </con:property>
        <con:property>
          <con:name>DeviceId</con:name>
          <con:value>36819015</con:value>
        </con:property>
        <con:property>
          <con:name>ServiceId</con:name>
          <con:value>39968735</con:value>
        </con:property>
        <con:property>
          <con:name>EmployeeId</con:name>
          <con:value>28720153</con:value>
        </con:property>
        <con:property>
          <con:name>DepartmentId</con:name>
          <con:value>11569020350</con:value>
        </con:property>
        <con:property>
          <con:name>LogoUrl</con:name>
          <con:value>https://qa1cmd.tangoe.com/</con:value>
        </con:property>
        <con:property>
          <con:name>client_id</con:name>
          <con:value>3c276cecdc674aabb5456f54b605bbbf</con:value>
        </con:property>
        <con:property>
          <con:name>client_secret</con:name>
          <con:value>c513c4a67492405d95CE4DB4B40B73FF</con:value>
        </con:property>
        <con:property>
          <con:name>URL</con:name>
          <con:value>https://tngo-qa-mobproc.cloudhub.io/mobproc/v1.qa</con:value>
        </con:property>
        <con:property>
          <con:name>transactionType</con:name>
          <con:value>NEW_ACTIVATION</con:value>
        </con:property>
        <con:property>
          <con:name>sortAscending</con:name>
          <con:value>false</con:value>
        </con:property>
        <con:property>
          <con:name>sortBy</con:name>
          <con:value>VENDOR</con:value>
        </con:property>
        <con:property>
          <con:name>regionId</con:name>
          <con:value>70144640</con:value>
        </con:property>
        <con:property>
          <con:name>LastHref</con:name>
          <con:value>https://tngo-qa-mobproc-cmd.cloudhub.io/mobproc/v1.qa/catalog/accessories?transactionType=NEW_ACTIVATION&amp;offset=0&amp;sortBy=VENDOR&amp;region=70144640&amp;limit=100&amp;sortAscending=false</con:value>
        </con:property>
        <con:property>
          <con:name>hrefUrl</con:name>
          <con:value>https://tngo-qa-mobproc-cmd.cloudhub.io/mobproc/v1.qa/catalog/accessories?transactionType=NEW_ACTIVATION&amp;sortBy=VENDOR&amp;offset=0&amp;region=70144640&amp;limit=100&amp;sortAscending=false</con:value>
        </con:property>
        <con:property>
          <con:name>clientID</con:name>
          <con:value>392d0283466b4e00be8e8b8062db5f9f</con:value>
        </con:property>
        <con:property>
          <con:name>clientSecret</con:name>
          <con:value>3c684c3220e740ef92E7177A32AE978D</con:value>
        </con:property>
      </con:properties>
      <con:reportParameters/>
      <con:breakPoints>
        <con:testStepId>7b8f2d2b-0292-4873-ab56-fcbaa8ff99f1</con:testStepId>
        <con:status>NONE</con:status>
        <con:properties/>
      </con:breakPoints>
      <con:breakPoints>
        <con:testStepId>66aca81c-be72-452b-ab66-5b341016b808</con:testStepId>
        <con:status>NONE</con:status>
        <con:properties/>
      </con:breakPoints>
      <con:breakPoints>
        <con:testStepId>84bde778-87fe-4b16-955b-7296fde18e70</con:testStepId>
        <con:status>NONE</con:status>
        <con:properties/>
      </con:breakPoints>
      <con:breakPoints>
        <con:testStepId>52fa8ca2-264a-461d-beaa-373b1826f5f9</con:testStepId>
        <con:status>NONE</con:status>
        <con:properties/>
      </con:breakPoints>
      <con:breakPoints>
        <con:testStepId>bef3478a-b94d-4805-b9cd-c71b4479ad07</con:testStepId>
        <con:status>NONE</con:status>
        <con:properties/>
      </con:breakPoints>
      <con:breakPoints>
        <con:testStepId>4541bed6-6863-4a97-acc5-26b850b688f5</con:testStepId>
        <con:status>NONE</con:status>
        <con:properties/>
      </con:breakPoints>
      <con:breakPoints>
        <con:testStepId>f783582d-78ac-44da-af8f-0c50b18f056c</con:testStepId>
        <con:status>NONE</con:status>
        <con:properties/>
      </con:breakPoints>
      <con:breakPoints>
        <con:testStepId>0cd6a604-dfb2-4bae-ae51-7f7cf48f3937</con:testStepId>
        <con:status>NONE</con:status>
        <con:properties/>
      </con:breakPoints>
      <con:breakPoints>
        <con:testStepId>8e5b0e3a-d05a-4c3c-b986-c8f67ac36bd6</con:testStepId>
        <con:status>NONE</con:status>
        <con:properties/>
      </con:breakPoints>
    </con:testCase>
    <con:properties/>
    <con:reportParameters/>
  </con:testSuite>
  <con:requirements/>
  <con:properties/>
  <con:wssContainer/>
  <con:databaseConnectionContainer/>
  <con:jmsConnectionContainer/>
  <con:oAuth2ProfileContainer/>
  <con:oAuth1ProfileContainer/>
  <con:reporting>
    <con:xmlTemplates/>
    <con:parameters/>
  </con:reporting>
  <con:authRepository/>
  <con:tags/>
</con:soapui-project>
