<?xml version="1.0" encoding="UTF-8"?>
<con:soapui-project id="c377fe19-d692-46a3-9178-5f2a244b11fd" activeEnvironment="Default environment" name="API_RegionsId" lastOpened="2017-08-28T10:40:49.153-03:00" resourceRoot="" soapui-version="6.0.0" updated="2.2.0 2017-11-28T12:17:25Z" xmlns:con="http://eviware.com/soapui/config">
  <con:settings/>
  <con:interface xsi:type="con:RestService" id="81d57465-fa31-4a67-ae41-383e016fe976" wadlVersion="http://wadl.dev.java.net/2009/02" name="https://tg-mobility.cloudhub.io" type="rest" xmlns:xsi="http://www.w3.org/2001/XMLSchema-instance">
    <con:settings/>
    <con:definitionCache type="TEXT" rootPart=""/>
    <con:endpoints>
      <con:endpoint>https://tg-mobility.cloudhub.io</con:endpoint>
    </con:endpoints>
    <con:resource name="Regions" path="/regions" id="884b8d8a-2613-41b6-8bf5-2307f92b3bb3">
      <con:settings/>
      <con:parameters>
        <con:parameter>
          <con:name>type</con:name>
          <con:value>ALL</con:value>
          <con:style>QUERY</con:style>
          <con:default>ALL</con:default>
          <con:path xsi:nil="true"/>
          <con:description xsi:nil="true"/>
        </con:parameter>
        <con:parameter>
          <con:name>X-TNGO-TENANT</con:name>
          <con:value/>
          <con:style>HEADER</con:style>
          <con:default/>
          <con:description xsi:nil="true"/>
        </con:parameter>
        <con:parameter>
          <con:name>Authorization</con:name>
          <con:value/>
          <con:style>HEADER</con:style>
          <con:default/>
          <con:description xsi:nil="true"/>
        </con:parameter>
        <con:parameter>
          <con:name>parentRegion</con:name>
          <con:value/>
          <con:style>QUERY</con:style>
          <con:default/>
          <con:description xsi:nil="true"/>
        </con:parameter>
        <con:parameter>
          <con:name>client_id</con:name>
          <con:value/>
          <con:style>HEADER</con:style>
          <con:default/>
          <con:description xsi:nil="true"/>
        </con:parameter>
        <con:parameter>
          <con:name>client_secret</con:name>
          <con:value/>
          <con:style>HEADER</con:style>
          <con:default/>
          <con:description xsi:nil="true"/>
        </con:parameter>
      </con:parameters>
      <con:method name="Regions" id="e3e574c9-c3fe-4184-840b-06781d1664a2" method="GET">
        <con:settings/>
        <con:parameters/>
        <con:representation type="FAULT">
          <con:mediaType>application/json</con:mediaType>
          <con:status>403 500</con:status>
          <con:params/>
          <con:element xmlns:reg="https://tg-mobility.cloudhub.io/mobility/v1/regions">reg:Fault</con:element>
        </con:representation>
        <con:representation type="RESPONSE">
          <con:mediaType>application/json;charset=UTF-8</con:mediaType>
          <con:status>200</con:status>
          <con:params/>
          <con:element xmlns:reg="https://tg-mobility.cloudhub.io/mobility/v1/regions">reg:Response</con:element>
        </con:representation>
        <con:representation type="FAULT">
          <con:mediaType xsi:nil="true"/>
          <con:status>404</con:status>
          <con:params/>
          <con:element>data</con:element>
        </con:representation>
        <con:request name="Request 1" id="e786c772-a702-4134-b7a1-50fc54929178" mediaType="application/json">
          <con:settings>
            <con:setting id="com.eviware.soapui.impl.wsdl.WsdlRequest@request-headers">&lt;xml-fragment/></con:setting>
          </con:settings>
          <con:endpoint>none</con:endpoint>
          <con:request/>
          <con:credentials>
            <con:selectedAuthProfile>No Authorization</con:selectedAuthProfile>
            <con:authType>No Authorization</con:authType>
          </con:credentials>
          <con:jmsConfig JMSDeliveryMode="PERSISTENT"/>
          <con:parameters>
            <entry key="type" value="" xmlns="http://eviware.com/soapui/config"/>
          </con:parameters>
          <con:parameterOrder>
            <con:entry>X-TNGO-TENANT</con:entry>
            <con:entry>Authorization</con:entry>
            <con:entry>parentRegion</con:entry>
            <con:entry>type</con:entry>
            <con:entry>client_id</con:entry>
            <con:entry>client_secret</con:entry>
          </con:parameterOrder>
        </con:request>
      </con:method>
    </con:resource>
  </con:interface>
  <con:interface xsi:type="con:RestService" id="d5741b54-75da-4fd7-ae3d-6aa14a8a3092" wadlVersion="http://wadl.dev.java.net/2009/02" name="https://tg-mobility.cloudhub.io" type="rest" xmlns:xsi="http://www.w3.org/2001/XMLSchema-instance">
    <con:settings/>
    <con:definitionCache type="TEXT" rootPart=""/>
    <con:endpoints>
      <con:endpoint>https://tg-mobility.cloudhub.io</con:endpoint>
    </con:endpoints>
    <con:resource name="Id" path="/regions/{id}" id="4452fb53-283a-4073-af2f-10005d86632b">
      <con:settings/>
      <con:parameters>
        <con:parameter>
          <con:name>id</con:name>
          <con:value>id</con:value>
          <con:style>TEMPLATE</con:style>
          <con:default>id</con:default>
          <con:path xsi:nil="true"/>
          <con:description xsi:nil="true"/>
        </con:parameter>
        <con:parameter>
          <con:name>X-TNGO-TENANT</con:name>
          <con:value/>
          <con:style>HEADER</con:style>
          <con:default/>
          <con:description xsi:nil="true"/>
        </con:parameter>
        <con:parameter>
          <con:name>Authorization</con:name>
          <con:value/>
          <con:style>HEADER</con:style>
          <con:default/>
          <con:description xsi:nil="true"/>
        </con:parameter>
        <con:parameter>
          <con:name>client_id</con:name>
          <con:value/>
          <con:style>HEADER</con:style>
          <con:default/>
          <con:description xsi:nil="true"/>
        </con:parameter>
        <con:parameter>
          <con:name>client_secret</con:name>
          <con:value/>
          <con:style>HEADER</con:style>
          <con:default/>
          <con:description xsi:nil="true"/>
        </con:parameter>
      </con:parameters>
      <con:method name="RegionsId" id="71746339-c3b5-4858-be27-6051d891266a" method="GET">
        <con:settings/>
        <con:parameters/>
        <con:representation type="FAULT">
          <con:mediaType>application/json</con:mediaType>
          <con:status>403</con:status>
          <con:params/>
          <con:element xmlns:ns="https://tg-mobility.cloudhub.io/mobility/v1/regions/70144640">ns:Fault</con:element>
        </con:representation>
        <con:representation type="RESPONSE">
          <con:mediaType>application/json;charset=UTF-8</con:mediaType>
          <con:status>200</con:status>
          <con:params/>
          <con:element xmlns:ns="https://tg-mobility.cloudhub.io/mobility/v1/regions/70144640">ns:Response</con:element>
        </con:representation>
        <con:representation type="FAULT">
          <con:mediaType xsi:nil="true"/>
          <con:status>404</con:status>
          <con:params/>
          <con:element>data</con:element>
        </con:representation>
        <con:representation type="FAULT">
          <con:mediaType xsi:nil="true"/>
          <con:status>404</con:status>
          <con:params/>
          <con:element>data</con:element>
        </con:representation>
        <con:request name="Request 1" id="f88f79fc-0562-4dfb-8c8d-ef9409f459c6" mediaType="application/json">
          <con:settings>
            <con:setting id="com.eviware.soapui.impl.wsdl.WsdlRequest@request-headers">&lt;xml-fragment/></con:setting>
          </con:settings>
          <con:endpoint>none</con:endpoint>
          <con:request/>
          <con:credentials>
            <con:selectedAuthProfile>No Authorization</con:selectedAuthProfile>
            <con:authType>No Authorization</con:authType>
          </con:credentials>
          <con:jmsConfig JMSDeliveryMode="PERSISTENT"/>
          <con:parameters>
            <entry key="id" value="" xmlns="http://eviware.com/soapui/config"/>
          </con:parameters>
          <con:parameterOrder>
            <con:entry>X-TNGO-TENANT</con:entry>
            <con:entry>Authorization</con:entry>
            <con:entry>id</con:entry>
            <con:entry>client_id</con:entry>
            <con:entry>client_secret</con:entry>
          </con:parameterOrder>
        </con:request>
      </con:method>
    </con:resource>
  </con:interface>
  <con:testSuite id="8ceaa36d-a3ed-481c-907d-c3312205873d" name="TestSuiteRegions">
    <con:settings/>
    <con:runType>SEQUENTIAL</con:runType>
    <con:testCase id="fa308f9f-03a5-4cf8-838c-9018d1307c84" discardOkResults="true" failOnError="true" failTestCaseOnErrors="true" keepSession="false" name="TestCaseRegions" searchProperties="true">
      <con:settings/>
      <con:testStep type="groovy" name="ScriptSetupRegions" id="4917bef1-d1a8-44f1-8b14-23c34b6c82c1">
        <con:settings/>
        <con:config>
          <script>// /////////////////////////////////////////////
// This sets up all of the test case properties
// /////////////////////////////////////////////

def groovyUtils = new com.eviware.soapui.support.GroovyUtils( context ); 
def projectPath = groovyUtils.projectPath //gets the path of the project root

// this is sanity check with a simple call. all this does is verify a simple connection 
// to the external clases by logging a message in log window.
soapUIScripts.CommonMethods.StaticMethod(log) 

// setup test case properties stored in 'DudleyDorightDataActions' class.
soapUIScripts.DudleyDorightDataActions.SetupTestCaseProperties(log, testRunner) 

// read in token pair and put in test case properties.
// NOTE: token pair must be in same folder as project
//       token pair must be up to date (not expired)
assert(soapUIScripts.CommonMethods.ReadTokenPair(projectPath + "\\" + "TokenPair.txt", log, testRunner) == true)

// read user Ids and assign to test case properties.
def userIdsFileName = projectPath + "\\" + "DudleyDoright.txt"
//assert soapUIScripts.CommonMethods.ReadUserIds(userIdsFileName, log, testRunner) == true
assert soapUIScripts.CommonMethods.ReadUserIdsURL(userIdsFileName, log, testRunner) == true

context.countryName = "United States"</script>
        </con:config>
      </con:testStep>
      <con:testStep type="restrequest" name="GetRegionsCountries" id="f0230403-2aab-4a4a-902b-c0998ee0c091">
        <con:settings/>
        <con:config service="https://tg-mobility.cloudhub.io" resourcePath="/regions" methodName="Regions" xsi:type="con:RestRequestStep" xmlns:xsi="http://www.w3.org/2001/XMLSchema-instance">
          <con:restRequest name="GetRegionsCountries" id="e786c772-a702-4134-b7a1-50fc54929178" mediaType="application/json">
            <con:settings>
              <con:setting id="com.eviware.soapui.impl.wsdl.WsdlRequest@request-headers">&lt;xml-fragment/></con:setting>
            </con:settings>
            <con:endpoint>${#TestCase#URL}</con:endpoint>
            <con:request/>
            <con:originalUri>https://tg-mobility.cloudhub.io/mobility/v1/regions</con:originalUri>
            <con:assertion type="Valid HTTP Status Codes" id="0a26dcc6-e3fc-4f81-be1b-ad510519f70f" name="Valid HTTP Status Codes">
              <con:settings/>
              <con:configuration>
                <codes>200</codes>
              </con:configuration>
            </con:assertion>
            <con:credentials>
              <con:selectedAuthProfile>No Authorization</con:selectedAuthProfile>
              <con:authType>No Authorization</con:authType>
            </con:credentials>
            <con:jmsConfig JMSDeliveryMode="PERSISTENT"/>
            <con:parameters>
              <con:entry key="Authorization" value="Bearer ${#TestCase#AccessToken}"/>
              <con:entry key="X-TNGO-TENANT" value="${#TestCase#Tenant}"/>
              <con:entry key="client_secret" value="${#TestCase#clientSecret}"/>
              <con:entry key="client_id" value="${#TestCase#clientId}"/>
            </con:parameters>
            <con:parameterOrder>
              <con:entry>X-TNGO-TENANT</con:entry>
              <con:entry>Authorization</con:entry>
              <con:entry>client_id</con:entry>
              <con:entry>client_secret</con:entry>
              <con:entry>type</con:entry>
              <con:entry>parentRegion</con:entry>
            </con:parameterOrder>
          </con:restRequest>
        </con:config>
      </con:testStep>
      <con:testStep type="groovy" name="GetUSCountryCode" id="41b4a6bf-4d89-45f8-9ee7-6e2b4ae7de2c">
        <con:settings/>
        <con:config>
          <script>// /////////////////////////////////////////////////////////////////////////////////////////////////////////////
// This gets the id for united states from the RequestRegions response and puts it into a test case property.
// /////////////////////////////////////////////////////////////////////////////////////////////////////////////

import groovy.json.JsonSlurper 
def groovyUtils = new com.eviware.soapui.support.GroovyUtils( context ); 
def testCase = context.testCase; 
def testStep = testCase.getTestStepByName("GetRegionsCountries") 

// get response of last test step run.
def response = testStep.testRequest.messageExchange.response.responseContent
def slurper = new JsonSlurper()
def json = slurper.parseText response

def idList = []
def nameList = []
def typeList = []
boolean foundUS = false
def regionId =  ""


idList = json.regions.id // get list of region Ids
nameList = json.regions.name // get list of country name
typeList = json.regions.type // get list of type


try
{
	assert(idList.size() == nameList.size &amp;&amp; (nameList.size ==  typeList.size()))
}
catch (AssertionError e)
{
	log.info "ERROR: All lists in 'ScriptFindRegion' test step are not the same size."
	throw new RuntimeException("All lists in 'ScriptFindRegion' test step are not the same size.")
}

// we expect to find an ID for united states.
for(x = 0; x &lt; idList.size(); x++)
{
	if(nameList[x] == context.countryName &amp;&amp; typeList[x] == "COUNTRY")
	{
		log.info idList[x]	
		foundUS = true
		regionId = idList[x] 		
	}
}	

if(!foundUS) // if US region ID is not found, raise error.
{
	log.info "ERROR: region Id for 'United States' was not found in 'ScriptFindRegion' test step."
	throw new RuntimeException("region Id for 'United States' was not found in 'ScriptFindRegion' test step.")
}


// Set a test case property with regionId
testRunner.testCase.setPropertyValue("regionId", regionId)</script>
        </con:config>
      </con:testStep>
      <con:testStep type="groovy" name="VerifyJSONResponseCountries" id="ea2e8a13-e489-4bc8-8004-19981bd59de5">
        <con:settings/>
        <con:config>
          <script>import groovy.json.JsonSlurper 

def groovyUtils = new com.eviware.soapui.support.GroovyUtils( context ); 
def testCase = context.testCase; 
def testStep = testCase.getTestStepByName("GetRegionsCountries") 

//  need for external call.
testRunner = new com.eviware.soapui.impl.wsdl.testcase.WsdlTestCaseRunner(testCase, null); 
testStepContext = new com.eviware.soapui.impl.wsdl.testcase.WsdlTestRunContext(testStep); 

// get response of last test step run.
def response = testStep.testRequest.messageExchange.response.responseContent
def slurper = new JsonSlurper()
def json = slurper.parseText response

def regionId = testRunner.testCase.getPropertyValue("regionId")
def mainUrl = testRunner.testCase.getPropertyValue("URL")


/* Expected Values */

String regionsMetaHref = mainUrl + "/regions?type=ALL"
String regionsMetaHrefChildren =  mainUrl +  "/regions?type=ALL&amp;parentRegion=" + regionId
String regionsId = regionId
String regionsName = context.countryName 
String regionsAbbreviation = "US"
String regionsCountryCode = "1"
String regionsPostalCodePattern = "99999"
String regionsPostalCodeRegEx = "^\\d{5}" +"\$"
String regionsType = "COUNTRY"
String regionsCurrencyCode = "USD"
String regionsCurrencyName = "US Dollars"
String regionsCurrencySymbol = "\$"


/* Verify expected results */

CompareItemsTwoStrings(json.regions[0]._meta.href, regionsMetaHref)
CompareItemsTwoStrings(json.regions[0]._meta.hrefChildren, regionsMetaHrefChildren)
CompareItemsTwoStrings(json.regions[0].id, regionsId)
CompareItemsTwoStrings(json.regions[0].name, regionsName)
CompareItemsTwoStrings(json.regions[0].abbreviation, regionsAbbreviation)
CompareItemsTwoStrings(json.regions[0].countryCode, regionsCountryCode)
CompareItemsTwoStrings(json.regions[0].postalCodePattern, regionsPostalCodePattern)
CompareItemsTwoStrings(json.regions[0].postalCodeRegEx, regionsPostalCodeRegEx)
CompareItemsTwoStrings(json.regions[0].type, regionsType)
CompareItemsTwoStrings(json.regions[0].currency.code, regionsCurrencyCode)
CompareItemsTwoStrings(json.regions[0].currency.name, regionsCurrencyName)
CompareItemsTwoStrings(json.regions[0].currency.symbol, regionsCurrencySymbol)


context.countryAbbreviation = regionsAbbreviation
context.countryCountryCode = regionsCountryCode
context.countryPostalCodePattern = regionsPostalCodePattern
context.countryPostalCodeRegEx = regionsPostalCodeRegEx
context.countryType = regionsType
context.countryCurrencyCode = regionsCurrencyCode
context.countryCurrencyName = regionsCurrencyName
context.countryCurrencySymbol = regionsCurrencySymbol



/* Methods */

void CompareItemsTwoStrings(json, expectedValueString)
{
	String jsonString = json
	
	// this will show each compare being made - DEBUG ONLY
	// log.info "Json: " + jsonString + " Expected: " + expectedValueString 
	assert(jsonString == expectedValueString) 
	// this seems to remove the "{" and "}" from the json string.
}</script>
        </con:config>
      </con:testStep>
      <con:testStep type="restrequest" name="GetRegionsStates" id="e389cfd5-078f-41c5-82b2-a4c4b4d21c82">
        <con:settings/>
        <con:config service="https://tg-mobility.cloudhub.io" resourcePath="/regions" methodName="Regions" xsi:type="con:RestRequestStep" xmlns:xsi="http://www.w3.org/2001/XMLSchema-instance">
          <con:restRequest name="GetRegionsStates" id="e786c772-a702-4134-b7a1-50fc54929178" mediaType="application/json">
            <con:settings>
              <con:setting id="com.eviware.soapui.impl.wsdl.WsdlRequest@request-headers">&lt;xml-fragment/></con:setting>
            </con:settings>
            <con:endpoint>${#TestCase#URL}</con:endpoint>
            <con:request/>
            <con:originalUri>https://tg-mobility.cloudhub.io/mobility/v1/regions</con:originalUri>
            <con:assertion type="Valid HTTP Status Codes" id="0a26dcc6-e3fc-4f81-be1b-ad510519f70f" name="Valid HTTP Status Codes">
              <con:settings/>
              <con:configuration>
                <codes>200</codes>
              </con:configuration>
            </con:assertion>
            <con:credentials>
              <con:selectedAuthProfile>No Authorization</con:selectedAuthProfile>
              <con:authType>No Authorization</con:authType>
            </con:credentials>
            <con:jmsConfig JMSDeliveryMode="PERSISTENT"/>
            <con:parameters>
              <con:entry key="Authorization" value="Bearer ${#TestCase#AccessToken}"/>
              <con:entry key="X-TNGO-TENANT" value="${#TestCase#Tenant}"/>
              <con:entry key="parentRegion" value="${#TestCase#regionId}"/>
              <con:entry key="client_secret" value="${#TestCase#clientSecret}"/>
              <con:entry key="client_id" value="${#TestCase#clientId}"/>
            </con:parameters>
            <con:parameterOrder>
              <con:entry>X-TNGO-TENANT</con:entry>
              <con:entry>Authorization</con:entry>
              <con:entry>client_id</con:entry>
              <con:entry>client_secret</con:entry>
              <con:entry>type</con:entry>
              <con:entry>parentRegion</con:entry>
            </con:parameterOrder>
          </con:restRequest>
        </con:config>
      </con:testStep>
      <con:testStep type="groovy" name="VerifyJSONResponseStates" id="493d183a-38cb-4be9-8685-257d8af08d24">
        <con:settings/>
        <con:config>
          <script>import groovy.json.JsonSlurper 

def groovyUtils = new com.eviware.soapui.support.GroovyUtils( context ); 
def testCase = context.testCase; 
def testStep = testCase.getTestStepByName("GetRegionsStates")

//  need for external call.
testRunner = new com.eviware.soapui.impl.wsdl.testcase.WsdlTestCaseRunner(testCase, null); 
testStepContext = new com.eviware.soapui.impl.wsdl.testcase.WsdlTestRunContext(testStep); 

// get response of last test step run.
def response = testStep.testRequest.messageExchange.response.responseContent
def slurper = new JsonSlurper()
def json = slurper.parseText response

def regionId = testRunner.testCase.getPropertyValue("regionId")
def mainUrl = testRunner.testCase.getPropertyValue("URL")


/* Expected Values */

String regionsMetaHref = mainUrl +  "/regions?type=ALL&amp;parentRegion=" + regionId
String regionsMetaHrefParent = mainUrl +  "/regions?type=ALL&amp;parentRegion=" + regionId + "&amp;parentRegion=" + regionId
String regionsId = "158385987"
String regionsName = "Alabama"
String regionsAbbreviation = "AL"
String regionsType = "STATE_PROVINCE"
String regionsParentId = regionId


/* Verify expected results */

CompareItemsTwoStrings(json.regions[0]._meta.href, regionsMetaHref)
CompareItemsTwoStrings(json.regions[0]._meta.hrefParent, regionsMetaHrefParent)
CompareItemsTwoStrings(json.regions[0].id, regionsId)
CompareItemsTwoStrings(json.regions[0].name, regionsName)
CompareItemsTwoStrings(json.regions[0].abbreviation, regionsAbbreviation)
CompareItemsTwoStrings(json.regions[0].type, regionsType)
CompareItemsTwoStrings(json.regions[0].parentId, regionsParentId)


context.stateMetaHref = regionsMetaHref
context.stateMetaHrefParent = regionsMetaHrefParent
context.stateId = regionsId
context.stateName = regionsName
context.stateAbbreviation = regionsAbbreviation
context.stateType = regionsType
context.stateParentId = regionsParentId

testRunner.testCase.setPropertyValue("regionIdState", regionsId)


/* Methods */

void CompareItemsTwoStrings(json, expectedValueString)
{
	String jsonString = json
	
	// this will show each compare being made - DEBUG ONLY
	// log.info "Json: " + jsonString + " Expected: " + expectedValueString 
	assert(jsonString == expectedValueString) 
	// this seems to remove the "{" and "}" from the json string.
}</script>
        </con:config>
      </con:testStep>
      <con:testStep type="restrequest" name="GetRegionsIdCountries" id="d49f590d-2624-4876-832b-6e1a392ec696">
        <con:settings/>
        <con:config service="https://tg-mobility.cloudhub.io" resourcePath="/regions/{id}" methodName="RegionsId" xsi:type="con:RestRequestStep" xmlns:xsi="http://www.w3.org/2001/XMLSchema-instance">
          <con:restRequest name="GetRegionsIdCountries" id="f88f79fc-0562-4dfb-8c8d-ef9409f459c6" mediaType="application/json">
            <con:settings>
              <con:setting id="com.eviware.soapui.impl.wsdl.WsdlRequest@request-headers">&lt;xml-fragment/></con:setting>
            </con:settings>
            <con:endpoint>${#TestCase#URL}</con:endpoint>
            <con:request/>
            <con:originalUri>https://tg-mobility.cloudhub.io/mobility/v1/regions/70144640</con:originalUri>
            <con:assertion type="Valid HTTP Status Codes" id="963b8c6c-b55e-4770-a049-64aed9aeabd3" name="Valid HTTP Status Codes">
              <con:settings/>
              <con:configuration>
                <codes>200</codes>
              </con:configuration>
            </con:assertion>
            <con:credentials>
              <con:selectedAuthProfile>No Authorization</con:selectedAuthProfile>
              <con:authType>No Authorization</con:authType>
            </con:credentials>
            <con:jmsConfig JMSDeliveryMode="PERSISTENT"/>
            <con:parameters>
              <con:entry key="Authorization" value="Bearer ${#TestCase#AccessToken}"/>
              <con:entry key="X-TNGO-TENANT" value="${#TestCase#Tenant}"/>
              <con:entry key="id" value="${#TestCase#regionId}"/>
              <con:entry key="client_secret" value="${#TestCase#clientSecret}"/>
              <con:entry key="client_id" value="${#TestCase#clientId}"/>
            </con:parameters>
            <con:parameterOrder>
              <con:entry>X-TNGO-TENANT</con:entry>
              <con:entry>Authorization</con:entry>
              <con:entry>client_id</con:entry>
              <con:entry>client_secret</con:entry>
              <con:entry>id</con:entry>
            </con:parameterOrder>
          </con:restRequest>
        </con:config>
      </con:testStep>
      <con:testStep type="groovy" name="VerifyJSONResponseRegionIdCountry" id="8f8f18b7-5b08-4c5d-b29a-73e4cc4587ec">
        <con:settings/>
        <con:config>
          <script>import groovy.json.JsonSlurper 

def groovyUtils = new com.eviware.soapui.support.GroovyUtils( context ); 
def testCase = context.testCase; 
def testStep = testCase.getTestStepByName("GetRegionsIdCountries") 

//  need for external call.
testRunner = new com.eviware.soapui.impl.wsdl.testcase.WsdlTestCaseRunner(testCase, null); 
testStepContext = new com.eviware.soapui.impl.wsdl.testcase.WsdlTestRunContext(testStep); 

// get response of last test step run.
def response = testStep.testRequest.messageExchange.response.responseContent
def slurper = new JsonSlurper()
def json = slurper.parseText response

def regionId = testRunner.testCase.getPropertyValue("regionId")
def mainUrl = testRunner.testCase.getPropertyValue("URL")

/* Expected Values */

String metaHref =  mainUrl + "/regions/" + regionId
String metaHrefChildren = mainUrl + "/regions?parentRegion=" + regionId
String id = regionId
String name = context.countryName
String abbreviation = context.countryAbbreviation
String countryCode = context.countryCountryCode
String postalCodePattern = context.countryPostalCodePattern
String postalCodeRegEx = context.countryPostalCodeRegEx
String type = context.countryType
String currencyCode = context.countryCurrencyCode
String currencyName = context.countryCurrencyName 
String currencySymbol = context.countryCurrencySymbol

String addressFormat1Id = "LINE_1"
String addressFormat1Label = "Line 1"
int addressFormat1MinLength = 1
int addressFormat1MaxLength = 100
String addressFormat1Validation = "REQUIRED"

String addressFormat4Id = "CITY"
String addressFormat4Label = "City"
int addressFormat4MinLength = 1
int addressFormat4MaxLength = 50
String addressFormat4Validation = "REQUIRED"

/* ... */

String addressFormat5Id = "STATE"
String addressFormat5Label = "State"
int addressFormat5MinLength = 2
int addressFormat5MaxLength = 2
String addressFormat5Pattern = "[TX]"
String addressFormat5RegEx = "[A-Za-z][A-Za-z]"
String addressFormat5Validation = "REQUIRED"

String addressFormat5Options1Value = "AL"
String addressFormat5Options1Label = "Alabama"

String addressFormat5Options2Value = "AK"
String addressFormat5Options2Label = "Alaska"

String addressFormat5Options3Value = "AS"
String addressFormat5Options3Label = "American Samoa"



/* Verify expected results */

CompareItemsTwoStrings(json._meta.href, metaHref)
CompareItemsTwoStrings(json._meta.hrefChildren, metaHrefChildren)
CompareItemsTwoStrings(json.id, id)
CompareItemsTwoStrings(json.name, name)
CompareItemsTwoStrings(json.abbreviation, abbreviation)
CompareItemsTwoStrings(json.countryCode, countryCode)
CompareItemsTwoStrings(json.postalCodePattern, postalCodePattern)
CompareItemsTwoStrings(json.postalCodeRegEx, postalCodeRegEx)
CompareItemsTwoStrings(json.type, type)
CompareItemsTwoStrings(json.currency.code, currencyCode)
CompareItemsTwoStrings(json.currency.name, currencyName)
CompareItemsTwoStrings(json.currency.symbol, currencySymbol)

CompareItemsTwoStrings(json.addressFormat[0].id, addressFormat1Id)
CompareItemsTwoStrings(json.addressFormat[0].label, addressFormat1Label)
CompareItemsTwoStrings(json.addressFormat[0].minLength,addressFormat1MinLength)
CompareItemsTwoStrings(json.addressFormat[0].maxLength, addressFormat1MaxLength)
CompareItemsTwoStrings(json.addressFormat[0].validation, addressFormat1Validation)

CompareItemsTwoStrings(json.addressFormat[3].id, addressFormat4Id)
CompareItemsTwoStrings(json.addressFormat[3].label, addressFormat4Label)
CompareItemsTwoStrings(json.addressFormat[3].minLength, addressFormat4MinLength)
CompareItemsTwoStrings(json.addressFormat[3].maxLength, addressFormat4MaxLength)
CompareItemsTwoStrings(json.addressFormat[3].validation, addressFormat4Validation)

/* ... */

CompareItemsTwoStrings(json.addressFormat[4].id, addressFormat5Id)
CompareItemsTwoStrings(json.addressFormat[4].label, addressFormat5Label)
CompareItemsTwoStrings(json.addressFormat[4].minLength, addressFormat5MinLength)
CompareItemsTwoStrings(json.addressFormat[4].maxLength, addressFormat5MaxLength)
CompareItemsTwoStrings(json.addressFormat[4].pattern, addressFormat5Pattern)
CompareItemsTwoStrings(json.addressFormat[4].regEx, addressFormat5RegEx)
CompareItemsTwoStrings(json.addressFormat[4].validation, addressFormat5Validation)
CompareItemsTwoStrings(json.addressFormat[4].options[0].value, addressFormat5Options1Value)
CompareItemsTwoStrings(json.addressFormat[4].options[0].label, addressFormat5Options1Label)
CompareItemsTwoStrings(json.addressFormat[4].options[1].value, addressFormat5Options2Value)
CompareItemsTwoStrings(json.addressFormat[4].options[1].label, addressFormat5Options2Label)
CompareItemsTwoStrings(json.addressFormat[4].options[2].value, addressFormat5Options3Value)
CompareItemsTwoStrings(json.addressFormat[4].options[2].label, addressFormat5Options3Label)


/* Methods */

void CompareItemsTwoStrings(json, expectedValueString)
{
	// this will show each compare being made - DEBUG ONLY 
	// log.info "Json: " + json + " Expected: " + expectedValueString 
	assert(json == expectedValueString) 
	// this seems to remove the "{" and "}" from the json string.
}</script>
        </con:config>
      </con:testStep>
      <con:testStep type="restrequest" name="GetRegionsIdStates" id="3c60ae48-5af1-47bf-89e0-ae82f6632203">
        <con:settings/>
        <con:config service="https://tg-mobility.cloudhub.io" resourcePath="/regions/{id}" methodName="RegionsId" xsi:type="con:RestRequestStep" xmlns:xsi="http://www.w3.org/2001/XMLSchema-instance">
          <con:restRequest name="GetRegionsIdStates" id="f88f79fc-0562-4dfb-8c8d-ef9409f459c6" mediaType="application/json">
            <con:settings>
              <con:setting id="com.eviware.soapui.impl.wsdl.WsdlRequest@request-headers">&lt;xml-fragment/></con:setting>
            </con:settings>
            <con:endpoint>${#TestCase#URL}</con:endpoint>
            <con:request/>
            <con:originalUri>https://tg-mobility.cloudhub.io/mobility/v1/regions/158385987</con:originalUri>
            <con:assertion type="Valid HTTP Status Codes" id="2324ace4-adb9-4651-a501-1ab2505420a2" name="Valid HTTP Status Codes">
              <con:settings/>
              <con:configuration>
                <codes>200</codes>
              </con:configuration>
            </con:assertion>
            <con:credentials>
              <con:selectedAuthProfile>No Authorization</con:selectedAuthProfile>
              <con:authType>No Authorization</con:authType>
            </con:credentials>
            <con:jmsConfig JMSDeliveryMode="PERSISTENT"/>
            <con:parameters>
              <con:entry key="Authorization" value="Bearer ${#TestCase#AccessToken}"/>
              <con:entry key="X-TNGO-TENANT" value="${#TestCase#Tenant}"/>
              <con:entry key="id" value="${#TestCase#regionIdState}"/>
              <con:entry key="client_secret" value="${#TestCase#clientSecret}"/>
              <con:entry key="client_id" value="${#TestCase#clientId}"/>
            </con:parameters>
            <con:parameterOrder>
              <con:entry>X-TNGO-TENANT</con:entry>
              <con:entry>Authorization</con:entry>
              <con:entry>client_id</con:entry>
              <con:entry>client_secret</con:entry>
              <con:entry>id</con:entry>
            </con:parameterOrder>
          </con:restRequest>
        </con:config>
      </con:testStep>
      <con:testStep type="groovy" name="VerifyJSONResponseRegionIdState" id="cd6819d1-9dfc-4d61-a908-8720763ab574">
        <con:settings/>
        <con:config>
          <script>import groovy.json.JsonSlurper 

def groovyUtils = new com.eviware.soapui.support.GroovyUtils( context ); 
def testCase = context.testCase; 
def testStep = testCase.getTestStepByName("GetRegionsIdStates") 

//  need for external call.
testRunner = new com.eviware.soapui.impl.wsdl.testcase.WsdlTestCaseRunner(testCase, null); 
testStepContext = new com.eviware.soapui.impl.wsdl.testcase.WsdlTestRunContext(testStep); 

// get response of last test step run.
def response = testStep.testRequest.messageExchange.response.responseContent
def slurper = new JsonSlurper()
def json = slurper.parseText response

def regionId = testRunner.testCase.getPropertyValue("regionIdState")
def mainUrl = testRunner.testCase.getPropertyValue("URL")

/* Expected Values */

String metaHref = mainUrl + "/regions/" + regionId
String metaHrefParent = mainUrl + "/regions?parentRegion=" + context.stateParentId 
String id = context.stateId 
String name = context.stateName
String abbreviation = context.stateAbbreviation
String type = context.stateType 
String parentId = context.stateParentId 


/* Verify expected results */

CompareItemsTwoStrings(json._meta.href, metaHref)
CompareItemsTwoStrings(json._meta.hrefParent, metaHrefParent)
CompareItemsTwoStrings(json.id, id)
CompareItemsTwoStrings(json.name, name)
CompareItemsTwoStrings(json.abbreviation, abbreviation)
CompareItemsTwoStrings(json.type, type)
CompareItemsTwoStrings(json.parentId, parentId)



/* Methods */

void CompareItemsTwoStrings(json, expectedValueString)
{
	
	// this will show each compare being made - DEBUG ONLY 
	// log.info "Json: " + json + " Expected: " + expectedValueString 
	assert(json == expectedValueString) 
	// this seems to remove the "{" and "}" from the json string.
}</script>
        </con:config>
      </con:testStep>
      <con:properties>
        <con:property>
          <con:name>Tenant</con:name>
          <con:value>XX1</con:value>
        </con:property>
        <con:property>
          <con:name>limit</con:name>
          <con:value>10</con:value>
        </con:property>
        <con:property>
          <con:name>offset</con:name>
          <con:value>0</con:value>
        </con:property>
        <con:property>
          <con:name>companyEmployeeId</con:name>
          <con:value>Dudley.Doright2.XX1</con:value>
        </con:property>
        <con:property>
          <con:name>AccessToken</con:name>
          <con:value>D8g7YLwl9vSfEE3vLk1OULLiiXUt</con:value>
        </con:property>
        <con:property>
          <con:name>RefreshToken</con:name>
          <con:value>uFkjM487RcUvjwWBqBxC10CHrGLX0LVn8AgFyA95Gw</con:value>
        </con:property>
        <con:property>
          <con:name>DeviceId</con:name>
          <con:value>36819015</con:value>
        </con:property>
        <con:property>
          <con:name>ServiceId</con:name>
          <con:value>39968735</con:value>
        </con:property>
        <con:property>
          <con:name>EmployeeId</con:name>
          <con:value>28720153</con:value>
        </con:property>
        <con:property>
          <con:name>DepartmentId</con:name>
          <con:value>11569020350</con:value>
        </con:property>
        <con:property>
          <con:name>LogoUrl</con:name>
          <con:value>https://qa1cmd.tangoe.com/</con:value>
        </con:property>
        <con:property>
          <con:name>regionId</con:name>
          <con:value>70144640</con:value>
        </con:property>
        <con:property>
          <con:name>regionIdState</con:name>
          <con:value>158385987</con:value>
        </con:property>
        <con:property>
          <con:name>URL</con:name>
          <con:value>https://tngo-qa-mobproc.cloudhub.io/mobproc/v1.qa</con:value>
        </con:property>
        <con:property>
          <con:name>client_id</con:name>
          <con:value>3c276cecdc674aabb5456f54b605bbbf</con:value>
        </con:property>
        <con:property>
          <con:name>client_secret</con:name>
          <con:value>c513c4a67492405d95CE4DB4B40B73FF</con:value>
        </con:property>
        <con:property>
          <con:name>clientID</con:name>
          <con:value>676ff94144f4400e9227c89937c1ade4</con:value>
        </con:property>
        <con:property>
          <con:name>clientSecret</con:name>
          <con:value>71f90d2437ee4a41A992931F17AC9AEC</con:value>
        </con:property>
      </con:properties>
      <con:reportParameters/>
      <con:breakPoints>
        <con:testStepId>41b4a6bf-4d89-45f8-9ee7-6e2b4ae7de2c</con:testStepId>
        <con:status>NONE</con:status>
        <con:properties/>
      </con:breakPoints>
      <con:breakPoints>
        <con:testStepId>493d183a-38cb-4be9-8685-257d8af08d24</con:testStepId>
        <con:status>NONE</con:status>
        <con:properties/>
      </con:breakPoints>
      <con:breakPoints>
        <con:testStepId>d49f590d-2624-4876-832b-6e1a392ec696</con:testStepId>
        <con:status>NONE</con:status>
        <con:properties/>
      </con:breakPoints>
    </con:testCase>
    <con:properties/>
    <con:reportParameters/>
  </con:testSuite>
  <con:requirements/>
  <con:properties/>
  <con:wssContainer/>
  <con:databaseConnectionContainer/>
  <con:jmsConnectionContainer/>
  <con:oAuth2ProfileContainer/>
  <con:oAuth1ProfileContainer/>
  <con:reporting>
    <con:reportTemplates/>
    <con:xmlTemplates/>
    <con:xmlTemplates/>
    <con:parameters/>
    <con:parameters/>
  </con:reporting>
  <con:reporting/>
  <con:authRepository/>
  <con:tags/>
</con:soapui-project>
