<?xml version="1.0" encoding="UTF-8"?>
<con:soapui-project id="49df8303-fb3a-4a04-91b5-373bcc4acd41" activeEnvironment="Default environment" name="API_SortingAssetsServicesDetail" lastOpened="2017-09-28T08:12:38.453-04:00" soapui-version="5.2.1" resourceRoot="" updated="2.1.0 20170726-1100" abortOnError="false" runType="SEQUENTIAL" xmlns:con="http://eviware.com/soapui/config"><con:settings/><con:interface xsi:type="con:RestService" id="69c14fba-6578-44eb-be81-303b8c7e53db" wadlVersion="http://wadl.dev.java.net/2009/02" name="Assets Services" type="rest" xmlns:xsi="http://www.w3.org/2001/XMLSchema-instance"><con:settings/><con:definitionCache type="TEXT" rootPart=""/><con:endpoints><con:endpoint>${#TestCase#URL}</con:endpoint><con:endpoint>https://tngo-dev-mobproc-cmd.cloudhub.io</con:endpoint></con:endpoints><con:resource name="Services" path="/assets/services" id="19c87182-a5be-473b-bf8f-03c156c4fd81"><con:settings/><con:parameters><con:parameter><con:name>sortAscending</con:name><con:value>true</con:value><con:style>QUERY</con:style><con:default>true</con:default><con:path xsi:nil="true"/><con:description xsi:nil="true"/></con:parameter><con:parameter><con:name>offset</con:name><con:value>0</con:value><con:style>QUERY</con:style><con:default>0</con:default><con:path xsi:nil="true"/><con:description xsi:nil="true"/></con:parameter><con:parameter><con:name>limit</con:name><con:value>10</con:value><con:style>QUERY</con:style><con:default>10</con:default><con:path xsi:nil="true"/><con:description xsi:nil="true"/></con:parameter><con:parameter><con:name>X-TNGO-TENANT</con:name><con:value/><con:style>HEADER</con:style><con:default/><con:description xsi:nil="true"/></con:parameter><con:parameter><con:name>Authorization</con:name><con:value/><con:style>HEADER</con:style><con:default/><con:description xsi:nil="true"/></con:parameter><con:parameter><con:name>client_id</con:name><con:value/><con:style>HEADER</con:style><con:default/><con:description xsi:nil="true"/></con:parameter><con:parameter><con:name>client_secret</con:name><con:value/><con:style>HEADER</con:style><con:default/><con:description xsi:nil="true"/></con:parameter><con:parameter><con:name>sortBy</con:name><con:value/><con:style>QUERY</con:style><con:default/><con:description xsi:nil="true"/></con:parameter><con:parameter><con:name>status</con:name><con:value/><con:style>QUERY</con:style><con:default/><con:description xsi:nil="true"/></con:parameter></con:parameters><con:method name="Services" id="37811b24-37dd-4cf3-8dac-6e432eb80b7e" method="GET"><con:settings/><con:parameters/><con:representation type="FAULT"><con:mediaType>application/json</con:mediaType><con:status>400 500</con:status><con:params/><con:element xmlns:ser="https://tngo-qa-mobproc-cmd.cloudhub.io/mobproc/v1.qa/assets/services">ser:Fault</con:element></con:representation><con:representation type="RESPONSE"><con:mediaType>application/json;charset=UTF-8</con:mediaType><con:status>200</con:status><con:params/><con:element xmlns:ser="https://tngo-qa-mobproc-cmd.cloudhub.io/mobproc/v1.qa/assets/services">ser:Response</con:element></con:representation><con:representation type="RESPONSE"><con:mediaType xsi:nil="true"/><con:status>0</con:status><con:params/><con:element>data</con:element></con:representation><con:representation type="RESPONSE"><con:mediaType xsi:nil="true"/><con:status>0</con:status><con:params/><con:element>data</con:element></con:representation><con:representation type="RESPONSE"><con:mediaType xsi:nil="true"/><con:status>0</con:status><con:params/><con:element>data</con:element></con:representation><con:representation type="RESPONSE"><con:mediaType xsi:nil="true"/><con:status>0</con:status><con:params/><con:element>data</con:element></con:representation><con:representation type="RESPONSE"><con:mediaType xsi:nil="true"/><con:status>0</con:status><con:params/><con:element>data</con:element></con:representation><con:representation type="RESPONSE"><con:mediaType xsi:nil="true"/><con:status>0</con:status><con:params/><con:element>data</con:element></con:representation><con:representation type="RESPONSE"><con:mediaType xsi:nil="true"/><con:status>0</con:status><con:params/><con:element>data</con:element></con:representation><con:representation type="RESPONSE"><con:mediaType xsi:nil="true"/><con:status>0</con:status><con:params/><con:element>data</con:element></con:representation><con:representation type="RESPONSE"><con:mediaType xsi:nil="true"/><con:status>0</con:status><con:params/><con:element>data</con:element></con:representation><con:representation type="RESPONSE"><con:mediaType xsi:nil="true"/><con:status>0</con:status><con:params/><con:element>data</con:element></con:representation><con:representation type="RESPONSE"><con:mediaType xsi:nil="true"/><con:status>0</con:status><con:params/><con:element>data</con:element></con:representation><con:request name="Request 1" id="c71692d6-3b9c-489e-bc65-61ddaf3cd4b6" mediaType="application/json"><con:settings><con:setting id="com.eviware.soapui.impl.wsdl.WsdlRequest@request-headers">&lt;xml-fragment/></con:setting></con:settings><con:endpoint>None</con:endpoint><con:request/><con:credentials><con:selectedAuthProfile>No Authorization</con:selectedAuthProfile><con:authType>No Authorization</con:authType></con:credentials><con:jmsConfig JMSDeliveryMode="PERSISTENT"/><con:parameters>
  <con:entry key="sortAscending" value=""/>
  <con:entry key="offset" value=""/>
  <con:entry key="limit" value=""/>
</con:parameters><con:parameterOrder><con:entry>X-TNGO-TENANT</con:entry><con:entry>Authorization</con:entry><con:entry>client_id</con:entry><con:entry>client_secret</con:entry><con:entry>offset</con:entry><con:entry>limit</con:entry><con:entry>sortAscending</con:entry><con:entry>sortBy</con:entry><con:entry>status</con:entry></con:parameterOrder></con:request></con:method></con:resource></con:interface><con:testSuite id="1f29b774-b615-43a8-9105-1597f6be82e4" name="TestSuiteAssetsServices"><con:settings/><con:runType>SEQUENTIAL</con:runType><con:testCase id="0ea7ab46-a4ee-4a57-80c7-7119f0657973" discardOkResults="true" failOnError="true" failTestCaseOnErrors="true" keepSession="false" name="TestCaseSortingAssetsServices" searchProperties="true" maxResults="0"><con:description>NOTE:
*******
Sorting by NAME has been unselected on DataSource since the sorting does not work fine if the last name has a blank space (Last name composed by two words) -- No defect has been entered yet for this issue. 


**************************************************************************************************************************************
08/02/2016 - Ana P.

SFE 13016 
----------
Added the ability to sort assets (i.e., both devices and services) on the date the asset record was last updated. 

• The  UPDATED_DATE option was added to the sortBy query parameter for the /assets/devices and /assets/services endpoints.

In this test case the UPDATED_DATE option was added to the data source to cover this part of the enhancement.

**************************************************************************************************************************************

</con:description><con:settings/><con:savedRecentRuns>1</con:savedRecentRuns><con:testStep type="groovy" name="ScriptSetupAssetsServices" id="c2a3bd53-4c8a-4ab2-aeac-375f1fa3997c"><con:settings/><con:config><script>// /////////////////////////////////////////////
// This sets up all of the test case properties
// /////////////////////////////////////////////

def groovyUtils = new com.eviware.soapui.support.GroovyUtils( context ); 
def projectPath = groovyUtils.projectPath //gets the path of the project root

// this is sanity check with a simple call. all this does is verify a simple connection 
// to the external clases by logging a message in log window.
soapUIScripts.CommonMethods.StaticMethod(log) 

// setup test case properties stored in 'DudleyDorightDataActions' class.
soapUIScripts.DudleyDorightDataActions.SetupTestCaseProperties(log, testRunner) 

// read in token pair and put in test case properties.
// NOTE: token pair must be in same folder as project
//       token pair must be up to date (not expired)
assert(soapUIScripts.CommonMethods.ReadTokenPair(projectPath + "\\" + "TokenPair.txt", log, testRunner) == true)

// read user Ids and assign to test case properties 
def userIdsFileName = projectPath + "\\" + "DudleyDoright.txt"
assert soapUIScripts.CommonMethods.ReadUserIdsURL(userIdsFileName, log, testRunner) == true

context.offset = 0
context.limit = 100

testRunner.testCase.setPropertyValue("offset", context.offset.toString())
//testRunner.testCase.setPropertyValue("limit", context.limit.toString())
testRunner.testCase.setPropertyValue("limit", "10") // the fist call made only needs to get the Total Count 

log.info "  ** Sort ASSETS SERVICES ** "






</script></con:config></con:testStep><con:testStep type="restrequest" name="AssetsServicesRequest" id="e7311096-a778-41f9-a1bf-7d2405829d28"><con:settings/><con:config service="Assets Services" resourcePath="/assets/services" methodName="Services" xsi:type="con:RestRequestStep" xmlns:xsi="http://www.w3.org/2001/XMLSchema-instance"><con:restRequest name="AssetsServicesRequest" id="c71692d6-3b9c-489e-bc65-61ddaf3cd4b6" mediaType="application/json"><con:settings><con:setting id="com.eviware.soapui.impl.wsdl.WsdlRequest@request-headers">&lt;xml-fragment/></con:setting></con:settings><con:endpoint>${#TestCase#URL}</con:endpoint><con:request/><con:originalUri>https://tngo-qa-mobproc.cloudhub.io/mobproc/v1.qa/assets/services</con:originalUri><con:assertion type="Valid HTTP Status Codes" id="9de3272a-9abb-40c7-95fe-1a6c2623483b" name="Valid HTTP Status Codes"><con:settings/><con:configuration><codes>200</codes></con:configuration></con:assertion><con:credentials><con:selectedAuthProfile>Inherit From Parent</con:selectedAuthProfile><con:authType>No Authorization</con:authType></con:credentials><con:jmsConfig JMSDeliveryMode="PERSISTENT"/><con:parameters>
  <con:entry key="Authorization" value="Bearer ${#TestCase#AccessToken}"/>
  <con:entry key="sortAscending" value=""/>
  <con:entry key="offset" value="${#TestCase#offset}"/>
  <con:entry key="X-TNGO-TENANT" value="${#TestCase#Tenant}"/>
  <con:entry key="limit" value="${#TestCase#limit}"/>
  <con:entry key="client_secret" value="${#TestCase#clientSecret}"/>
  <con:entry key="client_id" value="${#TestCase#clientId}"/>
</con:parameters><con:parameterOrder><con:entry>X-TNGO-TENANT</con:entry><con:entry>Authorization</con:entry><con:entry>client_id</con:entry><con:entry>client_secret</con:entry><con:entry>offset</con:entry><con:entry>limit</con:entry><con:entry>sortAscending</con:entry><con:entry>sortBy</con:entry><con:entry>status</con:entry></con:parameterOrder></con:restRequest></con:config></con:testStep><con:testStep type="groovy" name="BuildListOfAllServiceObjectsFromFile" id="c7ef0666-c3f8-4290-82ab-c956fe9026c7" disabled="true"><con:settings/><con:config><script>def groovyUtils = new com.eviware.soapui.support.GroovyUtils( context ); 
def projectPath = groovyUtils.projectPath //gets the path of the project root
def serviceObjectsFile = projectPath + "\\ServiceObjects.txt"

def alert = com.eviware.soapui.support.UISupport; // this can be used fo popups

def serviceId = ""
def status = ""
def serviceNumber = ""
def metaHref = ""
def departmentId = ""
def vendorId = ""

int cntr = 0

context.listOfOrderObjects = []

new File(serviceObjectsFile).eachLine 
{ 
	line ->	
	if(line.contains("serviceId"))
	{
		serviceId = line.split(":")[1].trim()
	}
	
	if(line.contains("Status"))
	{
		status = line.split(":")[1].trim()
	}
	
	if(line.contains("Service Number"))
	{
		serviceNumber = line.split(":")[1].trim()
	}
	
	if(line.contains("Mhref"))
	{
		metaHref = line.split(" ")[1].trim()
	}

	if(line.contains("Department"))
	{
		departmentId = line.split(":")[1].trim()
	}

	if(line.contains("Vendor"))
	{
		vendorId = line.split(":")[1].trim()
	}


	if(cntr % 7 /*5*/ == 0 &amp;&amp; cntr != 0)
	{
		// log.info cntr
		context.listOfOrderObjects.add(new soapUIScripts.CommonMethods.ServiceObject(serviceId, status, serviceNumber, metaHref, departmentId, vendorId))	
	}

	cntr++
}

cntr = 0

// show to log.
for(soapUIScripts.CommonMethods.ServiceObject obj : context.listOfOrderObjects)
{
	log.info "----- " + cntr
	log.info "serviceId: " + obj.serviceId
	log.info "Status: " + obj.status
	log.info "Service Number: " + obj.serviceNumber
	log.info "Mhref: " + obj.metaHref
	log.info "Department Id: " + obj.departmentId
	log.info "Vendor Id: " + obj.vendorId
	
	cntr++
}


// this sets offset and limit per what ana set it at in her sorting test.
testRunner.testCase.setPropertyValue("offset", context.offset.toString())
testRunner.testCase.setPropertyValue("limit", context.limit.toString())

// below test // bledd
//testRunner.testCase.setPropertyValue("offset", "33")
//testRunner.testCase.setPropertyValue("limit", "3")



log.info "'BuildListOfAllOrdersObjectsFromFile' done."
</script></con:config></con:testStep><con:testStep type="groovy" name="BuildListOfAllServiceObjects" id="9587f4e7-9bc7-4e72-ba42-e2d389bc877d"><con:settings/><con:config><script><![CDATA[import groovy.json.JsonSlurper 
def groovyUtils = new com.eviware.soapui.support.GroovyUtils( context ); 
def testCase = context.testCase; 
def testStep = testCase.getTestStepByName("AssetsServicesRequest") 

def alert = com.eviware.soapui.support.UISupport; // this can be used fo popups

testRunner = new com.eviware.soapui.impl.wsdl.testcase.WsdlTestCaseRunner(testCase, null); 
testStepContext = new com.eviware.soapui.impl.wsdl.testcase.WsdlTestRunContext(testStep); 

def response = testStep.testRequest.messageExchange.response.responseContent
def slurper = new JsonSlurper()
def json = slurper.parseText response

//log.info "Total Count = " + json.orders._meta.totalCountcontext.listOfOrderObjects

// ///////////////////////////////////////////////////////////////////////////////////////
// This section loads each order item into a list of order objects. This is done by
// making a request for 50 order items at a time until all order items are loaded into 
// an orders list. The order objects only hold some of the items in each order item.
// ///////////////////////////////////////////////////////////////////////////////////////

int totalCount = json.services._meta.totalCount as int
int offset = 0
int limit = 100

int numFullLoops = (json.services._meta.totalCount as int)/limit
int numLeftoverItems = totalCount - (numFullLoops * limit)

log.info "Total Count = " + totalCount
log.info "Starting Offset = " + offset
log.info "Limit = " + limit
log.info "Number of blocks that have full limit size = " + numFullLoops
log.info "Number leftover items and end = " + numLeftoverItems

context.listOfOrderObjects = []

int outputCounter = 0

for(int x = 0; x < numFullLoops ; x++) // bladd
{
	// run and get response
	testRunner.testCase.setPropertyValue("offset", offset as String)
	testRunner.testCase.setPropertyValue("limit", limit as String)

	//alert.showInfoMessage("Redy to run with offset = " + offset);
	log.info "Starting to run request with offset = " + offset
	
	testStep.run(testRunner, testStepContext);
	response = testStep.testRequest.messageExchange.response.responseContent
	json = slurper.parseText response

	log.info "Add response items to object list"

	for(int y = 0; y < limit; y++)
	{
		tempOne = json.services.items[y].id

		if((json.services.items[y].status).equals(null))
		{
			tempTwo = null
		}
		else
		{
			tempTwo = json.services.items[y].status
		}
		
		if((json.services.items[y].serviceNumber).equals(null))
		{
			tempThree = null
		}
		else
		{
			tempThree = json.services.items[y].serviceNumber
		}

		tempFour = json.services.items[y]._meta.href

		if((json.services.items[y].department).equals(null)) // dept id
		{
			tempFive = null
		}
		else
		{
			tempFive = json.services.items[y].department.id
		}
		
		if((json.services.items[y].vendor).equals(null)) // vendor id
		{
			tempSix = null
		}
		else if ((json.services.items[y].vendor).billing.equals(null))
		{
			tempSix = null
		}
		else
		{
			tempSix = json.services.items[y].vendor.billing.id
		}
		
		context.listOfOrderObjects.add(new soapUIScripts.CommonMethods.ServiceObject(tempOne, tempTwo, tempThree, tempFour, tempFive, tempSix))	
	}

	log.info "Current offset " + offset + " completed."
	
	offset += limit
}

if(numLeftoverItems == 0)
{
	return
}

// offset has been set to start at the last block that is smaller than all of the other blocks in thge for loop above

// run and get response 
testRunner.testCase.setPropertyValue("offset", offset as String)
testRunner.testCase.setPropertyValue("limit", limit as String)

//alert.showInfoMessage("Redy to run with offset = " + offset);
log.info "Starting to run with offset = " + offset

testStep.run(testRunner, testStepContext);
response = testStep.testRequest.messageExchange.response.responseContent
json = slurper.parseText response

int n = 0

log.info "Add final items to object list"

for(int k = offset; k < totalCount; k++)
{
	tempOne = json.services.items[n].id

	if((json.services.items[n].status).equals(null))
	{
		tempTwo = null
	}
	else
	{
		tempTwo = json.services.items[n].status
	}
	
	if((json.services.items[n].serviceNumber).equals(null))
	{
		tempThree = null
	}
	else
	{
		tempThree = json.services.items[n].serviceNumber
	}
	
	tempFour = json.services.items[n]._meta.href

	if((json.services.items[n].department).equals(null)) // dept id
	{
		tempFive = null
	}
	else
	{
		tempFive = json.services.items[n].department.id
	}
	
	if((json.services.items[n].vendor).equals(null)) // vendor id
	{
		tempSix = null
	}
	else if ((json.services.items[n].vendor).billing.equals(null))
	{
		tempSix = null
	}
	else
	{
		tempSix = json.services.items[n].vendor.billing.id
	}
		
	context.listOfOrderObjects.add(new soapUIScripts.CommonMethods.ServiceObject(tempOne, tempTwo, tempThree, tempFour, tempFive, tempSix))	
	n++
}

// this sets offset and limit per what ana set it at in her sorting test.
testRunner.testCase.setPropertyValue("offset", context.offset.toString())
testRunner.testCase.setPropertyValue("limit", context.limit.toString())

log.info "Log order objects to a file"

def filename = "C:\\SoapUi_Projects\\_API_2017_SFE_15041\\Hacking_XX1\\ServiceObjects.txt"
def file = new File(filename)
def w = file.newWriter() 


for (soapUIScripts.CommonMethods.ServiceObject obj : context.listOfOrderObjects)
{
	w << outputCounter + "\r\n"
	w << "serviceId: " + obj.serviceId + "\r\n"
	w << "Status: " + obj.status + "\r\n"
	w << "Service Number: " + obj.serviceNumber + "\r\n"
	w << "Mhref: " + obj.metaHref + "\r\n"
	w << "Department Id: " + obj.departmentId + "\r\n"
	w << "Vendor Id: " + obj.vendorId + "\r\n"
	outputCounter++
}

w.close()
	
return
]]></script></con:config></con:testStep><con:testStep type="datasource" name="DataSource" id="ad386e86-97d5-4537-8042-ea34b8fc6522"><con:settings/><con:config xsi:type="con:DataSourceStep" xmlns:xsi="http://www.w3.org/2001/XMLSchema-instance"><con:dataSource type="Grid"><con:configuration><check><![CDATA[<xml-fragment><con:entry xmlns:con="http://eviware.com/soapui/config">true</con:entry><con:entry xmlns:con="http://eviware.com/soapui/config">true</con:entry><con:entry xmlns:con="http://eviware.com/soapui/config">true</con:entry><con:entry xmlns:con="http://eviware.com/soapui/config">true</con:entry><con:entry xmlns:con="http://eviware.com/soapui/config">false</con:entry><con:entry xmlns:con="http://eviware.com/soapui/config">true</con:entry><con:entry xmlns:con="http://eviware.com/soapui/config">true</con:entry><con:entry xmlns:con="http://eviware.com/soapui/config">true</con:entry><con:entry xmlns:con="http://eviware.com/soapui/config">true</con:entry><con:entry xmlns:con="http://eviware.com/soapui/config">true</con:entry><con:entry xmlns:con="http://eviware.com/soapui/config">false</con:entry><con:entry xmlns:con="http://eviware.com/soapui/config">true</con:entry></xml-fragment>]]></check><row><![CDATA[<xml-fragment><con:entry xmlns:con="http://eviware.com/soapui/config">true</con:entry><con:entry xmlns:con="http://eviware.com/soapui/config">NAME</con:entry><con:entry xmlns:con="http://eviware.com/soapui/config"/></xml-fragment>]]></row><row><![CDATA[<xml-fragment><con:entry xmlns:con="http://eviware.com/soapui/config">true</con:entry><con:entry xmlns:con="http://eviware.com/soapui/config">STATUS</con:entry><con:entry xmlns:con="http://eviware.com/soapui/config"/></xml-fragment>]]></row><row><![CDATA[<xml-fragment><con:entry xmlns:con="http://eviware.com/soapui/config">true</con:entry><con:entry xmlns:con="http://eviware.com/soapui/config">SERVICE_NUMBER</con:entry><con:entry xmlns:con="http://eviware.com/soapui/config"/></xml-fragment>]]></row><row><![CDATA[<xml-fragment><con:entry xmlns:con="http://eviware.com/soapui/config">true</con:entry><con:entry xmlns:con="http://eviware.com/soapui/config">BILLING_VENDOR</con:entry><con:entry xmlns:con="http://eviware.com/soapui/config"/></xml-fragment>]]></row><row><![CDATA[<xml-fragment><con:entry xmlns:con="http://eviware.com/soapui/config">true</con:entry><con:entry xmlns:con="http://eviware.com/soapui/config">CURRENT_VENDOR</con:entry><con:entry xmlns:con="http://eviware.com/soapui/config"/></xml-fragment>]]></row><row><![CDATA[<xml-fragment><con:entry xmlns:con="http://eviware.com/soapui/config">true</con:entry><con:entry xmlns:con="http://eviware.com/soapui/config">UPDATED_DATE</con:entry><con:entry xmlns:con="http://eviware.com/soapui/config"/></xml-fragment>]]></row><row><![CDATA[<xml-fragment><con:entry xmlns:con="http://eviware.com/soapui/config">false</con:entry><con:entry xmlns:con="http://eviware.com/soapui/config">NAME</con:entry><con:entry xmlns:con="http://eviware.com/soapui/config"/></xml-fragment>]]></row><row><![CDATA[<xml-fragment><con:entry xmlns:con="http://eviware.com/soapui/config">false</con:entry><con:entry xmlns:con="http://eviware.com/soapui/config">STATUS</con:entry><con:entry xmlns:con="http://eviware.com/soapui/config"/></xml-fragment>]]></row><row><![CDATA[<xml-fragment><con:entry xmlns:con="http://eviware.com/soapui/config">false</con:entry><con:entry xmlns:con="http://eviware.com/soapui/config">SERVICE_NUMBER</con:entry><con:entry xmlns:con="http://eviware.com/soapui/config"/></xml-fragment>]]></row><row><![CDATA[<xml-fragment><con:entry xmlns:con="http://eviware.com/soapui/config">false</con:entry><con:entry xmlns:con="http://eviware.com/soapui/config">BILLING_VENDOR</con:entry><con:entry xmlns:con="http://eviware.com/soapui/config"/></xml-fragment>]]></row><row><![CDATA[<xml-fragment><con:entry xmlns:con="http://eviware.com/soapui/config">false</con:entry><con:entry xmlns:con="http://eviware.com/soapui/config">CURRENT_VENDOR</con:entry><con:entry xmlns:con="http://eviware.com/soapui/config"/></xml-fragment>]]></row><row><![CDATA[<xml-fragment><con:entry xmlns:con="http://eviware.com/soapui/config"/><con:entry xmlns:con="http://eviware.com/soapui/config">UPDATED_DATE</con:entry><con:entry xmlns:con="http://eviware.com/soapui/config"/></xml-fragment>]]></row></con:configuration></con:dataSource><con:property>sortAscending</con:property><con:property>sortBy</con:property><con:completeLastOperation>true</con:completeLastOperation><con:restartOnRun>true</con:restartOnRun></con:config></con:testStep><con:testStep type="restrequest" name="GetAssetsServicesSorted" id="8259c085-5529-4fdc-a083-15dbdeeb3840"><con:settings/><con:config service="Assets Services" resourcePath="/assets/services" methodName="Services" xsi:type="con:RestRequestStep" xmlns:xsi="http://www.w3.org/2001/XMLSchema-instance"><con:restRequest name="GetAssetsServicesSorted" id="7290a39b-8efc-4eaf-8cde-1b2595a64bfc" mediaType="application/json"><con:settings><con:setting id="com.eviware.soapui.impl.wsdl.WsdlRequest@request-headers">&lt;xml-fragment/></con:setting></con:settings><con:endpoint>${#TestCase#URL}</con:endpoint><con:request/><con:originalUri>https://tngo-qa-mobproc-cmd.cloudhub.io/mobproc/v1.qa/assets/services</con:originalUri><con:assertion type="Valid HTTP Status Codes" id="40aae2e8-783a-4795-af26-2c950c15dce2" name="Valid HTTP Status Codes"><con:settings/><con:configuration><codes>200</codes></con:configuration></con:assertion><con:credentials><con:selectedAuthProfile>No Authorization</con:selectedAuthProfile><con:authType>No Authorization</con:authType></con:credentials><con:jmsConfig JMSDeliveryMode="PERSISTENT"/><con:parameters>
  <con:entry key="Authorization" value="Bearer ${#TestCase#AccessToken}"/>
  <con:entry key="sortAscending" value="${DataSource#sortAscending}"/>
  <con:entry key="offset" value="${#TestCase#offset}"/>
  <con:entry key="X-TNGO-TENANT" value="${#TestCase#Tenant}"/>
  <con:entry key="limit" value="${#TestCase#limit}"/>
  <con:entry key="sortBy" value="${DataSource#sortBy}"/>
  <con:entry key="client_secret" value="${#TestCase#clientSecret}"/>
  <con:entry key="client_id" value="${#TestCase#clientId}"/>
  <con:entry key="status" value="ACTIVE"/>
</con:parameters><con:parameterOrder><con:entry>X-TNGO-TENANT</con:entry><con:entry>Authorization</con:entry><con:entry>client_id</con:entry><con:entry>client_secret</con:entry><con:entry>offset</con:entry><con:entry>limit</con:entry><con:entry>sortAscending</con:entry><con:entry>sortBy</con:entry><con:entry>status</con:entry></con:parameterOrder></con:restRequest></con:config></con:testStep><con:testStep type="groovy" name="VerifyAssetsServicesSorting" id="94be8fc6-813d-49bd-a389-baece01820c9"><con:settings/><con:config><script>import groovy.json.JsonSlurper 

def groovyUtils = new com.eviware.soapui.support.GroovyUtils( context ); 
def testCase = context.testCase; 
def testStep = testCase.getTestStepByName("GetAssetsServicesSorted") 
def dataSource = testCase.getTestStepByName("DataSource")

//  need for external call.
testRunner = new com.eviware.soapui.impl.wsdl.testcase.WsdlTestCaseRunner(testCase, null); 
testStepContext = new com.eviware.soapui.impl.wsdl.testcase.WsdlTestRunContext(testStep); 

// get response of last test step run.
def response = testStep.testRequest.messageExchange.response.responseContent
def slurper = new JsonSlurper()
def json = slurper.parseText response


def sortAscending = dataSource.getPropertyValue("sortAscending")
def sortBy = dataSource.getPropertyValue("sortBy")

log.info "sortBy: " + sortBy
log.info "sortAscending = " + sortAscending


VerifyOrderSortAscending(json, sortAscending, sortBy)



/* Methods */

void VerifyOrderSortAscending(json, sortAscending, sortBy){

	def originalList = []
	def sortedList = []

	
	if (sortBy == "NAME"){
		originalList = json.services.items.employee.lastName
	}
	else if (sortBy == "STATUS"){
		originalList = json.services.items.status
	}
	else if (sortBy == "SERVICE_NUMBER"){
		originalList = json.services.items.serviceNumber
	}
	else if (sortBy == "BILLING_VENDOR"){
		originalList = json.services.items.vendor.billing.name
	}
	else if (sortBy == "CURRENT_VENDOR"){
		originalList = json.services.items.vendor.current.name
	}
	else if (sortBy == "UPDATED_DATE"){
		originalList = json.services.items.updated
	}						
								

	// Copy the elements from original list to sorted list
	for(int i = 0; i &lt; originalList.size(); i++){
		sortedList[i] = originalList[i]
	}

	// The criteria to sort the list must be case insensitive. E.g.: there are names starting with letter in lowercase
	Collections.sort(sortedList, String.CASE_INSENSITIVE_ORDER)

	// If sort = descending, sort list in reverse order
	if(sortAscending.equals("false")){
		sortedList = sortedList.reverse()
	}

	log.info "originalList: " + originalList
	log.info "sortedList:   " + sortedList
	
	assert(sortedList.equals(originalList))


}





</script></con:config></con:testStep><con:testStep type="groovy" name="VerifyServicesSortingWithObjects" id="8a692e6a-d368-471a-95f9-5150a7816268"><con:settings/><con:config><script>// ///////////////////////////////////////////////////////////////////////////////////////////////////////
// this is where to get order info from 'GetOrdersSorted' response.
// ///////////////////////////////////////////////////////////////////////////////////////////////////////
import groovy.json.JsonSlurper 

def groovyUtils = new com.eviware.soapui.support.GroovyUtils( context ); 
def testCase = context.testCase; 
def testStep = testCase.getTestStepByName("GetAssetsServicesSorted") 

// get response of last test step run.
def response = testStep.testRequest.messageExchange.response.responseContent
def slurper = new JsonSlurper()
def json = slurper.parseText response

log.info "Start VerifyServicessSortingWithObjects"

// store away number of items in "GetAssetsServicesSorted" response.
int totalCount = json.services._meta.totalCount

// ////////////////////////////////////////////////////////////////////////////////////////////////////////////////////////////
// a request has been previously made and the sorting has been verified in the json response. this section goes through 
// each order item in the json response. for each order item this gets the order object related to the order item by 
// seraching the list of orders, created in the beginning of this test, for the order item's orderId. once the order object 
// that's related to the order item in the json response is found, some properties stored in the order object are compared
// to the order item's properties.
// ////////////////////////////////////////////////////////////////////////////////////////////////////////////////////////////

for(int x = 0; x &lt; totalCount; x++)
{
	// this gets the service object related to the order item json.services.items[x].id
	soapUIScripts.CommonMethods.ServiceObject obj = FindObjectByServiceId(json.services.items[x].id)
	
	// this verifies some of the service item's properties match its corresponding service object properties.
	assert((json.services.items[x].id).equals(obj.serviceId))
	assert((json.services.items[x].status).equals(obj.status))
	assert((json.services.items[x].serviceNumber).equals(obj.serviceNumber))
	assert((json.services.items[x]._meta.href).equals(obj.metaHref))

	// check dept id if it exists.
	if(!(json.services.items[x].department).equals(null)) // dept id
	{
		log.info obj.departmentId
	}

	// check vendor id if it exists.
	if((json.services.items[x].vendor).equals(null)) // vendor id
	{
	}
	else if((json.services.items[x].vendor.billing).equals(null))
	{
	}
	else
	{
		assert((json.services.items[x].vendor.billing.id).equals(obj.vendorId))
	}
}

// this receives a serviceId and returns the order object that goes with the serviceId.
soapUIScripts.CommonMethods.ServiceObject FindObjectByServiceId(String serviceId)
{
	for(soapUIScripts.CommonMethods.ServiceObject obj : context.listOfOrderObjects)
	{
		if(obj.serviceId.equals(serviceId))
		{
			return obj
		}
	}
	throw new RuntimeException("Fail in 'VerifyServicessSortingWithObjects' groovy script. Method 'FindObjectByServiceId' did not find a return value.") 
}

log.info "VerifyServicessSortingWithObjects Done"
</script></con:config></con:testStep><con:testStep type="datasourceloop" name="DataSource Loop" id="39544310-cd9c-4f68-bd25-d1d37ebf745e"><con:settings/><con:config><dataSourceStep>DataSource</dataSourceStep><targetStep>GetAssetsServicesSorted</targetStep></con:config></con:testStep><con:properties><con:property><con:name>Tenant</con:name><con:value>XX1</con:value></con:property><con:property><con:name>limit</con:name><con:value>100</con:value></con:property><con:property><con:name>offset</con:name><con:value>0</con:value></con:property><con:property><con:name>companyEmployeeId</con:name><con:value>Dudley.Doright2.XX1</con:value></con:property><con:property><con:name>AccessToken</con:name><con:value>H8tEcQChy2VkXy3xHjY1UUsMy9KZ</con:value></con:property><con:property><con:name>RefreshToken</con:name><con:value>A71llYJvzvrFncMhVdYgucEeB4A9TU0ESy5JjDK4xG</con:value></con:property><con:property><con:name>DeviceId</con:name><con:value>37948383</con:value></con:property><con:property><con:name>ServiceId</con:name><con:value>41741086</con:value></con:property><con:property><con:name>EmployeeId</con:name><con:value>28735033</con:value></con:property><con:property><con:name>DepartmentId</con:name><con:value>11569020350</con:value></con:property><con:property><con:name>LogoUrl</con:name><con:value>https://qa1cmd.tangoe.com/</con:value></con:property><con:property><con:name>client_id</con:name><con:value>3c276cecdc674aabb5456f54b605bbbf</con:value></con:property><con:property><con:name>client_secret</con:name><con:value>c513c4a67492405d95CE4DB4B40B73FF</con:value></con:property><con:property><con:name>URL</con:name><con:value>https://tngo-qa-mobproc.cloudhub.io/mobproc/v1.qa</con:value></con:property><con:property><con:name>transactionType</con:name><con:value>NEW_ACTIVATION</con:value></con:property><con:property><con:name>sortAscending</con:name><con:value>false</con:value></con:property><con:property><con:name>sortBy</con:name><con:value>CURRENT_VENDOR</con:value></con:property><con:property><con:name>regionId</con:name><con:value>70144640</con:value></con:property><con:property><con:name>LastHref</con:name><con:value>https://tngo-qa-mobproc-cmd.cloudhub.io/mobproc/v1.qa/catalog/accessories?transactionType=NEW_ACTIVATION&amp;offset=0&amp;sortBy=VENDOR&amp;region=70144640&amp;limit=100&amp;sortAscending=false</con:value></con:property><con:property><con:name>hrefUrl</con:name><con:value>https://tngo-qa-mobproc-cmd.cloudhub.io/mobproc/v1.qa/catalog/accessories?transactionType=NEW_ACTIVATION&amp;sortBy=VENDOR&amp;offset=0&amp;region=70144640&amp;limit=100&amp;sortAscending=false</con:value></con:property><con:property><con:name>ConditionUrl</con:name><con:value>https://tngo-qa-mobproc-cmd.cloudhub.io/mobproc/v1.qa/assets/devices?offset=0&amp;sortBy=DEPARTMENT&amp;limit=100&amp;sortAscending=false</con:value></con:property><con:property><con:name>clientID</con:name><con:value>392d0283466b4e00be8e8b8062db5f9f</con:value></con:property><con:property><con:name>clientSecret</con:name><con:value>3c684c3220e740ef92E7177A32AE978D</con:value></con:property></con:properties><con:reportParameters/><con:breakPoints><con:testStepId>7b8f2d2b-0292-4873-ab56-fcbaa8ff99f1</con:testStepId><con:status>NONE</con:status><con:properties/></con:breakPoints><con:breakPoints><con:testStepId>66aca81c-be72-452b-ab66-5b341016b808</con:testStepId><con:status>NONE</con:status><con:properties/></con:breakPoints><con:breakPoints><con:testStepId>84bde778-87fe-4b16-955b-7296fde18e70</con:testStepId><con:status>NONE</con:status><con:properties/></con:breakPoints><con:breakPoints><con:testStepId>52fa8ca2-264a-461d-beaa-373b1826f5f9</con:testStepId><con:status>NONE</con:status><con:properties/></con:breakPoints><con:breakPoints><con:testStepId>bef3478a-b94d-4805-b9cd-c71b4479ad07</con:testStepId><con:status>NONE</con:status><con:properties/></con:breakPoints><con:breakPoints><con:testStepId>4541bed6-6863-4a97-acc5-26b850b688f5</con:testStepId><con:status>NONE</con:status><con:properties/></con:breakPoints><con:breakPoints><con:testStepId>2b617cd9-a3dd-4ee5-b7e0-6afcca9705f0</con:testStepId><con:status>NONE</con:status><con:properties/></con:breakPoints><con:breakPoints><con:testStepId>28470b07-84f1-4e30-b22c-0f12d23d7ac7</con:testStepId><con:status>NONE</con:status><con:properties/></con:breakPoints><con:breakPoints><con:testStepId>bc119439-30fb-4b2c-8ec7-b0b248c5fb5e</con:testStepId><con:status>NONE</con:status><con:properties/></con:breakPoints><con:breakPoints><con:testStepId>94be8fc6-813d-49bd-a389-baece01820c9</con:testStepId><con:status>NONE</con:status><con:properties/></con:breakPoints><con:breakPoints><con:testStepId>e7311096-a778-41f9-a1bf-7d2405829d28</con:testStepId><con:status>NONE</con:status><con:properties/></con:breakPoints><con:breakPoints><con:testStepId>9587f4e7-9bc7-4e72-ba42-e2d389bc877d</con:testStepId><con:status>NONE</con:status><con:properties/></con:breakPoints><con:breakPoints><con:testStepId>8a692e6a-d368-471a-95f9-5150a7816268</con:testStepId><con:status>NONE</con:status><con:properties/></con:breakPoints></con:testCase><con:properties/><con:reportParameters/></con:testSuite><con:savedRecentRuns>1</con:savedRecentRuns><con:requirements/><con:properties/><con:wssContainer/><con:databaseConnectionContainer/><con:oAuth2ProfileContainer/><con:oAuth1ProfileContainer/><con:reporting><con:xmlTemplates/><con:parameters/></con:reporting><con:authRepository/><con:tags/></con:soapui-project>