<?xml version="1.0" encoding="UTF-8"?>
<con:soapui-project id="ab51828a-fde9-4755-a1cc-b725c0642086" activeEnvironment="Default environment" name="API_AssetsDevicesPingShorrt" resourceRoot="" soapui-version="6.0.0" abortOnError="false" runType="SEQUENTIAL" lastOpened="2017-07-18T18:14:15.112-04:00" xmlns:con="http://eviware.com/soapui/config"><con:settings/><con:interface xsi:type="con:RestService" id="e3ede794-f15a-4ccc-96cb-fd513be14362" wadlVersion="http://wadl.dev.java.net/2009/02" name="http://tg-mobility.cloudhub.io" type="rest" xmlns:xsi="http://www.w3.org/2001/XMLSchema-instance"><con:settings/><con:definitionCache type="TEXT" rootPart=""/><con:endpoints><con:endpoint>http://tg-mobility.cloudhub.io</con:endpoint><con:endpoint>https://tngo-qa-mobproc.cloudhub.io/mobproc/v1.qa</con:endpoint></con:endpoints><con:resource name="V1" path="/assets/devices" id="1b791526-3b40-4421-a560-fd8573621420"><con:settings/><con:parameters><con:parameter><con:name>X-TNGO-TENANT</con:name><con:value/><con:style>HEADER</con:style><con:default/><con:description xsi:nil="true"/></con:parameter><con:parameter><con:name>limit</con:name><con:value/><con:style>QUERY</con:style><con:default/><con:description xsi:nil="true"/></con:parameter><con:parameter><con:name>offset</con:name><con:value/><con:style>QUERY</con:style><con:default/><con:description xsi:nil="true"/></con:parameter><con:parameter><con:name>Authorization</con:name><con:value/><con:style>HEADER</con:style><con:default/><con:description xsi:nil="true"/></con:parameter><con:parameter><con:name>client_id</con:name><con:value/><con:style>HEADER</con:style><con:default/><con:description xsi:nil="true"/></con:parameter><con:parameter><con:name>client_secret</con:name><con:value/><con:style>HEADER</con:style><con:default/><con:description xsi:nil="true"/></con:parameter><con:parameter><con:name>companyEmployeeId </con:name><con:value/><con:style>QUERY</con:style><con:default/><con:description xsi:nil="true"/></con:parameter></con:parameters><con:method name="GetAllDevices" id="9fbb15a3-defd-44d6-b452-06d00eed3b3d" method="GET"><con:settings/><con:parameters/><con:representation type="FAULT"><con:mediaType>application/json</con:mediaType><con:status>403 400 500</con:status><con:params/><con:element xmlns:dev="http://tg-mobility.cloudhub.io/mobility/v1/assets/devices">dev:Fault</con:element></con:representation><con:representation type="RESPONSE"><con:mediaType>application/json;charset=UTF-8</con:mediaType><con:status>200</con:status><con:params/><con:element xmlns:dev="http://tg-mobility.cloudhub.io/mobility/v1/assets/devices">dev:Response</con:element></con:representation><con:representation type="RESPONSE"><con:mediaType xsi:nil="true"/><con:status>0</con:status><con:params/><con:element>data</con:element></con:representation><con:representation type="FAULT"><con:mediaType xsi:nil="true"/><con:status>404</con:status><con:params/><con:element>data</con:element></con:representation><con:representation type="FAULT"><con:mediaType xsi:nil="true"/><con:status>404</con:status><con:params/><con:element>data</con:element></con:representation><con:representation type="FAULT"><con:mediaType xsi:nil="true"/><con:status>404</con:status><con:params/><con:element>data</con:element></con:representation><con:representation type="FAULT"><con:mediaType xsi:nil="true"/><con:status>404</con:status><con:params/><con:element>data</con:element></con:representation><con:representation type="FAULT"><con:mediaType xsi:nil="true"/><con:status>404</con:status><con:params/><con:element>data</con:element></con:representation><con:representation type="FAULT"><con:mediaType xsi:nil="true"/><con:status>404</con:status><con:params/><con:element>data</con:element></con:representation><con:representation type="FAULT"><con:mediaType xsi:nil="true"/><con:status>404</con:status><con:params/><con:element>data</con:element></con:representation><con:representation type="FAULT"><con:mediaType xsi:nil="true"/><con:status>404</con:status><con:params/><con:element>data</con:element></con:representation><con:representation type="FAULT"><con:mediaType xsi:nil="true"/><con:status>404</con:status><con:params/><con:element>data</con:element></con:representation><con:representation type="FAULT"><con:mediaType xsi:nil="true"/><con:status>404</con:status><con:params/><con:element>data</con:element></con:representation><con:representation type="FAULT"><con:mediaType xsi:nil="true"/><con:status>404</con:status><con:params/><con:element>data</con:element></con:representation><con:representation type="FAULT"><con:mediaType xsi:nil="true"/><con:status>404</con:status><con:params/><con:element>data</con:element></con:representation><con:representation type="RESPONSE"><con:mediaType xsi:nil="true"/><con:status>0</con:status><con:params/><con:element>data</con:element></con:representation><con:representation type="FAULT"><con:mediaType xsi:nil="true"/><con:status>404</con:status><con:params/><con:element>data</con:element></con:representation><con:representation type="RESPONSE"><con:mediaType xsi:nil="true"/><con:status>0</con:status><con:params/><con:element>data</con:element></con:representation><con:representation type="RESPONSE"><con:mediaType xsi:nil="true"/><con:status>0</con:status><con:params/><con:element>data</con:element></con:representation><con:representation type="RESPONSE"><con:mediaType xsi:nil="true"/><con:status>0</con:status><con:params/><con:element>data</con:element></con:representation><con:representation type="FAULT"><con:mediaType>text/html</con:mediaType><con:status>502</con:status><con:params/><con:element>html</con:element></con:representation><con:representation type="FAULT"><con:mediaType xsi:nil="true"/><con:status>404</con:status><con:params/><con:element>data</con:element></con:representation><con:representation type="FAULT"><con:mediaType xsi:nil="true"/><con:status>404</con:status><con:params/><con:element>data</con:element></con:representation><con:representation type="FAULT"><con:mediaType xsi:nil="true"/><con:status>404</con:status><con:params/><con:element>data</con:element></con:representation><con:representation type="FAULT"><con:mediaType xsi:nil="true"/><con:status>404</con:status><con:params/><con:element>data</con:element></con:representation><con:representation type="FAULT"><con:mediaType xsi:nil="true"/><con:status>404</con:status><con:params/><con:element>data</con:element></con:representation><con:representation type="FAULT"><con:mediaType xsi:nil="true"/><con:status>404</con:status><con:params/><con:element>data</con:element></con:representation><con:representation type="FAULT"><con:mediaType xsi:nil="true"/><con:status>404</con:status><con:params/><con:element>data</con:element></con:representation><con:request name="GetAllDevices" id="78225f30-ac27-4fc1-b283-2688b59cb02f" mediaType="application/json"><con:settings><con:setting id="com.eviware.soapui.impl.wsdl.WsdlRequest@request-headers">&lt;xml-fragment/></con:setting></con:settings><con:endpoint>stuff</con:endpoint><con:request/><con:originalUri>http://tg-mobility.cloudhub.io/mobility/v1/assets/devices</con:originalUri><con:credentials><con:selectedAuthProfile>No Authorization</con:selectedAuthProfile><con:authType>No Authorization</con:authType></con:credentials><con:jmsConfig JMSDeliveryMode="PERSISTENT"/><con:jmsPropertyConfig/><con:parameters>
  <con:entry key="Authorization" value="Bearer ad-gWaPhavA8WNo0FoUlUezrQZwF_z6zBZbDc2eCmKcI7j2XF7Z4D97x-gp4p_ddGmGWph5uWcGYekjlmm5dZA"/>
  <con:entry key="offset" value="0"/>
  <con:entry key="X-TNGO-TENANT" value="XX1"/>
  <con:entry key="limit" value="10"/>
  <con:entry key="client_secret" value="mm"/>
  <con:entry key="client_id" value="vv"/>
</con:parameters><con:parameterOrder><con:entry>X-TNGO-TENANT</con:entry><con:entry>limit</con:entry><con:entry>offset</con:entry><con:entry>Authorization</con:entry><con:entry>client_id</con:entry><con:entry>client_secret</con:entry><con:entry>companyEmployeeId </con:entry></con:parameterOrder></con:request></con:method><con:method name="By_companyEmployeeId" id="f82e25ec-16b0-47bd-90d2-aba93851b8b2" method="GET"><con:settings/><con:parameters/><con:representation type="RESPONSE"><con:mediaType>application/json;charset=UTF-8</con:mediaType><con:status>200</con:status><con:params/><con:element xmlns:dev="http://tg-mobility.cloudhub.io/mobility/v1/assets/devices">dev:Response</con:element></con:representation><con:representation type="FAULT"><con:mediaType>application/json</con:mediaType><con:status>403 400</con:status><con:params/><con:element xmlns:dev="http://tg-mobility.cloudhub.io/mobility/v1/assets/devices">dev:Fault</con:element></con:representation><con:representation type="FAULT"><con:mediaType xsi:nil="true"/><con:status>404</con:status><con:params/><con:element>data</con:element></con:representation><con:representation type="FAULT"><con:mediaType xsi:nil="true"/><con:status>404</con:status><con:params/><con:element>data</con:element></con:representation><con:representation type="FAULT"><con:mediaType xsi:nil="true"/><con:status>404</con:status><con:params/><con:element>data</con:element></con:representation><con:request name="By_companyEmployeeId" id="04ab717f-2c24-456d-8c50-f89605378468" mediaType="application/json"><con:settings><con:setting id="com.eviware.soapui.impl.wsdl.WsdlRequest@request-headers">&lt;xml-fragment/></con:setting></con:settings><con:endpoint>https://tg-mobility.cloudhub.io</con:endpoint><con:request/><con:originalUri>http://tg-mobility.cloudhub.io/mobility/v1/assets/devices</con:originalUri><con:credentials><con:selectedAuthProfile>No Authorization</con:selectedAuthProfile><con:authType>No Authorization</con:authType></con:credentials><con:jmsConfig JMSDeliveryMode="PERSISTENT"/><con:jmsPropertyConfig/><con:parameters>
  <con:entry key="offset" value="0"/>
  <con:entry key="companyEmployeeId " value=""/>
  <con:entry key="X-TNGO-TENANT" value="XX1"/>
  <con:entry key="limit" value="10"/>
  <con:entry key="client_secret" value=""/>
  <con:entry key="client_id" value=""/>
</con:parameters><con:parameterOrder><con:entry>X-TNGO-TENANT</con:entry><con:entry>limit</con:entry><con:entry>offset</con:entry><con:entry>Authorization</con:entry><con:entry>client_id</con:entry><con:entry>client_secret</con:entry><con:entry>companyEmployeeId </con:entry></con:parameterOrder></con:request></con:method></con:resource></con:interface><con:interface xsi:type="con:RestService" id="5ed04a33-e6b7-481c-8861-2ac78769bb55" wadlVersion="http://wadl.dev.java.net/2009/02" name="API_AssetsDevices" type="rest" definitionUrl="employeeid" xmlns:xsi="http://www.w3.org/2001/XMLSchema-instance"><con:settings/><con:definitionCache type="TEXT"/><con:endpoints/></con:interface><con:interface xsi:type="con:RestService" id="4ee56b36-7e11-4857-bb71-d0ea1ef54d68" wadlVersion="http://wadl.dev.java.net/2009/02" name="API_AssetsDevices" type="rest" definitionUrl="ployeeid" xmlns:xsi="http://www.w3.org/2001/XMLSchema-instance"><con:settings/><con:definitionCache type="TEXT"/><con:endpoints/></con:interface><con:interface xsi:type="con:RestService" id="3276e3bc-e873-42eb-85ac-4f74160423e0" wadlVersion="http://wadl.dev.java.net/2009/02" name="https://tngo-qa-mobproc.cloudhub.io" type="rest" xmlns:xsi="http://www.w3.org/2001/XMLSchema-instance"><con:settings/><con:definitionCache type="TEXT" rootPart=""/><con:endpoints><con:endpoint>https://tngo-qa-mobproc.cloudhub.io/mobproc/v1.qa</con:endpoint></con:endpoints><con:resource name="Id" path="/assets/devices/{id}" id="46a94dc8-b36f-4476-8575-9fbbd9a59697"><con:settings/><con:parameters><con:parameter><con:name>id</con:name><con:value>id</con:value><con:style>TEMPLATE</con:style><con:default>id</con:default><con:path xsi:nil="true"/><con:description xsi:nil="true"/></con:parameter><con:parameter><con:name>client_secret</con:name><con:value/><con:style>HEADER</con:style><con:default/><con:description xsi:nil="true"/></con:parameter><con:parameter><con:name>client_id</con:name><con:value/><con:style>HEADER</con:style><con:default/><con:description xsi:nil="true"/></con:parameter><con:parameter><con:name>Authorization</con:name><con:value/><con:style>HEADER</con:style><con:default/><con:description xsi:nil="true"/></con:parameter><con:parameter><con:name>X-TNGO-TENANT</con:name><con:value/><con:style>HEADER</con:style><con:default/><con:description xsi:nil="true"/></con:parameter><con:parameter><con:name>offset</con:name><con:value/><con:style>QUERY</con:style><con:default/><con:description xsi:nil="true"/></con:parameter><con:parameter><con:name>limit</con:name><con:value/><con:style>QUERY</con:style><con:default/><con:description xsi:nil="true"/></con:parameter></con:parameters><con:method name="Id" id="a2a1d0f2-0681-445b-9dea-d19be33d3b27" method="GET"><con:settings/><con:parameters/><con:representation type="FAULT"><con:mediaType>application/json</con:mediaType><con:status>403 400 500</con:status><con:params/><con:element xmlns:ns="https://tngo-qa-mobproc.cloudhub.io/mobproc/v1.qa/assets/services/11">ns:Fault</con:element></con:representation><con:representation type="FAULT"><con:mediaType xsi:nil="true"/><con:status>404</con:status><con:params/><con:element>data</con:element></con:representation><con:representation type="RESPONSE"><con:mediaType>application/json;charset=UTF-8</con:mediaType><con:status>200</con:status><con:params/><con:element xmlns:ns="https://tngo-qa-mobproc.cloudhub.io/mobproc/v1.qa/assets/services/11">ns:Response</con:element></con:representation><con:request name="AssetsDeviceId" id="e622389a-49bb-4539-92ef-8a5f3238ab00" mediaType="application/json"><con:settings><con:setting id="com.eviware.soapui.impl.wsdl.WsdlRequest@request-headers">&lt;xml-fragment/></con:setting></con:settings><con:endpoint>https://tngo-qa-mobproc.cloudhub.io/mobproc/v1.qa</con:endpoint><con:request/><con:credentials><con:selectedAuthProfile>No Authorization</con:selectedAuthProfile><con:authType>No Authorization</con:authType></con:credentials><con:jmsConfig JMSDeliveryMode="PERSISTENT"/><con:parameters>
  <con:entry key="X-TNGO-TENANT" value="XX1"/>
  <con:entry key="id" value="id"/>
</con:parameters><con:parameterOrder><con:entry>X-TNGO-TENANT</con:entry><con:entry>id</con:entry><con:entry>offset</con:entry><con:entry>Authorization</con:entry><con:entry>client_secret</con:entry><con:entry>client_id</con:entry><con:entry>limit</con:entry></con:parameterOrder></con:request></con:method></con:resource></con:interface><con:interface xsi:type="con:RestService" id="9d8cd78b-7d44-48db-8b3d-1049c4eba530" wadlVersion="http://wadl.dev.java.net/2009/02" name="https://tngo-qa-mobproc.cloudhub.io" type="rest" xmlns:xsi="http://www.w3.org/2001/XMLSchema-instance"><con:settings/><con:definitionCache type="TEXT" rootPart=""/><con:endpoints><con:endpoint>https://tngo-qa-mobproc.cloudhub.io</con:endpoint></con:endpoints><con:resource name="Serviceid" path="/assets/services/{id}" id="c0173ee4-012f-4ea1-9e94-6fbb19cd2712"><con:settings/><con:parameters><con:parameter><con:name>id</con:name><con:value>id</con:value><con:style>TEMPLATE</con:style><con:default>id</con:default><con:path xsi:nil="true"/><con:description xsi:nil="true"/></con:parameter><con:parameter><con:name>limit</con:name><con:value/><con:style>QUERY</con:style><con:default/><con:description xsi:nil="true"/></con:parameter><con:parameter><con:name>offset</con:name><con:value/><con:style>QUERY</con:style><con:default/><con:description xsi:nil="true"/></con:parameter><con:parameter><con:name>Authorization</con:name><con:value/><con:style>HEADER</con:style><con:default/><con:description xsi:nil="true"/></con:parameter><con:parameter><con:name>client_id</con:name><con:value/><con:style>HEADER</con:style><con:default/><con:description xsi:nil="true"/></con:parameter><con:parameter><con:name>client_secret</con:name><con:value/><con:style>HEADER</con:style><con:default/><con:description xsi:nil="true"/></con:parameter><con:parameter><con:name>X-TNGO-TENANT</con:name><con:value/><con:style>HEADER</con:style><con:default/><con:description xsi:nil="true"/></con:parameter></con:parameters><con:method name="Serviceid" id="6225c693-e7f7-4593-bdfb-f18f2c882a8f" method="GET"><con:settings/><con:parameters/><con:representation type="FAULT"><con:mediaType>application/json</con:mediaType><con:status>403 500</con:status><con:params/><con:element xmlns:ns="https://tngo-qa-mobproc.cloudhub.io/mobproc/v1.qa/assets/services/333">ns:Fault</con:element></con:representation><con:representation type="RESPONSE"><con:mediaType>application/json;charset=UTF-8</con:mediaType><con:status>200</con:status><con:params/><con:element xmlns:ns="https://tngo-qa-mobproc.cloudhub.io/mobproc/v1.qa/assets/services/333">ns:Response</con:element></con:representation><con:request name="AssetsServicesId" id="c603936d-603a-41c2-8f12-4ee103229e2d" mediaType="application/json"><con:settings><con:setting id="com.eviware.soapui.impl.wsdl.WsdlRequest@request-headers">&lt;xml-fragment/></con:setting></con:settings><con:endpoint>https://tngo-qa-mobproc.cloudhub.io/mobproc/v1.qa</con:endpoint><con:request/><con:credentials><con:selectedAuthProfile>No Authorization</con:selectedAuthProfile><con:authType>No Authorization</con:authType></con:credentials><con:jmsConfig JMSDeliveryMode="PERSISTENT"/><con:parameters><entry key="id" value="id" xmlns="http://eviware.com/soapui/config"/></con:parameters><con:parameterOrder><con:entry>X-TNGO-TENANT</con:entry><con:entry>limit</con:entry><con:entry>offset</con:entry><con:entry>Authorization</con:entry><con:entry>id</con:entry><con:entry>client_id</con:entry><con:entry>client_secret</con:entry></con:parameterOrder></con:request></con:method></con:resource></con:interface><con:testSuite id="3e44b956-bb81-4e49-9f49-4d666cfbdb3e" name="TestSuiteAssetsDevices"><con:description>Bob Lichtenfels - owner.</con:description><con:settings/><con:runType>SEQUENTIAL</con:runType><con:testCase id="7c19c94d-1df9-48ac-b488-576e0b3a202f" failOnError="true" failTestCaseOnErrors="true" keepSession="false" maxResults="0" name="TestUserAssetDeviceOneDevice" searchProperties="true" timeout="0" wsrmEnabled="false" wsrmVersion="1.0" wsrmAckTo="" amfAuthorisation="false" amfEndpoint="" amfLogin="" amfPassword=""><con:description>Bob Lichtenfels 11/05/15 - started.

* This uses scripts to set one of the header parameters in request test steps which will create a pass/fail HTTP status code that is checked in a test step assertion.
* This uses script "ScriptForVerifyingJsonResponses" to check the response values listed in the spread sheet for this call.
* This uses script "ScriptForVerifyingLimitParameter" to check the response values when the limit query is changed.
* This uses script "ScriptCreateFailStatus" to check the response values when the Tenant query is empty.

Bob Lichtenfels 12/18/15 - Updated "ScriptForVerifyingJsonResponses"  to include logo url.

Bob Lichtenfels  02/29/16 - update order actions expected response.</con:description><con:settings/><con:testStep type="groovy" name="ScriptCreatePassStatus" id="c896a795-4a4c-46c7-abeb-158de1d80e2b"><con:settings/><con:config><script>// /////////////////////////////////////////////
// This sets up all of the test case properties
// /////////////////////////////////////////////

def groovyUtils = new com.eviware.soapui.support.GroovyUtils( context ); 
def projectPath = groovyUtils.projectPath //gets the path of the project root

// this is sanity check with a simple call. all this does is verify a simple connection 
// to the external clases by logging a message in log window.
soapUIScripts.CommonMethods.StaticMethod(log)  // &lt;&lt;================================================  show a log out message

// setup test case properties stored in 'DudleyDorightDataActions' class.
soapUIScripts.DudleyDorightDataActions.SetupTestCaseProperties(log, testRunner) 

// read in token pair and put in test case properties.
// NOTE: token pair must be in same folder as project
//       token pair must be up to date (not expired)
assert(soapUIScripts.CommonMethods.ReadTokenPair(projectPath + "\\" + "TokenPair.txt", log, testRunner) == true)

// read user Ids and assign to test case properties.
def userIdsFileName = projectPath + "\\" + "DudleyDoright.txt"
// assert soapUIScripts.CommonMethods.ReadUserIds(userIdsFileName, log, testRunner) == true

assert soapUIScripts.CommonMethods.ReadUserIdsURL(userIdsFileName, log, testRunner) == true

log.info "URL::: " + testRunner.testCase.getPropertyValue( "URL" )
log.info "ClientId::: " + testRunner.testCase.getPropertyValue( "client_id" )
log.info "ClientSecret::: " + testRunner.testCase.getPropertyValue( "client_secret" )

// //////////////////////////////////////////////////////////////////////////////////////////////////////////
// 								   LOOPING INFO
// //////////////////////////////////////////////////////////////////////////////////////////////////////////

// these are for looping on requests and ending requests loop.
context.MainIndexCounter = 0
context.FinishLimit = "22"

// this is used to end the loop. test step "ScriptRequestsCaseSelection" will set the limit to the value 
// in this test case property to end the loop.
testRunner.testCase.setPropertyValue("FinishLimit", context.FinishLimit as String) 

// setup query parameters.    OF INTEREST ------------------------------------------------------  BLADD -- company employee ID is set  NOTE 
testRunner.testCase.setPropertyValue("EmployeeIdRequest", "")  
testRunner.testCase.setPropertyValue("ServiceNumber", "") 
testRunner.testCase.setPropertyValue("department", "") 
testRunner.testCase.setPropertyValue("offset", "0") 

context.departmentIds = [] // this is for department ids (used in request by department).
context.departmentNames = [] // this is for department names.

</script></con:config></con:testStep><con:testStep type="restrequest" name="REST Request" id="14524828-1397-4cd4-b5cb-751291edf41a"><con:settings/><con:config service="http://tg-mobility.cloudhub.io" resourcePath="/assets/devices" methodName="By_companyEmployeeId" xsi:type="con:RestRequestStep" xmlns:xsi="http://www.w3.org/2001/XMLSchema-instance"><con:restRequest name="REST Request" id="04ab717f-2c24-456d-8c50-f89605378468" mediaType="application/json"><con:settings><con:setting id="com.eviware.soapui.impl.wsdl.WsdlRequest@request-headers">&lt;xml-fragment/></con:setting></con:settings><con:endpoint>https://tngo-qa-mobproc.cloudhub.io/mobproc/v1.qa</con:endpoint><con:request/><con:originalUri>http://tg-mobility.cloudhub.io/mobility/v1/assets/devices</con:originalUri><con:credentials><con:selectedAuthProfile>Inherit From Parent</con:selectedAuthProfile><con:authType>No Authorization</con:authType></con:credentials><con:jmsConfig JMSDeliveryMode="PERSISTENT"/><con:jmsPropertyConfig/><con:parameters>
  <con:entry key="Authorization" value="Bearer ${#TestCase#AccessToken}"/>
  <con:entry key="offset" value="0"/>
  <con:entry key="companyEmployeeId " value="Dudley.Doright2.XX1"/>
  <con:entry key="X-TNGO-TENANT" value="XX1"/>
  <con:entry key="limit" value="10"/>
  <con:entry key="client_secret" value="${#TestCase#client_secret}"/>
  <con:entry key="client_id" value="${#TestCase#client_Id}"/>
</con:parameters><con:parameterOrder><con:entry>X-TNGO-TENANT</con:entry><con:entry>limit</con:entry><con:entry>offset</con:entry><con:entry>Authorization</con:entry><con:entry>client_id</con:entry><con:entry>client_secret</con:entry><con:entry>companyEmployeeId </con:entry></con:parameterOrder></con:restRequest></con:config></con:testStep><con:testStep type="groovy" name="ScriptForVerifyingJsonResponses" id="01431de9-22ca-4a24-b337-658275eafa19"><con:settings/><con:config><script>// /////////////////////////////////////////////////////////////////////////
// this verifies the json response per the response spread sheet.
// /////////////////////////////////////////////////////////////////////////

import groovy.json.JsonSlurper 
def groovyUtils = new com.eviware.soapui.support.GroovyUtils( context ); 
def testCase = context.testCase; 
def testStep = testCase.getTestStepByName("GetAllDevicesOneUserResponse") 

def deviceId = testRunner.testCase.getPropertyValue("DeviceId")
def serviceId  = testRunner.testCase.getPropertyValue("ServiceId")
def employeeId = testRunner.testCase.getPropertyValue("EmployeeId") 
def departmentId = testRunner.testCase.getPropertyValue("DepartmentId") 
def logoUrl = testRunner.testCase.getPropertyValue("LogoUrl") 
def mainEndPoint = testRunner.testCase.getPropertyValue("URL") 

// get response of last test step run.
def response = testStep.testRequest.messageExchange.response.responseContent
def slurper = new JsonSlurper()
def json = slurper.parseText response

def serviceIdList = []
serviceIdList = json.devices.items.service.id

assert( serviceIdList.size() > 0)

// ShowList(serviceIdList)

def serviceNumberList = []
serviceNumberList = json.devices.items.service.serviceNumber

// ShowList(serviceNumberList)

context.serviceNumber = serviceNumberList[0]
context.serviceId = serviceIdList[0]

log.info context.serviceNumber
log.info context.serviceId





// ///////////////////////////////////////////////////////////////////
// ////////////////////////// METHODS ////////////////////////////////
// ///////////////////////////////////////////////////////////////////


void ShowList(strList)
{
	for(String str : strList)
	{
		log.info str
	}
}

void CompareItemsTwo(json, expectedValueString)
{
	String jsonString = json
	
	// this will show each compare being made - DEBUG ONLY ${#TestCase#companyEmployeeId}
	// log.info jsonString + " " + expectedValueString 
	assert(jsonString == expectedValueString)
}

void CompareItems(jsonString, expectedValueString)
{
	// this will show each compare being made - DEBUG ONLY 
	// log.info jsonString + " " + expectedValueString 
	assert(jsonString == expectedValueString)
}

// this trims the rightmoast item from the href string pssed in and retuns it. the rightmost item is a number 
// example: "http://tg-mobility.cloudhub.io/mobility/v1/employees/28672245" - "28672245" is removed
def TrimRightFromHref(String tempStringHref)
{
	// create array to hold all parts that are separated by a "/".
	def allParts = []
	allParts = tempStringHref.split("/")
	// for (str in allParts) {log.info str} // show all string list - DEBUG
	
	// remove last element from string passed in and return
	def listSize = allParts.length
	String whatToRemove = allParts[listSize - 1]
	// String FinalString = tempStringHref.replaceAll(whatToRemove,"") - DEBUG to see final string
	return tempStringHref.replaceAll(whatToRemove,"")
}
	</script></con:config></con:testStep><con:testStep type="restrequest" name="AssetsServicesId" id="0116d56a-b874-4507-8c45-621e57bef286"><con:settings/><con:config service="https://tngo-qa-mobproc.cloudhub.io" resourcePath="/assets/services/{id}" methodName="Serviceid" xsi:type="con:RestRequestStep" xmlns:xsi="http://www.w3.org/2001/XMLSchema-instance"><con:restRequest name="AssetsServicesId" id="c603936d-603a-41c2-8f12-4ee103229e2d" mediaType="application/json"><con:settings><con:setting id="com.eviware.soapui.impl.wsdl.WsdlRequest@request-headers">&lt;xml-fragment/></con:setting></con:settings><con:endpoint>https://tngo-qa-mobproc.cloudhub.io/mobproc/v1.qa</con:endpoint><con:request/><con:originalUri>https://tngo-qa-mobproc.cloudhub.io/mobproc/v1.qa/assets/services/333</con:originalUri><con:assertion type="Valid HTTP Status Codes" id="61614ef6-a3dd-4e79-817a-1c23f6b5c967" name="Valid HTTP Status Codes"><con:settings/><con:configuration><codes>200</codes></con:configuration></con:assertion><con:credentials><con:selectedAuthProfile>Inherit From Parent</con:selectedAuthProfile><con:authType>No Authorization</con:authType></con:credentials><con:jmsConfig JMSDeliveryMode="PERSISTENT"/><con:parameters>
  <con:entry key="Authorization" value="Bearer ${#TestCase#AccessToken}"/>
  <con:entry key="offset" value="0"/>
  <con:entry key="X-TNGO-TENANT" value="XX1"/>
  <con:entry key="limit" value="${#TestCase#Limit}"/>
  <con:entry key="id" value="33664226"/>
  <con:entry key="client_secret" value="${#TestCase#client_secret}"/>
  <con:entry key="client_id" value="${#TestCase#client_Id}"/>
</con:parameters><con:parameterOrder><con:entry>X-TNGO-TENANT</con:entry><con:entry>limit</con:entry><con:entry>offset</con:entry><con:entry>Authorization</con:entry><con:entry>id</con:entry><con:entry>client_id</con:entry><con:entry>client_secret</con:entry></con:parameterOrder></con:restRequest></con:config></con:testStep><con:testStep type="restrequest" name="AssetsDevicesId" id="0b288e6b-92fc-46ec-afc4-abade225985c"><con:settings/><con:config service="https://tngo-qa-mobproc.cloudhub.io" resourcePath="/assets/devices/{id}" methodName="Id" xsi:type="con:RestRequestStep" xmlns:xsi="http://www.w3.org/2001/XMLSchema-instance"><con:restRequest name="AssetsDevicesId" id="e622389a-49bb-4539-92ef-8a5f3238ab00" mediaType="application/json"><con:settings><con:setting id="com.eviware.soapui.impl.wsdl.WsdlRequest@request-headers">&lt;xml-fragment/></con:setting></con:settings><con:endpoint>https://tngo-qa-mobproc.cloudhub.io/mobproc/v1.qa</con:endpoint><con:request/><con:originalUri>https://tngo-qa-mobproc.cloudhub.io/mobproc/v1.qa/assets/services/11</con:originalUri><con:credentials><con:selectedAuthProfile>Inherit From Parent</con:selectedAuthProfile><con:authType>No Authorization</con:authType></con:credentials><con:jmsConfig JMSDeliveryMode="PERSISTENT"/><con:parameters>
  <con:entry key="Authorization" value="Bearer ${#TestCase#AccessToken}"/>
  <con:entry key="offset" value="0"/>
  <con:entry key="X-TNGO-TENANT" value="XX1"/>
  <con:entry key="limit" value="${#TestCase#Limit}"/>
  <con:entry key="id" value="31412680"/>
  <con:entry key="client_secret" value="${#TestCase#client_secret}"/>
  <con:entry key="client_id" value="${#TestCase#client_Id}"/>
</con:parameters><con:parameterOrder><con:entry>X-TNGO-TENANT</con:entry><con:entry>id</con:entry><con:entry>offset</con:entry><con:entry>Authorization</con:entry><con:entry>client_secret</con:entry><con:entry>client_id</con:entry><con:entry>limit</con:entry></con:parameterOrder></con:restRequest></con:config></con:testStep><con:properties><con:property><con:name>limit</con:name><con:value>10</con:value></con:property><con:property><con:name>LogoUrl</con:name><con:value>https://qa1cmd.tangoe.com/</con:value></con:property><con:property><con:name>sortAscending</con:name><con:value>true</con:value></con:property><con:property><con:name>Tenant</con:name><con:value>XX1</con:value></con:property><con:property><con:name>offset</con:name><con:value>0</con:value></con:property><con:property><con:name>companyEmployeeId</con:name><con:value>Dudley.Doright2.XX1</con:value></con:property><con:property><con:name>AccessToken</con:name><con:value>faZh1mVQXJNMdmSWbjCTEzA7kE7X</con:value></con:property><con:property><con:name>RefreshToken</con:name><con:value>X5k1POvIIm2TswFKYccHUqa5n9Kp8wM4GhSWG5ohyW</con:value></con:property><con:property><con:name>DeviceId</con:name><con:value>36819015</con:value></con:property><con:property><con:name>ServiceId</con:name><con:value>39968735</con:value></con:property><con:property><con:name>EmployeeId</con:name><con:value>28720153</con:value></con:property><con:property><con:name>DepartmentId</con:name><con:value>11569020350</con:value></con:property><con:property><con:name>client_id</con:name><con:value>676ff94144f4400e9227c89937c1ade4</con:value></con:property><con:property><con:name>FinishLimit</con:name><con:value>22</con:value></con:property><con:property><con:name>EmployeeIdRequest</con:name><con:value/></con:property><con:property><con:name>ServiceNumber</con:name><con:value/></con:property><con:property><con:name>department</con:name><con:value/></con:property><con:property><con:name>client_secret</con:name><con:value>71f90d2437ee4a41A992931F17AC9AEC</con:value></con:property><con:property><con:name>URL</con:name><con:value>https://tngo-qa-mobproc.cloudhub.io/mobproc/v1.qa</con:value></con:property><con:property><con:name>clientID</con:name><con:value>676ff94144f4400e9227c89937c1ade4</con:value></con:property><con:property><con:name>clientSecret</con:name><con:value>71f90d2437ee4a41A992931F17AC9AEC</con:value></con:property></con:properties><con:reportParameters/><con:breakPoints><con:testStepId>01431de9-22ca-4a24-b337-658275eafa19</con:testStepId><con:status>NONE</con:status><con:properties/></con:breakPoints><con:breakPoints><con:testStepId>0b288e6b-92fc-46ec-afc4-abade225985c</con:testStepId><con:status>NONE</con:status><con:properties/></con:breakPoints><con:breakPoints><con:testStepId>14524828-1397-4cd4-b5cb-751291edf41a</con:testStepId><con:status>NONE</con:status><con:properties/></con:breakPoints></con:testCase><con:properties><con:property><con:name>AccessToken</con:name><con:value>gJ43N_715kpQCfd5nNlI6m9o6m3j3SHHNhCBpaQE1ubAMx_kOgo3nn7sfLpT9EVxKs5N9vxb7jQ2iRGXVsaAAA</con:value></con:property><con:property><con:name>RefreshToken</con:name><con:value>V9GAwUJhyRhVE59pKRsvRo_ee7HAhCgPUS6Fn04xAJqqS5OncpMrjnbN638Es_XHQej_TLnfpA_p7IcadLn71A</con:value></con:property></con:properties><con:reportParameters/></con:testSuite><con:requirements/><con:properties/><con:wssContainer/><con:databaseConnectionContainer/><con:oAuth2ProfileContainer/><con:reporting><con:xmlTemplates/><con:parameters/></con:reporting><con:sensitiveInformation/><con:authRepository/><con:tags/></con:soapui-project>